id,x,y,ux,uy,fintx,finty,bcx,bcy,ux_orig,uy_orig
0,0.1,0.0,0.3803964974358678,0.0,-2.118531045036676e-15,-0.0542133731281974,0,3,0.3792067927497596,0.0
1,1.6684e-15,0.1,0.0,0.4490897319628857,-0.0550983146696997,2.6107588313450947e-16,1,0,0.0,0.4510754273325186
2,0.0,1.0,0.0,0.45,-0.0381069781357259,0.0363617025932066,1,4,0.0,0.45
3,1.0,1.0,0.225,0.45,0.0360207789306347,0.0374740879678205,2,4,0.225,0.45
4,1.0,0.0,0.225,0.0,0.0342409578011654,-0.0399224712370215,2,3,0.225,0.0
5,0.0980784999999999,0.0195089999999999,0.37149544822750613,0.09345372632378712,3.967312589558958e-15,8.88178419700125e-16,0,0,0.3691207068080565,0.0920650590487063
6,0.0923879999999999,0.0382682999999999,0.3475894431467168,0.18139329686528072,1.2906342661267445e-15,-3.6082248300317592e-16,0,0,0.3436906388951332,0.1798369137444197
7,0.0831469999999999,0.055557,0.30993480543838814,0.2600904394639656,-3.570060913560269e-15,-2.0261570199409107e-15,0,0,0.3050492503568404,0.2533312202988576
8,0.0707107,0.0707107,0.26105635438580066,0.32669050322147086,6.210310043996969e-16,6.869504964868156e-16,0,0,0.2576741737221393,0.3082810470829627
9,0.055557,0.0831469999999999,0.20350600156234577,0.37967072147876024,8.095737621949261e-16,1.1256186954744509e-15,0,0,0.2013278919372149,0.3659548759229603
10,0.0382682999999999,0.0923879999999999,0.1394392463262193,0.4181728385738097,1.1913213471270725e-15,5.48172618408671e-16,0,0,0.1485392892255201,0.4048302528006083
11,0.0195089999999999,0.0980784999999999,0.07085180713329464,0.4414056488312781,1.769417945496343e-16,2.427745504629541e-15,0,0,0.0697096102000101,0.4385806067584754
12,0.0,0.967857,0.0,0.44349677495483775,-0.0762073889714093,1.873501354054952e-16,1,0,0.0,0.4432311607219269
13,0.0,0.935714,0.0,0.4370564052806003,-0.0762277922315995,-4.718447854656915e-16,1,0,0.0,0.4364939827050748
14,0.0,0.903571,0.0,0.4306354800646659,-0.0762670599097638,1.873501354054952e-16,1,0,0.0,0.4298172216710398
15,0.0,0.871429,0.0,0.4242652452958282,-0.0762629945540631,5.898059818321144e-17,1,0,0.0,0.4232318087331367
16,0.0,0.8392859999999999,0.0,0.4180374011484673,-0.0763399220449776,-3.469446951953615e-17,1,0,0.0,0.4167916679245777
17,0.0,0.807143,0.0,0.41199107820284553,-0.0763919217769693,1.734723475976807e-16,1,0,0.0,0.410518136843875
18,0.0,0.775,0.0,0.4061056265345542,-0.0764214213656046,-1.9775847626135598e-16,1,0,0.0,0.4044522307556605
19,0.0,0.7428569999999999,0.0,0.40041716877021827,-0.0764032125031929,9.367506770274758e-17,1,0,0.0,0.3986281567169923
20,0.0,0.7107139999999998,0.0,0.3950236679520458,-0.0767542635864108,1.214306433183765e-16,1,0,0.0,0.3929244956415271
21,0.0,0.678571,0.0,0.38996065854735207,-0.0768705992595285,-3.2265856653168607e-16,1,0,0.0,0.3875332032237994
22,0.0,0.646429,0.0,0.38524014101858484,-0.0770323205854532,4.1980308118638727e-16,1,0,0.0,0.382502238435059
23,0.0,0.614286,0.0,0.3809354675116765,-0.0776689377107608,-2.8796409701215e-16,1,0,0.0,0.3778835122399918
24,0.0,0.5821429999999999,0.0,0.3770908045589749,-0.0775869471740866,1.6306400674181987e-16,1,0,0.0,0.3737581198311277
25,0.0,0.55,0.0,0.37375258836254943,-0.0778490346839488,1.4918621893400539e-16,1,0,0.0,0.3702335187459999
26,0.0,0.517857,0.0,0.3710838666302152,-0.0781087104537289,-2.2204460492503126e-16,1,0,0.0,0.3673976187352155
27,0.0,0.4857139999999999,0.0,0.3691675328591373,-0.0782055651980382,-1.0278236595162582e-16,1,0,0.0,0.3653548594851574
28,0.0,0.453571,0.0,0.3679793211485958,-0.078915038100316,4.475586568020161e-16,1,0,0.0,0.3640006149323916
29,0.0,0.421429,0.0,0.36773045084555633,-0.0792742624960883,-3.2265856653168607e-16,1,0,0.0,0.3636597862818709
30,0.0,0.389286,0.0,0.36863481810723897,-0.0796527087142161,2.3592239273284576e-16,1,0,0.0,0.364476855239305
31,0.0,0.3571429999999999,0.0,0.3705637135426514,-0.0802974149872447,-1.769417945496343e-16,1,0,0.0,0.3666460565742168
32,0.0,0.325,0.0,0.37372406921349466,-0.0819800135669409,2.914335439641036e-16,1,0,0.0,0.3697198558439303
33,0.0,0.2928569999999999,0.0,0.37871271575568244,-0.082921162528146,-4.3021142204224816e-16,1,0,0.0,0.3746435682022087
34,0.0,0.260714,0.0,0.38535028384649195,-0.0843839187536157,-8.673617379884035e-17,1,0,0.0,0.3815581636946479
35,0.0,0.228571,0.0,0.3934192711021751,-0.0849334107397079,-1.5178830414797062e-17,1,0,0.0,0.3906489568293094
36,0.0,0.1964289999999999,0.0,0.40395436965627596,-0.0891867887739464,-4.510281037539697e-16,1,0,0.0,0.4021509234440181
37,0.0,0.1642859999999999,0.0,0.4170106172678061,-0.0936864311488069,7.858297346174935e-16,1,0,0.0,0.4161455208624746
38,0.0,0.132143,0.0,0.43173716217279434,-0.0990630445739933,-1.9255430583342559e-16,1,0,0.0,0.4325898475797147
39,0.96875,1.0,0.21986881796692614,0.45,9.891544878917313e-17,0.0749514700177614,0,4,0.2198653704281844,0.45
40,0.9375,1.0,0.21483798529516207,0.45,-3.305791716214611e-16,0.0749441484966126,0,4,0.2147138507011216,0.45
41,0.90625,1.0,0.20976345641247462,0.45,1.2942324620866807e-16,0.0749322042216467,0,4,0.2095312116141122,0.45
42,0.875,1.0,0.204600180266425,0.45,4.112768475393255e-17,0.0749146188693081,0,4,0.2043034905524941,0.45
43,0.84375,1.0,0.19937430063146167,0.45,1.2251823362265102e-16,0.0748691950284355,0,4,0.1990332346465716,0.45
44,0.8125,1.0,0.19409040376194753,0.45,-1.1379379426593172e-16,0.0748381535134855,0,4,0.1936886939201539,0.45
45,0.78125,1.0,0.18872853653738275,0.45,1.2271813339820305e-17,0.0748115039718568,0,4,0.1882567967563055,0.45
46,0.75,1.0,0.1832712890172843,0.45,2.399813746160884e-17,0.0747948557271227,0,4,0.1827187992982815,0.45
47,0.71875,1.0,0.17770616462803446,0.45,-1.1212683342573526e-16,0.0746525824317742,0,4,0.1771170044493513,0.45
48,0.6875,1.0,0.1720187871833332,0.45,8.93653640671177e-17,0.0745921973462445,0,4,0.1713917314265872,0.45
49,0.65625,1.0,0.16620032020728104,0.45,-2.239148536725688e-16,0.0745193458586225,0,4,0.1655333000725618,0.45
50,0.625,1.0,0.16024025592196267,0.45,6.213494887878646e-17,0.0743671958953089,0,4,0.1595298590451721,0.45
51,0.59375,1.0,0.1541034798083274,0.45,1.356133629872025e-16,0.0743494665445307,0,4,0.1533561047241122,0.45
52,0.5625,1.0,0.14775235779234208,0.45,-8.945345549363215e-17,0.07425487252251,0,4,0.1470033030254939,0.45
53,0.53125,1.0,0.14119694120017812,0.45,6.257879414314771e-17,0.0741625374222165,0,4,0.1404600769328796,0.45
54,0.5,1.0,0.13447261639521457,0.45,-2.1240367591938286e-16,0.0740377780069749,0,4,0.1337161076999015,0.45
55,0.46875,1.0,0.12756882308167405,0.45,1.8153610125554162e-16,0.0739431185824985,0,4,0.1268060082019773,0.45
56,0.4375,1.0,0.12044138449709862,0.45,-1.0907751481561977e-16,0.0738605229521456,0,4,0.1196820252378169,0.45
57,0.40625,1.0,0.11308656900655478,0.45,7.71951946809679e-17,0.073775123301497,0,4,0.1123356929181511,0.45
58,0.375,1.0,0.10553101732512005,0.45,5.0103692895986374e-17,0.0736822696145122,0,4,0.104748186164023,0.45
59,0.34375,1.0,0.09776021019206382,0.45,6.096096121389201e-17,0.0734555191526132,0,4,0.0969915922114978,0.45
60,0.3125,1.0,0.08973446558229625,0.45,-7.125749372071527e-17,0.0733653759105036,0,4,0.0890035419887249,0.45
61,0.28125,1.0,0.08146585304348264,0.45,-4.409653523405888e-18,0.0732789902083512,0,4,0.0807973938613351,0.45
62,0.25,1.0,0.07300674414000241,0.45,-1.3438685927957827e-16,0.0730889184193626,0,4,0.0723810677212661,0.45
63,0.21875,1.0,0.06437628582352772,0.45,1.352000109089424e-16,0.0730338246011854,0,4,0.0638277013065849,0.45
64,0.1875,1.0,0.055562865774845704,0.45,-1.7503766448420666e-16,0.0729635928022719,0,4,0.0550789016377157,0.45
65,0.15625,1.0,0.046574744177632965,0.45,4.18366513307844e-17,0.0728892970024571,0,4,0.0461607407440896,0.45
66,0.125,1.0,0.03743569043581374,0.45,6.385950795939621e-17,0.07278921572214,0,4,0.0370908120328689,0.45
67,0.09375,1.0,0.02817597366811242,0.45,-3.687642639166322e-17,0.0727376497129405,0,4,0.0279320944266072,0.45
68,0.0625,1.0,0.01884586717642378,0.45,1.873365828783391e-16,0.072714028894403,0,4,0.0186761744470384,0.45
69,0.03125,1.0,0.00944498839089647,0.45,-2.937747430303145e-16,0.0727043646187714,0,4,0.0093546104101637,0.45
70,1.0,0.03125,0.225,0.018315522582270205,0.0684451593079151,4.163336342344337e-17,2,0,0.225,0.0182401210817729
71,1.0,0.0625,0.225,0.03660918222158216,0.068480540842605,-3.469446951953615e-17,2,0,0.225,0.0364074895089425
72,1.0,0.09375,0.225,0.05477695922309067,0.068549577075375,-1.3877787807814457e-17,2,0,0.225,0.0544322305003277
73,1.0,0.125,0.225,0.07273144071223214,0.0686911141834405,1.5439038936193583e-16,2,0,0.225,0.0722480037452063
74,1.0,0.15625,0.225,0.09043407245189883,0.0688848719480655,-1.1102230246251563e-16,2,0,0.225,0.0898693554746817
75,1.0,0.1875,0.225,0.10785536398179829,0.069044968827974,3.469446951953615e-18,2,0,0.225,0.1071801437794833
76,1.0,0.21875,0.225,0.12498153827618808,0.0691938422131008,-4.510281037539698e-17,2,0,0.225,0.1241547220080145
77,1.0,0.25,0.225,0.14177190663758665,0.0692813381483214,-2.0816681711721685e-17,2,0,0.225,0.140750667901402
78,1.0,0.28125,0.225,0.15815949067473412,0.0696168612733472,-8.326672684688674e-17,2,0,0.225,0.1570706043119221
79,1.0,0.3125,0.225,0.1741208791208919,0.0697668034886808,-1.0408340855860844e-17,2,0,0.225,0.1730015732825488
80,1.0,0.34375,0.225,0.1896884591842536,0.0699289589215201,2.4286128663675296e-17,2,0,0.225,0.188540715035715
81,1.0,0.375,0.225,0.2048865596880205,0.0702715158985247,1.1796119636642288e-16,2,0,0.225,0.2036763203327144
82,1.0,0.40625,0.225,0.21970078663434833,0.0704145665312758,-4.510281037539698e-17,2,0,0.225,0.2184733372445927
83,1.0,0.4375,0.225,0.23411390688852407,0.0705664460060417,-2.775557561562892e-17,2,0,0.225,0.2328626090172406
84,1.0,0.46875,0.225,0.2481447174504865,0.0707000871286898,6.245004513516506e-17,2,0,0.225,0.2468821215281422
85,1.0,0.5,0.225,0.26183816099364776,0.0708221494380986,-2.2334564753201394e-17,2,0,0.225,0.2605546702194858
86,1.0,0.53125,0.225,0.27521788393642055,0.0709948957455998,-1.700029006457271e-16,2,0,0.225,0.2739539853676535
87,1.0,0.5625,0.225,0.28827025640566717,0.0711244233747599,1.3877787807814457e-17,2,0,0.225,0.287037977419764
88,1.0,0.59375,0.225,0.30099442905338947,0.0712570655282464,1.1102230246251563e-16,2,0,0.225,0.2998262610368955
89,1.0,0.625,0.225,0.31343912667944096,0.0713128448456775,-2.5326962749261384e-16,2,0,0.225,0.3123374867145419
90,1.0,0.65625,0.225,0.3256609793752432,0.0715165732472254,3.3306690738754696e-16,2,0,0.225,0.3246109742674344
91,1.0,0.6875,0.225,0.3376790502516087,0.0716067129431422,1.1102230246251563e-16,2,0,0.225,0.3366661575987851
92,1.0,0.71875,0.225,0.34949389108805917,0.0716815384665244,-7.632783294297951e-17,2,0,0.225,0.3485255288041334
93,1.0,0.75,0.225,0.36111586572951637,0.0718600752893269,-5.204170427930421e-18,2,0,0.225,0.3602062710635926
94,1.0,0.78125,0.225,0.37256447930121794,0.0718688389669616,2.5326962749261384e-16,2,0,0.225,0.3717836303193764
95,1.0,0.8125,0.225,0.38387184200109914,0.0719056560016225,-2.1163626406917047e-16,2,0,0.225,0.3832096639052832
96,1.0,0.84375,0.225,0.39507848798530176,0.0719464376150852,1.5959455978986623e-16,2,0,0.225,0.3945139994494446
97,1.0,0.875,0.225,0.4062006079184357,0.071999488343028,-5.377642775528102e-17,2,0,0.225,0.4057164815505625
98,1.0,0.90625,0.225,0.41722934623248875,0.0720212216115815,1.3530843112619095e-16,2,0,0.225,0.4168599713202314
99,1.0,0.9375,0.225,0.4281856826855801,0.0720356862968681,-9.367506770274758e-17,2,0,0.225,0.4279422954533397
100,1.0,0.96875,0.225,0.43913264287402853,0.0720455829575565,6.591949208711867e-17,2,0,0.225,0.4389825461313329
101,0.132143,0.0,0.36071479515521787,0.0,2.9303816317938214e-15,-0.1020296855666723,0,3,0.3602560497412995,0.0
102,0.1642859999999999,0.0,0.3436264085175935,0.0,-5.633514488234681e-16,-0.0983934000716705,0,3,0.3426138027394742,0.0
103,0.1964289999999999,0.0,0.3276233683282044,0.0,2.0729945537922842e-16,-0.0943466354197737,0,3,0.3265665903795693,0.0
104,0.228571,0.0,0.31333728102617897,0.0,3.1872833365642617e-16,-0.0905642148554038,0,3,0.3121561890670177,0.0
105,0.260714,0.0,0.3013160390109988,0.0,2.7896521898052024e-16,-0.0891247868972569,0,3,0.2995262029315992,0.0
106,0.2928569999999999,0.0,0.2905934151785914,0.0,-3.658098129966092e-16,-0.087323227204309,0,3,0.2883843594051973,0.0
107,0.325,0.0,0.2809031956276158,0.0,3.9530011208821487e-16,-0.0859607097020978,0,3,0.2786166549112336,0.0
108,0.3571429999999999,0.0,0.27256470949578215,0.0,-1.2526329799811275e-15,-0.0849117074349539,0,3,0.2701026620298653,0.0
109,0.389286,0.0,0.2653480678782216,0.0,3.3355479836516544e-16,-0.0840224563759384,0,3,0.2626965677604647,0.0
110,0.421429,0.0,0.25893963090493344,0.0,-1.9488534050426942e-16,-0.0833460135484396,0,3,0.2563116995840591,0.0
111,0.453571,0.0,0.25339354104653466,0.0,2.8926513961913253e-16,-0.0827908441207168,0,3,0.2508414850367275,0.0
112,0.4857139999999999,0.0,0.24869293805386405,0.0,5.364090248372033e-17,-0.0823079760533522,0,3,0.2461901076586426,0.0
113,0.517857,0.0,0.24462692339147907,0.0,2.375215909372619e-16,-0.0817432377447543,0,3,0.2421099915392682,0.0
114,0.55,0.0,0.2410768978879787,0.0,-4.0500372153196013e-16,-0.0814860431598908,0,3,0.2386766264430777,0.0
115,0.5821429999999999,0.0,0.23803903229963908,0.0,2.0407395391608407e-16,-0.081260731132427,0,3,0.2358199976193189,0.0
116,0.614286,0.0,0.23549748488585465,0.0,-3.6102577091051686e-16,-0.0812689717180722,0,3,0.233483423346669,0.0
117,0.646429,0.0,0.23339496432163287,0.0,1.6502234691587178e-16,-0.0806614402857911,0,3,0.2315108318432183,0.0
118,0.678571,0.0,0.231638768222183,0.0,-3.6625704639275947e-17,-0.0805154586570765,0,3,0.2299129741961379,0.0
119,0.7107139999999998,0.0,0.23015291881165467,0.0,-1.0688708761402016e-17,-0.0803996927705151,0,3,0.2286434431221282,0.0
120,0.7428569999999999,0.0,0.22892468114150688,0.0,-3.1712913545201005e-18,-0.0800020507347886,0,3,0.2276583869344973,0.0
121,0.775,0.0,0.22794537781737745,0.0,7.58128369110489e-17,-0.0800452082284198,0,3,0.2267735242901277,0.0
122,0.807143,0.0,0.22716969123575836,0.0,-1.1221492485224972e-17,-0.0800164439400141,0,3,0.2261074759776164,0.0
123,0.8392859999999999,0.0,0.2265602339466568,0.0,-1.6388393463476203e-16,-0.079965840957548,0,3,0.2256327717450022,0.0
124,0.871429,0.0,0.22609398965141736,0.0,3.270021514852061e-16,-0.0799011699431322,0,3,0.2253137527797832,0.0
125,0.903571,0.0,0.22573729610303417,0.0,-3.5956972127418677e-16,-0.0798933734528667,0,3,0.2251329615875528,0.0
126,0.935714,0.0,0.2254477052774746,0.0,1.474294726014e-16,-0.0798554118589385,0,3,0.225039764032282,0.0
127,0.967857,0.0,0.22518197570752818,0.0,1.2116721607178038e-16,-0.079837151731054,0,3,0.2250046105581256,0.0
128,0.4998989999999999,0.4998989999999999,0.1667029102682136,0.29721915762638673,-9.914486766293695e-16,-1.1900203045200897e-15,0,0,0.1645309051460101,0.2947898026520438
129,0.6968739999999999,0.70035,0.18082783819409087,0.35011644614860415,-4.775097418169282e-16,4.440892098500625e-16,0,0,0.1799068156579054,0.3488457705133814
130,0.707937,0.302074,0.21286132987006567,0.181519202706113,-1.1926223897340546e-16,-1.457167719820518e-16,0,0,0.2110410150514891,0.1801328966016575
131,0.3030149999999999,0.704253,0.09748312264855485,0.37966318242251873,4.5861751896136844e-17,2.7755575615628914e-16,0,0,0.0964664393459033,0.3778222464224223
132,0.3114509999999999,0.297877,0.1807824848801829,0.26663545781048015,2.441623292437356e-16,3.1918911957973246e-16,0,0,0.1768188403490949,0.2625675836095485
133,0.792073,0.5057979999999999,0.2041378948779311,0.27001224414925673,4.083808418926631e-16,-4.315124646492308e-17,0,0,0.203172304896283,0.2685962904713963
134,0.5019259999999999,0.7904839999999999,0.13987717482086737,0.3894793463186943,-4.282869631860864e-16,7.216449660063517e-16,0,0,0.1389748933224812,0.3883631228120394
135,0.511224,0.202329,0.22298691543983296,0.1520073434803635,-4.9439619065339e-17,-2.775557561562892e-17,0,0,0.2191590072733893,0.1503404208283836
136,0.206036,0.498265,0.09112487378297374,0.3492886817548424,-3.446678706331418e-16,-2.463307335887066e-16,0,0,0.0897823604331815,0.3453404856598643
137,0.1544919999999999,0.206773,0.17349989032481972,0.31706954434048384,-3.8077180297690916e-16,-3.469446951953614e-16,0,0,0.1696432899078662,0.3073689089501494
138,0.829967,0.8319469999999999,0.19832367461640388,0.3921825351426378,-9.388682593956116e-17,-3.790370795009324e-16,0,0,0.1979215433311054,0.3915574346431379
139,0.830687,0.1844619999999999,0.22303725365782157,0.10929926496464759,1.2709559966961326e-16,2.723515857283587e-16,0,0,0.2218531712782054,0.1086640998092114
140,0.1844619999999999,0.830687,0.056985574616192025,0.41356303097563796,-3.052029115546695e-16,1.700029006457271e-16,0,0,0.0565281413322072,0.4122964122545318
141,0.148149,0.3708969999999999,0.0932283091096906,0.34577779681421816,3.230922474006803e-17,-2.706168622523819e-16,0,0,0.091872561839126,0.3404720628034236
142,0.302549,0.107985,0.2632643813994946,0.1360154371104727,2.641116492174689e-16,-2.6194324487249787e-16,0,0,0.2572745398460983,0.1354964853816496
143,0.64566,0.5683409999999999,0.18155715375905856,0.30564009567024186,-1.6027218614766967e-16,-4.0245584642661925e-16,0,0,0.180195609507589,0.3038795332530304
144,0.4266639999999999,0.6513729999999999,0.13332926428120118,0.3547444472278585,1.4799359654427136e-17,2.8102520310824275e-16,0,0,0.1320014287946977,0.3526663315948243
145,0.848493,0.634429,0.2055765368277207,0.31946239166427404,1.726049858596923e-16,1.52655665885959e-16,0,0,0.2049855090826793,0.3182725833896566
146,0.6295779999999999,0.852435,0.16308683998067863,0.40354223985923454,-2.1258494097009526e-16,3.885780586188048e-16,0,0,0.1623183912347311,0.4027699532751995
147,0.425746,0.354594,0.18283875164343044,0.2549941675970331,-8.788542810167499e-16,-6.730727086790012e-16,0,0,0.1795972214148388,0.2518201474641633
148,0.8465019999999999,0.3613509999999999,0.21596614891313948,0.20171960938023403,1.1248597539537109e-16,2.2204460492503126e-16,0,0,0.2151817354794962,0.2004087109181938
149,0.3613509999999999,0.8465019999999999,0.10485789368976839,0.41106495197163895,-2.5799945947008185e-16,-3.382710778154774e-17,0,0,0.1040637206189685,0.4101664078309857
150,0.6303039999999999,0.149758,0.22703857818851247,0.1013848354050424,-9.684635905726768e-17,4.9439619065339e-17,0,0,0.2245305433474957,0.1004692918199716
151,0.151765,0.628345,0.05639361917565111,0.37670246936613694,-2.2681509448396753e-16,-3.989863994746656e-16,0,0,0.05556414938573,0.3738992852178464
152,0.55768,0.383867,0.19249092909740284,0.24101283433265053,1.8366384801904443e-16,2.2204460492503126e-16,0,0,0.190224966723492,0.2388071158440791
153,0.380328,0.529633,0.137937476800289,0.32593641546554863,-7.524363077049402e-17,6.453171330633721e-16,0,0,0.1360133305415332,0.322970266421456
154,0.177038,0.0965184,0.2811606998438947,0.20301166060380638,4.683753385137379e-17,1.734723475976807e-16,0,0,0.2724668113546018,0.2080621966292478
155,0.429634,0.106117,0.24681386374868453,0.09727900655707344,4.752058122003965e-16,8.673617379884035e-17,0,0,0.2426484153786991,0.0965977044663565
156,0.580126,0.6814379999999999,0.16194828649167903,0.35074111935682595,-2.762005034406822e-16,1.8041124150158796e-16,0,0,0.1609494790572702,0.3490776738448492
157,0.0716109,0.164088,0.12817797594470903,0.3798972635122482,1.308848862624501e-15,2.463307335887066e-15,0,0,0.1329214126559219,0.3705766609673846
158,0.692535,0.4270129999999999,0.20000803301809356,0.24328725265877438,6.094842512627263e-16,1.5092094240998222e-16,0,0,0.198422912829963,0.2415304067035217
159,0.300931,0.40427,0.143654225867067,0.30713994544930756,-3.624487862619041e-16,-4.544975507059235e-16,0,0,0.1410418026337992,0.3031799044970411
160,0.0980863,0.531849,0.04333562789543066,0.3678926461143419,-1.8610330290713684e-16,-6.245004513516506e-16,0,0,0.0429657019166382,0.3639572619919249
161,0.911576,0.540038,0.21557584880520153,0.2798374282538134,1.5407868123734622e-16,-3.295974604355933e-16,0,0,0.215255007477104,0.2786316746343964
162,0.536899,0.905776,0.14335235499311239,0.4222302226116881,-8.393757694111215e-17,3.434752482434078e-16,0,0,0.1426157935897641,0.4217630308114503
163,0.3907769999999999,0.227799,0.2157626923872158,0.19960848038317636,2.1770779623508927e-16,6.591949208711867e-17,0,0,0.2112338062244262,0.1970166589640786
164,0.534232,0.0916407999999999,0.23806824440544005,0.0707980997976847,2.0339632755828063e-16,1.457167719820518e-16,0,0,0.2349225649260563,0.0703844392494611
165,0.2784019999999999,0.5966829999999999,0.10093243273877306,0.35777147550834343,-2.0860049798621103e-16,-4.0245584642661925e-16,0,0,0.0997524677917146,0.3549564220879941
166,0.739619,0.891036,0.18224126182030886,0.4138310595299117,1.3185253670139338e-16,1.5612511283791264e-16,0,0,0.1817243835545298,0.4133945854386522
167,0.893634,0.7381339999999998,0.20959501597099006,0.35752743255579844,-4.444551280832765e-16,-3.295974604355933e-16,0,0,0.2093263796128681,0.356670347231813
168,0.601817,0.263487,0.21366329754528124,0.17325702818925492,2.123138904269739e-16,-2.732189474663471e-16,0,0,0.2110643233259295,0.1716108695824615
169,0.900749,0.268239,0.22173133338219486,0.15265005888068117,4.542807102714264e-16,1.4224732503009818e-16,0,0,0.2210588574776815,0.1517649870042645
170,0.268239,0.900749,0.07896904605877353,0.426901726576034,1.0740377771184527e-16,-6.93889390390723e-17,0,0,0.0784031762324126,0.426180160787138
171,0.7476479999999999,0.614048,0.19284391184919514,0.3158831094042398,-1.349831704744453e-16,-2.8449465006019636e-16,0,0,0.1920172921014871,0.3144090508163479
172,0.387544,0.7487789999999999,0.11623167246580124,0.3845548607641831,7.413232354369635e-17,8.994541222939743e-16,0,0,0.1152601411575531,0.3828721593574352
173,0.747133,0.102446,0.22679280035663396,0.06423798650575918,3.156654625191546e-16,1.6306400674181987e-16,0,0,0.2250173963356629,0.0639203363124708
174,0.10255,0.747031,0.03404027772921836,0.39962880980965565,-6.879262784420526e-17,-2.255140518769849e-17,0,0,0.033741742166471,0.3975304861185678
175,0.0905231999999999,0.27478,0.08630108402576298,0.3628566245024558,-6.451002926288753e-17,4.8572257327350605e-17,0,0,0.0867569025301865,0.3558102124648648
176,0.913597,0.4459199999999999,0.2178930522641167,0.23895717650884762,4.294253754671961e-16,-3.2265856653168607e-16,0,0,0.2173979629161695,0.2377820042054139
177,0.4422789999999999,0.91412,0.12240356352413073,0.42656863445881754,-2.861209533189246e-16,-3.9898639947466563e-17,0,0,0.1217046598285658,0.4260042910350764
178,0.599543,0.4734229999999999,0.18490180533990497,0.2733747825259343,3.6450877038962654e-16,-1.3877787807814457e-17,0,0,0.182944088347215,0.2714315331802831
179,0.902865,0.902865,0.20941653221962042,0.41623383143451065,2.4228530423262007e-16,3.920475055707584e-16,0,0,0.2092158259921772,0.4159120306974296
180,0.525379,0.598666,0.15901895164279267,0.328138587763533,-3.1973122066597526e-16,-2.3939183968479933e-16,0,0,0.1576303212602511,0.3260932057619249
181,0.8966629999999999,0.0988773,0.22514902922557667,0.05837521638022736,-5.54298360683214e-16,-1.2836953722228372e-16,0,0,0.2245050216644091,0.0580447061246616
182,0.0988947,0.896646,0.030195512612408493,0.4287184831155173,6.836233510700007e-16,1.2836953722228372e-16,0,0,0.0299273240083208,0.4279408508108737
183,0.0904543,0.448774,0.04811449111730326,0.362019402848091,2.2106882296979435e-16,-2.7755575615628914e-16,0,0,0.0476758679308176,0.3569740961475701
184,0.7894649999999999,0.7198689999999999,0.19452708310564049,0.35330430034082383,1.9383501964967406e-16,1.3617579286417936e-16,0,0,0.1938811536811221,0.3522879007161772
185,0.801775,0.2633599999999999,0.21889800752978772,0.15412326983641833,-1.8266096100949536e-16,2.92300905702092e-16,0,0,0.2175489681047453,0.153082206287557
186,0.284215,0.792328,0.0869228561205091,0.4012645893963054,2.647079604123359e-16,-3.816391647148976e-17,0,0,0.0861881430405658,0.3998883638675001
187,0.7198879999999999,0.794458,0.18096547853201628,0.3817266022670083,2.0678445934729783e-16,-3.712308238590367e-16,0,0,0.1803153950844978,0.3808748223037662
188,0.25034,0.207956,0.20990170893492177,0.2508683385058248,7.24247051220317e-16,5.551115123125783e-16,0,0,0.2045121372331405,0.2468348901082726
189,0.722999,0.2006759999999999,0.2216267172480002,0.1244709853808672,-8.689880412471318e-17,-1.2836953722228372e-16,0,0,0.2197171835362013,0.1235662726158395
190,0.2006759999999999,0.722999,0.06630780981504358,0.3907922597718425,-1.6949468087737452e-16,-6.071532165918825e-18,0,0,0.0656220580969411,0.3886899315377315
191,0.5008519999999999,0.2939069999999999,0.20427222855505534,0.20785360888112336,5.117434254131581e-17,-2.8449465006019636e-16,0,0,0.2010478275908224,0.205651177278649
192,0.42497,0.447039,0.16228477937329444,0.29134790727403015,3.3935527998796284e-16,2.3939183968479933e-16,0,0,0.1599023964372957,0.2881848448275176
193,0.209314,0.2937589999999999,0.1512560928822495,0.3099595751882589,-2.894819800536297e-16,-1.52655665885959e-16,0,0,0.1479695300595649,0.3035596772909406
194,0.6331419999999999,0.7570799999999999,0.16722078673774377,0.37256433768197894,3.1851149322192907e-16,6.418476861114186e-17,0,0,0.1663159650332985,0.3714446256925916
195,0.81949,0.92517,0.19554309803061187,0.42450347199337557,-4.742063133226364e-16,7.910339050454239e-16,0,0,0.1951779375864092,0.4242185368160333
196,0.925293,0.819589,0.21350418447400443,0.3866987823275849,3.374240448682231e-16,-3.6082248300317592e-16,0,0,0.2133157571273685,0.3860743065381028
197,0.92562,0.185316,0.22399926272919402,0.10724562659743242,9.053088140253962e-18,1.3183898417423734e-16,0,0,0.2234777711362788,0.1065763720853305
198,0.185319,0.925617,0.05536173559812596,0.43381405837862985,-2.0933741665032227e-16,3.4000580129145414e-16,0,0,0.0549042407374777,0.4332564056144495
199,0.403496,0.590503,0.1347609835647745,0.34002238340326585,-3.664603343001005e-16,5.759281940243e-16,0,0,0.1332120734251296,0.3375261276602342
200,0.452853,0.56415,0.14896070858230814,0.3256127144850325,-9.790345617544104e-17,9.020562075079397e-17,0,0,0.1472374794661688,0.3231570449657776
201,0.476022,0.62502,0.14666893909452483,0.3418334813322872,-2.282245573081987e-16,4.336808689942017e-16,0,0,0.1452814555188542,0.3397374972539099
202,0.440114,0.514766,0.1533897307526786,0.31162581680109724,6.732895491134984e-17,7.147060721024444e-16,0,0,0.1513482393388671,0.3089081215994303
203,0.5126389999999998,0.5492829999999999,0.1622990729229059,0.3128835714305751,-2.5467909031684494e-16,-1.4224732503009818e-16,0,0,0.160556564446931,0.3106269629105497
204,0.138519,0.0482592,0.33050642343005165,0.14747973304474726,1.4051260155412135e-16,-2.498001805406602e-16,0,0,0.3224282612279457,0.1543788658011661
205,0.123874,0.0836144999999999,0.2854961897537578,0.2470825224299915,-1.7208456881689926e-15,-1.2984405217686401e-15,0,0,0.2760350338132787,0.2468893712698299
206,0.491325,0.415453,0.17918017005285947,0.2663119849166833,-5.220094647338802e-17,1.140309634911629e-16,0,0,0.1766763814999565,0.2636078939669095
207,0.528789,0.441883,0.17992254073760705,0.2705465396284126,-1.8051966171883646e-16,7.979727989493313e-17,0,0,0.1776425956105775,0.2681563096137346
208,0.4624349999999999,0.4734689999999999,0.16434477477741893,0.29374443349661306,4.4398078963281407e-16,4.2847669856627135e-16,0,0,0.1620740278212017,0.2909761228080042
209,0.491713,0.3692309999999999,0.188007027056301,0.24645823310129344,3.0357660829594124e-18,-5.204170427930421e-17,0,0,0.1852593706277449,0.2438508713286448
210,0.425358,0.4008169999999999,0.17198708876094315,0.27412092668237165,8.933825901280558e-17,-9.020562075079397e-17,0,0,0.169210479365939,0.2708989179676423
211,0.051275,0.80923,0.01637002595271042,0.4120943692250876,-5.791774124099675e-16,-2.3592239273284576e-16,0,0,0.0162676419067521,0.4106105225232896
212,0.100722,0.8218389999999999,0.0317672508481337,0.41379107071406906,1.6994869053710282e-16,8.465450562766818e-16,0,0,0.0314960336300709,0.4123950039654966
213,0.0494474,0.8840379999999999,0.01523676048964262,0.42660004629578907,1.2219297297090534e-16,-2.1510571102112408e-16,0,0,0.0151052806785764,0.4256867460379986
214,0.884046,0.0494387,0.22576939983991906,0.029421026483760215,-4.231098978124681e-17,9.714451465470121e-17,0,0,0.2250506935268571,0.0292793297244905
215,0.821898,0.100661,0.2256768646184355,0.0608231076184893,3.518236049715462e-17,3.712308238590367e-16,0,0,0.2244826414359836,0.0605037273926041
216,0.809281,0.0512227999999999,0.22677686373936012,0.03129912215808872,4.43770725461895e-16,1.3444106938820255e-16,0,0,0.2256180632013668,0.0311890337099689
217,0.2603829999999999,0.295818,0.16865523636806756,0.28714893136930186,-1.2424956896683878e-16,-2.4806545706468337e-16,0,0,0.1646975041089445,0.2821032117721133
218,0.3061909999999999,0.351074,0.1608462825533934,0.28895387472584844,1.3877787807814454e-16,1.942890293094024e-16,0,0,0.1574633997180643,0.2847584888542919
219,0.2551229999999999,0.349015,0.1464915178657975,0.30610838177381083,2.953366717850514e-16,3.4000580129145414e-16,0,0,0.1434173813211342,0.3010676403526509
220,0.718866,0.53707,0.19380581712175626,0.2876132018864155,-3.587624988754534e-16,-8.534839501805891e-16,0,0,0.1926091388215889,0.2859879249872497
221,0.6690979999999999,0.4976769999999999,0.19092425605049357,0.2757653458684217,-5.816744655384731e-17,-1.3877787807814457e-17,0,0,0.1894118388819006,0.2739491749611413
222,0.7423039999999999,0.466405,0.20150645801913925,0.2563981442472141,2.1250362580715887e-16,-5.551115123125783e-16,0,0,0.2002465631712824,0.254814325552869
223,0.178732,0.332328,0.12126433572120732,0.3310992823680863,-1.769417945496343e-16,-5.551115123125783e-16,0,0,0.1192313289437705,0.3249847234744605
224,0.2245399999999999,0.3875839999999999,0.12305660934543994,0.3253848631866276,1.2836953722228372e-16,-1.214306433183765e-16,0,0,0.1208680535168631,0.3203563985906481
225,0.464295,0.720928,0.13591208858269965,0.37150183743506204,-4.479381275623862e-16,-8.153200337090995e-17,0,0,0.1348565703106448,0.3698768359087932
226,0.503395,0.666405,0.14840075207757764,0.3520223709347192,2.1732832547471934e-16,-4.614364446098306e-16,0,0,0.1471809440440759,0.3501971933158847
227,0.541026,0.7359609999999999,0.15092346737219486,0.3708089344727341,4.0394662441378677e-16,5.932754287840679e-16,0,0,0.1499181945777585,0.3693958094358373
228,0.769519,0.3941819999999999,0.20902404494700022,0.22183347668033093,-2.426308936750998e-16,-4.2153780466236407e-16,0,0,0.2077825364896388,0.2203884401641199
229,0.819288,0.4335749999999999,0.21055806084768847,0.23695651037269272,4.374484715435889e-16,1.3877787807814457e-17,0,0,0.2096189274545894,0.2355744849541092
230,0.177093,0.434581,0.09162913922045846,0.34546302232774906,1.5872719805187782e-16,1.0269562977782698e-15,0,0,0.0903381192591392,0.3408313432124831
231,0.2534839999999999,0.451268,0.11723208465264179,0.3308938098780345,-4.119968255444917e-17,-4.163336342344337e-16,0,0,0.1153191535223983,0.326745003530213
232,0.77722,0.331712,0.2137472268223064,0.1910240119905211,9.326849188806554e-17,-1.89084858881472e-16,0,0,0.2124272950001043,0.1897402289887044
233,0.7002359999999999,0.364543,0.20655664755031466,0.21355445819790475,2.605337820482667e-16,2.012279232133096e-16,0,0,0.2048453775148413,0.2119466304865842
234,0.680709,0.0512227999999999,0.23078099513077177,0.033928947217646055,-6.595100171275653e-16,1.708702623837155e-16,0,0,0.2288321650602883,0.0336975556525836
235,0.688718,0.1261019999999999,0.22710306919179857,0.08185222397150937,1.4330442214827155e-16,4.423544863740858e-17,0,0,0.2249944389314992,0.0813171609607436
236,0.622295,0.074879,0.23292363065411337,0.052175947319483384,-1.4842727741326556e-16,-7.28583859910259e-17,0,0,0.230547174814392,0.05184752981843
237,0.0758823,0.621315,0.029092024167766795,0.38017758270871127,2.265440439408461e-16,-5.0133508455729725e-16,0,0,0.0287025363275479,0.3771476615383654
238,0.1271569999999999,0.6876879999999999,0.04439931103843264,0.3881886246308568,3.2461013044216003e-16,2.498001805406602e-16,0,0,0.0439068994744143,0.3857316481073465
239,0.051275,0.6806579999999999,0.018287834551301785,0.3897236887787585,3.6197444781144167e-16,-5.585809592645319e-16,0,0,0.0180504406743418,0.3871905111231827
240,0.051275,0.744944,0.017171998821140733,0.40038732159882784,4.219511567406241e-16,-9.367506770274758e-17,0,0,0.0170012666300627,0.3984172183216401
241,0.7449949999999999,0.0512227999999999,0.22835441608913243,0.03238720821173047,6.001059024707267e-17,-1.457167719820518e-16,0,0,0.2267946427195222,0.0322205097639734
242,0.290709,0.650468,0.09868017942790175,0.36838761414401233,-4.380176776841438e-17,-8.396061623727745e-16,0,0,0.0975765310574593,0.3660657543550801
243,0.3525329999999999,0.624028,0.11826276023930404,0.35533195885363966,-1.533061871894503e-16,5.447031714567174e-16,0,0,0.1169424409494882,0.3529408282091106
244,0.36484,0.677813,0.11603073638980277,0.3678845733811613,6.459134442582393e-17,7.45931094670027e-16,0,0,0.1148373299195501,0.3658464026119663
245,0.124324,0.130303,0.2241837985056918,0.3058170567965135,-5.584725390472832e-16,-6.47051856539349e-16,0,0,0.2159115834268415,0.2961755626544524
246,0.0711607999999999,0.117399,0.17823498745565303,0.3723706877208315,9.488937413593135e-16,1.2836953722228372e-15,0,0,0.1770658488601719,0.3597843211250754
247,0.946817,0.681567,0.217795800359454,0.33565761413774453,-1.5670448337383458e-16,-4.996003610813204e-16,0,0,0.217619798099931,0.3346575915131503
248,0.871063,0.686281,0.2073216798598878,0.3386549689457752,-5.143184055728112e-17,-6.93889390390723e-17,0,0,0.2068929833256419,0.3376254467949912
249,0.924246,0.629714,0.21545754953694995,0.31590049897204153,-1.292775565417403e-16,-1.457167719820518e-16,0,0,0.2151686403283339,0.314781757776776
250,0.6272889999999999,0.926217,0.1611395739018917,0.42690815295281936,-4.655022027566512e-16,-4.440892098500625e-16,0,0,0.160460155373075,0.4265296644015737
251,0.6845989999999998,0.871736,0.1727933066431433,0.4084427533089183,1.3984513959168499e-16,3.564856743132338e-16,0,0,0.1721494614193009,0.4078480885574333
252,0.6823099999999999,0.945518,0.1712936369876843,0.43241979385493323,-5.834735635184413e-16,-6.539907504432562e-16,0,0,0.1706786586074312,0.4321683548277979
253,0.3216189999999999,0.950375,0.09232622862327844,0.43785389870754443,-4.907573371119855e-16,9.280770596475918e-17,0,0,0.0916585207472531,0.4375394746349056
254,0.3147949999999999,0.873626,0.09206022236321587,0.4193249498202931,2.687262847141103e-16,-3.426078865054194e-16,0,0,0.0913671426520926,0.4184983524056784
255,0.368176,0.923251,0.10450899245915934,0.4304022708674893,-3.901772568232209e-17,-2.1510571102112408e-16,0,0,0.1038059166981249,0.4299343620737565
256,0.923251,0.368176,0.2203612150187837,0.20245429687201977,2.23752223346696e-16,-1.4224732503009818e-16,0,0,0.2199512998882384,0.2012855317114289
257,0.873626,0.3147949999999999,0.21923825904377736,0.17751895054243505,1.0402919844998415e-16,-1.5612511283791264e-16,0,0,0.2184884999637022,0.1764029871694677
258,0.950375,0.3216189999999999,0.22263841837320797,0.17904862761497498,1.5624030931873922e-16,4.232725281383409e-16,0,0,0.2223606628128054,0.1779489270032045
259,0.3298459999999999,0.0539924,0.27419277886656346,0.06583490101183997,7.282585992585132e-16,-3.677613769070831e-16,0,0,0.2698555910460117,0.0662424156671331
260,0.26556,0.0539924,0.2907761150272563,0.08256516713299789,6.372940369869795e-16,1.1102230246251563e-16,0,0,0.2855560897218946,0.0838249296313569
261,0.6226009999999998,0.5208819999999998,0.18270700869106804,0.2896452365675941,2.1955093992831462e-16,7.28583859910259e-17,0,0,0.1811083048656236,0.2877228407568997
262,0.646039,0.450218,0.19300748458772432,0.2582652421260718,5.937633197616865e-16,-1.7347234759768074e-17,0,0,0.1912224393041513,0.2563779274324521
263,0.202805,0.0482592,0.3120172389317304,0.09902719699312001,-6.804452834519025e-16,-4.787836793695988e-16,0,0,0.3056711976556895,0.1027748137804731
264,0.141678,0.8636669999999999,0.043496042726474116,0.4214236580664874,1.0043777875362592e-16,7.28583859910259e-17,0,0,0.0431282284588452,0.4203597616931593
265,0.1435059999999999,0.7888589999999999,0.04582994166412391,0.4063021291840414,2.1394019368570214e-16,-7.320533068622126e-16,0,0,0.0454003468162053,0.4046680857940279
266,0.78891,0.143454,0.2246162201045081,0.08726634895720053,-1.2508304938693704e-16,-4.163336342344337e-17,0,0,0.2231756959876136,0.0867210688102734
267,0.8636749999999999,0.1416699999999999,0.22445228666765615,0.0838212298694998,5.286840843582441e-17,-2.1857515797307767e-16,0,0,0.2235311865980838,0.0833206526911849
268,0.88005,0.4036359999999999,0.2165083973959554,0.22053136030444875,-1.4555414165617895e-16,-1.734723475976807e-16,0,0,0.2158743859532179,0.2192739124396531
269,0.852835,0.4758589999999999,0.21162388718221337,0.2542222607298754,-2.524797692692992e-16,1.2999584048101198e-16,0,0,0.2108748951023243,0.2529130238609786
270,0.472102,0.852302,0.13081253520795144,0.4085599312966224,2.2936296958930846e-16,-1.0373646386341306e-15,0,0,0.1300042988014299,0.4077015938670999
271,0.4018149999999999,0.880311,0.11369278744678013,0.41848060849588364,-5.062817569692624e-16,2.1163626406917047e-16,0,0,0.1129437194282029,0.4177402759724227
272,0.4316389999999999,0.818493,0.12294013291830197,0.4007818889513146,1.1248597539537109e-17,1.0842021724855043e-16,0,0,0.1220775558749902,0.3996867657386055
273,0.329365,0.563158,0.1198717784427572,0.3429324597636878,2.206351421008001e-16,5.620504062164855e-16,0,0,0.1183294260069341,0.3400567848431348
274,0.5809499999999999,0.952888,0.15169894867722178,0.43570079482742585,-8.033192709124003e-16,2.775557561562892e-17,0,0,0.1509978922111896,0.4354567175827817
275,0.583239,0.879105,0.1533966508541198,0.41312468032265315,-2.7450643754617365e-17,5.377642775528102e-17,0,0,0.1526475329076158,0.412496804322322
276,0.8800339999999999,0.587233,0.210857552352536,0.2999527566425968,-1.8856986284954136e-16,-1.249000902703301e-16,0,0,0.2104042814314084,0.2987331328595788
277,0.955788,0.582519,0.21989354144898243,0.29664883702935185,-3.915325095388278e-17,-2.949029909160572e-16,0,0,0.2197083276702588,0.295483717427245
278,0.3511139999999999,0.262838,0.20046403241576627,0.23427115916274488,-5.984795992119986e-17,-4.8572257327350605e-17,0,0,0.1960981459020986,0.2309568861855503
279,0.408262,0.291196,0.19758900080341846,0.2299694768153131,3.582203977892106e-16,1.1102230246251563e-16,0,0,0.1938547706667262,0.2269467001767417
280,0.368599,0.326235,0.18182886665454134,0.25882060470758006,-3.981190377366772e-16,-3.4000580129145414e-16,0,0,0.1782268391437005,0.2552978065628258
281,0.6384999999999998,0.690894,0.1716292502824217,0.3500423869700171,-9.191323917245866e-17,2.498001805406602e-16,0,0,0.1706632992829075,0.3486527329959008
282,0.612893,0.62489,0.17186665345798247,0.3289697776781395,3.8326546797362576e-17,-1.457167719820518e-16,0,0,0.1706854906262082,0.3272538704820515
283,0.671267,0.6343459999999999,0.18049383562174626,0.32804098434280604,2.572811755308102e-16,3.4000580129145414e-16,0,0,0.1794639486716193,0.3264967963407385
284,0.1482449999999999,0.47352,0.07188750186469406,0.3556132666708436,-8.771195575407732e-17,5.091413401991929e-16,0,0,0.0709453118266891,0.3512877253548158
285,0.119302,0.409835,0.06902959154103883,0.3553488553443458,4.044074103370932e-17,4.510281037539698e-17,0,0,0.0683275551311899,0.3502407775319793
286,0.363339,0.3794319999999999,0.16560720771667548,0.2816039558965713,-5.681219383824043e-17,-2.706168622523819e-16,0,0,0.1625559801252892,0.2779602145837982
287,0.3933889999999999,0.0530583999999999,0.26096792140742764,0.054256288218311965,2.1835831753858054e-16,2.740863092043355e-16,0,0,0.2572714577356828,0.0543388271911759
288,0.3660919999999999,0.1070509999999999,0.2547293205279857,0.11315800715237856,5.637851296924623e-17,-2.60208521396521e-16,0,0,0.2497277050696573,0.1122826707978155
289,0.946817,0.744067,0.21729929065622855,0.35911205084994435,7.708338633193034e-17,6.93889390390723e-18,0,0,0.2171470549630856,0.3582476861863677
290,0.7448099999999999,0.945518,0.18255933438194916,0.431903698889073,2.176061522814188e-16,2.4286128663675296e-17,0,0,0.1820354736114651,0.4316946313993254
291,0.2591189999999999,0.950375,0.07575310586253181,0.4385227806051262,1.8548666292153568e-16,-1.3183898417423734e-16,0,0,0.0751524164700937,0.4381656442037062
292,0.950375,0.2591189999999999,0.22347447398351505,0.1468767916667275,-3.140628761829495e-16,-3.382710778154774e-17,0,0,0.2231365239436844,0.1459430959993754
293,0.552752,0.640052,0.16015193061321042,0.3392428877996281,3.469446951953615e-18,-7.702172233337022e-16,0,0,0.1589141742570655,0.3374212003966298
294,0.239794,0.102252,0.2740531515046314,0.16149677126668394,-3.0097452308197603e-16,-4.3021142204224816e-16,0,0,0.2671218020914547,0.1615951047382155
295,0.463299,0.324251,0.19460515843820758,0.23176492674974725,-7.546047120499112e-17,-1.3877787807814457e-17,0,0,0.1913882126807916,0.2291071658488737
296,0.529266,0.3388869999999999,0.19751109510252718,0.2249094690196216,8.326672684688674e-17,-1.0408340855860844e-16,0,0,0.1948062493633494,0.2226538058938024
297,0.0490432,0.5730669999999999,0.020354403190140147,0.375225135270739,2.3441806221852213e-16,6.93889390390723e-17,0,0,0.0201515144230306,0.3717297535072168
298,0.1249249999999999,0.5800969999999999,0.050241256489243824,0.3715150914795231,-2.13316777436523e-16,-7.008282842946301e-16,0,0,0.0495865145129837,0.3681751499362637
299,0.0358054,0.1320439999999999,0.08930847051669843,0.41574625053908676,-2.8945487499931755e-16,-1.080190624447308e-15,0,0,0.0993460092684672,0.4044385133516042
300,0.0358054,0.19633,0.05529967215261422,0.39713995865895413,4.367166350771612e-16,1.294103713078698e-15,0,0,0.0594133211431149,0.3899258346449003
301,0.2422189999999999,0.547474,0.09612453257432207,0.35242863751773257,-4.914688447876792e-16,-5.828670879282072e-16,0,0,0.0948210475981972,0.349104232813124
302,0.215083,0.612514,0.07931599086805363,0.36825488405884244,-4.206704429243757e-17,-2.7755575615628914e-16,0,0,0.078325607612263,0.3653373727214896
303,0.1789,0.563305,0.07208508282201365,0.3636668480176013,2.6221429541561925e-16,2.4286128663675294e-16,0,0,0.0711265912809421,0.3602792431488275
304,0.956799,0.4104599999999999,0.22189059216179885,0.22191517549799755,-3.7726678064117086e-16,-9.714451465470121e-17,0,0,0.221637823204953,0.2207249502838361
305,0.4086389999999999,0.95706,0.11387852861662395,0.4386239019804634,-3.6262496911493293e-16,3.6082248300317592e-16,0,0,0.1131515550847666,0.4383567216917843
306,0.696654,0.591195,0.1871126518381061,0.31032181752379984,-3.117081245895825e-17,-4.163336342344337e-17,0,0,0.1860219096503257,0.3087141994094944
307,0.722261,0.6571989999999999,0.18693845020607114,0.33334673021454364,-1.2682454912649188e-16,-1.457167719820518e-16,0,0,0.186062927227634,0.3319640077767726
308,0.769861,0.559923,0.1986401681569987,0.2935065641649999,-1.1985855016827252e-16,-3.122502256758253e-16,0,0,0.1977283818398483,0.292043169960742
309,0.582268,0.120699,0.23185773733712267,0.08678031759336591,-2.2258670601127406e-16,-4.163336342344337e-17,0,0,0.2289946191637408,0.0861178039519408
310,0.5742589999999999,0.0458203999999999,0.23778157419656054,0.03392901140614413,2.821094052807282e-16,1.1622647289044608e-16,0,0,0.2352592011419655,0.0337545876247045
311,0.851824,0.5229179999999999,0.20971234048192855,0.274448773219774,-3.965215335981556e-17,-1.693523793422358e-16,0,0,0.2090610143580131,0.2731292207440094
312,0.8202829999999999,0.570114,0.2042848148230405,0.2951390050002374,3.071544754651434e-16,1.3877787807814454e-16,0,0,0.2035722459065397,0.2937866511201591
313,0.565752,0.8214599999999999,0.15168828901732923,0.3959686187808984,3.07456019194366e-17,6.756747938929664e-16,0,0,0.1508453301911165,0.3950335229227668
314,0.519413,0.84813,0.14120743481907994,0.40569938931730576,-1.9147010366094006e-16,4.8572257327350605e-17,0,0,0.1404017037328876,0.4048889005624704
315,0.445815,0.260853,0.2088118249666877,0.2028853115043603,6.55725473919233e-16,-1.0408340855860844e-16,0,0,0.2050454346119087,0.200449818247658
316,0.4447349999999999,0.7696319999999999,0.1284217575157527,0.38662263329024427,-3.146761280367616e-16,5.2909066017292616e-17,0,0,0.1274753532509033,0.3852473834390786
317,0.407104,0.700076,0.12446534966875333,0.3700931999483146,1.192080288647812e-16,7.077671781985372e-16,0,0,0.1233634616853821,0.3682143345372942
318,0.5675339999999999,0.7737819999999999,0.15409235532570165,0.38111363208736293,-1.0332446703786856e-16,2.914335439641036e-16,0,0,0.1531673212805394,0.3799412265324247
319,0.63136,0.8047579999999999,0.16492718236986548,0.3881888668402098,-1.977855813156681e-16,5.169475958410884e-16,0,0,0.1641312087360948,0.3872490194346856
320,0.5227279999999999,0.146985,0.23201738945499528,0.11259228392736986,1.9060274192295168e-16,-3.05311331771918e-16,0,0,0.2284911545800094,0.1115684985388459
321,0.570764,0.176044,0.2258616929029813,0.1251692707883194,1.1161590315195149e-15,2.6020852139652106e-17,0,0,0.2227308477512033,0.1240339008603864
322,0.3452799999999999,0.726516,0.10711579817871097,0.3818090854329057,3.111660235033397e-16,6.93889390390723e-17,0,0,0.1061242783317043,0.3800543013922231
323,0.79807,0.6242379999999998,0.19922577298711985,0.3173512853682041,7.283128093671376e-17,3.1571967262777884e-16,0,0,0.1985144047095314,0.3160815763075924
324,0.6251069999999999,0.40544,0.19603463252133224,0.24108235417952528,8.7061434450586e-17,-2.8102520310824275e-16,0,0,0.1940522480365647,0.2391474180364399
325,0.632808,0.34297,0.20445783742252388,0.21064981834206264,-4.559070135301545e-16,-3.885780586188048e-16,0,0,0.2022881256115681,0.2088317771126764
326,0.152061,0.5150569999999999,0.06759342348959763,0.36004963240702637,2.5969352536459045e-16,6.522560269672794e-16,0,0,0.0666920981567148,0.3561343947128373
327,0.374448,0.797641,0.11022266346844845,0.3980135102174245,-1.9629480332850055e-16,1.4918621893400539e-16,0,0,0.1093749277259418,0.3967274205391064
328,0.7548559999999999,0.282717,0.21620215504663065,0.16743768098240253,-4.601354020028481e-16,2.706168622523819e-16,0,0,0.2146204436167999,0.1662538717588181
329,0.824139,0.312356,0.2171284087053209,0.17845479605603032,-5.589062199162777e-17,3.469446951953615e-18,0,0,0.2160479057724057,0.1772834045223604
330,0.6160609999999999,0.206623,0.22124735426041298,0.13832808929146267,-4.680500778619923e-16,-2.914335439641036e-16,0,0,0.2184834163678604,0.1370809554290712
331,0.556521,0.232908,0.21751840096385422,0.16273703228216618,-1.6403978869705682e-16,3.1918911957973246e-16,0,0,0.2143209766501471,0.1610453009313315
332,0.912586,0.492979,0.21672438978566788,0.2597925347072305,-5.402037324409026e-17,-2.324529457808921e-16,0,0,0.2163116595144425,0.2585665067355666
333,0.489589,0.909948,0.1331222467124462,0.4244308731285855,5.684268702434159e-16,-2.5500435096859064e-16,0,0,0.1323873491355757,0.4239143343687792
334,0.5060379999999999,0.248118,0.2139653053600341,0.18124043534044176,3.384879182499745e-16,1.3183898417423734e-16,0,0,0.2104753232508462,0.179223781386604
335,0.4510009999999999,0.215064,0.22062555997399613,0.1737181206117384,3.1626177371402164e-16,-2.7582103268031233e-16,0,0,0.2164446471009681,0.1717195802120202
336,0.113051,0.18543,0.15849812062515412,0.34500890751951374,-2.5587171270657905e-17,-2.168404344971009e-17,0,0,0.1573665782254398,0.3337837143548505
337,0.165765,0.151646,0.22570439234550577,0.2767513635044452,3.0487765090292385e-16,2.8449465006019636e-16,0,0,0.2175353392692767,0.2711010783010846
338,0.0452615999999999,0.3159609999999999,0.03781825002806727,0.371364025719231,-3.1452705023804484e-16,9.922618282587335e-16,0,0,0.0381682416644114,0.3658752228322044
339,0.119336,0.322838,0.09076641295541776,0.35189178632572293,3.4716153562985847e-16,1.0755285551056204e-15,0,0,0.0900061962662814,0.3457662882607674
340,0.0740745,0.36402,0.0509082443168154,0.36321959443739615,-1.165517335421917e-16,-3.4000580129145414e-16,0,0,0.0506975680546989,0.3577102329134494
341,0.3227829999999999,0.819415,0.09604199841851369,0.405909035471268,2.70237391492012e-16,-4.926614671774132e-16,0,0,0.0953009312810382,0.4047346560402717
342,0.3358789999999999,0.7705539999999999,0.10187184368260205,0.39331313251750544,2.91907882414566e-16,-4.90059381963448e-16,0,0,0.101026839060136,0.3918390808907552
343,0.5786109999999999,0.428645,0.1881284464543569,0.2574899742321577,2.1716569514884651e-16,1.3183898417423734e-16,0,0,0.1859981473382743,0.2553987767992049
344,0.549721,0.486661,0.17641831514629303,0.2851205936749466,-3.2005648131772086e-16,-5.204170427930421e-17,0,0,0.1743502937061977,0.2828903735344875
345,0.5184499999999999,0.952888,0.13870457850862294,0.43631966644898057,2.80483102022e-16,-2.60208521396521e-16,0,0,0.1379821808467431,0.4360840011417311
346,0.955788,0.520019,0.22054528236185433,0.2706666373051121,5.469228212949972e-16,2.6020852139652106e-18,0,0,0.2203475895102876,0.2694384841700496
347,0.579748,0.3236769999999999,0.20376869862229796,0.2086291369923856,-1.1405806854547507e-16,3.816391647148976e-17,0,0,0.2012008825733213,0.2065872723096828
348,0.654877,0.2827799999999999,0.2128246761567425,0.1769052611780353,1.182864570181685e-16,4.163336342344337e-17,0,0,0.2105966673980729,0.175422503734425
349,0.818979,0.677149,0.20021426180028357,0.3366336087929085,2.0944075466988727e-16,5.551115123125784e-17,0,0,0.1996220469092323,0.3355403578895088
350,0.768556,0.666958,0.19333169676247053,0.33472955238539726,4.241940999849536e-17,-1.4224732503009818e-16,0,0,0.1925784311674742,0.333505084489492
351,0.0452272,0.4029579999999999,0.02782903976913076,0.36606205473071896,3.7095977331591534e-16,9.367506770274758e-16,0,0,0.0276595416339125,0.361137900612141
352,0.293615,0.748291,0.0918793862365419,0.39055650983937085,-2.7804364713390756e-16,-8.326672684688674e-17,0,0,0.0910221080849092,0.3889299608032272
353,0.239539,0.659841,0.08268234645947814,0.37524530990049243,2.3353714795337766e-16,-1.3530843112619095e-16,0,0,0.081750467436411,0.3727529218309129
354,0.1762199999999999,0.675672,0.06140919224708341,0.383204641926568,2.8758462625178e-16,1.942890293094024e-16,0,0,0.0607153338921978,0.3807183951246688
355,0.7431689999999999,0.71011,0.1877495571388863,0.3514952677069232,3.303564019563332e-16,-3.0184188481996443e-16,0,0,0.1869657082255664,0.3503449902937452
356,0.457674,0.0530583999999999,0.25043541652848944,0.047186062001856044,-3.436920886779049e-17,5.551115123125784e-17,0,0,0.2471612829516003,0.0469798193398406
357,0.2136889999999999,0.152237,0.23921782850811724,0.2349339265783783,-4.4235448637408576e-16,-9.332812300755222e-16,0,0,0.2320550409265147,0.2331096647594282
358,0.202416,0.2073639999999999,0.19658138489467092,0.28180302437976934,-3.9530011208821487e-16,2.723515857283587e-16,0,0,0.1910189316561383,0.2755986823773455
359,0.0942703,0.490311,0.04540495753462892,0.3643609957944136,3.433668280261592e-16,5.238864897449956e-16,0,0,0.0449128289075641,0.3599399152863325
360,0.340629,0.4669519999999999,0.13953646698792,0.31536853761645034,-1.0820337681405333e-16,4.787836793695988e-16,0,0,0.137323974781478,0.3118715614394021
361,0.293182,0.5139489999999999,0.11742223167675547,0.3368705616740044,1.5395670849294163e-16,-4.614364446098306e-16,0,0,0.1157020883438951,0.3334797391848258
362,0.251846,0.7136259999999999,0.08227343048201874,0.38558560074307024,-7.209944447028604e-18,-3.469446951953615e-17,0,0,0.0814211479463255,0.3835675176604774
363,0.585519,0.583504,0.17097039279178716,0.31675251765409485,-5.93654899544438e-16,-4.891920202254596e-16,0,0,0.1695478187955429,0.3148364120556446
364,0.5624609999999999,0.5360449999999999,0.1722392349038273,0.3020731751457788,-1.3270634591222574e-16,-1.9081958235744878e-16,0,0,0.1705023494237269,0.2999527642518575
365,0.276445,0.15797,0.2411244323302526,0.19821716417754942,-3.2265856653168607e-16,-3.4000580129145414e-16,0,0,0.2350638035490586,0.1960368129680636
366,0.0490432,0.5087819999999998,0.02300044204457663,0.3692369868076639,4.5631358934483674e-17,-2.5153490401663703e-16,0,0,0.0228788173656455,0.3652043225582379
367,0.888932,0.951432,0.20695741890813224,0.4332139423931949,-2.854873726743784e-16,-6.591949208711867e-17,0,0,0.2067187348726531,0.433026967985746
368,0.951432,0.951432,0.21715615170251112,0.43306632788153365,-4.9615801918367897e-17,-7.632783294297951e-17,0,0,0.21704180094182,0.4328965147022023
369,0.951432,0.888932,0.21727396952337585,0.4111616523587145,-6.631082130875017e-17,4.588343593958655e-16,0,0,0.2171682720644973,0.4107732291301802
370,0.346663,0.167892,0.23627745790872723,0.17341180288349278,1.3639263329867646e-16,-8.153200337090995e-17,0,0,0.2310583194977574,0.1713385948076141
371,0.3205589999999999,0.2178769999999999,0.21498205710668117,0.22057201259303838,4.839878497975292e-16,-5.204170427930421e-17,0,0,0.2099956382925994,0.2174273215755334
372,0.948332,0.111939,0.22495046496624127,0.06541115028085187,-4.478093785544035e-17,-1.734723475976807e-16,0,0,0.2246133090441281,0.0650391768313634
373,0.948332,0.0494387,0.22527392083429731,0.02907755976775661,-2.16371178244322e-16,-1.006139616066548e-16,0,0,0.2249551395178774,0.028899783718256
374,0.0494474,0.948323,0.014994107375969179,0.4395010998850921,1.121353037552078e-16,-4.8572257327350605e-17,0,0,0.0148416896177662,0.4390895438516901
375,0.111947,0.948323,0.03372935658262577,0.4392556670436534,-8.463553208964969e-17,1.1449174941446927e-16,0,0,0.0334268508269383,0.4388510097029698
376,0.410206,0.166958,0.23411567747825757,0.15129769389750436,-3.662434938656034e-16,1.006139616066548e-16,0,0,0.2294512979815731,0.149524039433923
377,0.4026489999999999,0.4883359999999999,0.1499972925230395,0.30952475644880906,1.0885389811754463e-16,2.498001805406602e-16,0,0,0.1478262874315875,0.306449284572982
378,0.509973,0.0458203999999999,0.244172706574318,0.037173529621213675,5.952812028031662e-16,-2.3592239273284576e-16,0,0,0.2413179900769566,0.0370531397251325
379,0.4704289999999999,0.154223,0.23381409887224436,0.1271494051325135,-3.707971429900425e-17,9.020562075079397e-17,0,0,0.2297245494227699,0.1258153329347438
380,0.481933,0.0988787,0.2421651496551931,0.08261861110804603,-7.160071147094271e-16,-7.28583859910259e-17,0,0,0.2385609816949098,0.0820238485988076
381,0.2808959999999999,0.2529159999999999,0.19315088889561594,0.2592312903434504,1.6349768761081407e-16,1.7520707107365752e-16,0,0,0.1884293645786314,0.2550763659224227
382,0.606634,0.7192589999999999,0.16437098741880618,0.36147865804377943,-4.407281831153576e-17,-4.3021142204224816e-16,0,0,0.1633898779174837,0.360128871328227
383,0.362951,0.425655,0.15398790713516064,0.29769661906175315,-2.0057740190981832e-17,8.847089727481716e-17,0,0,0.1514004715025481,0.2941118713729823
384,0.676652,0.175217,0.22382495284546167,0.11307313962606713,-7.28583859910259e-17,1.2836953722228372e-16,0,0,0.2215559162228258,0.1122353621129253
385,0.662408,0.232082,0.21852884368854575,0.1479541640583193,4.01425854362758e-17,-1.89084858881472e-16,0,0,0.2161918496325975,0.1467254094102805
386,0.7154679999999999,0.251375,0.21756902564084157,0.15369409082268248,5.878002078130161e-16,-1.0408340855860844e-17,0,0,0.2156540270964741,0.1525403593098852
387,0.122507,0.2407759999999999,0.12855102407047525,0.34648868048680015,3.894454203567932e-16,3.261280134836397e-16,0,0,0.1279675131899941,0.3377781097387813
388,0.0810671,0.2194339999999999,0.10238848345761653,0.37064163089962676,1.942890293094024e-16,1.1796119636642288e-15,0,0,0.1037005002112376,0.3629721372582445
389,0.0452615999999999,0.251676,0.050602259623701684,0.38106661089113913,6.337161698177773e-17,7.112366251504908e-16,0,0,0.0519334342067758,0.3748033951749132
390,0.0452272,0.4672439999999999,0.023350785617367364,0.3670640084601473,7.527751208838418e-17,-1.8214596497756478e-17,0,0,0.0232268080434925,0.3626717475829509
391,0.4711389999999999,0.95706,0.1283153801341541,0.43799977615708485,-1.2495430037895439e-16,-2.914335439641036e-16,0,0,0.1275696438079275,0.4377469721362738
392,0.956799,0.4729599999999999,0.2211611341117532,0.25026154264924116,-6.117259239576347e-16,-1.822543851948133e-16,0,0,0.2209272577446214,0.2490127617813186
393,0.665008,0.728715,0.17416027013678104,0.3615160779445432,2.0475158027388751e-16,-1.8388068845354155e-16,0,0,0.1732626553239031,0.3603316330353338
394,0.962647,0.847295,0.21916612665518187,0.3963941320544109,3.7406160796876054e-16,-7.806255641895632e-18,0,0,0.219081060114222,0.3958531713450924
395,0.962647,0.784795,0.21940414457640145,0.3739290674275253,1.8283375573073524e-16,-7.979727989493313e-17,0,0,0.2193071784435452,0.3731854083190004
396,0.784745,0.962585,0.18941638700198382,0.4373973274487071,3.7961306190506527e-16,-1.3183898417423734e-16,0,0,0.1889656194754736,0.4372611738603997
397,0.847245,0.962585,0.2000022747379262,0.4371723155491054,-3.559401850952021e-17,4.475586568020161e-16,0,0,0.1996898965019248,0.4370348474435588
398,0.96281,0.2176579999999999,0.2242174707353115,0.1245518503128551,2.6688991728446294e-16,-3.209238430557093e-17,0,0,0.2239611194728544,0.123750678366794
399,0.96281,0.1551579999999999,0.22470105672255158,0.08995077846338972,1.0802380582923543e-16,-3.122502256758253e-17,0,0,0.2244547413125722,0.0893930221788537
400,0.1551599999999999,0.962808,0.04632686130935326,0.4420415135064104,-5.248351666459206e-16,-3.816391647148976e-17,0,0,0.0459460814168094,0.4417802542941584
401,0.2176599999999999,0.962808,0.06420198045816505,0.4416922684904421,-1.9817182833961606e-16,-3.469446951953615e-17,0,0,0.0636656975340607,0.4414092601685619
402,0.8415489999999999,0.729001,0.20210795491584577,0.35518484987551346,-4.928918601390664e-16,-1.942890293094024e-16,0,0,0.20163673368267,0.3542356811597263
403,0.7847929999999999,0.861491,0.1904202420846559,0.4031245100777596,3.6039557839775966e-16,-1.1102230246251563e-16,0,0,0.1899533104152153,0.4025782967951289
404,0.7297529999999999,0.842747,0.18141690670745447,0.3978259472642094,6.440160904563896e-17,-4.163336342344337e-16,0,0,0.1808143186701042,0.3971657444023117
405,0.774927,0.8132019999999999,0.18969947646837682,0.38669909723103046,-1.6680450423689486e-16,5.551115123125784e-17,0,0,0.1891582714498544,0.3859662510731653
406,0.8512619999999999,0.265799,0.22023032637662254,0.15302964387228712,2.8528069663524835e-16,-1.214306433183765e-17,0,0,0.2192544056665141,0.152045702433124
407,0.276227,0.846539,0.08257711299665971,0.4141241904872004,4.485886488658775e-16,4.510281037539698e-17,0,0,0.0819170551612053,0.4130743748537131
408,0.776843,0.1925689999999999,0.22233440936543047,0.11637591599719599,-4.521123059264553e-16,1.7347234759768074e-17,0,0,0.220804044345046,0.1156071651578372
409,0.735066,0.151561,0.22471666836645454,0.09470560334375477,4.902762223979451e-16,2.0469737016526324e-16,0,0,0.2229093218157423,0.094108733486167
410,0.151613,0.7350149999999999,0.05031919352768455,0.3956261981948046,6.418476861114186e-17,2.5500435096859064e-16,0,0,0.0498231798527246,0.3935672124048254
411,0.1925689999999999,0.776843,0.06123700011812616,0.40209470348781906,2.833020276704623e-16,-2.012279232133096e-16,0,0,0.060668743691409,0.4004333425070815
412,0.754676,0.757163,0.18788407871033996,0.367733589024283,2.4858045309661403e-16,-2.2377932840100807e-16,0,0,0.1872311770632413,0.3667722773879202
413,0.8097159999999999,0.775908,0.19615373155102134,0.37281717907171696,6.722053469410129e-17,-2.7755575615628914e-16,0,0,0.195645234854227,0.3719914179853474
414,0.181903,0.2502659999999999,0.16075649409322068,0.3123620768892579,3.4022264172595124e-16,6.678685382510707e-16,0,0,0.1570946549430244,0.3046367351895757
415,0.149919,0.2842689999999999,0.12522538466146216,0.33664426079485565,-7.611099250848242e-17,-9.367506770274758e-17,0,0,0.1235442725466508,0.329436212061261
416,0.551335,0.2786969999999999,0.20966053358279169,0.1897531883441843,2.4840427024358513e-16,1.9255430583342559e-16,0,0,0.2067094552898439,0.1877758397179816
417,0.824728,0.878558,0.19684783305274323,0.40844931855099276,-6.605840549046837e-16,2.60208521396521e-16,0,0,0.1964687684740641,0.4079842064703849
418,0.779555,0.908103,0.18893098580883816,0.4190552774234675,-6.116933131891655e-16,-1.457167719820518e-16,0,0,0.1884795502057631,0.4186953408616166
419,0.8618,0.7850399999999998,0.20409886093693785,0.3750535802100785,-3.2264501400453e-16,-6.591949208711867e-17,0,0,0.2037208773265796,0.3742964780356654
420,0.909463,0.778862,0.2114512033876963,0.37218455207766965,-1.2700073197952078e-16,-4.85722573273506e-16,0,0,0.2112054551987683,0.3714354634658174
421,0.87763,0.825768,0.2060080339142587,0.3893661084002815,1.742583941727327e-16,6.852157730108388e-17,0,0,0.2057037485816458,0.3887326162178642
422,0.816231,0.223911,0.22121995780617,0.13195915243704803,5.990217002982412e-17,0.0,0,0,0.2199665330796656,0.131115348738192
423,0.762387,0.232018,0.21986612386535853,0.13945966520986985,2.7072528246963046e-16,2.5673907444456745e-16,0,0,0.2182479562185571,0.1384846896526281
424,0.2424449999999999,0.757664,0.07687518297461793,0.3956589645531494,3.0368502851318974e-16,-4.3021142204224816e-16,0,0,0.0761490351189841,0.3939474469002591
425,0.2343379999999999,0.811508,0.07212157677713549,0.4077591839886736,-5.789165262622131e-16,-1.778091562876227e-16,0,0,0.0715012908980594,0.4064158019261766
426,0.8781539999999999,0.184889,0.22345851390855387,0.10800264484714717,-2.1429255939175995e-16,-2.636779683484747e-16,0,0,0.2226093910909003,0.1073432502423076
427,0.913185,0.226777,0.2230445971363224,0.1302233360183891,-1.1561660916842298e-16,-1.2836953722228372e-16,0,0,0.2224404260627116,0.1294325032151328
428,0.8657179999999999,0.22635,0.22204159200191498,0.13129197838134132,-1.3604026759261867e-16,3.8510861166685117e-16,0,0,0.221143339354414,0.1304795516572898
429,0.22635,0.8657179999999999,0.06815845770688611,0.41994468233315274,3.796401669593775e-17,7.485331798839922e-16,0,0,0.0675959267235213,0.4189916896629992
430,0.226779,0.913183,0.067306083481526,0.4305106313113356,8.530299405208608e-17,-3.295974604355933e-16,0,0,0.0667740828445639,0.429864303013176
431,0.18489,0.878152,0.055978932345169596,0.42360863241628977,2.6886858624924903e-16,9.089951014118467e-16,0,0,0.0555064920364738,0.422699677891053
432,0.674733,0.823447,0.1722116536111571,0.39282945543527603,-2.7080659763256687e-16,1.2836953722228372e-16,0,0,0.1715167500562991,0.3920315101434065
433,0.8664159999999999,0.867406,0.20378101922688074,0.40414089401019737,-5.449970918894146e-16,-3.183217578417441e-16,0,0,0.2034802598459698,0.4036466045818924
434,0.8611769999999999,0.914017,0.20256856229389086,0.4203724201070145,-3.6720487626073693e-16,-3.0357660829594124e-16,0,0,0.2022637169421295,0.4200610319154135
435,0.914079,0.8612269999999999,0.21144442525110207,0.40156545460922644,2.384905966289208e-16,-9.367506770274758e-17,0,0,0.2112611958687042,0.4010806612357309
436,0.911142,0.142096,0.22454118385212496,0.08314082460128702,-2.31450058771343e-16,-1.734723475976807e-16,0,0,0.2239482233391093,0.0826228890486415
437,0.142107,0.911132,0.042958931691828184,0.4312550726644986,-4.2237128508246236e-16,1.214306433183765e-16,0,0,0.0425758775069001,0.4305692095811439
438,0.708381,0.7474039999999998,0.18066046625608578,0.36600046209059656,-7.54794447430096e-16,-2.3939183968479933e-16,0,0,0.1798870363342274,0.364941646164121
439,0.6765149999999999,0.775769,0.17412176640937105,0.37691626040032133,3.3854212835859876e-16,5.273559366969494e-16,0,0,0.1733621274571869,0.3759261896539821
440,0.229827,0.250857,0.18033499681041576,0.28482939299192367,-3.8228968601838886e-16,-6.800116025829084e-16,0,0,0.1756816312784932,0.279102402836816
441,0.41508,0.6209379999999999,0.13384598659467883,0.34730055123054626,-3.8434967014611127e-16,-4.0592529337857286e-16,0,0,0.1324345111905272,0.3450205807968619
442,0.439759,0.607761,0.14085570156748872,0.3406136444245931,6.591949208711867e-17,-4.683753385137379e-17,0,0,0.1393737501484801,0.3383275353999675
443,0.4513429999999999,0.6381959999999999,0.1401137787179323,0.3483972498361254,1.6149191359171586e-16,-1.3530843112619095e-16,0,0,0.1387588040414317,0.3463036647233724
444,0.4281749999999999,0.577326,0.14201091186259873,0.33295126631855965,-1.235990476633475e-16,-2.3592239273284576e-16,0,0,0.1403650460371936,0.3304583976847884
445,0.464438,0.594585,0.14760497497627512,0.3336888523772359,4.336808689942018e-19,-3.747002708109903e-16,0,0,0.1460632734825896,0.3314158342897293
446,0.3919119999999999,0.560068,0.1361105133255478,0.33290826092706993,-8.586881206085195e-17,-4.1286418728248004e-16,0,0,0.1343939082404164,0.3301770156972644
447,0.4165909999999999,0.546891,0.14361234253738075,0.3253964850155171,-7.546047120499112e-17,5.273559366969494e-16,0,0,0.1417792122241275,0.3226878153089141
448,0.489116,0.581408,0.15406879800138995,0.32654670026386157,-1.0939599920378741e-16,4.649058915617843e-16,0,0,0.1524922120079263,0.324313537507949
449,0.5007,0.611843,0.15297265755361877,0.3350731855025515,1.5579985218616699e-16,1.4918621893400539e-16,0,0,0.1515684987568319,0.332989855093098
450,0.482746,0.5567159999999999,0.15584973222576082,0.31924488878576085,2.0252896582029223e-16,-6.800116025829084e-16,0,0,0.1541100476301856,0.3168971824107245
451,0.519009,0.573975,0.16052859066985548,0.3205515956506133,3.489504692144596e-16,7.979727989493313e-17,0,0,0.1589554049034979,0.3184007038020603
452,0.4464839999999999,0.5394579999999999,0.151012672460638,0.31865291215945035,9.736135508919827e-17,-2.914335439641036e-16,0,0,0.1491345391936888,0.3160651243842185
453,0.476376,0.5320249999999999,0.15791729133343324,0.31186939391773194,7.41594285980085e-17,2.8449465006019636e-16,0,0,0.1560083671926847,0.3094110841363953
454,0.410221,0.5222,0.14594378339825198,0.31883142501465045,1.6534083130403946e-17,-4.232725281383409e-16,0,0,0.1439612789775117,0.3159794453072059
455,0.470007,0.507333,0.16030139394570142,0.3043976136832498,8.185726402265558e-17,-2.723515857283587e-16,0,0,0.1581998779524591,0.3018292017913667
456,0.5062689999999999,0.524591,0.16434882342582569,0.30511419143294916,6.864083954005729e-16,7.875644580934703e-16,0,0,0.1624224747647243,0.3027598633110222
457,0.119259,0.0241296,0.3583635763498023,0.09170048375381157,-3.773890921987544e-15,-5.724587470723463e-16,0,0,0.3557376649698263,0.0891691411559326
458,0.115453,0.0432637999999999,0.34010361359105445,0.16126371314749122,-3.2890357104520266e-15,-1.0044048925905713e-15,0,0,0.3326240757164773,0.1678380548013825
459,0.131197,0.0659369,0.3110498079331592,0.20022732025245205,4.0419056990259605e-16,3.4000580129145414e-16,0,0,0.3008243886234006,0.2062985708741564
460,0.108131,0.0609414,0.3139174844836816,0.2239857647800818,1.6601303665098044e-15,1.3808398868775384e-15,0,0,0.3030466321261842,0.2287143756859912
461,0.157778,0.0723888,0.30418275529518723,0.18163896159967408,3.060052211623088e-15,1.1518563880486001e-15,0,0,0.2947872772893669,0.1876407794443758
462,0.150456,0.0900664999999999,0.28485230365186,0.2220618409337476,1.6757428777935957e-15,1.2351231148954868e-15,0,0,0.2756650482046659,0.2254485752445726
463,0.0972925,0.0771625999999999,0.27998063669656403,0.2808967386954464,1.9359513991901167e-15,1.5655879370690684e-15,0,0,0.2711901710713385,0.2737156224128845
464,0.458148,0.431246,0.1711955229038722,0.27892798790708184,4.208923655565564e-16,3.1577388273640317e-16,0,0,0.1687074669187423,0.2759828779328548
465,0.47688,0.4444609999999999,0.17181015623373241,0.2804470215924084,-2.697495005143935e-16,-3.1918911957973246e-16,0,0,0.169420408307979,0.2776815501932462
466,0.443703,0.460254,0.16327908037783345,0.2924014150048606,7.047314121155779e-18,-5.186823193170652e-16,0,0,0.160942537607734,0.2894542369730654
467,0.5100569999999999,0.4286679999999999,0.1794839870017313,0.26831851003225893,1.7547812161677887e-16,1.5612511283791264e-16,0,0,0.177095891844375,0.2657726364911006
468,0.495612,0.457676,0.17253323147815536,0.2822240079403855,-8.61940727125976e-18,-3.2265856653168607e-16,0,0,0.1702336381955088,0.2796269429458973
469,0.524502,0.39966,0.1862574048427632,0.2536270586424507,1.3749038799831803e-16,2.1955093992831465e-18,0,0,0.1838267808069497,0.251178524655189
470,0.5432339999999999,0.4128749999999999,0.18631919193285285,0.25613267251173966,-4.408908134412304e-16,-4.510281037539698e-17,0,0,0.1840014230166092,0.2538253680074878
471,0.514344,0.470891,0.1733591559532215,0.284242250607349,-2.135878279796444e-16,-1.7347234759768075e-18,0,0,0.1711452969116954,0.2818053891800504
472,0.481167,0.486684,0.165486324345693,0.2953570284880698,1.9775847626135598e-16,9.176687187917308e-16,0,0,0.1632770409606882,0.2927540104720607
473,0.45873,0.361912,0.18555837613530457,0.25029096502112225,5.320180060386369e-16,3.5041414214731503e-16,0,0,0.1825592064473813,0.2474414868818223
474,0.458536,0.3850239999999999,0.18053552869241685,0.26031634368700907,2.2876665839444144e-16,2.5673907444456745e-16,0,0,0.1777246050716084,0.2573856860994532
475,0.4255519999999999,0.377705,0.17727408627979457,0.26482217211741954,3.230922474006803e-17,2.289834988289385e-16,0,0,0.1742984911154749,0.2616099820280813
476,0.4915189999999999,0.392342,0.18349846088676713,0.2566135269589722,-2.7690523485279783e-16,-2.498001805406602e-16,0,0,0.1808775871210779,0.2539322341251176
477,0.458342,0.408135,0.17574504007643554,0.26984623982571065,-2.8622937353617323e-17,-2.8449465006019636e-16,0,0,0.1731013187777996,0.2668846991767561
478,0.524696,0.376549,0.19029214170586783,0.24339124420657754,-5.3884847972529564e-17,-1.3530843112619095e-16,0,0,0.1877863621831136,0.240997892289085
479,0.4251639999999999,0.423928,0.16699025092384545,0.2829422422219068,-1.8583225236401544e-16,-2.498001805406602e-16,0,0,0.1643984622996231,0.279739481186714
480,0.0256375,0.8403289999999999,0.008066764756222256,0.4181772883312078,-4.263929975160257e-16,-7.285838599102589e-16,0,0,0.0080064168561942,0.416948787423427
481,0.0503612,0.846634,0.01578337406135688,0.41925645133596845,3.4423080163235864e-16,3.8510861166685117e-16,0,0,0.0156418922504937,0.4180584224039293
482,0.0247237,0.8777329999999999,0.007654525121324696,0.4254572960053338,1.0368742065576704e-16,1.4918621893400539e-16,0,0,0.0075815179348004,0.4244958688916484
483,0.0759987,0.8155339999999999,0.024128651357386843,0.4129827618598938,1.0376577120338805e-16,7.19910242530375e-17,0,0,0.0239403577070165,0.4115334097624606
484,0.0750848999999999,0.8529379999999999,0.023396697501084418,0.42024351564759854,1.1903862227533035e-16,3.261280134836397e-16,0,0,0.0231895634616659,0.4191012079113677
485,0.0769124999999999,0.7781299999999999,0.025008977529068943,0.40593796042958274,-1.2204389517218859e-16,-2.775557561562892e-17,0,0,0.0248277882677297,0.4041635908314029
486,0.101636,0.7844349999999999,0.032795749641081784,0.406598400506482,-1.3311292172690778e-16,-4.1980308118638727e-16,0,0,0.0325143731356463,0.4048653669683824
487,0.0998084999999999,0.8592429999999999,0.030910286552170874,0.4211827089020517,2.0914259907245378e-16,-3.0184188481996443e-16,0,0,0.0306407454050789,0.4200967936530737
488,0.0741711,0.8903419999999999,0.02274326101905899,0.42766697313345503,-1.5904568244004547e-16,-8.326672684688674e-17,0,0,0.0225577973907546,0.4268282330790096
489,0.8777369999999999,0.0247193,0.2259919076168444,0.01476917696709279,-2.345264824357707e-16,-2.706168622523819e-16,0,0,0.225235152859981,0.0146898508554957
490,0.846663,0.0503306999999999,0.2261887687491253,0.030309526991914026,-3.392197547164022e-17,-1.214306433183765e-17,0,0,0.2252548709267911,0.0301724138441137
491,0.8403549999999999,0.0256113999999999,0.22649269361863844,0.015490764097194187,1.227240626288338e-16,1.7607443281164592e-16,0,0,0.2255401128570682,0.0154265528104609
492,0.852972,0.07505,0.22581310966052115,0.0449708945088787,5.34565881143978e-16,-9.020562075079397e-17,0,0,0.2248767476429512,0.044762128789898
493,0.815589,0.0759420999999999,0.22627234767423943,0.04615627361636143,-2.9799296710764084e-16,-2.706168622523819e-16,0,0,0.2250915811358726,0.0459516775041042
494,0.890355,0.074158,0.2254840800887905,0.04395267144718673,-3.059483005482533e-16,-6.93889390390723e-18,0,0,0.2247972536018153,0.0437392810177976
495,0.8592809999999999,0.0997693999999999,0.22535454289754853,0.05948671526857652,3.510782159779624e-16,-3.469446951953615e-18,0,0,0.2244356988157294,0.0591758545049203
496,0.7845159999999999,0.101553,0.22613421158166602,0.06239435110182967,-1.9217483507305566e-16,2.1510571102112408e-16,0,0,0.2246697734094785,0.0620607763631154
497,0.7782069999999999,0.0768341,0.22691278281854466,0.04752665379055543,-5.276100465811256e-16,-1.0972125985553304e-16,0,0,0.2254766391909202,0.0473304153014496
498,0.234848,0.2947879999999999,0.16072489097132348,0.2983245599534712,-1.2728533504979822e-16,1.5439038936193583e-16,0,0,0.1569968450477999,0.292612042842196
499,0.257753,0.3224159999999999,0.15707487854524516,0.29726193350506946,4.553649124439119e-17,3.747002708109903e-16,0,0,0.1535786244001466,0.2921665650329184
500,0.232218,0.3213869999999999,0.14862846850883216,0.3073277307776152,-1.1622647289044608e-16,-2.012279232133096e-16,0,0,0.145391366592907,0.3016845189324832
501,0.283287,0.323446,0.16430552772362716,0.28759626514511183,4.307806281828031e-16,2.3028454143592114e-16,0,0,0.1606552884808733,0.2829999115722444
502,0.2806569999999999,0.350044,0.15416279798955657,0.29736070943181403,-3.278627369596165e-16,-3.2265856653168607e-16,0,0,0.1509000677581462,0.2927692684956276
503,0.2859169999999999,0.296847,0.17527326697017998,0.2765620710561052,2.680147770384167e-16,-2.4286128663675296e-17,0,0,0.1712496416679061,0.2720799506482322
504,0.308821,0.324475,0.1704809212242253,0.2784192725084722,-1.713039432527097e-16,-7.424616477180734e-16,0,0,0.16676575462383,0.2742400153212269
505,0.303561,0.377672,0.15189954621018842,0.2984583362704143,-2.1467203015212988e-16,1.3183898417423734e-16,0,0,0.1488768746004968,0.2943388087521317
506,0.278027,0.3766419999999999,0.14483930123969913,0.3061007876531221,7.762887554996212e-17,5.342948306008565e-16,0,0,0.1419780590548669,0.3015992269936367
507,0.7554699999999999,0.521434,0.19918412319384515,0.27873421770345885,-2.371150151225798e-16,-6.210310043996969e-16,0,0,0.1981089676282909,0.2772090023055048
508,0.730585,0.501738,0.19770667460397817,0.27229554584482685,-7.43762690325056e-17,5.412337245047638e-16,0,0,0.1964677651411901,0.2706744171703319
509,0.7671879999999999,0.4861019999999999,0.20269048897898756,0.2631433597512114,-2.3787395664331967e-16,4.926614671774132e-16,0,0,0.2015854090640508,0.2616368890226564
510,0.6939819999999999,0.5173729999999999,0.19224777643103153,0.2815979105653241,8.575497083274097e-16,-6.245004513516506e-17,0,0,0.1908903419122641,0.2798759723115957
511,0.705701,0.482041,0.19647915969835594,0.26600026595406234,-6.25584653524136e-17,1.5092094240998222e-16,0,0,0.1950773564821208,0.2642922731017881
512,0.682263,0.552706,0.18793548563462537,0.29659714916488156,3.603345920255574e-16,6.383782391594649e-16,0,0,0.1866502564428883,0.2948897549421032
513,0.657379,0.533009,0.186248648266087,0.2910125877824612,-6.357219438368755e-16,-5.030698080332741e-16,0,0,0.1848212991721241,0.2892072693878037
514,0.680817,0.462345,0.19552327840938233,0.25986766523419647,-2.1488887058662695e-16,5.204170427930421e-17,0,0,0.1939551614624754,0.2580694114785896
515,0.71742,0.446709,0.2006073423253838,0.2497714948040084,1.5395670849294166e-17,-9.020562075079397e-17,0,0,0.1991807053489982,0.2481186882367891
516,0.16344,0.3516119999999999,0.10691754270374076,0.3391443823929876,-1.717376241217039e-16,3.885780586188048e-16,0,0,0.1052965201535846,0.3334011545096091
517,0.201636,0.359956,0.12225373241381021,0.3274609794971184,-1.0625181290357945e-17,3.747002708109903e-16,0,0,0.120067847465453,0.32192640015776
518,0.186344,0.37924,0.10952652840933297,0.33549320737074595,-3.304648221735817e-16,-9.367506770274758e-17,0,0,0.107737250841105,0.3301603437540114
519,0.216927,0.340671,0.1353421709209215,0.3181164595498558,-1.2576745200831851e-16,-2.949029909160572e-16,0,0,0.1326634996925745,0.3124576553924826
520,0.2398309999999999,0.3682989999999999,0.13470449648593785,0.3163307748909574,3.122502256758253e-16,4.996003610813204e-16,0,0,0.1321013657622408,0.3112502455109542
521,0.194023,0.313043,0.13611399475485086,0.3214317101301276,-3.877106968808164e-16,-3.1918911957973246e-16,0,0,0.1335012594337291,0.315060209497643
522,0.262735,0.3959269999999999,0.13428685839971877,0.3158487085602246,8.326672684688674e-17,-2.289834988289385e-16,0,0,0.1318245697143863,0.3112735792825153
523,0.483111,0.7557059999999999,0.13774072514206637,0.38033834814996226,-1.0166292720853454e-15,7.546047120499112e-16,0,0,0.136763607727339,0.3789685096052714
524,0.502661,0.728445,0.14360152228255174,0.37100815324811265,1.9732479539236178e-16,-2.498001805406602e-16,0,0,0.1425569992063418,0.3695014523084481
525,0.521476,0.7632229999999999,0.14538904747314518,0.3803166621000855,6.408447991018695e-16,-5.20417042793042e-16,0,0,0.1444263726719753,0.379037458618265
526,0.483845,0.693667,0.14215192329720594,0.3619718635309255,8.901299836105991e-17,1.249000902703301e-16,0,0,0.1410095733116734,0.360234138554293
527,0.52221,0.701183,0.14947654616844375,0.36130017251707613,2.7430314963883265e-17,4.8572257327350605e-17,0,0,0.1483768370990218,0.3596774168903106
528,0.4454799999999999,0.686151,0.13442636791933182,0.3629598688639817,-2.114465286889855e-16,3.9725167599868878e-16,0,0,0.1332715146635293,0.3610958744253596
529,0.46503,0.658889,0.14108145046338905,0.3532104351907037,4.83554168928535e-17,-1.942890293094024e-16,0,0,0.1398083796744943,0.3512496016165588
530,0.54176,0.673922,0.15533602869254537,0.35120361269218847,7.510810549893332e-17,-9.714451465470121e-17,0,0,0.1542029999696946,0.3494915525896179
531,0.5605759999999999,0.7087,0.15645255835261196,0.3609543268685229,-1.3574211199518516e-16,-3.05311331771918e-16,0,0,0.1554237713386867,0.3594138187906155
532,0.780796,0.44999,0.20628749736351892,0.2465401120862225,-3.7513395167998444e-16,-1.4224732503009818e-16,0,0,0.2051772290525132,0.2450753145547666
533,0.80568,0.469687,0.20746777957538143,0.253750082134502,2.345671400172389e-16,2.775557561562892e-17,0,0,0.2064969941680929,0.2523499322998555
534,0.755912,0.430294,0.20539363502757624,0.23941996892972384,-2.352718714293545e-17,4.440892098500625e-16,0,0,0.2041305351673955,0.2379046220128123
535,0.7944029999999999,0.413878,0.2096398752182722,0.22936641357955523,1.2213537473049207e-16,1.3877787807814454e-16,0,0,0.2085585792888583,0.2279440306837345
536,0.7310269999999999,0.4105969999999999,0.20480856645735912,0.2323947906406829,-2.0964404257722835e-16,2.4286128663675296e-17,0,0,0.203377672749367,0.2308272596166565
537,0.808011,0.377767,0.2127204912248999,0.21161085678613745,-1.3422422895370542e-16,-2.003605614753212e-16,0,0,0.2116981835773278,0.2102501982454432
538,0.832895,0.397463,0.21339162669028156,0.21961380264838226,6.104600332179633e-16,5.898059818321144e-17,0,0,0.2125142216413542,0.2182623943578762
539,0.191564,0.4664229999999999,0.09123294206801802,0.34693413555214647,-1.2934531917752068e-16,-9.298117831235686e-16,0,0,0.08992287457012,0.3426512080866949
540,0.215288,0.442925,0.10533999241306446,0.33810343393997755,-4.716279450311944e-17,9.992007221626409e-16,0,0,0.1037190455155215,0.3336487193112432
541,0.2297599999999999,0.4747669999999999,0.10405238418024965,0.3407090230102767,1.0343288725511711e-16,-1.5612511283791264e-16,0,0,0.1024829782063181,0.3366588548952821
542,0.2008159999999999,0.411082,0.10715118194639217,0.33632216086698463,-3.4087316302944254e-16,-8.951173136040323e-16,0,0,0.1054587637901265,0.3314441833674757
543,0.239012,0.419426,0.11975614192488138,0.32778531227086205,6.31873026124552e-16,9.020562075079397e-17,0,0,0.1177286812367047,0.3232078952265577
544,0.1626209999999999,0.402739,0.09228162217186764,0.34501697082305327,2.877472565776529e-16,-8.743006318923107e-16,0,0,0.091033431253064,0.3400294312045129
545,0.2772069999999999,0.427769,0.13050122041022405,0.31972824144759215,-5.375474371183131e-16,4.8572257327350605e-17,0,0,0.1281966530094529,0.3155745634302762
546,0.7425779999999998,0.3168929999999999,0.21312392039226324,0.18612151026900392,3.0894340904974444e-16,-9.8879238130678e-17,0,0,0.211552565706891,0.1847947732089029
547,0.738728,0.3481279999999999,0.21043401870701928,0.2020769740192918,1.2912847874302358e-16,2.914335439641036e-16,0,0,0.2089049131463029,0.2006521264648709
548,0.7040859999999999,0.3333079999999999,0.20975696864479687,0.19783670935430564,-1.0093922225840045e-16,8.326672684688674e-17,0,0,0.2079859626141173,0.1963248574721488
549,0.7733689999999999,0.362947,0.21142504658200778,0.20667081797728315,3.404394821604484e-17,5.551115123125784e-17,0,0,0.2101481173354422,0.2053021069432513
550,0.734877,0.379363,0.20765534532256424,0.21749474640819244,-1.240327285323417e-16,-1.52655665885959e-16,0,0,0.2061694582161708,0.2159912312292997
551,0.811861,0.346532,0.2147067405458074,0.19623036310076714,1.6324018959484876e-16,4.163336342344337e-17,0,0,0.2136357284299675,0.1949624349060622
552,0.696386,0.395778,0.20329893101006746,0.22869213805097388,2.8536201179818477e-16,-1.52655665885959e-16,0,0,0.2016435951238982,0.2270115021051007
553,0.647498,0.0256113999999999,0.23308689024997875,0.017513761267764494,1.990967883180178e-16,-1.4072944198861848e-16,0,0,0.2310905220713588,0.0174016351723492
554,0.651502,0.0630508999999999,0.23182280038599856,0.04277743134298362,3.6694822527771893e-16,1.52655665885959e-16,0,0,0.2296734246823749,0.0425081360568344
555,0.61829,0.0374395,0.23469716811086982,0.02634779579238966,-5.450826422170874e-16,-1.3183898417423734e-16,0,0,0.2324821464267874,0.0262089812623749
556,0.684714,0.0886621999999999,0.22924110892927274,0.0582037364365533,-2.3001349089279977e-16,-1.3877787807814457e-17,0,0,0.2271799475333139,0.0578277277023124
557,0.655507,0.10049,0.22980779071804136,0.06746215841849335,2.2453826992174797e-16,-1.8041124150158796e-16,0,0,0.2275370008873506,0.0669858384738717
558,0.713921,0.0768341,0.2286566605907865,0.04943765961797908,-3.2268736565189277e-16,1.9992688060632702e-16,0,0,0.2267988508827929,0.0491254932323286
559,0.717926,0.114274,0.22697188350139186,0.07283480355181382,-1.928524614308591e-16,-3.729655473350135e-17,0,0,0.2250471926427782,0.0724197769830349
560,0.6595109999999998,0.13793,0.22714431310305372,0.09135125666216481,1.837587157091369e-16,1.1449174941446927e-16,0,0,0.2248376795270282,0.0906628767415305
561,0.626299,0.112318,0.23032241663895547,0.07727238570805639,-7.403474534817267e-16,-4.163336342344337e-17,0,0,0.2278273120302566,0.0766662826991167
562,0.0379410999999999,0.6178,0.014698521088575944,0.38092598065850325,-1.7347234759768075e-18,-3.712308238590367e-16,0,0,0.0145176370361861,0.3778907474081675
563,0.0635785999999999,0.6509869999999999,0.023474327608710155,0.3848882235834026,1.6149191359171586e-16,8.743006318923107e-16,0,0,0.0231603942838322,0.3821044302785022
564,0.0256375,0.647472,0.00955722939397674,0.38519917595476727,-6.882312103030641e-17,4.85722573273506e-16,0,0,0.0094076252197101,0.3824242210883028
565,0.10152,0.654501,0.037051737526780926,0.38396439316420583,-4.761815941556335e-16,2.498001805406602e-16,0,0,0.036566745147245,0.3812064088520756
566,0.0892161,0.684173,0.03152192280685995,0.3891995615731503,-4.2147004202658373e-16,-5.030698080332741e-17,0,0,0.0311498648887502,0.3866836264489347
567,0.1138229999999999,0.62483,0.0430353492120048,0.37874255518545397,2.0963049005007226e-16,-5.221517662690188e-16,0,0,0.0424229318779899,0.3757680055566374
568,0.139461,0.658016,0.05016271166095976,0.3824730364867719,-2.336455681706262e-17,-2.1510571102112408e-16,0,0,0.0495360537015996,0.3798313247795957
569,0.114854,0.7173589999999999,0.03904515337490011,0.39389094973012106,-1.1706672957412234e-16,1.3877787807814457e-17,0,0,0.0386600132367992,0.3916303029797128
570,0.0769124999999999,0.713845,0.02640458504902199,0.3944957640924258,-7.643625316022806e-18,-4.336808689942017e-16,0,0,0.0261070134615172,0.3922280762726582
571,0.0256375,0.8081859999999998,0.008192425881134113,0.412092173442943,2.914335439641036e-16,4.875386119124192e-16,0,0,0.0081583770864113,0.4106348896885109
572,0.0256375,0.776043,0.008384532997297356,0.4061947399604833,-1.344885032332488e-16,-2.289834988289385e-16,0,0,0.0083365488394817,0.4045072493563302
573,0.051275,0.7770869999999999,0.016726474608731223,0.4061407294939272,6.069211295643348e-16,2.949029909160572e-16,0,0,0.0166172820984686,0.4044093212207214
574,0.0256375,0.743901,0.008617344341473654,0.4005075523891719,-3.073509871089064e-16,2.3939183968479933e-16,0,0,0.0085225852288982,0.3985903276346405
575,0.0769124999999999,0.7459879999999999,0.02565267567842966,0.40009166025265586,-1.2094275234075802e-16,-7.632783294297951e-17,0,0,0.0254145288163075,0.3980735773749244
576,0.776069,0.0256113999999999,0.22785024053882807,0.015930055295029888,-1.5550169658873347e-16,-2.2204460492503126e-16,0,0,0.2265479687571462,0.0158923377400961
577,0.7439259999999999,0.0256113999999999,0.2287850649736356,0.016236601601121947,-4.8246996675604953e-17,4.8572257327350605e-17,0,0,0.2273255390237354,0.0161533893917562
578,0.808212,0.0256113999999999,0.22708866011817008,0.015680299567975453,-1.1958749962515114e-16,-1.249000902703301e-16,0,0,0.2259602172473622,0.0156417762367043
579,0.777138,0.0512227999999999,0.22747256373986602,0.03178958594617143,8.033938098117589e-17,3.05311331771918e-16,0,0,0.2261129617372048,0.0316788942712737
580,0.746064,0.0768341,0.2276765668648295,0.04840226056330721,6.880889087679253e-16,-6.93889390390723e-17,0,0,0.2260318689524375,0.048155913101015
581,0.296862,0.6773599999999999,0.09796354912396055,0.3739489861181937,1.900606408367089e-16,7.840950111415168e-16,0,0,0.0969135111336032,0.3718612959897431
582,0.327774,0.66414,0.10763007199420827,0.3679545783670619,2.5218542532012833e-16,1.734723475976807e-16,0,0,0.1064632885474185,0.3657931710610545
583,0.3339269999999999,0.691033,0.1068885640706867,0.37395503849256784,5.283046135978742e-16,4.1806835771041046e-16,0,0,0.1057744002976508,0.3719843281801496
584,0.3216209999999999,0.637248,0.10863266191881848,0.36207588529214263,-5.421010862427522e-17,-2.2204460492503126e-16,0,0,0.1074109754990456,0.3597184482864246
585,0.358686,0.65092,0.11700454513811565,0.3615648669365328,-1.2804427657053807e-16,-6.453171330633721e-16,0,0,0.1157470927130543,0.35935258364877
586,0.284555,0.6235749999999999,0.09966035729121359,0.3629931024624966,4.675079767757495e-16,4.649058915617843e-16,0,0,0.0985020208424481,0.3604327812605249
587,0.315468,0.6103549999999999,0.10993063778732903,0.35633116014651023,1.533061871894503e-16,3.920475055707584e-16,0,0,0.1086513861177827,0.3537663142007064
588,0.3895989999999999,0.6377,0.12603436810604762,0.35479826862865593,-3.0249240612345574e-17,-1.0755285551056204e-16,0,0,0.1247015007510124,0.3525591730515076
589,0.3957519999999999,0.6645929999999999,0.12484966901865846,0.3614701204642188,7.245181017634383e-17,4.007211229506424e-16,0,0,0.1235964102026588,0.3594005987695284
590,0.0975174999999999,0.100507,0.24079627759056166,0.3158345148549415,-1.3287981825982342e-15,-9.853229343548264e-16,0,0,0.2318682807864425,0.3048011457504918
591,0.0709357,0.094055,0.21467411902267486,0.3579541929066181,-2.4598378889351125e-15,-3.1225022567582528e-15,0,0,0.2104293301117197,0.3428193536276463
592,0.124099,0.106959,0.2534917395678349,0.28207218402531,2.8831104170734534e-15,2.5379004453540688e-15,0,0,0.243056687673164,0.2762454261442461
593,0.0977425999999999,0.123851,0.20723903222824447,0.33676603506319225,3.0184188481996443e-16,2.662800535624399e-16,0,0,0.2015276393676967,0.3238914518399864
594,0.150681,0.113411,0.2585958100098651,0.2552623681840487,-1.2519824586776362e-15,-1.1466522176206697e-15,0,0,0.2482513941654954,0.2536071072675431
595,0.0979676,0.1471959999999999,0.17932154805748723,0.34889178874436766,5.853607529249238e-16,6.973588373426765e-16,0,0,0.1772626774233667,0.3357330928887343
596,0.0713857999999999,0.140744,0.15014264968340285,0.3783790494198911,-7.71951946809679e-16,-1.1102230246251563e-15,0,0,0.1522070443687702,0.3676946808647031
597,0.973408,0.6532839999999999,0.221539829755784,0.3245937485480681,-4.481122987121652e-16,1.0408340855860844e-16,0,0,0.2214412236402317,0.3235332286128694
598,0.935532,0.655641,0.21656566629826557,0.32583462761249393,-4.008837532765153e-17,1.52655665885959e-16,0,0,0.2163319288028678,0.3247736237049851
599,0.962123,0.627357,0.22026965361146722,0.3145291552064009,-2.8228558813375715e-16,-1.873501354054952e-16,0,0,0.2201148352001106,0.3134246096331533
600,0.90894,0.6839239999999999,0.21259078705043066,0.3370348616153933,1.7992335052396946e-16,3.469446951953615e-17,0,0,0.2122972990410202,0.3360274481023953
601,0.8976549999999999,0.6579979999999999,0.21152023604372516,0.3273344413610175,7.367153762039001e-17,-1.9775847626135598e-16,0,0,0.2111506087296543,0.3262629587083503
602,0.920225,0.709851,0.21379548672121018,0.346650842751842,-1.3380410061186732e-16,-2.636779683484747e-16,0,0,0.2135674377519731,0.3457035845112682
603,0.882348,0.712208,0.20839064585743472,0.3481281663989648,-1.9733834791951788e-16,4.3715031594615534e-16,0,0,0.2080432648954403,0.3471817278629053
604,0.859778,0.660355,0.20637938400614075,0.3291012439876795,-1.2636376320318554e-16,-1.5959455978986623e-16,0,0,0.2058763237232348,0.327991131306869
605,0.8863689999999999,0.6320719999999999,0.2105726225854596,0.3175373764534015,-9.348533232256262e-17,-3.712308238590367e-16,0,0,0.2101356528117557,0.3164044389810875
606,0.626145,0.963109,0.16053598960570525,0.43848622583027463,-4.1416522988946263e-17,1.214306433183765e-16,0,0,0.1598741986101179,0.4382869242119781
607,0.654799,0.935868,0.16626272251596674,0.4296087291004369,8.934414589178896e-16,9.822871682718671e-17,0,0,0.1656113500880685,0.4292935142470517
608,0.6536549999999999,0.972759,0.16574478734401055,0.4413595749247179,-2.532543808995633e-17,-1.908195823574488e-17,0,0,0.1651104483582462,0.4412146901369484
609,0.6559439999999999,0.898977,0.1669959605205804,0.417813661537366,-2.536219931986716e-16,-2.289834988289385e-16,0,0,0.166332879283525,0.4173141346563837
610,0.683454,0.908627,0.1719310436747037,0.4204693082429003,1.3410225620930083e-16,5.828670879282072e-16,0,0,0.1713112837347894,0.4200436660949356
611,0.628434,0.889326,0.16197891978663392,0.4152763742240495,5.712390196283001e-17,2.3592239273284576e-16,0,0,0.1612791688054666,0.4147018136986401
612,0.657088,0.8620849999999999,0.16797790993587114,0.40592645583092235,3.026618127129066e-17,3.790370795009324e-16,0,0,0.167268303743578,0.4052553042608804
613,0.7121089999999999,0.881386,0.17754458263516426,0.4110796511522494,-1.3065991431165935e-16,-2.307182223049153e-16,0,0,0.1769649616024027,0.4105611326994958
614,0.710964,0.918277,0.17679556622169912,0.42323797434801236,-4.602522925495692e-16,-5.464378949326942e-16,0,0,0.1762183272304322,0.4228843126188512
615,0.34831,0.975187,0.09895151216187514,0.44378930842503905,-1.461640053782021e-17,2.0383000842727483e-16,0,0,0.0982302423213026,0.4436173534201602
616,0.3448979999999999,0.936813,0.09845415054587647,0.43421185584156774,5.385774291821743e-17,-3.8510861166685117e-16,0,0,0.0977708200653748,0.433812741206761
617,0.3715879999999999,0.961626,0.10484439035644755,0.4401859031349886,-2.84420111160838e-16,1.0408340855860844e-17,0,0,0.1041353599231987,0.4399334739255542
618,0.318207,0.912,0.09203230238927063,0.4285429479496088,9.435269406055102e-17,2.2204460492503126e-16,0,0,0.0913639733360048,0.4279832406226442
619,0.3414849999999999,0.8984389999999999,0.09831573744304478,0.42470367715577595,7.391548310919926e-17,3.3653635433950053e-16,0,0,0.0976109464952472,0.4240742288741667
620,0.294929,0.925562,0.08567468784167431,0.43222397615318187,-2.575149566242524e-16,2.714842239903703e-16,0,0,0.0850461407930578,0.4317384576955528
621,0.291517,0.8871879999999999,0.08554668091528583,0.4231922817125451,-1.7565430446980779e-16,1.9949319973733282e-17,0,0,0.0849133308946703,0.4224226133942056
622,0.338073,0.860064,0.09849785998812877,0.41528460587142035,1.0809495659680479e-16,-2.0383000842727483e-16,0,0,0.0977524317228551,0.4144075898086773
623,0.3647639999999999,0.884877,0.10451345090405084,0.4206988376681693,-4.663289069131715e-16,-7.28583859910259e-17,0,0,0.1037848974255524,0.4200061235930883
624,0.961626,0.3715879999999999,0.22265077228075825,0.20346606033854187,-5.87366526944022e-17,1.4224732503009818e-16,0,0,0.2224406922580672,0.2022977371536022
625,0.936813,0.3448979999999999,0.22158971877070144,0.190834533481393,-4.256306678634969e-16,2.775557561562892e-17,0,0,0.2212447573248816,0.189699011806051
626,0.975187,0.34831,0.22364136654505273,0.1920313904993236,-8.712813829518228e-17,-3.469446951953615e-18,0,0,0.2234998560404382,0.1908795721878609
627,0.8984389999999999,0.3414849999999999,0.21961564221419394,0.1900564372772351,5.004812753464648e-16,-2.636779683484747e-16,0,0,0.2190528545056932,0.1889032113866628
628,0.912,0.318207,0.22090814757029875,0.17806961748283356,-5.212166418952501e-16,5.585809592645319e-16,0,0,0.2203942691851228,0.176982850342373
629,0.884877,0.3647639999999999,0.21813356949132867,0.20187059981981292,-7.00394603425636e-17,2.2551405187698487e-16,0,0,0.2175292081887802,0.2006635491781989
630,0.860064,0.338073,0.21770768385613337,0.18970621630433016,-7.497258022737263e-17,-8.673617379884035e-17,0,0,0.2169211543292438,0.1884911843960785
631,0.8871879999999999,0.291517,0.22057626440073363,0.165164734586142,-3.1336153290262287e-16,4.8572257327350605e-17,0,0,0.2198665778165604,0.1641535487270806
632,0.925562,0.294929,0.22202004918653984,0.1659199220011942,-2.2267479743778846e-16,-5.30825383648903e-16,0,0,0.2215575925924451,0.1649039068440736
633,0.2792089999999999,0.0269962,0.29282021553080995,0.03984455234603956,-1.8911738494664654e-15,-3.747002708109903e-16,0,0,0.2895899713771616,0.0407933225006172
634,0.247066,0.0269962,0.3035987599432701,0.04561720779747702,2.7716544337419435e-15,1.3877787807814457e-17,0,0,0.3002921976129174,0.0470288518548639
635,0.311352,0.0269962,0.28315993439537124,0.03546882877344615,1.7067510599266813e-15,-4.163336342344337e-17,0,0,0.280038520652581,0.0360344106211945
636,0.297703,0.0539924,0.28210383222813107,0.07321179456630489,-2.3527187142935446e-16,4.0245584642661925e-16,0,0,0.2773808240678615,0.0739443402663262
637,0.343494,0.0269962,0.27470279988847324,0.03202209837763803,-2.339708288223718e-16,-4.163336342344337e-17,0,0,0.271588730517631,0.0323182465582768
638,0.3161979999999999,0.0809886999999999,0.2704652525426354,0.1008258209185442,-1.2792501433156469e-15,2.636779683484747e-16,0,0,0.265025717286411,0.1008850752081525
639,0.284055,0.0809886999999999,0.2769570312520955,0.11216881101427134,1.357312699734603e-15,-4.8572257327350605e-17,0,0,0.2709380588749811,0.1125012595829234
640,0.6341299999999999,0.5446119999999999,0.18200619088020176,0.2976708392961882,2.341334591482447e-16,2.740863092043355e-16,0,0,0.1805472172792866,0.2958101507594007
641,0.645849,0.50928,0.1869386432954343,0.28270336482091807,-6.055269133331542e-17,8.326672684688674e-17,0,0,0.1853812758448652,0.2808362480263661
642,0.6343199999999999,0.4855499999999999,0.18788469345599879,0.2743098858918529,3.143102098035477e-16,-4.163336342344337e-17,0,0,0.1861777545113061,0.2723963046844722
643,0.657568,0.473947,0.19183448668627534,0.26707642592373304,3.241764495731659e-17,-3.0878077872387166e-16,0,0,0.1901906417494997,0.2652169842001058
644,0.611072,0.4971519999999999,0.18366829787669303,0.28155342902755365,-5.605325231750057e-16,0.0,0,0,0.1819084002595219,0.2795932930080194
645,0.6227909999999999,0.46182,0.18909893733507488,0.26581094646826386,-3.1983964088322376e-16,5.724587470723465e-17,0,0,0.1872230705463698,0.2638784600583598
646,0.6692869999999999,0.4386149999999999,0.19663928003865294,0.2507491629148717,-6.070447963746339e-16,3.122502256758253e-16,0,0,0.1949511340140916,0.2489253267067659
647,0.151402,0.0241296,0.34345663123531267,0.07075282331788912,-1.1726730697603216e-15,-1.6653345369377348e-16,0,0,0.3403561634106953,0.0741927990750161
648,0.183545,0.0241296,0.3293166559014935,0.05715694453101605,5.9613772251942976e-15,4.649058915617843e-16,0,0,0.3260745053126649,0.0603337956905546
649,0.170662,0.0482592,0.32212096895091236,0.11896455247187987,-1.1275702593849246e-16,2.463307335887066e-16,0,0,0.3147858311796638,0.1242850574767466
650,0.2156879999999999,0.0241296,0.31596188904950395,0.047596226242603734,-6.875576497034075e-15,-9.43689570931383e-16,0,0,0.312779066453234,0.0499845591550145
651,0.189921,0.0723888,0.3004735456488561,0.15199221530929208,-8.760353553682877e-16,-3.4000580129145414e-16,0,0,0.2919616951197542,0.1559647076941298
652,0.1630699999999999,0.8471769999999998,0.05021404594663181,0.41757081444666255,8.914852363262061e-17,-9.020562075079397e-17,0,0,0.049798143030019,0.4163934032850146
653,0.142592,0.8262629999999999,0.04454586585598008,0.41377817922511895,-2.018513394624888e-16,7.112366251504908e-16,0,0,0.0441606028489454,0.4124352382303977
654,0.1639839999999999,0.8097729999999999,0.05147271796340647,0.40984940857742913,5.671732614814795e-16,-3.0878077872387166e-16,0,0,0.0510166544181739,0.4084128297917178
655,0.1212,0.8427529999999999,0.037692245621656184,0.41755045594618423,-9.929301372541172e-17,1.708702623837155e-16,0,0,0.0373693700234318,0.4163243662293795
656,0.122114,0.8053489999999999,0.038750036006604205,0.41012273194792215,-9.503286151719623e-18,-1.3248950547772864e-16,0,0,0.0384052266825694,0.408596758686725
657,0.120286,0.8801569999999999,0.03683260306206648,0.42512954567609995,-1.765623237892644e-16,3.885780586188048e-16,0,0,0.0365065444186059,0.4242032565099112
658,0.123028,0.7679449999999999,0.04002728709747316,0.4029077131349368,1.2181011407874642e-16,-1.3877787807814457e-17,0,0,0.0396440337000247,0.4010573404599401
659,0.809799,0.1639579999999999,0.22373616974800825,0.09839366664527915,-1.4303337160515015e-16,3.209238430557093e-17,0,0,0.2224401911332563,0.097779980445437
660,0.826293,0.1425619999999999,0.22447755234315991,0.08539045671932399,4.0734830872996004e-16,-7.28583859910259e-17,0,0,0.2232921664112087,0.0848754145388459
661,0.8471809999999999,0.1630659999999999,0.22384856984717771,0.0965577238239348,-2.2245118073971337e-16,-1.8214596497756474e-16,0,0,0.2227916656406396,0.0959822330665091
662,0.805404,0.122058,0.2252528810640797,0.07401041554112453,-6.67326437164828e-17,-2.9837243786801077e-16,0,0,0.2239252482307944,0.0735766617785884
663,0.842787,0.1211649999999999,0.22500987927196547,0.07241752042318694,2.7863995832877464e-17,1.457167719820518e-16,0,0,0.2239488219246759,0.0720048507777665
664,0.7680219999999999,0.12295,0.22564020717982203,0.07589552036370151,4.045429356086538e-18,-1.93421667571414e-16,0,0,0.2240556963599513,0.0754354371741868
665,0.8801689999999999,0.120273,0.22487271681893617,0.07109321630559862,-7.026985330421676e-16,-8.847089727481716e-17,0,0,0.2240941604455936,0.0706748046585568
666,0.67964,0.0256113999999999,0.2313565960212145,0.017017535617924295,-1.0912494866066601e-16,-4.8572257327350605e-17,0,0,0.2295487963667344,0.0169062556738375
667,0.711783,0.0256113999999999,0.22993728704750538,0.016593941531027667,1.3729895855223856e-16,-9.063930161978817e-17,0,0,0.2283084497913504,0.0164890477011186
668,0.712852,0.0512227999999999,0.229447475168854,0.03309472925320733,1.7347234759768074e-17,-8.456776945386935e-17,0,0,0.2276925967758238,0.0328882211548869
669,0.0256375,0.711758,0.00886896463634912,0.39509277571050916,3.1918911957973246e-16,-3.0466081046842675e-16,0,0,0.0087572313756564,0.3928971316184138
670,0.0256375,0.6796149999999999,0.00918190235097427,0.38998283452383475,-3.1108132020861434e-16,-2.706168622523819e-16,0,0,0.0090526557989121,0.3874903328503455
671,0.051275,0.712801,0.01767805100826081,0.39489972018054686,1.6776673366497574e-16,9.020562075079397e-17,0,0,0.0174714378841184,0.3926653840742543
672,0.836061,0.4547169999999999,0.21098590255132876,0.24561998795252293,-3.923456611681919e-17,1.2836953722228372e-16,0,0,0.2101399015498413,0.2442726614116752
673,0.822454,0.490829,0.20803879681625403,0.262061667846865,-2.909236301298565e-16,1.8518173106052416e-16,0,0,0.2071777742325239,0.2606934326938008
674,0.849669,0.418605,0.21367711544735357,0.2286641703103669,-5.292261854444869e-16,-2.4286128663675294e-16,0,0,0.2128913180842821,0.227339183186111
675,0.866442,0.439747,0.21418350664316677,0.23762766728759743,-2.0708261494473132e-17,-1.214306433183765e-16,0,0,0.2134828205486705,0.2363349333956595
676,0.863276,0.382494,0.2161295362166129,0.21117844025138766,-1.873501354054952e-16,-4.8572257327350605e-17,0,0,0.2154074998117724,0.2099043366316101
677,0.896823,0.4247779999999999,0.21709844889119267,0.22978584669181146,1.5612511283791264e-17,5.551115123125784e-17,0,0,0.2165476279822219,0.2285554112141503
678,0.883216,0.46089,0.21489684682455845,0.24651671311585233,1.4481764650854136e-16,4.3682505529440974e-16,0,0,0.2142773067686469,0.2452674774983852
679,0.487014,0.821393,0.1352633774804417,0.3991600466542877,2.2199039481640703e-16,8.673617379884035e-17,0,0,0.1344057995156709,0.3981666615750248
680,0.451871,0.8353979999999999,0.12688112797331996,0.404581733426312,-3.3149481423744293e-16,-1.3183898417423734e-16,0,0,0.1260462242458937,0.4036062972862071
681,0.466783,0.804489,0.1315621012763586,0.3952430506469682,1.714665735785825e-16,2.5240226575462543e-16,0,0,0.1306685137762519,0.3941224648178977
682,0.4369589999999999,0.866307,0.12238427385454997,0.41365199751453474,-1.9560362444354107e-16,4.510281037539698e-17,0,0,0.1215992732966478,0.4128251128681875
683,0.416727,0.8494019999999999,0.11821974976919591,0.40976761729689315,2.829767670187166e-16,-2.6714741530042824e-16,0,0,0.1174167230015426,0.4088386755459183
684,0.457191,0.8832109999999999,0.12653004884487018,0.41770007787272334,-4.183394082535319e-16,5.377642775528102e-16,0,0,0.1257674194663226,0.4169770713599745
685,0.422047,0.897216,0.1180637520737946,0.4224438650999218,3.0222135558033436e-16,3.122502256758253e-17,0,0,0.1173283233419131,0.4218010382161057
686,0.381583,0.863407,0.10929358474095352,0.4146838196320459,8.978549240895582e-17,1.3183898417423734e-16,0,0,0.1085309078271903,0.4138504645081482
687,0.3964949999999999,0.8324979999999998,0.11403540702303872,0.40606131474487484,2.622414004699314e-17,1.795438797635995e-16,0,0,0.1132085770777064,0.4050299502247711
688,0.3780149999999999,0.607265,0.12661646996275522,0.3478820038435515,2.894819800536297e-16,-7.285838599102589e-16,0,0,0.1251882914243931,0.3454339920380606
689,0.340949,0.593593,0.11886451170721557,0.3489962795865722,3.7600131341797294e-16,-6.973588373426765e-16,0,0,0.1174477296173877,0.3463720587914382
690,0.366431,0.57683,0.1276091922627529,0.3411816047173488,-1.3129688308799459e-16,5.516420653606247e-16,0,0,0.1260489180823156,0.3385058948411215
691,0.3038839999999999,0.5799199999999999,0.11048312528873794,0.3506277668348048,-8.131516293641283e-19,-2.5673907444456745e-16,0,0,0.1091136682732373,0.3477827574588773
692,0.3548459999999999,0.5463949999999999,0.1290455540874973,0.33469446589879226,2.59015899006787e-16,-1.8041124150158796e-16,0,0,0.1273263278133831,0.3317860001824382
693,0.602975,0.976444,0.15592281054341584,0.4427600986964535,-6.262622798819395e-17,4.0939474033052647e-16,0,0,0.155247970530746,0.4426262527985485
694,0.6041189999999999,0.939553,0.15646068663409096,0.4313662617933005,4.048004336246192e-16,-6.93889390390723e-18,0,0,0.155766624015651,0.4310482397894593
695,0.582094,0.915997,0.15241564429743448,0.4244494682934601,2.336455681706262e-16,-2.498001805406602e-16,0,0,0.1516989028197942,0.4240108014693307
696,0.605264,0.902661,0.15723577280004974,0.4199185852849041,3.4237749354376623e-16,4.8572257327350605e-17,0,0,0.1565309886252032,0.4194111151798584
697,0.5589239999999999,0.929332,0.14750578053644858,0.42885700913029723,-1.2297563141416834e-16,4.631711680858074e-16,0,0,0.1467859819092302,0.4284989103123524
698,0.560069,0.89244,0.14842053606116679,0.41774057142902166,-4.01425854362758e-17,-8.673617379884035e-17,0,0,0.1476713682626126,0.417182477963213
699,0.6064089999999999,0.86577,0.15828963615058456,0.4083873771087383,-3.889575293791747e-17,-1.3877787807814457e-17,0,0,0.15753412603049,0.4076968419244012
700,0.940017,0.606117,0.21774928529339377,0.3063399945094716,5.764296375290745e-16,7.424616477180734e-16,0,0,0.2175085379450133,0.3051915272059647
701,0.977894,0.6037599999999999,0.2223388207203243,0.3050602547446033,-3.555844312573553e-18,3.1571967262777884e-16,0,0,0.2222534531528205,0.3039155233114969
702,0.90214,0.6084739999999998,0.21305427013430744,0.3079129446996376,-4.681313930249287e-16,6.106226635438361e-16,0,0,0.2126875958592098,0.3067492200996299
703,0.917911,0.584876,0.21540538301633205,0.29814861343766097,-5.365038925272958e-16,-6.904199434387691e-16,0,0,0.2150995479882175,0.2969641566411048
704,0.864263,0.610831,0.2082881342357723,0.3097836187516805,4.3690637045734615e-16,-7.979727989493313e-17,0,0,0.2077714378284155,0.3085805389061391
705,0.8958049999999999,0.563636,0.21328858974084142,0.28996831734548323,-1.65259516141103e-16,3.573530360512222e-16,0,0,0.2128957572332236,0.2887459615721629
706,0.933682,0.5612789999999999,0.21762059439788572,0.2882427621007082,1.0657029729174704e-16,8.673617379884035e-17,0,0,0.2173718729596362,0.287054254830031
707,0.3312829999999999,0.280357,0.19113553134957328,0.2508469669264741,3.86843335142828e-16,5.20417042793042e-16,0,0,0.1869249312179454,0.2471633746120124
708,0.359856,0.2945369999999999,0.19056980189634487,0.24721611064160243,1.960237527853792e-16,1.1102230246251563e-16,0,0,0.1866298496271795,0.2437389103123802
709,0.340025,0.312056,0.1813636719598435,0.26215659198351204,-2.337539883878748e-16,-3.6082248300317592e-16,0,0,0.1775570324596166,0.2584145520198998
710,0.379688,0.277017,0.19889321748632938,0.23164641909534112,-1.468009741545373e-16,1.1796119636642288e-16,0,0,0.1948568172618561,0.2284695979904381
711,0.38843,0.3087159999999999,0.19009181199362502,0.2446491854498163,-2.866088442965431e-16,-5.898059818321144e-17,0,0,0.1864159724763435,0.241351183458314
712,0.370946,0.245318,0.20868848351528868,0.21711831633001566,-3.122502256758253e-17,-3.05311331771918e-16,0,0,0.2042242031993765,0.2141674988769807
713,0.3995199999999999,0.259498,0.20627722708741203,0.2156164200277999,-5.204170427930421e-18,4.8572257327350605e-17,0,0,0.202171944115628,0.2127663353518618
714,0.4170039999999999,0.3228949999999999,0.18978376034647226,0.24299351521767676,-1.6523241108679088e-16,8.326672684688674e-17,0,0,0.1863453401800043,0.2398768867316453
715,0.397172,0.340415,0.18229844071902335,0.25646975805284455,6.127910678888071e-16,2.636779683484747e-16,0,0,0.1788879131256246,0.2531407619032236
716,0.667687,0.6956219999999999,0.1762815146939829,0.34998526237905025,-1.3509159069169383e-16,4.614364446098306e-16,0,0,0.1753400894943129,0.3486672563575412
717,0.6548829999999999,0.6626199999999999,0.17608264251612127,0.33920571370981634,-2.3153137393427947e-16,-3.122502256758253e-16,0,0,0.1750903105144062,0.3377315081611662
718,0.6840699999999998,0.667348,0.18049376734416,0.33910788618959486,7.692414413784654e-17,-6.106226635438361e-16,0,0,0.1795524452409978,0.3376962001320364
719,0.625696,0.657892,0.17156485852319747,0.33951948111644015,6.469976464307248e-16,3.122502256758253e-17,0,0,0.1705185753641966,0.3379544497419607
720,0.6420799999999999,0.629618,0.17623787466436625,0.32838824862847105,-3.846207206892327e-16,-8.326672684688674e-17,0,0,0.1751346350067438,0.3267678107273008
721,0.6093129999999999,0.686166,0.16685932318796404,0.3502931484254077,-9.736135508919827e-17,5.377642775528102e-16,0,0,0.1658681568157923,0.3488044637884951
722,0.5965089999999998,0.6531639999999999,0.16691695104236715,0.3400480055133812,-8.776616586270158e-17,-1.3877787807814457e-17,0,0,0.1658157995092044,0.3383598713854721
723,0.629276,0.596616,0.17675444195629098,0.317504417267628,3.3832528792410166e-16,5.655198531684391e-16,0,0,0.1754976317773785,0.3157612704278268
724,0.658463,0.6013439999999999,0.1808386058837641,0.3168970439583063,5.40474782984024e-16,8.326672684688674e-17,0,0,0.179677878265455,0.3152279440810205
725,0.1771409999999999,0.485893,0.08200710214441642,0.3523705550323939,-9.881147549489766e-17,7.047314121155778e-16,0,0,0.0808636070671808,0.3482581775993581
726,0.162669,0.45405,0.08149736587074585,0.3508473262190819,1.3357370765021415e-16,-2.5673907444456745e-16,0,0,0.0803954916705209,0.3463828358740468
727,0.133774,0.4416769999999999,0.07051999426039401,0.3549153931962792,2.0664893407573715e-16,-4.0592529337857286e-16,0,0,0.0696803888436703,0.3502216494562006
728,0.148197,0.422208,0.08107490418478847,0.3503388907411136,-2.027458062547893e-16,7.112366251504908e-16,0,0,0.0800576699162476,0.3455171834396958
729,0.11935,0.4611469999999999,0.06062501920678187,0.35888933594105765,-2.658463726934457e-16,5.9891328008099265e-16,0,0,0.059901948101126,0.3542910410383172
730,0.104878,0.4293049999999999,0.058173184079350904,0.35895735840313137,4.152494320619482e-17,5.48172618408671e-16,0,0,0.0576570046800786,0.3539151487394531
731,0.133725,0.3903659999999999,0.08071495831245556,0.35102072154404595,-3.4390892911240196e-16,-8.014422459012848e-16,0,0,0.0797458961785469,0.3458220176903372
732,0.337395,0.3386549999999999,0.1721073083463125,0.27401555445976555,6.201636426617084e-16,6.106226635438361e-16,0,0,0.1685592284867445,0.2701596124451003
733,0.3659689999999999,0.3528339999999999,0.17350321693811566,0.2706947579863481,-3.8163916471489756e-16,-1.1796119636642288e-16,0,0,0.1701578017683855,0.267095308609904
734,0.3347649999999999,0.3652529999999999,0.1633813962689601,0.2847682617721148,8.326672684688674e-17,-2.775557561562892e-17,0,0,0.160147891703207,0.2808710273473871
735,0.394542,0.3670129999999999,0.17480271359090693,0.2683357715141028,9.54097911787244e-18,2.289834988289385e-16,0,0,0.1716520197035327,0.2649536485379112
736,0.332135,0.391851,0.15522263417369686,0.2946071866899729,1.6002824065886043e-16,-2.0816681711721683e-16,0,0,0.1523293079187737,0.2907239444154324
737,0.3752659999999999,0.0265291999999999,0.26739182956225704,0.028694701235508546,-1.2098612042765744e-15,6.245004513516506e-17,0,0,0.2642901926305775,0.0289055144790673
738,0.361617,0.0535254,0.267228282376891,0.05945124065328855,-1.1249681741709594e-15,-7.632783294297951e-17,0,0,0.263219819307703,0.0596756622615049
739,0.37974,0.0800546,0.25898652186151594,0.08350374997826293,-4.640385298237959e-16,-6.93889390390723e-17,0,0,0.2545365268055347,0.0832336489389576
740,0.3479689999999999,0.0805215999999999,0.2645141519315075,0.09130947072117124,1.0987304815968102e-15,2.706168622523819e-16,0,0,0.2596009156615348,0.0911450733114677
741,0.411511,0.0795875,0.2539740182692185,0.07704955869121477,4.45173412022548e-16,1.3877787807814457e-17,0,0,0.2499052159322456,0.0767322559118001
742,0.397863,0.106584,0.25062393784173764,0.1045127957186196,3.599551212651875e-17,-1.942890293094024e-16,0,0,0.246063734775486,0.1037055735425109
743,0.3343209999999999,0.107518,0.2590082952519879,0.1235116369498428,-1.0330278299441886e-15,-2.584737979205442e-16,0,0,0.2535306062149575,0.1226785618228083
744,0.973408,0.6845339999999999,0.22139199444791302,0.33660738926846534,2.1510571102112408e-16,-1.4666544888297659e-16,0,0,0.221301097420039,0.3356037696120903
745,0.973408,0.7157839999999999,0.22126318397931755,0.3484200911480002,4.903012098698891e-16,1.8041124150158796e-16,0,0,0.221175905756888,0.3474809066164303
746,0.946817,0.712817,0.2175270631123567,0.3474750319728628,3.3054613733651816e-17,4.926614671774132e-16,0,0,0.2173685755464174,0.3465372980748127
747,0.973408,0.7470339999999999,0.2211490956688067,0.3600522877241019,-6.020371375904665e-17,-2.8102520310824275e-16,0,0,0.2210644126125538,0.3591891572090876
748,0.920225,0.741101,0.2134430453152163,0.35827226971741766,2.2388774861825667e-16,1.769417945496343e-16,0,0,0.2132366168405618,0.3574038797668462
749,0.7161549999999999,0.972759,0.1772936778725125,0.4410729424562305,3.0771012907854223e-16,2.3592239273284576e-16,0,0,0.1767182064635995,0.4409525364100671
750,0.7474049999999999,0.972759,0.18287198251346126,0.4409522455534898,-2.823635151649045e-16,-2.7755575615628914e-16,0,0,0.1823402179743621,0.440840170257045
751,0.6849049999999999,0.972759,0.17159024489228614,0.44120872403436806,1.7176472917601604e-16,-9.714451465470121e-17,0,0,0.1709799354335001,0.4410771925633316
752,0.7135599999999999,0.945518,0.17698907252633944,0.4321458860358689,2.1751806085490436e-17,5.551115123125783e-16,0,0,0.176415758634502,0.4319183361232901
753,0.742214,0.918277,0.18235323939006776,0.42287214775569737,3.4667364465224004e-17,-3.122502256758253e-16,0,0,0.1818252651877675,0.4225491305795142
754,0.31706,0.975187,0.09096891200169921,0.443941556091886,-3.1135575888352474e-16,-2.0816681711721683e-16,0,0,0.0902665892057137,0.4437914184949093
755,0.28581,0.975187,0.08276182247209363,0.44410036571207456,1.3965201607971098e-16,-2.012279232133096e-16,0,0,0.0820918280427463,0.4439538884135211
756,0.2903689999999999,0.950375,0.08414240421552677,0.4381825001328252,8.789152673889522e-17,-1.734723475976807e-16,0,0,0.0835046523705296,0.4378648122266418
757,0.25456,0.975187,0.07434832418221049,0.44427528300730046,1.5258112698660062e-16,-2.6714741530042824e-16,0,0,0.0737190915483376,0.4441048598782387
758,0.263679,0.925562,0.07729064306477085,0.43273184544523247,2.0139055353918242e-16,4.75314232417645e-16,0,0,0.0767070378564216,0.4321899637093105
759,0.975187,0.28581,0.2240636196656851,0.16057022448512726,-2.012279232133096e-16,1.730386667286865e-16,0,0,0.2239091850808337,0.1595241106652967
760,0.975187,0.25456,0.22426491469377652,0.14423943019937724,2.619059754228187e-16,-7.28583859910259e-17,0,0,0.2240977224831717,0.1432855940929062
761,0.975187,0.31706,0.22385236092668492,0.17650000439607538,-5.338446325893909e-17,1.1796119636642288e-16,0,0,0.2237099014453539,0.175393967893517
762,0.950375,0.2903689999999999,0.2230672520963708,0.1631628815375734,2.731037509855205e-16,-3.885780586188048e-16,0,0,0.2227608335211241,0.1621314825464876
763,0.925562,0.263679,0.22264192788861692,0.14967476099263877,-4.0843928716602357e-16,4.232725281383409e-16,0,0,0.2221228057421885,0.1487586331708412
764,0.4897079999999999,0.645712,0.1474532874999568,0.34685772107332014,-3.1647861414851874e-16,5.447031714567174e-16,0,0,0.1461522318670324,0.3449012235629729
765,0.514387,0.6325359999999999,0.15359162146341987,0.3403275817981921,5.019856058607886e-16,-8.014422459012848e-16,0,0,0.1522731183799454,0.3383821641867432
766,0.528074,0.653229,0.1543852979375515,0.34570747485850006,-3.328500669530498e-16,8.743006318923107e-16,0,0,0.1531550169185256,0.3438852432860272
767,0.539066,0.6193589999999999,0.15949480677954853,0.33363676769658923,2.45029690981724e-16,5.828670879282072e-16,0,0,0.1581710067136305,0.3317137417505588
768,0.566439,0.660745,0.16097450893721543,0.3449478140100837,8.039359108980015e-17,5.48172618408671e-16,0,0,0.1598361167008865,0.3432153376152618
769,0.234183,0.0511257999999999,0.3009182888199575,0.08962228000746109,6.600622826091751e-16,6.591949208711867e-17,0,0,0.2952540957237862,0.0918561613771425
770,0.2526769999999999,0.0781219999999999,0.2846832180948695,0.12215533974813297,-1.9117194806350654e-16,2.5673907444456745e-16,0,0,0.2780245792138835,0.1230276517781401
771,0.221299,0.0752554,0.29266661245492287,0.1350071655760985,-4.2088728335887277e-16,2.2204460492503126e-16,0,0,0.2852154433669552,0.1370105412488621
772,0.271171,0.105118,0.26875195849424927,0.14727673753804993,1.4918621893400539e-16,2.5326962749261384e-16,0,0,0.2623279685146187,0.1468775906930465
773,0.2084159999999999,0.099385,0.27855210554844234,0.17957647811272182,-2.4286128663675294e-16,-3.5041414214731503e-16,0,0,0.2710086877724857,0.1809497401683123
774,0.444523,0.339422,0.1889785042440053,0.24349334777798504,1.9971004017182992e-16,-2.2204460492503126e-16,0,0,0.185769312902728,0.2406014967680534
775,0.4775059999999999,0.346741,0.19106248937896453,0.23919683787971735,5.637851296924624e-18,1.873501354054952e-16,0,0,0.188078239289663,0.2365687828878921
776,0.496282,0.331569,0.19609824058716185,0.2279249590355903,1.4430730915782064e-16,1.1449174941446927e-16,0,0,0.1931323576962006,0.2254954309520856
777,0.5104889999999999,0.354059,0.1929663424671162,0.23575308005092666,-1.3660947373317357e-17,9.714451465470121e-17,0,0,0.1902377792520625,0.2333319738985269
778,0.482076,0.3090789999999999,0.19970377744175494,0.21986720710992813,-2.6064220226551527e-16,6.93889390390723e-17,0,0,0.1964791725631687,0.2174347229378343
779,0.515059,0.3163969999999999,0.20066461863461882,0.21652181894751266,5.692061405548897e-16,1.0755285551056204e-16,0,0,0.1977266930033305,0.214274328154617
780,0.5434729999999999,0.361377,0.19479929764929693,0.23306247746222652,-3.6971294081755696e-16,-4.510281037539698e-17,0,0,0.1923022331979809,0.230820983012787
781,0.0245216,0.593677,0.009861145343165845,0.3781978214683477,-1.480274778621615e-16,4.510281037539698e-17,0,0,0.0097497273234491,0.3749500581911841
782,0.0624627,0.597191,0.024866140840458684,0.3775474571302766,2.3383530355081117e-16,1.006139616066548e-16,0,0,0.0245713869397508,0.3742866693420295
783,0.0869843,0.576582,0.03560483637556899,0.37377998635929544,-2.0008951093219982e-16,-7.63278329429795e-16,0,0,0.0351766724983911,0.3703103538837062
784,0.1004039999999999,0.6007059999999999,0.03943381682620384,0.37607947044307366,-2.984266479766351e-16,5.759281940243e-16,0,0,0.0389060612016319,0.3728732198653448
785,0.0735646999999999,0.552458,0.03151165919189225,0.3718355309974868,2.273571955702103e-16,8.81239525796218e-16,0,0,0.0312105188623014,0.3680943593469777
786,0.1115059999999999,0.555973,0.0469046396901831,0.36950290846289136,-2.5120964336489133e-16,5.065392549852277e-16,0,0,0.0463436580071762,0.3658834784625779
787,0.138345,0.604221,0.05339423716941383,0.3739255623659119,1.905485318143274e-16,1.2073675392798577e-15,0,0,0.0526646974436603,0.3708458011736987
788,0.0179027,0.116022,0.05344906242680736,0.4347723997198045,-8.149947730573536e-16,-4.090477956353311e-15,0,0,0.0600589270065051,0.4310229518060251
789,0.0179027,0.1481649999999999,0.04012861801311374,0.4203888704359997,4.099910515253935e-16,2.057382042508493e-15,0,0,0.0460997987600779,0.416970861507493
790,0.0358054,0.164187,0.06911657922319137,0.40660382772330195,1.9862583799934439e-16,5.030698080332741e-16,0,0,0.0757209862691633,0.3977078278984352
791,0.0179027,0.180308,0.03127223372575827,0.40788734011584893,-5.234528088760015e-16,-1.4818875293531877e-15,0,0,0.0350689028538242,0.40422046698262
792,0.0537081999999999,0.148066,0.11284051340771839,0.39699702261714265,-4.556359629870333e-17,-4.896257010944538e-16,0,0,0.1201352322210222,0.3859662849116978
793,0.0537081999999999,0.180209,0.08990426667151041,0.39213870995445177,1.089623183347932e-17,-1.1188966420050406e-16,0,0,0.094453488115179,0.3825783601574455
794,0.0179027,0.212451,0.025355693942401558,0.3968623378605116,6.25584653524136e-17,-1.04864034122798e-15,0,0,0.0276502699765228,0.3930057909388394
795,0.2241279999999999,0.52287,0.09366883471375331,0.35055180024937727,1.833385873672988e-16,1.3183898417423734e-15,0,0,0.0923457633263772,0.3469300634526828
796,0.21056,0.55539,0.08432674565119669,0.35836896003456786,3.382168677068531e-16,4.163336342344337e-16,0,0,0.0831985417014551,0.354985582788186
797,0.192468,0.530785,0.08113355745445006,0.3567233500943985,3.664603343001005e-17,8.673617379884035e-17,0,0,0.080034722325911,0.3530653115191517
798,0.2286509999999999,0.579994,0.08737274408485973,0.36056411132449284,-4.430050076775771e-16,-3.677613769070831e-16,0,0,0.0862454364277188,0.3574381053651263
799,0.196992,0.587909,0.07578869642475183,0.365717659908114,4.521123059264554e-17,-2.498001805406602e-16,0,0,0.074798586937785,0.3625749936150935
800,0.260311,0.5720779999999999,0.09853339150140528,0.3548568866390269,1.1915381875615694e-16,3.642919299551295e-16,0,0,0.0972716100744174,0.3517985423715873
801,0.2467429999999999,0.6045979999999999,0.090326703775645,0.36325391233549453,7.518942066186973e-17,1.1102230246251563e-16,0,0,0.0892303444172648,0.3603659039501492
802,0.183424,0.620429,0.06797803565859795,0.37273791420739144,-2.697495005143935e-16,-4.544975507059235e-16,0,0,0.0670865623377506,0.3698422064373134
803,0.165333,0.595825,0.06387114110111725,0.3702774632256478,-1.4563545681911538e-16,6.591949208711867e-17,0,0,0.0630095907965651,0.3671780537771162
804,0.978399,0.39273,0.22355478240933735,0.2134052517649252,3.6491873433609767e-16,-1.1796119636642288e-16,0,0,0.223433272111253,0.2122070810570783
805,0.940025,0.389318,0.2210264609893784,0.21223099509370513,2.2158381900172497e-17,-4.163336342344337e-17,0,0,0.220698513048042,0.2110561514332825
806,0.918424,0.407048,0.21917413966730237,0.22100763363414444,1.421931149214739e-16,-3.1571967262777884e-16,0,0,0.2187323933868907,0.2198110729306801
807,0.90165,0.385906,0.21855190105270594,0.21149329748004675,-2.3470266528879957e-16,-3.469446951953615e-17,0,0,0.2180286637970047,0.2102873467287108
808,0.935198,0.42819,0.22000009701878298,0.23043339152354747,-1.211731453024112e-16,2.740863092043355e-16,0,0,0.2196234953632388,0.2292468411117115
809,0.3884079999999999,0.940156,0.10920989772421308,0.43443271139403805,1.5996556022076364e-16,9.107298248878237e-17,0,0,0.1084987464285201,0.4340665260193869
810,0.39182,0.97853,0.1096698754990939,0.4444145573070273,6.464690978716381e-16,-2.0816681711721685e-17,0,0,0.1089384128044403,0.4442707898038735
811,0.3849949999999999,0.901781,0.10908173266216181,0.4245277871959843,5.265969951762095e-16,-4.510281037539698e-17,0,0,0.1083597526383967,0.4239313514982457
812,0.405227,0.918686,0.1136185378418304,0.4285196259152144,5.0849081889570164e-17,3.469446951953615e-17,0,0,0.1128981410237625,0.4280220403541072
813,0.4254589999999999,0.93559,0.11812329653184861,0.4326747796148993,-4.733897735614834e-17,-3.5041414214731503e-16,0,0,0.1174043930304029,0.4322664290625
814,0.696764,0.645773,0.18370261444943026,0.3305927725159563,1.1744620033449227e-16,3.642919299551295e-16,0,0,0.1827553765278104,0.3291313560049511
815,0.709567,0.678775,0.18390228936914355,0.34181541786529124,3.653219220189907e-16,-2.5153490401663703e-16,0,0,0.1830139455187318,0.3404934795819424
816,0.68396,0.61277,0.18383473411086015,0.3192828501923941,-3.594130201789447e-16,-3.4000580129145414e-16,0,0,0.1827774242363579,0.3177002958421837
817,0.709457,0.624197,0.18686013968545012,0.3218933556927368,1.713039432527097e-16,1.214306433183765e-16,0,0,0.1859041067447117,0.3203883100635642
818,0.671157,0.579768,0.18431447514740285,0.3078632351825945,1.4203048459560108e-17,0.0,0,0,0.1830975475003675,0.3061680765956303
819,0.7221509999999999,0.6026209999999999,0.1899522253224859,0.31300233356887475,-2.0052319180119402e-16,4.8572257327350605e-17,0,0,0.1889894503606901,0.3114738756288033
820,0.734955,0.6356239999999999,0.18992298806551844,0.32470440468750894,-2.59801945581839e-16,2.307182223049153e-16,0,0,0.1890616215648098,0.3232665780096947
821,0.7809669999999999,0.532861,0.20143023287528194,0.2819042091141455,1.7672495411513722e-16,1.3877787807814457e-17,0,0,0.2004993724304843,0.2804581006403884
822,0.744363,0.548497,0.19617611292051151,0.29045523310196586,2.6270218639323768e-16,2.5500435096859064e-16,0,0,0.1951261978753619,0.2889168164177213
823,0.733257,0.575559,0.1930927516804104,0.3018764687003568,-7.605678239985814e-17,-1.6306400674181987e-16,0,0,0.1920772776636191,0.3003342090600845
824,0.70776,0.5641319999999999,0.19048556116513282,0.2991266579483636,-4.3183772530097637e-16,3.3653635433950053e-16,0,0,0.189333307611782,0.2975032574051202
825,0.758754,0.586986,0.19577363234566292,0.30483148503117263,-7.047314121155779e-19,2.012279232133096e-16,0,0,0.1948902313806867,0.3033579645592793
826,0.598277,0.0603496999999999,0.23524468431423884,0.04328763158991933,3.6465784818834335e-16,-2.775557561562892e-17,0,0,0.2327745183629991,0.0430442394851297
827,0.594272,0.0229101999999999,0.23681924447009806,0.016591480758506805,6.921817719690582e-16,-2.6020852139652106e-17,0,0,0.2345619164634116,0.016487821397805
828,0.602281,0.0977892,0.23267255768587347,0.0692488128261175,9.419548474554063e-16,8.673617379884035e-17,0,0,0.2300429501059435,0.0687574784209896
829,0.578264,0.0832598999999999,0.2353208137647016,0.060850759531604126,-4.1687573532067645e-16,-4.8572257327350605e-17,0,0,0.2325718224329292,0.0604705012480693
830,0.6062859999999999,0.1352289999999999,0.22926910972455516,0.09422727127093822,4.874572967494828e-16,-1.3877787807814454e-16,0,0,0.2265760545330105,0.0934540468609026
831,0.55825,0.10617,0.23479759778001608,0.07900078070815653,-1.947227101783966e-16,-1.3183898417423734e-16,0,0,0.2317787582722871,0.0784406447527017
832,0.554246,0.0687306,0.23823965471819974,0.05199670483125374,-1.0917915876929031e-16,6.93889390390723e-17,0,0,0.2354189471884548,0.0517355794480543
833,0.821949,0.5143579999999999,0.20688960890402086,0.27210696745532914,-1.9147942102335988e-16,-1.4690939437178583e-16,0,0,0.2060853049508715,0.2707277510827908
834,0.836053,0.546516,0.2070730330015067,0.28488751212717034,-4.119968255444917e-18,-2.775557561562892e-17,0,0,0.2063936574253581,0.2835401462622741
835,0.806178,0.5379559999999999,0.20405153445608448,0.2826885760005098,-1.1758172560605296e-16,7.632783294297951e-17,0,0,0.2032369022956241,0.2812863497815296
836,0.865929,0.555076,0.21014813294095802,0.28731140414311085,1.4812912181583204e-16,2.289834988289385e-16,0,0,0.2096110455174005,0.2860325479937241
837,0.8501579999999999,0.578674,0.20754543171460682,0.29743493531714194,2.899969760855603e-16,1.1102230246251563e-16,0,0,0.2069609848896383,0.2961501901297694
838,0.8817,0.531478,0.21260235980298603,0.27702213668544573,1.1317482493972564e-16,1.95590071916385e-16,0,0,0.2121144206312719,0.275769112785296
839,0.834388,0.602271,0.20479721819719998,0.307383845676668,-7.752045533271357e-17,-4.8572257327350605e-17,0,0,0.2041672793091763,0.306110977292966
840,0.533839,0.805972,0.14583410479826853,0.3925897548656394,-6.00453185979101e-17,-1.5916087892087203e-16,0,0,0.1449701938603917,0.3915440519235751
841,0.542583,0.834795,0.14649741633911617,0.40090536776551744,1.5325197708082603e-16,-7.632783294297951e-17,0,0,0.1456764083914839,0.4000250145120269
842,0.5106699999999998,0.819307,0.14043063498684205,0.3975562834966695,-2.1423834928313568e-16,-2.949029909160572e-16,0,0,0.1395827441697515,0.3965823591537859
843,0.574496,0.8502819999999999,0.15245096749276854,0.40451359015060007,6.491660507756958e-17,-3.538835890992686e-16,0,0,0.1516527347758778,0.4037386492540118
844,0.5513259999999999,0.863618,0.1473658195027383,0.40928412615903653,2.5413698923060224e-16,-1.1796119636642288e-16,0,0,0.1465811381328065,0.4085704716968889
845,0.597665,0.836947,0.1574384754494531,0.3996182554983534,-5.761568929200585e-16,4.763984345901306e-16,0,0,0.1566233093392991,0.3987892165426429
846,0.5281559999999998,0.8769529999999999,0.14219065589713864,0.41391977068269625,9.223849982420428e-17,-1.8041124150158796e-16,0,0,0.1414168866389394,0.4132817621208174
847,0.4357809999999999,0.307724,0.19588632049271837,0.23056512919720262,-1.6609977282477928e-16,-1.3530843112619095e-16,0,0,0.1924230360260219,0.2277164377015592
848,0.4270379999999999,0.276025,0.20355316693894565,0.21649733366211876,-3.430415673744136e-16,2.0816681711721683e-16,0,0,0.1997880911740709,0.2137688036088961
849,0.4545569999999999,0.2925519999999999,0.20138961588963866,0.21794073679484427,-1.3942839938163587e-16,2.289834988289385e-16,0,0,0.197905637094935,0.2153415756558216
850,0.418296,0.2443259999999999,0.21195811172947288,0.20101287396391854,-2.723515857283587e-16,1.249000902703301e-16,0,0,0.2078346531118708,0.1984985980728154
851,0.473333,0.27738,0.20628267189022154,0.20519282086752355,2.346213501258632e-16,-4.57966997657877e-16,0,0,0.202807200620571,0.2028326493192043
852,0.473331,0.780058,0.13423565684934147,0.38794391983537935,4.077684370717982e-16,-8.439429710627166e-16,0,0,0.1333085234275337,0.3866989561767522
853,0.454515,0.74528,0.13210287425317802,0.37916182693152223,4.1882729923115036e-16,-1.3183898417423734e-16,0,0,0.1311087421279722,0.3776591349852309
854,0.42592,0.734854,0.1262838120746892,0.37819226674037054,2.2098750780685794e-16,2.1684043449710086e-16,0,0,0.1252769965393547,0.3765577596117096
855,0.4356999999999999,0.7105019999999999,0.13028435657906812,0.37068672744499054,3.3515399656958156e-16,-1.0408340855860844e-16,0,0,0.1292125268577241,0.3689336696268614
856,0.41614,0.759206,0.1224271705141291,0.38549705472541973,3.173730809408193e-16,6.878178582248039e-16,0,0,0.1214628915235717,0.3839839179189643
857,0.397324,0.7244279999999998,0.12026888229593169,0.37742238998180255,-1.6263032587282568e-18,-6.453171330633721e-16,0,0,0.1192458230782517,0.3756463953701533
858,0.4168839999999999,0.6757239999999999,0.12881816434310167,0.36254207957244944,2.5370330836160804e-16,-4.85722573273506e-16,0,0,0.1276213987821134,0.3605622673620963
859,0.53473,0.7821329999999999,0.1471186266571749,0.3853390538788517,4.559341185844668e-16,3.1571967262777884e-16,0,0,0.1462044281521655,0.3841678770289317
860,0.566643,0.797621,0.1528256856254302,0.3885763055732241,-9.112719259740666e-17,-8.673617379884034e-16,0,0,0.1519451388639509,0.3875194920572782
861,0.599447,0.78927,0.15955428882443812,0.3845089025562629,-1.6705353192338762e-16,5.785302792382652e-16,0,0,0.1586776970076384,0.3834602673292661
862,0.5985559999999999,0.8131089999999999,0.1584385743481107,0.3920935475616716,3.0084238594220436e-16,-8.658438549469238e-16,0,0,0.1575968837986174,0.3911556042993447
863,0.600338,0.7654309999999999,0.16079294553492218,0.37684700440149754,-4.651227319962814e-17,-2.1857515797307767e-16,0,0,0.1598682921908086,0.3756919271510546
864,0.632251,0.780919,0.16601454731426202,0.3804199661244638,8.291436114082895e-17,-3.885780586188048e-16,0,0,0.1651777419751236,0.3793850180661431
865,0.630469,0.828596,0.16395623300923035,0.3958913652168121,1.334923924872777e-16,-4.683753385137379e-16,0,0,0.1631823615106151,0.3950422957784897
866,0.5169759999999999,0.174657,0.22782569529954344,0.13266363873844966,8.109832250191573e-17,2.1510571102112408e-16,0,0,0.2241579843363228,0.1313247283511387
867,0.546746,0.1615139999999999,0.22871419469265675,0.11898276262218133,-2.0895286369226882e-16,2.3418766925686896e-17,0,0,0.2253854702322308,0.1179178774395823
868,0.5409939999999999,0.1891859999999999,0.22470649301249068,0.13818733929656446,-4.2310989781246806e-16,8.153200337090995e-17,0,0,0.2212377324322548,0.1368394478124082
869,0.552498,0.1338419999999999,0.23210460259542742,0.09921359206782654,-8.116337463226486e-16,-1.1796119636642288e-16,0,0,0.228921740172818,0.0984161005767213
870,0.576516,0.148371,0.22914915857836604,0.10619397432310507,3.258027528318941e-16,3.122502256758253e-16,0,0,0.2261527224336646,0.1053071555798403
871,0.52848,0.119313,0.23545269934402313,0.09192000614712015,4.0874421902703517e-16,1.3877787807814454e-16,0,0,0.2321130326512319,0.0912044395552352
872,0.600534,0.1629009999999999,0.22660429601091892,0.11292364966357127,-4.370961058375311e-16,4.163336342344337e-16,0,0,0.2237900946312627,0.1119333419725506
873,0.3550599999999999,0.702164,0.11147969741432462,0.3749458609963767,-7.158986944921785e-16,-6.938893903907228e-16,0,0,0.1103877709776205,0.3730406858514562
874,0.324147,0.715384,0.10236881545279175,0.3806632190826349,-1.1611805267319752e-16,-4.163336342344337e-16,0,0,0.101377495056951,0.3788503741298418
875,0.3859719999999999,0.688944,0.12030896393116564,0.3688979707658291,-3.8876779399898975e-16,-6.55725473919233e-16,0,0,0.1191540270625765,0.3669408679493294
876,0.376192,0.713296,0.11593551210535225,0.3760996990604326,1.6623529809633994e-16,4.3541559247017853e-16,0,0,0.1148700085256756,0.3742642272239474
877,0.366412,0.7376479999999999,0.11173413440701552,0.3831050425651483,-4.0820211794079237e-16,-5.828670879282072e-16,0,0,0.1107408696899482,0.3814049144841699
878,0.795072,0.565018,0.20146261578338454,0.29423368588322774,-1.8382647834491728e-16,-3.712308238590367e-16,0,0,0.2006520583295268,0.2928303611204422
879,0.809177,0.597176,0.20179651927901432,0.30636632785899565,1.956713870793214e-16,6.245004513516506e-17,0,0,0.2010790994777121,0.3050440130283519
880,0.783965,0.5920809999999999,0.19879025743648526,0.305512857506983,1.1324491691611094e-16,1.9081958235744878e-16,0,0,0.1979905247810864,0.3041251274661564
881,0.823281,0.629334,0.20239922603650484,0.3183300407254137,-1.3934708421869946e-16,-2.7582103268031233e-16,0,0,0.2017515527554782,0.3171143888054081
882,0.7728589999999999,0.619143,0.19604467182944063,0.3165366890025325,4.272840761765373e-16,2.1510571102112408e-16,0,0,0.1952704879867157,0.315185821565671
883,0.666522,0.3537569999999999,0.2053853001780226,0.21187097044094116,3.2417644957316583e-16,2.0729945537922842e-16,0,0,0.203465044213235,0.2101661484581343
884,0.6703719999999999,0.3225219999999999,0.2090439181883994,0.1958928299868603,-1.8491068051740278e-16,2.255140518769849e-17,0,0,0.2070386205536536,0.1942993879696529
885,0.662672,0.384991,0.20168028729676735,0.22721063144490472,-4.853973126217603e-16,-2.5673907444456745e-16,0,0,0.1998284917812464,0.2254310176340184
886,0.628958,0.374205,0.2002474476757925,0.2262009074765956,1.8756697583999227e-16,3.4000580129145414e-16,0,0,0.1981840027874278,0.2243051900835709
887,0.6588209999999999,0.4162259999999999,0.19796093492186628,0.241947865282782,-4.1698415553792496e-16,3.469446951953615e-18,0,0,0.1961642868419313,0.2401146399542377
888,0.5913939999999999,0.394654,0.1942213204310974,0.24074165672936942,2.623769257414921e-17,7.632783294297951e-17,0,0,0.1920721399484595,0.2386934828314107
889,0.595244,0.3634189999999999,0.19898422091500834,0.22572676133131608,1.2847795743953228e-16,-1.3877787807814457e-17,0,0,0.1967035724922014,0.2236843929335808
890,0.1654809999999999,0.539181,0.0698825173167279,0.3616247616300825,-3.0184188481996443e-16,-4.891920202254596e-16,0,0,0.0689604502817671,0.3579750802559693
891,0.179049,0.506661,0.07950496744888369,0.3550226922670845,-2.984266479766351e-17,-5.828670879282072e-16,0,0,0.078388018805417,0.3511195332462627
892,0.1519129999999999,0.571701,0.06122191040594771,0.3678731684049126,2.070012997817949e-16,3.8510861166685117e-16,0,0,0.0604162641396289,0.3645067381669295
893,0.138493,0.5475769999999999,0.05844423907547025,0.36588775063864887,6.925341376751161e-17,-3.2265856653168607e-16,0,0,0.0577017580119994,0.3622443180931272
894,0.1250739999999999,0.523453,0.05550533965288196,0.36434137463220395,-3.518303812351242e-16,-1.4181364416110398e-16,0,0,0.0548398628365191,0.360403864402475
895,0.4381869999999999,0.7940629999999999,0.12560784118250012,0.3937589314300567,-1.730386667286865e-16,-3.4000580129145414e-16,0,0,0.1247006712201723,0.392522446171629
896,0.4030429999999999,0.8080669999999999,0.11667906571528874,0.39931210124632344,3.661215211211988e-16,9.80118763926896e-17,0,0,0.115812789634381,0.398119100513861
897,0.409592,0.783636,0.11947624807362445,0.39246259455103427,3.4317709264597424e-16,-5.663872149064275e-16,0,0,0.118562192869286,0.3911043181248222
898,0.3679,0.822072,0.10746011312585324,0.4045843078638427,-1.5547459153442134e-16,4.0592529337857286e-16,0,0,0.1066517418388146,0.4034905888778684
899,0.380996,0.77321,0.11314454092644155,0.39134170446777716,-1.3639263329867646e-16,-8.049116928532385e-16,0,0,0.1122479306958097,0.3898601702652551
900,0.731396,0.292395,0.2146245872718282,0.174378202376829,3.780070874370711e-16,-7.979727989493313e-17,0,0,0.212918464468492,0.1730999904724537
901,0.766038,0.307215,0.21488871428664424,0.1793852434202563,-2.097931203759451e-16,2.1857515797307767e-16,0,0,0.213443936521073,0.178144444428989
902,0.789497,0.297536,0.21649241277918918,0.17282738522044383,7.052735132018206e-17,1.5612511283791264e-16,0,0,0.2151664288837672,0.1716549218834519
903,0.800679,0.3220339999999999,0.21551854108838597,0.18466431729029864,-3.1626177371402164e-16,5.551115123125784e-17,0,0,0.2143170548508601,0.1834423459130065
904,0.7783149999999999,0.2730389999999999,0.2176234336802736,0.16069094531121664,7.241386310030684e-16,-2.5326962749261384e-16,0,0,0.2161607007956442,0.1595859062022574
905,0.812957,0.287858,0.21794000134104863,0.16643428558018059,1.7347234759768074e-17,-3.9551695252271197e-16,0,0,0.2167350155247611,0.1653198365016883
906,0.8353209999999999,0.3368539999999999,0.2164707609481411,0.19020855458802544,-2.2968823024105407e-16,1.2836953722228372e-16,0,0,0.2155170546511006,0.1889801678040986
907,0.5636419999999999,0.2044759999999999,0.22195895874756388,0.14428287436021492,-9.345822726825048e-17,-1.52655665885959e-16,0,0,0.2187280873538776,0.1428648215471144
908,0.533873,0.217619,0.2200325791418436,0.1574236125452444,-7.958043946043603e-17,-3.4000580129145414e-16,0,0,0.2165381539021606,0.1557177088135101
909,0.593412,0.191333,0.2233705736871343,0.13183896604459733,-1.6797002157231675e-16,-5.533767888366015e-16,0,0,0.220416220558237,0.1306313789980297
910,0.586291,0.2197659999999999,0.2196203740022611,0.15022968541597947,1.4281653117065307e-16,-1.3704315460216776e-16,0,0,0.2166293231991462,0.1487820179260128
911,0.623182,0.1781899999999999,0.22438938595587388,0.12006464164005592,-3.4792047715059837e-16,1.3877787807814457e-17,0,0,0.2216971043485279,0.119015169374686
912,0.608939,0.2350549999999999,0.21765222592512146,0.1560822438041214,-3.1983964088322376e-16,1.942890293094024e-16,0,0,0.2149088379531881,0.1546242532587043
913,0.579169,0.248198,0.21540124595776433,0.16799698557588272,-1.940721888749053e-17,2.498001805406602e-16,0,0,0.2124985489175195,0.1663379561593546
914,0.85233,0.499389,0.21065941380220465,0.26443578972975956,5.502326025363935e-17,-1.3877787807814454e-16,0,0,0.2099541459069247,0.2631209821527584
915,0.882711,0.4844189999999999,0.21412495596450754,0.25688449083827436,-8.998030998682433e-18,1.8572383214676686e-16,0,0,0.213540856958089,0.255628559902924
916,0.882205,0.5079489999999999,0.213358603825327,0.2670495819693315,-2.2861715707925105e-16,-4.790005198040959e-16,0,0,0.2128170800115507,0.2657926161596735
917,0.913092,0.469449,0.21730504381412175,0.24947911174967885,-8.645157072856291e-17,3.989863994746656e-16,0,0,0.2168617290958835,0.2482664560700352
918,0.912081,0.516509,0.2161469507336733,0.26990727369411616,1.0611628763201876e-16,3.3306690738754696e-16,0,0,0.2157701971886537,0.2686862338610214
919,0.4957579999999999,0.8502159999999999,0.1360771951440256,0.4071295202593319,1.932590372455412e-17,8.500145032286356e-17,0,0,0.1352680458376876,0.4062998378776002
920,0.5045009999999999,0.879039,0.13709984949673526,0.41518379014451057,-3.893641051938568e-16,1.3877787807814457e-17,0,0,0.1363238975344257,0.414524102422538
921,0.480846,0.881125,0.13188032567268237,0.4164468854141887,3.9776667203061934e-16,3.677613769070831e-16,0,0,0.1311080950044908,0.4157573092882557
922,0.513244,0.907862,0.13829813039046712,0.42333400979987346,-1.1966881478808755e-16,3.573530360512222e-16,0,0,0.1375579631895943,0.4228385112699191
923,0.465934,0.912034,0.12782571406569332,0.42551198467845097,-9.809996781920404e-17,-4.3888503942213215e-16,0,0,0.127103081630794,0.4249752278436271
924,0.508631,0.225224,0.21858763380441815,0.1669472876819782,-7.025630077706069e-17,5.551115123125784e-17,0,0,0.2149555178642149,0.1650968619693436
925,0.47852,0.2315909999999999,0.2169589541736059,0.17738641443429515,1.5981140022436335e-16,-2.4286128663675296e-17,0,0,0.2131499515168049,0.1753807952072968
926,0.481113,0.2086969999999999,0.22202902217395604,0.1623793782782741,-3.8163916471489756e-16,-1.4918621893400539e-16,0,0,0.2180347910499824,0.1605994989560701
927,0.475926,0.2544859999999999,0.2116881656111218,0.19166207424132153,9.822871682718671e-17,2.289834988289385e-16,0,0,0.2080476071530241,0.1894563239146721
928,0.4484079999999999,0.237959,0.21480495773721486,0.1887201047502458,-3.469446951953615e-18,1.52655665885959e-16,0,0,0.2108279122925938,0.1864921370485179
929,0.503445,0.271013,0.20917399649624713,0.19487408094573766,-1.4311468676808659e-16,6.93889390390723e-18,0,0,0.2058217811807639,0.1927355814937942
930,0.420889,0.2214309999999999,0.21861001016804948,0.1861130464822054,-5.510999642743819e-16,-4.336808689942017e-16,0,0,0.2142458065757514,0.1838403742672424
931,0.133772,0.196102,0.16734263493708568,0.33013138684327714,3.7947076036992655e-17,5.247538514829842e-17,0,0,0.1644155021601127,0.3196358201132901
932,0.139408,0.1685379999999999,0.19500028468610253,0.3139903894334566,-1.89084858881472e-16,-1.4918621893400539e-16,0,0,0.1896523686527118,0.3038490743931827
933,0.1601279999999999,0.179209,0.19846147506177658,0.3002637408208102,-4.77048955893622e-17,-1.249000902703301e-16,0,0,0.1926161216870852,0.291752173527846
934,0.118688,0.157867,0.18903992479317822,0.3301255467813462,1.1405806854547507e-16,4.8572257327350605e-17,0,0,0.1848369433196331,0.3182945632508036
935,0.145045,0.1409739999999999,0.22589982135104947,0.2898983209161088,-1.6393136847980827e-16,-2.0816681711721685e-17,0,0,0.2173794107969605,0.282533723021469
936,0.0923310999999999,0.174759,0.1459189361485187,0.3616961724474095,-2.333203075188805e-16,-5.574967570920464e-16,0,0,0.147464760753217,0.3504436147838231
937,0.171401,0.124082,0.2539879128889879,0.24475804646499455,-5.960943544325303e-16,-5.065392549852277e-16,0,0,0.2446589558511769,0.2440167546063175
938,0.0226308,0.336552,0.01763737820147071,0.371692608227022,2.588532686809142e-18,-9.8879238130678e-16,0,0,0.0176291803405253,0.3670509021492482
939,0.0596681,0.3399909999999999,0.04503778969228733,0.366860418493161,-2.351634512121059e-16,-6.55725473919233e-16,0,0,0.0450637394785541,0.3612662821006094
940,0.0370373,0.3605809999999999,0.02623180820955895,0.3685276064206846,-2.371692252312041e-17,-4.75314232417645e-16,0,0,0.0263123738673382,0.3634771968475787
941,0.0822988999999999,0.3194,0.06597869156394154,0.3631532603467349,7.068998164605489e-17,-8.673617379884035e-18,0,0,0.0658644459163069,0.3570054524479245
942,0.0967052999999999,0.3434289999999999,0.07008829522237647,0.35874188216985203,3.287300986976049e-16,5.793976409762536e-16,0,0,0.0696054609279724,0.3528665718986867
943,0.0678924,0.2953709999999999,0.060745482929633,0.36874684938811697,1.6696713456276768e-16,-7.355227538141662e-16,0,0,0.0612080138410677,0.3623278639819658
944,0.10493,0.2988089999999999,0.08888673700130312,0.3566871723451186,-4.3042826247674526e-16,2.636779683484747e-16,0,0,0.0885994971625078,0.3501523634550763
945,0.133743,0.346868,0.09214782337949146,0.34831513444078155,-1.5764299587939232e-16,-9.020562075079397e-17,0,0,0.091094823477088,0.3425592920449194
946,0.111112,0.367458,0.07337012903008144,0.3553954733069986,1.4647571350279162e-16,-4.544975507059235e-16,0,0,0.0726583183173893,0.3498235029497526
947,0.342067,0.832959,0.100483857531799,0.40842175227589905,3.86660376026221e-16,4.423544863740858e-17,0,0,0.0997294297485253,0.4073654752708454
948,0.348615,0.808528,0.10320261379820295,0.4020513193681836,-6.741027007428624e-17,2.1857515797307767e-16,0,0,0.1024123973173423,0.4008327949481205
949,0.3293309999999999,0.794985,0.0988731263205409,0.399654803914018,-2.371150151225798e-16,-4.163336342344337e-17,0,0,0.0980866418791312,0.3983299239313006
950,0.3551639999999999,0.784097,0.10608553266501985,0.39559093670686707,9.497611030973018e-17,-1.1449174941446927e-16,0,0,0.1052451085974693,0.3942060224070113
951,0.303499,0.805872,0.09152558000641875,0.4035231798188761,7.045958868440172e-17,-8.0404433111525e-16,0,0,0.0907887199037899,0.4022458115523177
952,0.310047,0.781441,0.09446388427750207,0.39739280968206003,-4.400912143390223e-16,8.50881864966624e-16,0,0,0.093671733623685,0.3959719673051894
953,0.3617119999999999,0.7596669999999999,0.109134626458399,0.38902987161418423,-1.834199025302352e-16,6.331740687315346e-17,0,0,0.1082298823420415,0.3874794789010036
954,0.539255,0.464272,0.1780215117505577,0.27787584339967,4.341687599718202e-16,-2.775557561562892e-17,0,0,0.1758520683959536,0.2755688519828286
955,0.52481,0.49328,0.17172393956570886,0.2911401735036634,8.281136193444283e-16,5.134781488891349e-16,0,0,0.169603006873357,0.2888001880319431
956,0.5536999999999999,0.4352639999999999,0.18418633692272124,0.2639360582397785,-1.708702623837155e-16,2.376571162088225e-16,0,0,0.1819738289896022,0.2617008789740044
957,0.564166,0.4576529999999999,0.18235283864942176,0.27161605926812626,-1.767791642237615e-16,1.214306433183765e-16,0,0,0.180245869543493,0.2694447145553268
958,0.568145,0.406256,0.19016128795192344,0.2493383169057779,2.1597307275911246e-16,-2.1510571102112408e-16,0,0,0.1879373833030388,0.2471966289318031
959,0.5890769999999999,0.4510339999999999,0.18638051200832706,0.2654974162869621,2.084920777689625e-16,-2.3939183968479933e-16,0,0,0.1843482128573578,0.2634632374897398
960,0.574632,0.480042,0.18080446251042304,0.27918849990237504,-4.448481513708025e-16,-1.249000902703301e-16,0,0,0.1787913872879906,0.2770861986253479
961,0.571725,0.976444,0.149656527035404,0.442896184977144,1.1039210994975843e-16,-3.6082248300317592e-16,0,0,0.1489551072468264,0.4427773610894597
962,0.540475,0.976444,0.14320025793858804,0.44303618953563273,-2.6823839373649183e-16,5.204170427930421e-18,0,0,0.1424763737543124,0.4429340590727785
963,0.5496999999999999,0.952888,0.14530033853952773,0.43599814228946343,3.5603166465350555e-16,-2.463307335887066e-16,0,0,0.1445857532806021,0.4357679049139138
964,0.509225,0.976444,0.13655371699132957,0.4431998670916073,-1.2367019843091687e-16,1.9081958235744878e-16,0,0,0.1358056514819893,0.4430932171078014
965,0.5276739999999999,0.929332,0.14098143531009555,0.4293359218281694,-2.668492597029948e-17,1.6653345369377348e-16,0,0,0.1402508596253713,0.4289735364031813
966,0.977894,0.5412599999999999,0.22265660554694477,0.27945797295069497,-2.1510571102112408e-16,7.50267903359969e-17,0,0,0.2225663973218524,0.2782418872852491
967,0.977894,0.5100099999999999,0.22282112534958287,0.26619947069411865,1.452883850689779e-16,-4.488596994089989e-17,0,0,0.2227300209038019,0.264960223779295
968,0.977894,0.5725099999999999,0.22249372108490206,0.2924073827525717,1.596809571504862e-16,-2.8102520310824275e-16,0,0,0.2224067244751992,0.2912225817990173
969,0.955788,0.551269,0.2202089934653486,0.2838055858410371,8.772550828123338e-17,-8.326672684688674e-17,0,0,0.2200243488705229,0.282609823127537
970,0.933682,0.5300289999999999,0.21811907581468404,0.27521589295065496,-4.78812902006279e-16,1.9862583799934439e-16,0,0,0.2178548693436631,0.2739942646463192
971,0.0370368999999999,0.112216,0.11033305746968836,0.419208146748133,2.5673907444456745e-16,1.5681900222830336e-15,0,0,0.1208473982355791,0.4058939070953611
972,0.0547146,0.104894,0.16365760168991983,0.3938451070571318,-2.4658010008837827e-15,-3.629908873481469e-15,0,0,0.1647386033340781,0.3822528997634889
973,0.0534830999999999,0.124722,0.1352183613635134,0.3983453633845784,1.1682549459074432e-15,2.0780903040029663e-15,0,0,0.1412815726613419,0.3865761230450422
974,0.643843,0.312875,0.20881530472979648,0.19407439213682665,-3.848917712323541e-17,6.93889390390723e-17,0,0,0.2065968589549642,0.1924082629515161
975,0.6814069999999999,0.2924269999999999,0.2127415946451947,0.17909812692232663,1.7889335846010826e-17,-1.6653345369377348e-16,0,0,0.2107125362870397,0.1776732373217658
976,0.6062779999999999,0.333324,0.20404278772184625,0.20947769544727635,2.874762060345315e-16,2.688821387764051e-16,0,0,0.2016615769262806,0.2075495979575595
977,0.617313,0.303229,0.2087784548784839,0.19253821254824288,1.4587940230792462e-16,1.960237527853792e-16,0,0,0.2063436752943549,0.1907789688158982
978,0.568714,0.3537719999999999,0.19825870702334214,0.2252129329717718,-7.448468924975414e-17,-3.5041414214731503e-16,0,0,0.1958062274784624,0.223056053375092
979,0.590783,0.293582,0.20892974914750084,0.1912903813936282,2.9609561330579126e-16,2.289834988289385e-16,0,0,0.2062935374661254,0.1894249986783757
980,0.6283469999999999,0.2731339999999999,0.21312578344077338,0.17495620703266468,1.406210217713699e-16,-1.873501354054952e-16,0,0,0.2107061123491773,0.1733998517187408
981,0.833736,0.655789,0.20294170161650982,0.3281098205479793,3.5068519269043636e-16,3.261280134836397e-16,0,0,0.2023633728082589,0.3269780397847563
982,0.808524,0.6506939999999999,0.19963101530447602,0.3270329011720605,-1.558811673491034e-16,-6.93889390390723e-17,0,0,0.19898045562936,0.3258601214630056
983,0.793768,0.672054,0.1967782491701655,0.33560500090243295,1.1844908734404136e-16,1.474514954580286e-16,0,0,0.1961077669263541,0.3344610194544791
984,0.783313,0.645598,0.1963205392821692,0.3261120986426249,-8.845734474766109e-17,-5.221517662690188e-16,0,0,0.1955914805520527,0.3248695638574296
985,0.8042219999999999,0.698509,0.19740867489599623,0.3450314598158002,-2.7151132904468245e-16,-7.632783294297951e-17,0,0,0.1967904154620074,0.343975613088944
986,0.779011,0.6934139999999999,0.1938480920798611,0.3440435662632808,2.2345406774926246e-16,2.3939183968479933e-16,0,0,0.1931510849164168,0.3429253220612671
987,0.758102,0.640503,0.1929938563844189,0.3253494435339235,2.0046898169256975e-16,1.457167719820518e-16,0,0,0.1921881867383287,0.3240079299397611
988,0.0596507999999999,0.383489,0.03876184980617836,0.3649097647576127,2.435118079402443e-16,9.020562075079397e-17,0,0,0.0386111458481089,0.3596934410255955
989,0.0226136,0.380051,0.015027752277092077,0.36846169823547825,-2.338420798143892e-16,1.8388068845354155e-16,0,0,0.0150839075120175,0.3637692961139759
990,0.0966880999999999,0.3869279999999999,0.06080550260958262,0.35891002186690457,2.350008208862331e-16,-1.0408340855860844e-17,0,0,0.060290887377477,0.3535368040241093
991,0.0822644,0.406397,0.04928775904409122,0.3616557138739154,-5.389568999425443e-16,-3.469446951953615e-18,0,0,0.0488789117147356,0.3564790888560758
992,0.0678407,0.425866,0.038756473615649156,0.3638624770392198,-3.0184188481996443e-16,-6.071532165918825e-16,0,0,0.0383564177989954,0.3588599294597734
993,0.3194469999999999,0.737403,0.09957024302275386,0.3862978370161727,6.19079440489223e-17,6.279698983036042e-16,0,0,0.0986580659234399,0.3846218321418158
994,0.298315,0.726272,0.09459387898095883,0.38513752474682406,-1.4392783839745071e-16,-4.440892098500625e-16,0,0,0.0936663352373814,0.3833972506039677
995,0.3405799999999999,0.748535,0.10441424621967599,0.3875943135935813,-4.9927510042957485e-17,5.412337245047638e-16,0,0,0.103504477489094,0.3859850598508032
996,0.314747,0.759422,0.09694023529300466,0.3918718721251935,2.2182776449053418e-16,-4.57966997657877e-16,0,0,0.0960913507903339,0.3903246090004119
997,0.2889149999999999,0.77031,0.08932625899615232,0.3959302806179039,-2.189546287334476e-16,-2.012279232133096e-16,0,0,0.0885314190044288,0.3944255119869334
998,0.1956519999999999,0.644093,0.07006920829007868,0.37593384241336025,3.790370795009324e-16,9.506284648352903e-16,0,0,0.0692324464094813,0.3732267435000679
999,0.163992,0.652008,0.0589190245809732,0.37980908472673036,-8.847089727481716e-17,-1.6306400674181987e-16,0,0,0.0582013451157543,0.3771353982287769
1000,0.227311,0.6361769999999999,0.08097291025478626,0.3716030502982903,6.852157730108388e-17,3.816391647148976e-17,0,0,0.0800181950137574,0.3688911340786911
1001,0.20788,0.667757,0.072169316248619,0.37943203159375116,-2.374944858829497e-16,-4.2674197509029455e-16,0,0,0.0713542988630431,0.3769271189258166
1002,0.258971,0.6282619999999999,0.09156239978983649,0.36680384760256857,-4.447939412621781e-16,1.3964523981613295e-16,0,0,0.0904932846705689,0.3641407826122399
1003,0.220108,0.69142,0.0742796098056715,0.38320411258609965,-6.684106393373136e-17,4.553649124439119e-16,0,0,0.0734757011538715,0.3809077464879993
1004,0.188448,0.6993359999999998,0.06387210771208629,0.386876356380526,3.728029170091407e-16,-1.734723475976807e-16,0,0,0.0631788085423863,0.3845811346105856
1005,0.732715,0.6836539999999999,0.1872549665858969,0.3424458799418062,-2.743031496388326e-16,5.377642775528102e-17,0,0,0.1864192712806435,0.3411839313417379
1006,0.720021,0.70523,0.18431228020926937,0.35075024247635156,3.9830877311686214e-16,-7.28583859910259e-17,0,0,0.1834583422191547,0.3495389007152439
1007,0.7454089999999999,0.6620789999999999,0.19015167283941992,0.3339801428373903,-3.7070227529995e-16,-2.896988204881268e-16,0,0,0.1893299762637254,0.3326712850067609
1008,0.755863,0.6885339999999999,0.19056697032647207,0.3431884528254159,1.4227443008441032e-16,4.510281037539697e-16,0,0,0.1897963245668865,0.3419962911468159
1009,0.766317,0.7149889999999999,0.19115046079969034,0.35234544868580997,-2.734357879008442e-16,-2.706168622523819e-16,0,0,0.1904378113170512,0.3512614018551589
1010,0.407409,0.0265291999999999,0.2607864590245299,0.026424408017192036,9.27318118126852e-16,-5.551115123125784e-17,0,0,0.2577919478650755,0.0265431544689068
1011,0.439551,0.0265291999999999,0.25504245041520335,0.024631475447677076,-5.692603506635141e-16,1.873501354054952e-16,0,0,0.2521612534540342,0.0246076713588529
1012,0.4255309999999999,0.0530583999999999,0.2553365017520264,0.050406260532326996,4.349819116011844e-16,1.6653345369377348e-16,0,0,0.2518758273108034,0.0503107919547402
1013,0.471694,0.0265291999999999,0.25011083636491094,0.023115055228117853,7.408353444593453e-16,1.3183898417423734e-16,0,0,0.247313160572495,0.0230082544235989
1014,0.4436539999999999,0.0795875,0.2493822290271055,0.07200554438168183,-4.901678021806966e-16,-1.1102230246251563e-16,0,0,0.2456078820958935,0.0715992950048262
1015,0.18409,0.179505,0.2096385715813085,0.2798825242498424,-4.597017211338538e-16,-2.9750507613002237e-16,0,0,0.2030432768076887,0.2736380263924034
1016,0.178454,0.207069,0.18651567870256258,0.29901506478199735,5.026361271642799e-16,1.4224732503009818e-16,0,0,0.1814856284257724,0.2912070122130354
1017,0.189727,0.1519409999999999,0.23400942517037038,0.2546164649538696,6.310056643865636e-16,4.614364446098306e-16,0,0,0.2261353292755738,0.2513990379750264
1018,0.2080529999999999,0.1798009999999999,0.2176625979336677,0.2610845926392358,9.844555726168381e-17,6.591949208711867e-17,0,0,0.2110427077922295,0.2566721049674745
1019,0.195363,0.124378,0.25835827575065196,0.22211134975077584,-4.822531263215524e-16,5.898059818321144e-17,0,0,0.2503805645485929,0.2227923693095953
1020,0.232015,0.180097,0.2232281185570173,0.24398710812965874,1.6479873021779667e-16,1.9081958235744878e-16,0,0,0.2169688647248031,0.2407560971757875
1021,0.226378,0.20766,0.20421656846883707,0.2657056326715974,-3.0704605524789486e-16,-2.376571162088225e-16,0,0,0.1985988768538265,0.2608213259017669
1022,0.150153,0.494288,0.06960910558700562,0.3577267666114494,-1.1796119636642288e-16,-5.967448757360215e-16,0,0,0.0686744445603583,0.3536042089233295
1023,0.123166,0.502684,0.05700279161101207,0.36226925533264875,-2.289970513560946e-16,-4.3628295420816693e-16,0,0,0.0562827605202398,0.3581138630251134
1024,0.121258,0.481916,0.058700291585410014,0.360446067614248,1.9542066532693412e-16,-4.553649124439119e-17,0,0,0.0579566820982593,0.3560706830655101
1025,0.0961782999999999,0.5110799999999999,0.044303607697656844,0.3659884103690274,-8.890457814381136e-18,4.40619762898109e-16,0,0,0.043831033046213,0.3618259413820023
1026,0.0923622999999999,0.4695429999999999,0.046666582697071135,0.3630345966666937,2.552211914030877e-16,5.551115123125784e-17,0,0,0.0461850430504243,0.3583164453270641
1027,0.2733329999999999,0.482609,0.11716479211463593,0.33346098840411287,1.3400738851920835e-16,-1.5612511283791264e-16,0,0,0.115322324103535,0.3297203978729892
1028,0.249609,0.5061069999999999,0.10511394354398362,0.3429997978055326,1.1882855810441126e-16,-8.88178419700125e-16,0,0,0.1035549521603548,0.3393513624950958
1029,0.2970559999999999,0.45911,0.12926045307540335,0.3227944217505865,1.7542391150815462e-16,3.989863994746656e-16,0,0,0.1271140479926294,0.3190079730134818
1030,0.316906,0.49045,0.12852985944482498,0.3266200248908717,-2.0317948712378356e-16,-4.40619762898109e-16,0,0,0.1265525585177768,0.323159503267316
1031,0.32078,0.435611,0.14123658499011071,0.31093489535851404,2.387413183813081e-16,-2.7755575615628914e-16,0,0,0.138838659554086,0.3071907965262993
1032,0.3604789999999999,0.498292,0.13845870332443155,0.3203757393057458,-2.905661822261152e-17,-1.52655665885959e-16,0,0,0.1364104160987306,0.3171491290171882
1033,0.336755,0.521791,0.12828040358726867,0.3311188594234409,5.854691731421724e-17,-8.326672684688674e-17,0,0,0.1264581050391939,0.3279718268388063
1034,0.27743,0.7089389999999999,0.08998125018842984,0.38270403997739777,1.7401444868392346e-17,3.434752482434078e-16,0,0,0.0890467935968642,0.3807537909575455
1035,0.2712769999999999,0.6820469999999998,0.09028466629388276,0.3772262273123488,-1.7553233172540314e-16,2.4286128663675296e-17,0,0,0.0893100807905775,0.3750414662200578
1036,0.2456919999999999,0.6867339999999998,0.08238457347033545,0.3803213892970234,3.604972223514303e-17,-2.0816681711721685e-17,0,0,0.0814914450392233,0.3780660089509054
1037,0.265124,0.655154,0.09080291060672607,0.37192104413406923,-3.008661028647275e-16,1.3877787807814457e-17,0,0,0.0897817911492729,0.3694998548368145
1038,0.2262609999999999,0.7183129999999999,0.07437352031411137,0.38828507912694477,2.2280354644577122e-17,-3.0184188481996443e-16,0,0,0.0736070039064298,0.3862217130864589
1039,0.615589,0.5759229999999999,0.17641864821780473,0.3111495810444467,-2.2356248796651096e-16,-5.967448757360215e-16,0,0,0.1750273139882175,0.3093089324009867
1040,0.60406,0.552193,0.17691034483141266,0.30348928284365684,3.732908079867592e-16,4.926614671774132e-16,0,0,0.1753840002145223,0.3015517991361569
1041,0.57399,0.5597739999999999,0.1714759244932793,0.3094165523070842,1.7005711075435135e-16,3.469446951953614e-16,0,0,0.1699016210058438,0.3073929729257547
1042,0.592531,0.528463,0.17765801385394298,0.29579622065648437,-2.544622498823479e-16,-5.447031714567174e-16,0,0,0.1759747579611561,0.2937831370253868
1043,0.5554489999999999,0.5910849999999999,0.16517320738057606,0.3224259922862984,8.848173929654201e-16,1.769417945496343e-16,0,0,0.1637513501337684,0.3204363968882609
1044,0.5439199999999998,0.567355,0.16566708611208014,0.31542354315752164,-4.904659577781301e-16,-2.940356291780688e-16,0,0,0.1640822287561359,0.3133159830611407
1045,0.581002,0.504734,0.1786724191333633,0.28805613558506593,5.73597159353456e-16,3.9985376121265404e-16,0,0,0.1768139608976173,0.2859882709879937
1046,0.289497,0.132978,0.2535716565907933,0.1679563971265452,-7.20127082964872e-16,-3.469446951953614e-16,0,0,0.2474873602979842,0.1665754738199917
1047,0.2581189999999999,0.130111,0.2565830349049065,0.1822960120771313,6.839282829310122e-16,4.891920202254596e-16,0,0,0.2500502411028088,0.1810874454422367
1048,0.245067,0.1551039999999999,0.2411705412378069,0.21485148156352807,-1.3782378016635732e-15,-1.1830814106161824e-15,0,0,0.2346595962903719,0.2127761410970603
1049,0.226741,0.127244,0.2585196756172081,0.20005330594722182,9.870576578308032e-16,9.818534874028728e-16,0,0,0.2514431082927065,0.1994056204457742
1050,0.2633929999999999,0.1829629999999999,0.22636146226432174,0.2260359649280872,1.882174971434836e-16,4.3715031594615534e-16,0,0,0.2205252902524868,0.2230179999754923
1051,0.5311799999999999,0.5179719999999999,0.16942117967118975,0.2993766042054631,-4.520038857092068e-16,-4.163336342344337e-16,0,0,0.1674960217913522,0.2970937642704829
1052,0.556091,0.511353,0.17419244673510548,0.29368307878030464,-1.3243529536910434e-16,1.3877787807814454e-16,0,0,0.1722902050029188,0.2914995367802019
1053,0.5375499999999999,0.542664,0.1674093024339527,0.307461760181468,1.7802599672211983e-16,1.873501354054952e-16,0,0,0.1656598740113715,0.3052611725473719
1054,0.0245216,0.5615339999999999,0.010428990754007827,0.3746620300516952,0.0,3.7686867515596124e-16,0,0,0.0103316628202278,0.3711527479828551
1055,0.0245216,0.529391,0.011068620846629074,0.3716936363634886,-1.186794803056945e-16,-6.349087922075114e-16,0,0,0.0110170345386948,0.3679700150134641
1056,0.0490432,0.5409249999999999,0.021579208620096324,0.3719264324463438,1.5024331605217878e-16,1.3530843112619095e-16,0,0,0.0214119666966228,0.3681614343607814
1057,0.0245216,0.497248,0.01181459786312189,0.36944689103984274,-3.6023972433546487e-16,5.924080670460795e-16,0,0,0.0118146189682234,0.3654725164281005
1058,0.0735646999999999,0.5203149999999999,0.03351454752191785,0.3686790738720447,3.9271157940140573e-16,-7.428953285870674e-16,0,0,0.0332407009851111,0.3646613937023737
1059,0.944466,0.975716,0.2160163593289326,0.44153050385648385,-1.157995682850299e-16,6.93889390390723e-18,0,0,0.2158713255168613,0.4414582421497386
1060,0.975716,0.975716,0.22106886596884578,0.44152268758625723,1.7956262036755754e-16,6.93889390390723e-17,0,0,0.221011806365447,0.4414402612496288
1061,0.913216,0.975716,0.21090979171276558,0.4415796951507218,5.283427300805006e-16,2.4806545706468337e-16,0,0,0.210704567478762,0.4414883990968904
1062,0.920182,0.951432,0.21208005146763753,0.4331342399818823,3.376646022252433e-16,-4.2153780466236407e-16,0,0,0.2118979310339318,0.4329510802786434
1063,0.881966,0.975716,0.20575318255578168,0.4416229437920265,-2.701425238019195e-16,1.873501354054952e-16,0,0,0.2054994368700659,0.4415290191574471
1064,0.8958979999999999,0.927148,0.2081842457409948,0.4247434455319308,-1.9526142313285036e-16,-2.012279232133096e-16,0,0,0.2079588202191032,0.4244894510879555
1065,0.927148,0.927148,0.2132575337018352,0.4246339207747951,-2.7021028643769984e-16,2.4286128663675294e-16,0,0,0.2131051655523718,0.4243825346813941
1066,0.975716,0.944466,0.22107219503232045,0.4305948012333829,-1.7326567155855066e-16,2.706168622523819e-16,0,0,0.2210294423459023,0.4304129690534289
1067,0.951432,0.920182,0.2171922074194299,0.4221381600946188,1.594751281443034e-16,-3.3306690738754696e-16,0,0,0.2170949945295361,0.4218591031698488
1068,0.975716,0.913216,0.22110179370065453,0.4196527402382344,1.0199462531067931e-16,-9.367506770274758e-17,0,0,0.2210586927828318,0.4193494696763342
1069,0.927148,0.8958979999999999,0.2133559148205677,0.41368186939507723,-9.47220004255539e-17,-6.158268339717665e-17,0,0,0.2132085576403042,0.413333800753932
1070,0.975716,0.881966,0.22114777522801887,0.4086557513801381,2.616747354282182e-16,2.706168622523819e-16,0,0,0.2210979288516069,0.4082334740676565
1071,0.324606,0.137938,0.24899408454075456,0.15670723673247267,7.507015842289632e-16,-1.5612511283791264e-17,0,0,0.2434041513164708,0.1551615997828014
1072,0.311554,0.1629309999999999,0.23894901567837223,0.1844576189032523,2.1510571102112408e-16,6.93889390390723e-17,0,0,0.2333145750050822,0.1822609967008809
1073,0.3336109999999999,0.192885,0.2263400294468738,0.1977974689216353,-4.8572257327350605e-17,2.5673907444456745e-16,0,0,0.221169628708063,0.195163097173632
1074,0.2985019999999999,0.187924,0.22691081737866625,0.210501649955404,6.245004513516506e-17,-4.8572257327350605e-17,0,0,0.2214065737284046,0.2076714632495794
1075,0.3687199999999999,0.1978449999999999,0.22520837013144046,0.18744184920797125,4.34114549863196e-16,-1.5092094240998222e-16,0,0,0.2203684552067009,0.1850249314904601
1076,0.3556679999999999,0.222838,0.21566050947876647,0.2090961665380746,-7.112366251504908e-16,-6.93889390390723e-18,0,0,0.210903209008524,0.2062373442508966
1077,0.2854499999999999,0.212917,0.21328599692787975,0.2343718415359035,-2.389581588158052e-16,4.163336342344337e-17,0,0,0.2080771697502019,0.2309071077343841
1078,0.974166,0.0559693,0.22510624094866216,0.03283048608864192,1.8041124150158796e-16,1.7015197844444383e-16,0,0,0.2249583370884922,0.0326355389733418
1079,0.974166,0.0247193,0.2251590946689248,0.014498357588308863,-5.040616836145087e-16,-3.0184188481996443e-16,0,0,0.2250022905782665,0.0144310574536177
1080,0.974166,0.0872193,0.2250452812295407,0.05101435925462283,-1.6923506527904107e-16,6.93889390390723e-18,0,0,0.2248807085186801,0.0507165991975754
1081,0.948332,0.0806887,0.2251393087208271,0.04732193191011902,1.9197493529750362e-16,1.1102230246251563e-16,0,0,0.2248136782354543,0.0470550499620031
1082,0.974166,0.118469,0.22494881873717532,0.06902133012772538,-8.296857124945321e-17,3.2959746043559335e-17,0,0,0.2247745560548022,0.0686152369817389
1083,0.922498,0.105408,0.22501130227465183,0.06187655031681061,4.791495976028126e-16,2.1684043449710086e-16,0,0,0.2245201983312804,0.0615207426628221
1084,0.922498,0.074158,0.22528762312140316,0.04367151582846418,2.536186050668826e-16,-1.5352302762394743e-16,0,0,0.2248059060432178,0.0434328822746868
1085,0.0247237,0.974162,0.007478832412743941,0.44476122334890533,1.4812149851930675e-16,3.5041414214731503e-16,0,0,0.0074036032394895,0.4445584637723951
1086,0.0559737,0.974162,0.016909052719711326,0.44474516507034423,-1.4708896535660376e-16,-3.677613769070831e-16,0,0,0.0167459665005673,0.444528699836765
1087,0.0806974,0.948323,0.024390754566411488,0.43939986190162017,-6.651241515019668e-17,-9.80118763926896e-17,0,0,0.0241735886028849,0.438992062169341
1088,0.0872237,0.974162,0.02627581256092526,0.4446790240072005,-1.838908528489086e-17,3.0270924655795284e-16,0,0,0.0260331064484929,0.4444748105532503
1089,0.0741711,0.922485,0.02252358285477385,0.43415241423645057,-2.8938033609995917e-16,-2.740863092043355e-16,0,0,0.0223427559984807,0.4335618799579406
1090,0.105421,0.922485,0.031943099325872026,0.43395242738006345,-6.502841342660715e-17,-4.232725281383409e-16,0,0,0.0316610275223798,0.4333605835486072
1091,0.118474,0.974162,0.03556217190634925,0.44459814639776596,-2.170200054819188e-16,2.2551405187698487e-16,0,0,0.0352367857118031,0.4444000505307654
1092,0.942023,0.0247193,0.22540467415819876,0.014561484305886552,-2.2466024266615254e-16,-1.0408340855860844e-16,0,0,0.225019249229133,0.0144787102669763
1093,0.916189,0.0494387,0.22549413132946938,0.029207133629824966,-2.6617163334519134e-17,-1.9775847626135598e-16,0,0,0.2249690490537024,0.0290513940661909
1094,0.90988,0.0247193,0.22566834755707532,0.014640091671026312,7.293258607720537e-16,2.0296264668928643e-16,0,0,0.2250872106823773,0.0145640076300052
1095,0.0247237,0.942019,0.007522828040237073,0.43825486990681384,2.9837243786801077e-16,2.0428232402110863e-16,0,0,0.0074365301293649,0.4378060263041768
1096,0.0247237,0.909876,0.007559311969089322,0.4318185397714842,-2.5547572480373766e-16,3.816391647148976e-17,0,0,0.0074950419699818,0.4311080732895319
1097,0.0494474,0.91618,0.01506598896230571,0.433007435327454,3.288351307830645e-16,4.1286418728248004e-16,0,0,0.0149468351911386,0.4323506794303735
1098,0.267701,0.5307119999999999,0.1068528255855199,0.3450091281774803,-1.3509159069169383e-16,8.257283745649603e-16,0,0,0.1053386531312504,0.3416479153203783
1099,0.311274,0.5385539999999999,0.11857106967363507,0.33965783812163863,1.0809495659680479e-16,1.006139616066548e-16,0,0,0.1169400380185992,0.336532458761814
1100,0.2857919999999999,0.555316,0.10863364630495198,0.3475726396864047,6.765421556309549e-17,1.0755285551056204e-16,0,0,0.1071853815332357,0.3444756095521653
1101,0.3563779999999999,0.137471,0.24660336124361493,0.14422107365680858,-4.607859233063394e-16,1.3877787807814457e-17,0,0,0.2413515491945937,0.1426857086762608
1102,0.388149,0.1370039999999999,0.24396235501626506,0.1336874268599786,-2.5175174445113413e-16,2.1163626406917047e-16,0,0,0.2390704204874763,0.1322912308928409
1103,0.378435,0.1674249999999999,0.23537042795214802,0.16148715635063127,2.623769257414921e-17,5.204170427930421e-18,0,0,0.2304311174946346,0.1595523694282574
1104,0.41992,0.1365369999999999,0.24130449461517856,0.12479986454127356,3.012997837337217e-16,-1.942890293094024e-16,0,0,0.2367619539442244,0.1235525598479157
1105,0.400492,0.197378,0.22550685988971964,0.17633289517834783,3.1051550219984847e-16,1.8041124150158796e-16,0,0,0.2208744001840503,0.1741200492396531
1106,0.451274,0.494118,0.15885985491331667,0.30287923448486254,1.0191500421363742e-16,-6.245004513516506e-16,0,0,0.1566948855502839,0.3001336954339059
1107,0.421381,0.5015509999999999,0.15168374928180128,0.3104344124440104,-4.40619762898109e-16,-2.203098814490545e-16,0,0,0.1495753249050266,0.3075393291227728
1108,0.4325419999999999,0.480903,0.1574717597104609,0.3016287937643938,-2.0242054560304368e-16,4.527628272299467e-16,0,0,0.155237827550358,0.2987003510498892
1109,0.3914889999999999,0.508985,0.1439252798736561,0.3179408360447269,1.8691645453650094e-16,-2.706168622523819e-16,0,0,0.141885994621755,0.3149213923301623
1110,0.41381,0.4676879999999999,0.15612835317733698,0.3006675755023025,1.3921155894713874e-16,4.0245584642661925e-16,0,0,0.1538312106745714,0.2975389368691344
1111,0.5299869999999999,0.0229101999999999,0.24286466305784415,0.01807454985100776,3.2770010663374367e-16,1.8041124150158796e-16,0,0,0.2403257263869729,0.0180388954431481
1112,0.497844,0.0229101999999999,0.2466986435756553,0.019038927275687456,-7.852334234226267e-16,1.3877787807814457e-17,0,0,0.2440279841501596,0.0190092265480186
1113,0.56213,0.0229101999999999,0.23959459007710393,0.017281254869885743,-1.4907779871675686e-17,-5.204170427930421e-17,0,0,0.2371896030238483,0.0172035057341146
1114,0.542116,0.0458203999999999,0.24071463389554992,0.0354215512634255,-7.690246009439683e-16,-1.3877787807814457e-17,0,0,0.2380421655710858,0.0352776968279458
1115,0.5221029999999999,0.0687306,0.2412372163234977,0.05442883324576542,6.165857754925064e-16,0.0,0,0,0.2382354514638735,0.0541594194709194
1116,0.490827,0.1782759999999999,0.22810573913739063,0.14005591883324087,-4.0115480381963664e-18,1.2836953722228372e-16,0,0,0.2241592271169966,0.1385254980919108
1117,0.4965789999999999,0.1506039999999999,0.23293594433926046,0.11952091328566894,1.7856809780836258e-16,-1.4918621893400539e-16,0,0,0.2291326741260371,0.1183479766265216
1118,0.476181,0.126551,0.23849026567768306,0.10523024114081636,1.0874547790029608e-15,-1.52655665885959e-16,0,0,0.2346121227263453,0.1042893563298979
1119,0.5023309999999999,0.122932,0.23693514257320203,0.09824571933131665,-5.212844045310304e-16,2.636779683484747e-16,0,0,0.2333366450916704,0.0974169299336123
1120,0.4500319999999999,0.13017,0.24006820251815952,0.11297399463364854,-8.789627012339983e-16,-1.960237527853792e-16,0,0,0.2358924939071799,0.1119357710713546
1121,0.455784,0.102498,0.24444770778063685,0.08953457040479407,-1.4902358860813256e-16,-4.8572257327350605e-17,0,0,0.2405630659787273,0.0888664557453948
1122,0.508083,0.0952598,0.24002557444327977,0.0764065901748836,5.518589057951218e-16,-6.245004513516506e-17,0,0,0.2366745880816037,0.0758944433597535
1123,0.296173,0.275397,0.18648976180702448,0.26296543155331165,-2.012279232133096e-16,3.0878077872387166e-16,0,0,0.1821359570664428,0.2588556929771395
1124,0.3160049999999999,0.257877,0.19748350675217807,0.24577001185389236,-2.8189256484623115e-16,-2.60208521396521e-16,0,0,0.1929236515918301,0.2420919379888601
1125,0.300727,0.235397,0.20482242776779458,0.24035589568666182,-2.593411596585326e-16,-6.93889390390723e-17,0,0,0.1999246860626177,0.2367373900997724
1126,0.335837,0.2403579999999999,0.20723483141046017,0.22772121499292552,6.852157730108388e-16,2.4286128663675294e-16,0,0,0.202552338204908,0.2244615278283576
1127,0.265618,0.230436,0.2008992860210128,0.2552640520152636,-5.000340419503145e-16,-4.492933802779929e-16,0,0,0.195811056318521,0.2511397386393579
1128,0.5542799999999999,0.7548719999999999,0.15245866736222524,0.37591016822261736,-2.5156200907094917e-16,-1.9081958235744878e-16,0,0,0.151495142234721,0.3746192058687132
1129,0.57383,0.7276099999999999,0.15779630510951392,0.36615369602805004,-4.3682505529440974e-16,1.6306400674181987e-16,0,0,0.1567968989660227,0.3647557870652204
1130,0.587084,0.7465209999999999,0.1592461130931042,0.3714538916829042,-2.1903594389638403e-16,4.1286418728248004e-16,0,0,0.1582827142229487,0.3701824672657694
1131,0.59338,0.700349,0.16310085923760198,0.35606463736621663,2.3733185555707687e-16,-6.175615574477432e-16,0,0,0.1620902375139631,0.3545785345092095
1132,0.6198879999999999,0.7381699999999999,0.16574896054225974,0.3669829059508629,8.478460988836643e-17,4.232725281383409e-16,0,0,0.1648057366213168,0.3657483211501019
1133,0.3943479999999999,0.390124,0.168967292556772,0.27742845797911286,-8.624658875532738e-17,-1.4037707628256066e-16,0,0,0.1660476192334184,0.2740175346675091
1134,0.394154,0.4132359999999999,0.16347754572052509,0.28601572272600606,-2.0166160408230386e-17,2.498001805406602e-16,0,0,0.1607654506682795,0.2826114894356987
1135,0.363145,0.4025429999999999,0.15958859566308092,0.28987883537774906,-5.854691731421724e-18,1.873501354054952e-16,0,0,0.1567829993310877,0.2862456675555514
1136,0.3939599999999999,0.4363469999999999,0.15833647704675968,0.29416060575749725,-3.1019024154810277e-16,-4.319461455182249e-16,0,0,0.1558215324193856,0.2908005105215229
1137,0.3319409999999999,0.414962,0.14914558906821185,0.30200464464724064,1.3617579286417936e-16,5.915407053080911e-16,0,0,0.1465219395180751,0.2981995459734478
1138,0.4607149999999999,0.184644,0.22775547165656462,0.15099386899964884,6.388119200284592e-16,4.649058915617843e-16,0,0,0.2235509398356487,0.1492950506748898
1139,0.430603,0.1910109999999999,0.22695470869075507,0.16305182949872687,-4.435471087638199e-16,3.2959746043559335e-17,0,0,0.222517536449304,0.1611131534560541
1140,0.4403179999999999,0.16059,0.23418362950906157,0.13857680145883933,2.0008951093219982e-16,2.255140518769849e-17,0,0,0.22978760060855,0.137045544689295
1141,0.4838239999999999,0.0494394,0.24716121912933886,0.04190266109071672,-5.325601071248798e-16,-1.700029006457271e-16,0,0,0.2440915215645531,0.0417448216327461
1142,0.4959529999999999,0.0723496,0.2437219021085184,0.059655002085492015,-8.358114547690753e-16,2.706168622523819e-16,0,0,0.2404893337935652,0.0593454516095256
1143,0.469804,0.0759685999999999,0.24645170258008875,0.06548364873742685,4.972151163018523e-16,2.0816681711721685e-17,0,0,0.2429516293532719,0.0651191348465805
1144,0.653478,0.1624869999999999,0.22530195815488696,0.10727754392428324,2.522938455373769e-16,1.1015494072452724e-16,0,0,0.2228768510427699,0.1064441735034514
1145,0.646356,0.19092,0.22274254902731627,0.12541256088297814,1.9862583799934439e-16,-2.636779683484747e-16,0,0,0.2202138401417224,0.1243822728298987
1146,0.6695299999999998,0.203649,0.22136799921281636,0.1307174943649443,5.963111948670274e-18,1.1102230246251563e-16,0,0,0.219034783040089,0.1296804560510156
1147,0.6392339999999999,0.2193519999999999,0.21974500236683525,0.14313628192758188,7.407269242420966e-16,2.012279232133096e-16,0,0,0.2171919515393988,0.1418987008121635
1148,0.699826,0.187947,0.22260326682589948,0.11880049349565525,3.9004173155166016e-17,-2.298508605669269e-16,0,0,0.2205108019653828,0.1179319626806509
1149,0.6927039999999999,0.2163789999999999,0.2202596074785106,0.1359973475919105,-3.4726995584710707e-16,-1.786765180256111e-16,0,0,0.218126786062249,0.1349449203987656
1150,0.632113,0.247785,0.2163550294644665,0.16037566275917925,2.1228678537266174e-16,2.8536201179818477e-16,0,0,0.2138539287589829,0.1589372105918951
1151,0.685173,0.2670779999999999,0.21541942143812776,0.1651149135941523,-3.1008182133085427e-17,5.551115123125784e-17,0,0,0.2133311155345184,0.1638043692389955
1152,0.711702,0.276724,0.2152875985193532,0.16778766331117367,1.5954034968124198e-16,3.469446951953615e-17,0,0,0.2134036857950223,0.1665180953199098
1153,0.6586429999999999,0.257431,0.2157667801657226,0.16264107686583884,-5.204170427930421e-18,1.3877787807814457e-17,0,0,0.2134764432703075,0.1612741329764864
1154,0.688938,0.241728,0.21793207788141444,0.15074394682596903,-4.2424831009357784e-16,2.775557561562892e-17,0,0,0.215810166439061,0.1495550972422966
1155,0.719234,0.226025,0.2196883685537614,0.13925042837490764,5.241033301794927e-16,2.1163626406917047e-16,0,0,0.2177634768274909,0.1382168453291197
1156,0.1385,0.223775,0.15097781361419038,0.3335559793631546,-6.882515390937982e-16,-8.187894806610529e-16,0,0,0.1490736818928942,0.3240467477408954
1157,0.1177789999999999,0.2131029999999999,0.1419222687763977,0.34630628107697703,2.8595832299305175e-16,-9.367506770274758e-17,0,0,0.1413063462204074,0.3365502721145151
1158,0.101787,0.230105,0.11707064881920815,0.3582525160163641,-3.367531947739977e-16,-1.739060284666749e-16,0,0,0.1174945113911667,0.3498453982558945
1159,0.0970591999999999,0.202432,0.12979357573203743,0.36031603545416147,3.6364140865163814e-16,1.3964523981613295e-16,0,0,0.1308241467341243,0.3508690935812227
1160,0.106515,0.257778,0.10683221268845955,0.3561208437604364,3.3133218391157016e-16,1.1796119636642288e-15,0,0,0.1069396685820808,0.3483487084791921
1161,0.0857950999999999,0.2471069999999999,0.09348853021219838,0.36643960763467476,-2.896988204881268e-16,-8.257283745649603e-16,0,0,0.0941338320020374,0.3591203335665002
1162,0.076339,0.1917609999999999,0.1136167059885338,0.37534636646159925,-9.692767422020408e-16,-2.0122792321330962e-15,0,0,0.1161995506438357,0.3670396806825686
1163,0.599206,0.6041969999999999,0.17132657222100534,0.3228287764941342,-1.7992335052396946e-16,4.822531263215524e-16,0,0,0.1700286401326643,0.3210167210593608
1164,0.582822,0.632471,0.16616418946068734,0.33409284404478967,-3.290553593493506e-17,-3.122502256758253e-16,0,0,0.1649493247935051,0.332315744428947
1165,0.5691359999999999,0.611778,0.16557810644735582,0.3282159944064915,-4.0565424283545143e-16,-1.6653345369377348e-16,0,0,0.1642588162076562,0.3263420764564176
1166,0.0226308,0.3044089999999999,0.020025007586809807,0.3757078623457346,2.4286128663675294e-16,1.294103713078698e-15,0,0,0.0203500698837837,0.3711006887234573
1167,0.0226308,0.272266,0.023137185722589493,0.3813610475626774,-5.518589057951218e-17,-4.85722573273506e-16,0,0,0.0238942926152336,0.3767170363850789
1168,0.0452615999999999,0.2838189999999999,0.043368890532292426,0.37559725224855356,9.757819552369541e-18,-4.57966997657877e-16,0,0,0.044124796496484,0.3697991372966209
1169,0.0226308,0.240124,0.02731905330438167,0.38847611294477247,1.1232334506949826e-16,1.742529731618703e-15,0,0,0.0286357235876429,0.3839886904355366
1170,0.0678924,0.263228,0.070145353092812,0.3722555785498116,1.3183898417423734e-16,8.083811398051921e-16,0,0,0.0709394228681062,0.36531573463651
1171,0.0226136,0.444336,0.012454884737962857,0.3674316501710564,1.249000902703301e-16,2.380365869691925e-16,0,0,0.0123908138623374,0.3631690069327231
1172,0.0226136,0.4764789999999999,0.0114455755247036,0.3684450968867168,2.780300946067516e-17,-1.8604909279851256e-16,0,0,0.0114012497241988,0.36433405425386
1173,0.0226136,0.4121929999999999,0.013602116086985916,0.36737207177793607,-1.9983878917981255e-16,-6.349087922075114e-16,0,0,0.0135961418877858,0.362941533460767
1174,0.0452272,0.435101,0.0254061669256771,0.3660939763649367,2.5701012498768883e-16,2.5673907444456745e-16,0,0,0.0252247307730458,0.361478301106266
1175,0.0678407,0.458009,0.03561012659338303,0.3649358829425182,-4.3029951346876256e-16,4.696763811207204e-16,0,0,0.0353531080496315,0.3602506302986993
1176,0.371639,0.477644,0.14500329484872054,0.31213384959846735,4.5861751896136844e-17,1.6653345369377348e-16,0,0,0.1428065452707512,0.3088479853119197
1177,0.3517899999999999,0.446303,0.1467096880223835,0.306821258564014,1.2424956896683878e-16,-5.273559366969494e-16,0,0,0.144325614119783,0.3032687236665896
1178,0.3827999999999999,0.4569949999999999,0.1516408668103395,0.3034064696985297,-3.139849491518021e-16,-1.873501354054952e-16,0,0,0.1492874927293763,0.3000695577239385
1179,0.45432,0.97853,0.12437513004988432,0.4440929592237808,-7.047314121155779e-17,-1.3877787807814454e-16,0,0,0.1236033735480729,0.443954340852819
1180,0.48557,0.97853,0.13138470819103532,0.4439271610463038,3.664806630908346e-16,4.683753385137379e-16,0,0,0.1306160574870109,0.443805605817573
1181,0.42307,0.97853,0.11713134965975769,0.444252559740562,-2.442029868252038e-16,2.2551405187698487e-16,0,0,0.116381478185581,0.444108350585572
1182,0.4398889999999999,0.95706,0.12121401040349156,0.4383070809417404,2.4527363647053324e-16,2.4286128663675296e-17,0,0,0.1204660207313096,0.4380448046266382
1183,0.4567089999999999,0.93559,0.12532571097835898,0.43221217329846695,-5.826231424393981e-17,1.873501354054952e-16,0,0,0.1245918477894436,0.431817412086802
1184,0.978399,0.42398,0.22336090949829668,0.22798169698216952,6.730727086790012e-16,7.497258022737263e-17,0,0,0.2232400354903153,0.2267576979063873
1185,0.978399,0.45523,0.2231699977419339,0.24217433080775663,3.1330901685989315e-16,-4.0939474033052647e-16,0,0,0.2230609518007987,0.2409301954295305
1186,0.956799,0.4417099999999999,0.22151823458261788,0.23627421038690954,-1.3428860345769678e-16,-7.28583859910259e-17,0,0,0.2212691559489385,0.2350475280602457
1187,0.978399,0.48648,0.22299388549254218,0.2560045430873288,7.625879975777827e-16,6.056353335504028e-16,0,0,0.2228923288587041,0.2547557316254316
1188,0.935198,0.45944,0.21945012800279073,0.24457552074454725,-1.7124253336403374e-16,4.662069341687669e-18,0,0,0.2190995710466822,0.2433440594146839
1189,0.601859,0.417042,0.19224786634731572,0.24926244697417133,-1.6263032587282568e-18,-1.0408340855860844e-16,0,0,0.1901891162755264,0.247254321385182
1190,0.635573,0.427829,0.1944009980361443,0.2497601821378339,3.4726995584710707e-16,1.4918621893400539e-16,0,0,0.1925172389796826,0.2478488276948283
1191,0.612325,0.439431,0.19054567195416894,0.25761381987831555,-6.266688556966217e-17,1.769417945496343e-16,0,0,0.1885798744278681,0.2556400238351602
1192,0.680941,0.7145329999999999,0.17753074155189097,0.3558562201214954,-1.5791404642251372e-16,-3.920475055707584e-16,0,0,0.1766299147817191,0.3546378092142055
1193,0.651754,0.709805,0.17284064053092152,0.355747509165667,-2.0331501239534422e-16,-6.591949208711867e-17,0,0,0.1719040543148112,0.3544643775931948
1194,0.6358209999999999,0.723987,0.16932840854860842,0.3614155420800671,1.995203047916449e-16,-6.453171330633721e-16,0,0,0.168389038370247,0.3601589686546091
1195,0.6225669999999999,0.705077,0.1680356590077281,0.3558137124055065,2.960685082514791e-16,2.0816681711721683e-16,0,0,0.1670643513308464,0.3544499665105985
1196,0.6490749999999998,0.742898,0.17072096973424777,0.3670887972111814,7.838781707070197e-17,3.05311331771918e-16,0,0,0.1698218035290442,0.3659341513047213
1197,0.0405335,0.224003,0.05276772593788337,0.3882704172283411,-6.917209860457518e-17,-1.637578961322106e-15,0,0,0.0551004587847875,0.3817214796496857
1198,0.0584362,0.207882,0.08171088219387457,0.38435860484605655,-4.161167937999366e-16,-3.131175874138137e-16,0,0,0.0843052914064569,0.3761227777135673
1199,0.0631643,0.2355549999999999,0.07531794883834664,0.377714226488024,2.2334564753201394e-17,-3.8337388819087437e-16,0,0,0.0767048649808271,0.3703035445553339
1200,0.981323,0.798647,0.22217157245904673,0.3788872597797308,1.1102230246251563e-16,4.512991542970912e-18,0,0,0.222127599006485,0.3781847559085536
1201,0.981323,0.767397,0.22224653130251681,0.3675210051005706,-1.819782524540084e-16,-2.775557561562892e-17,0,0,0.2221958813486842,0.3667073875107492
1202,0.981323,0.829897,0.22210420243936824,0.3901299416902475,-4.598635044267795e-16,3.469446951953615e-18,0,0,0.2220699791255769,0.3895350648456
1203,0.962647,0.816045,0.2192691724485485,0.38521688140463084,9.429551933661137e-17,2.1510571102112408e-16,0,0,0.2191847781901869,0.3845754091561179
1204,0.981323,0.861147,0.22205772477173014,0.40127427922561765,1.3004242729311094e-16,-4.310787837802365e-16,0,0,0.2220213189034296,0.4007790177621415
1205,0.94397,0.833442,0.21631321165477857,0.3915321789099835,2.261035868082739e-16,-5.785302792382652e-16,0,0,0.2161788041233939,0.3909489376975762
1206,0.94397,0.802192,0.2164909264392918,0.38032658706652,-1.8463115964480886e-16,4.683753385137379e-17,0,0,0.2163444883115287,0.3796421182073054
1207,0.8298729999999999,0.981292,0.1970580976922065,0.4436170371482149,3.5712941935314713e-16,0.0,0,0,0.1966887239291648,0.4435477334319376
1208,0.8611229999999999,0.981292,0.20228713224059902,0.4435674896812998,-2.34001322008473e-16,-9.020562075079397e-17,0,0,0.2019889673244779,0.4434979706759408
1209,0.7986229999999999,0.981292,0.19175725645618513,0.4436804167344235,-1.5435650804404566e-16,2.0816681711721685e-17,0,0,0.1913122889472053,0.4436056065986904
1210,0.815995,0.962585,0.19474682019790635,0.4372750420589,-3.4468819942387596e-16,-3.122502256758253e-17,0,0,0.1943675272569475,0.4371398365030799
1211,0.7673729999999999,0.981292,0.18635797261958942,0.44374589080689475,-7.540626109636683e-17,-2.2551405187698487e-16,0,0,0.1858468760554755,0.4436724376852455
1212,0.802118,0.943877,0.19247727881884202,0.4309846757678315,1.391980064199827e-16,-3.6082248300317592e-16,0,0,0.1920772675822027,0.4307742967409247
1213,0.833368,0.943877,0.19775313034188002,0.4308162931120023,9.063930161978817e-17,-8.743006318923107e-16,0,0,0.1974169882021681,0.4306082432527626
1214,0.981405,0.171329,0.22480672353412956,0.09892859947285615,2.8449465006019636e-16,-6.442702003405659e-17,0,0,0.2246662350221563,0.0982993348686588
1215,0.981405,0.140079,0.22490743140224367,0.08133336354512721,3.872600753528771e-16,-6.93889390390723e-18,0,0,0.2247792996323081,0.0808248588231791
1216,0.981405,0.202579,0.22468683001352474,0.11620920186396688,5.763720392886612e-17,1.8388068845354155e-16,0,0,0.2245421195744161,0.1154584216936215
1217,0.96281,0.1864079999999999,0.22447172086685896,0.10741671724827029,-2.2930875948068414e-16,3.816391647148976e-17,0,0,0.2242190353809022,0.106734608457613
1218,0.981405,0.233829,0.22455072141019627,0.13315811558277346,-1.4724312535300402e-16,-1.778091562876227e-16,0,0,0.2244050256448298,0.1322740230305622
1219,0.944215,0.201487,0.22403855487937108,0.11591418940224685,4.777943448872058e-17,-8.413408858487514e-17,0,0,0.2236548441748464,0.1151867639484704
1220,0.944215,0.170237,0.22440181334968656,0.09859051828971133,-1.883801274693564e-18,1.1796119636642288e-16,0,0,0.2240234023941484,0.0979740213942737
1221,0.20258,0.981404,0.059874393089558,0.4458793286321452,-1.6301657289677363e-16,4.163336342344337e-17,0,0,0.0593571603022812,0.4457503124508944
1222,0.23383,0.981404,0.06862831752368947,0.44578663574066013,2.2058432012396487e-16,3.295974604355933e-16,0,0,0.0680293949514587,0.4456450192438966
1223,0.17133,0.981404,0.05094781002844684,0.4459630378696602,3.3600102951683586e-17,5.828670879282072e-16,0,0,0.0505122403873813,0.4458440285206326
1224,0.1864099999999999,0.962808,0.05533382639987394,0.44186791711399565,3.010897195628026e-16,-2.289834988289385e-16,0,0,0.0548862635799547,0.4416051722952076
1225,0.14008,0.981404,0.04188895149854943,0.4460554486613546,5.038829596626382e-17,2.636779683484747e-16,0,0,0.0415126582048942,0.4459273460230865
1226,0.170239,0.944212,0.05081768745003501,0.43796588447730755,2.787348260188671e-16,-4.614364446098306e-16,0,0,0.0504067684188917,0.4375580139556705
1227,0.201489,0.944212,0.05977644505765056,0.437700679525733,-2.4561244964943496e-16,9.020562075079397e-17,0,0,0.0592923564502206,0.4372818900673252
1228,0.494794,0.954974,0.13356503992690705,0.43717004120117053,-7.8984128265569e-17,5.898059818321144e-17,0,0,0.1328346292227591,0.4369246918702532
1229,0.480364,0.933504,0.13065866177203134,0.4312753225094639,1.3548461397921982e-16,3.712308238590367e-16,0,0,0.1299302809985174,0.4308872702313104
1230,0.5040189999999999,0.931418,0.1358757359557785,0.43031392921693623,-7.402390332644782e-17,-1.942890293094024e-16,0,0,0.1351485096269935,0.4299361512318807
1231,0.956293,0.4964899999999999,0.2208538984068582,0.26056079496629536,7.379181629890014e-17,2.498001805406602e-16,0,0,0.2206372042920558,0.2593191493538963
1232,0.934187,0.506499,0.2185611026325205,0.26519670779816806,-1.8735564111965232e-16,9.790345617544104e-17,0,0,0.21826310050617,0.2639629420758554
1233,0.934692,0.4829689999999999,0.21900431108952034,0.2549877593846759,-1.903659962141941e-16,-3.42933147157165e-16,0,0,0.2186825582685098,0.2537494243563808
1234,0.845021,0.6817149999999998,0.2037781073304359,0.33758159971330315,-1.1755462055174082e-16,-6.93889390390723e-18,0,0,0.2032640301977974,0.3365154022575516
1235,0.856306,0.7076409999999999,0.20475335331866518,0.3469778610742651,3.4019553667163915e-16,-1.457167719820518e-16,0,0,0.2043055972108614,0.345985151031838
1236,0.830264,0.703075,0.2010921896144282,0.34594166465103626,-1.5899824859499923e-16,1.52655665885959e-16,0,0,0.2005573317467298,0.3449161248152806
1237,0.867592,0.733568,0.2058575014816597,0.3563006664044224,5.269900184637355e-16,-9.020562075079397e-17,0,0,0.2054842751445801,0.355391560255023
1238,0.8155069999999999,0.724435,0.19833135689259507,0.3541805697605014,1.0448998437329048e-16,-5.204170427930421e-17,0,0,0.1977728813579344,0.3531988722827656
1239,0.8073799999999999,0.846719,0.19440553209278733,0.3976749344728887,-1.316153674761622e-16,2.4286128663675294e-16,0,0,0.1939727368792407,0.3970893674903454
1240,0.77986,0.837347,0.1900184474652633,0.39492558781057596,-2.0082134739862758e-16,2.8102520310824275e-16,0,0,0.1895132602089051,0.3942862637794217
1241,0.802447,0.822574,0.19401716865831986,0.3893751803552732,3.0804894225744395e-16,-2.740863092043355e-16,0,0,0.1935469839835256,0.3887026814008017
1242,0.7572729999999999,0.8521189999999998,0.18594137858599424,0.40041872422443703,-3.806430539689265e-16,5.551115123125784e-17,0,0,0.18540139510917,0.3998153887764666
1243,0.75234,0.827975,0.1856050225906074,0.3922984356759116,-2.335439242169557e-17,-9.974659986866641e-17,0,0,0.1850284611726864,0.3915984794179029
1244,0.762206,0.876264,0.1863678350346163,0.40851673390716314,-6.773010971516945e-16,-3.0878077872387166e-16,0,0,0.1858664165907847,0.408013205575709
1245,0.734686,0.866892,0.18178014736622572,0.4058386259712279,4.984212912187425e-16,2.8449465006019636e-16,0,0,0.1812171071983018,0.4052835274395508
1246,0.724821,0.8186029999999999,0.18114247149787843,0.38978888146812096,-3.784678733603775e-16,5.342948306008565e-16,0,0,0.1805119439950974,0.3890327211514455
1247,0.7474079999999999,0.80383,0.1853523970930837,0.3841486402088776,2.3097572032088065e-16,-1.8041124150158796e-16,0,0,0.1847498448235673,0.3833541856105486
1248,0.848882,0.3135749999999999,0.21817239086522022,0.1778909905697219,3.349100510807723e-16,1.5439038936193583e-16,0,0,0.2172567585818567,0.1767439535536292
1249,0.8377,0.289078,0.21878737029328477,0.16582493291934952,-2.3505503099485736e-16,1.52655665885959e-16,0,0,0.2177529329673598,0.1647384959855685
1250,0.8624439999999999,0.290297,0.21966104494640604,0.1654035552055575,3.361839886334428e-16,-5.898059818321144e-17,0,0,0.2187978744277009,0.1643494599084478
1251,0.826519,0.2645799999999999,0.2195499374938663,0.15348441858077422,-4.071992309312433e-16,3.9898639947466563e-17,0,0,0.2183876857669923,0.1524744849234013
1252,0.876006,0.267019,0.2209561707568355,0.152755496208556,1.3331620963424884e-16,-9.367506770274758e-17,0,0,0.2201458813374965,0.1518016334291684
1253,0.3187889999999999,0.8465209999999999,0.09395337145542726,0.4126384967530612,1.0373104285255064e-16,6.83481049534862e-16,0,0,0.093235738052798,0.4116338555026699
1254,0.295511,0.860082,0.08735365325992461,0.41666779507067986,-3.973872012702495e-16,-1.222980050563649e-16,0,0,0.0866797552842724,0.4157250890342242
1255,0.299505,0.8329769999999999,0.0893396021128865,0.4101127031026408,-5.63717367056682e-16,3.3827107781547733e-16,0,0,0.0886372384220374,0.4089985503668904
1256,0.272233,0.8736439999999999,0.08068951353925513,0.4205219002033118,7.373930025617037e-17,-1.942890293094024e-16,0,0,0.0800644093701417,0.4196411730780171
1257,0.280221,0.819434,0.08464927146269474,0.4077075211389456,-5.944138410651778e-17,-1.3877787807814457e-17,0,0,0.0839548284601576,0.4064880601708457
1258,0.0471352,0.4880129999999999,0.023141763398598414,0.3679887502803467,7.65988834861009e-17,-2.012279232133096e-16,0,0,0.0230383620878853,0.3637652611429481
1259,0.0697486999999999,0.4787779999999999,0.034794066203176044,0.3658625240204856,-1.0987033765424979e-16,-6.626643678231403e-16,0,0,0.0345319848636481,0.3614008302910075
1260,0.0716567,0.499547,0.034102707031706814,0.36711240516160615,-2.571592027864056e-17,5.178149575790768e-16,0,0,0.033826478470881,0.3628837514417492
1261,0.803765,0.1885149999999999,0.22268399473978207,0.11272620497038588,7.085261197192773e-17,1.457167719820518e-16,0,0,0.2213322109337997,0.1120092882877468
1262,0.782877,0.1680109999999999,0.22357273736270145,0.10191224538721144,-1.8648277366750682e-17,3.469446951953615e-17,0,0,0.2220930325917353,0.1012559170028044
1263,0.755955,0.172065,0.22342794365249574,0.10567068961972836,6.987683001669076e-17,-2.2291196666301966e-16,0,0,0.2217579712445343,0.1049758336213663
1264,0.761988,0.147507,0.22464870009571314,0.09086224596831016,-2.5743025332952696e-16,1.0581813203458523e-16,0,0,0.2230285587884885,0.0902916192029898
1265,0.749921,0.1966229999999999,0.22198385297087952,0.12028228074632352,3.806633827596606e-16,1.3530843112619095e-16,0,0,0.2202666750128178,0.1194571726104229
1266,0.729033,0.176118,0.22329585015540943,0.10969698286498897,-4.2988616139050246e-16,-1.3183898417423734e-16,0,0,0.2214311265247774,0.1089510958381617
1267,0.7410999999999999,0.127003,0.22588175762211904,0.07953819225076586,-6.320898665590491e-17,-6.93889390390723e-18,0,0,0.2241214962984987,0.0790816483209944
1268,0.1680369999999999,0.7828509999999999,0.05357652251768741,0.40427744640328456,-3.9782088213924367e-16,1.700029006457271e-16,0,0,0.0530721399293149,0.4026348116714102
1269,0.1885149999999999,0.803765,0.05902503281322424,0.4078083482454531,1.4915911387969327e-16,2.2204460492503126e-16,0,0,0.0584977192416401,0.4063481670557621
1270,0.147559,0.7619369999999999,0.04798026866046712,0.4009299256649683,7.201812930734963e-17,4.510281037539697e-16,0,0,0.0475151587203402,0.3990818856842024
1271,0.1720909999999999,0.7559289999999999,0.055864032518002205,0.3987675351818325,-5.003593026020603e-17,2.1857515797307767e-16,0,0,0.0553211566466099,0.3969099338227433
1272,0.127082,0.7410229999999999,0.04220126458676532,0.3977318914294301,4.536030839136229e-17,6.591949208711867e-17,0,0,0.0418045965756371,0.3956751503580123
1273,0.176145,0.7290069999999998,0.05836264640674926,0.39330944731773343,3.509020331249335e-16,2.5153490401663703e-16,0,0,0.0577724429084995,0.3912383599967617
1274,0.1966229999999999,0.749921,0.06365695160639007,0.3964252508885693,2.710505431213761e-18,-2.012279232133096e-16,0,0,0.0630408082310874,0.394548734438319
1275,0.7923219999999999,0.794555,0.19295409484766424,0.3798009955789894,-2.0654051385848856e-17,4.163336342344337e-17,0,0,0.1924299915902814,0.379019870540896
1276,0.819841,0.803927,0.1971793528064154,0.3825109013123438,2.740049940413991e-16,2.8796409701215e-16,0,0,0.1967226737880568,0.3817877368446108
1277,0.7648019999999999,0.7851829999999999,0.18871413497254252,0.3772268989123404,-4.434793461280395e-16,2.4286128663675296e-17,0,0,0.1881249663220072,0.3763789580785751
1278,0.782196,0.766536,0.19202097854577005,0.3702038991032168,1.4074299451577454e-16,-1.8388068845354155e-16,0,0,0.1914433145623845,0.3693133482686757
1279,0.7372819999999999,0.775811,0.18445478862849995,0.3747858164133504,1.0688200541633663e-16,4.492933802779929e-16,0,0,0.1838010532457483,0.3738731396625567
1280,0.77207,0.738516,0.1912462564650923,0.36057065264321864,3.572039582525055e-16,1.726049858596923e-16,0,0,0.1905943895300086,0.3595757223761368
1281,0.79959,0.747888,0.19526335794944316,0.3630871189525351,-1.2620113287731272e-16,-2.706168622523819e-16,0,0,0.1946973292201374,0.362159720265366
1282,0.168197,0.228519,0.16666316199552966,0.31444020455819555,1.2468324983583299e-16,-4.683753385137379e-17,0,0,0.1628804410218185,0.3058233843221169
1283,0.152205,0.2455209999999999,0.146727495448431,0.32915646766196005,-1.216474837528736e-16,-1.3357370765021415e-16,0,0,0.1444095732705247,0.3206866751534935
1284,0.165911,0.267268,0.14295465902250726,0.3256798689981224,2.2724877535296173e-16,2.8449465006019636e-16,0,0,0.140422327287166,0.3180461356990411
1285,0.136213,0.262523,0.12687099329559715,0.3409994059766177,-1.9689111452336758e-16,3.747002708109903e-16,0,0,0.1256065210611156,0.333114561886037
1286,0.195609,0.2720119999999999,0.15565596413216554,0.3108707094361307,9.345822726825048e-17,-1.994931997373328e-16,0,0,0.1521557359606631,0.3038730835606059
1287,0.179617,0.2890139999999999,0.13963573281944264,0.32307607086841017,1.962405932198763e-16,7.077671781985372e-16,0,0,0.1370206799387873,0.3161072410103194
1288,0.1202209999999999,0.279525,0.10756205363213667,0.3501664502255153,1.0386656812411131e-16,-8.638922910364498e-16,0,0,0.1069536660353023,0.3429859272128472
1289,0.5545069999999999,0.331282,0.20081741751346271,0.21662102776463144,1.7889335846010826e-17,1.5612511283791264e-16,0,0,0.1981766235734752,0.214465108819035
1290,0.5403,0.308792,0.20377868374635,0.20776295301038772,-3.7101398342453957e-16,-1.3530843112619095e-16,0,0,0.2009309281191269,0.2056242152508875
1291,0.5655419999999999,0.3011869999999999,0.20652109351794934,0.1993514563946519,-6.032500887709346e-16,-3.469446951953614e-16,0,0,0.2037699137428464,0.1973400821136703
1292,0.526093,0.286302,0.20716688188258559,0.19860451319254935,2.9072881255198796e-16,2.7321894746634715e-17,0,0,0.2040742160415605,0.1964920693159655
1293,0.5765759999999999,0.271092,0.21181131465709768,0.1813088507624343,-7.759499423207194e-16,-2.5457067009959644e-16,0,0,0.2090187510002971,0.1794826250704778
1294,0.531279,0.240513,0.21592044492717832,0.1717431746656075,-1.419220643783525e-16,2.463307335887066e-16,0,0,0.2125666666923958,0.169870184310271
1295,0.5539279999999999,0.255803,0.21366888312149968,0.1765101322089322,2.5240226575462543e-16,-9.714451465470121e-17,0,0,0.2105958304955427,0.1746643953941835
1296,0.5286859999999999,0.2634079999999999,0.21161327107984107,0.1854684026329778,-2.4264444620225584e-16,2.0816681711721685e-17,0,0,0.2083905796009676,0.1834607930446428
1297,0.8273479999999999,0.855252,0.19756148877786472,0.40034794458188117,1.5326552960798212e-16,-1.006139616066548e-16,0,0,0.1971753355771825,0.3997982968319435
1298,0.804761,0.870025,0.19363271998008713,0.4057566574192606,5.221449900054409e-17,-3.317658647805644e-16,0,0,0.1932144973506253,0.405253630387958
1299,0.802142,0.8933309999999999,0.19291531440103427,0.4137817100272514,7.801376732119446e-16,4.336808689942017e-16,0,0,0.1925018403334537,0.4133656393139388
1300,0.782174,0.884797,0.18964620732003823,0.41111826221458614,6.88197328985174e-17,2.289834988289385e-16,0,0,0.1891909767803052,0.4106601143605746
1301,0.8221089999999999,0.901864,0.1961783649167046,0.41649874759605154,-8.911125418294141e-16,-4.0592529337857286e-16,0,0,0.1958023088532292,0.416121986250255
1302,0.799522,0.916636,0.19224390963790938,0.42175482091261074,6.155625596922232e-16,2.5326962749261384e-16,0,0,0.1918346700304513,0.4214326931133923
1303,0.759587,0.8995699999999999,0.18559760035714135,0.4164120269124396,4.633609034659925e-17,2.775557561562892e-17,0,0,0.1851103467084064,0.4160127749699745
1304,0.8458839999999999,0.808493,0.2012395982455928,0.38367202557856217,-2.176400335993089e-16,-3.261280134836397e-16,0,0,0.2008417873177536,0.3829746124650179
1305,0.869715,0.805404,0.20502701122313738,0.38221943407552317,-3.0705960777505088e-16,3.469446951953615e-17,0,0,0.2046839552153124,0.3815252108972754
1306,0.853798,0.828857,0.20219504565466195,0.39075923670316115,-4.865526655618152e-17,-1.3270634591222574e-16,0,0,0.2018366527059964,0.3901241464081511
1307,0.8856319999999999,0.781951,0.20779734014649875,0.37358796573244035,-1.5070410197548512e-16,-6.904199434387691e-16,0,0,0.2074841742318302,0.3728388336145249
1308,0.8935469999999999,0.802315,0.20876234627212398,0.38081084995064884,7.707051143113207e-16,6.921546669147459e-16,0,0,0.2084801440766576,0.3801230785024923
1309,0.8777169999999999,0.761587,0.20688651967793703,0.3663399760844186,1.3445462191535862e-16,1.006139616066548e-16,0,0,0.2065481460166495,0.3655238711215649
1310,0.901549,0.758498,0.2104925196035765,0.364876109699253,2.687059559233762e-16,6.661338147750939e-16,0,0,0.2102310689335894,0.3640711708931059
1311,0.917378,0.7992249999999999,0.21245658127008937,0.379457363858819,-1.6022475230262343e-16,3.747002708109903e-16,0,0,0.2122362250495384,0.3787683946216148
1312,0.901462,0.822678,0.20977381017291918,0.3880074871121906,-2.225748475500125e-16,-3.9118014383277005e-16,0,0,0.2095283725012516,0.3873817870603475
1313,0.823459,0.204186,0.2221902084420435,0.12068518393789418,-1.5138172833328856e-16,-1.0408340855860844e-16,0,0,0.2209766667935401,0.1199423335424748
1314,0.796537,0.20824,0.2216896993923001,0.1242149385943776,2.6305455209929554e-17,-3.2959746043559335e-17,0,0,0.2202969001347152,0.1234041770449329
1315,0.789309,0.227965,0.22055825998540968,0.1355853935237974,-2.511554332562671e-16,-8.673617379884035e-17,0,0,0.2191225551432704,0.1346754630395707
1316,0.769615,0.212294,0.22117569047259167,0.1279815389716532,2.0296264668928643e-16,0.0,0,0,0.219599865197088,0.1271127408986334
1317,0.809003,0.2436359999999999,0.22012291755527258,0.14310957366251387,1.899522206194604e-16,-5.204170427930421e-17,0,0,0.2188262318108067,0.1421676221668194
1318,0.782081,0.2476889999999999,0.21928676302195527,0.1468241933180252,-1.0430024899310551e-16,1.3877787807814457e-17,0,0,0.2178089517455164,0.1458111721753625
1319,0.742693,0.216347,0.2206455648993142,0.13201647561072605,-1.5791404642251372e-16,-6.245004513516506e-17,0,0,0.2188796119725778,0.1310790875483698
1320,0.213454,0.7941759999999999,0.06674076078343205,0.40485062618972734,-6.177241877736162e-17,3.0184188481996443e-16,0,0,0.0661458305322418,0.403350949922057
1321,0.2094,0.8210979999999999,0.0645921259347233,0.41074327667593025,-1.1394287206464848e-17,-1.1345091532888318e-15,0,0,0.0640418671302395,0.4094349791625482
1322,0.217507,0.7672539999999999,0.06908846329315566,0.39898122890735976,-3.370784554257433e-16,1.1796119636642288e-16,0,0,0.0684471117379116,0.3972854574425362
1323,0.2383919999999999,0.784586,0.07438881504640449,0.40170597191900015,-3.528535970354074e-16,1.942890293094024e-16,0,0,0.0737244672220632,0.4001792015876463
1324,0.221561,0.7403319999999999,0.07166743272682652,0.3931377709377557,-2.45029690981724e-17,2.498001805406602e-16,0,0,0.0709571134845467,0.3912352472287721
1325,0.26333,0.774996,0.0819571967003867,0.3983669973385986,2.641658593260932e-16,-3.989863994746656e-16,0,0,0.0812203590003037,0.3968314836645639
1326,0.259276,0.801918,0.07957010245445417,0.40460084134247154,3.333650629849805e-16,1.9775847626135598e-16,0,0,0.0788872294340979,0.4032323361763227
1327,0.835758,0.780474,0.20014175420510583,0.37388491455931216,2.9676646340001667e-16,1.700029006457271e-16,0,0,0.1996953159240678,0.3730946821547341
1328,0.825632,0.7524549999999999,0.19916683036717586,0.36406218679621816,-2.114465286889855e-16,1.457167719820518e-16,0,0,0.1986702596833993,0.3631719350702124
1329,0.8516749999999998,0.757021,0.2030379216594156,0.3651491915807128,3.607682728945516e-17,4.510281037539698e-17,0,0,0.202618089996866,0.364294181028787
1330,0.8544209999999999,0.184675,0.22322951909154654,0.10858045678469352,1.7665041521577882e-16,2.896988204881268e-16,0,0,0.2222150647723248,0.1079210242835313
1331,0.871936,0.205619,0.22280397301074117,0.11971042997902259,-2.2014725112318168e-16,-1.1449174941446927e-16,0,0,0.221927489054296,0.1189760936820354
1332,0.848203,0.205406,0.22246498643653467,0.12038250814657658,-3.9681799512969456e-17,-4.3021142204224816e-16,0,0,0.221429762364248,0.1196435671382376
1333,0.895669,0.2058329999999999,0.22317429637769237,0.11918490767129697,4.018900284178533e-16,1.1796119636642288e-16,0,0,0.2224526301348282,0.1184555663137734
1334,0.889452,0.2265639999999999,0.22253146767616272,0.13068575953366235,4.737760205854312e-16,3.9898639947466563e-17,0,0,0.221783232377417,0.1298852701643299
1335,0.901887,0.1851019999999999,0.22371864964952692,0.10756104829488322,1.573990503905831e-16,6.071532165918825e-17,0,0,0.2230317822266931,0.1068987802677661
1336,0.919402,0.206046,0.22356381715508178,0.1187962970288936,-2.4357957057602464e-16,-6.93889390390723e-18,0,0,0.2230007909615298,0.1180669848899594
1337,0.906967,0.247508,0.22243472709669732,0.14151284837862477,6.247715018947719e-18,-1.9081958235744878e-16,0,0,0.2217944491732118,0.1406662580830112
1338,0.8832339999999999,0.247294,0.22179044122458436,0.1420460979861673,-5.591501654050868e-16,9.367506770274758e-17,0,0,0.2210206974352094,0.1411739595052415
1339,0.205406,0.848203,0.06262374071593513,0.4166876628733007,-8.006257061401316e-16,9.95731275210687e-16,0,0,0.0620985458240622,0.4155865802426292
1340,0.20562,0.871935,0.06209969888368505,0.42181647384131793,3.981732478453015e-17,-3.712308238590367e-16,0,0,0.0615801569355407,0.4208872878352182
1341,0.184676,0.8544199999999998,0.05642824506867328,0.4185636732436251,4.314311494862944e-16,-8.847089727481715e-16,0,0,0.0559539083992556,0.4174752215086202
1342,0.2265649999999999,0.8894509999999999,0.06767738665803336,0.4252105341292918,4.0420412242975207e-16,-2.2204460492503126e-16,0,0,0.0671310299713813,0.4244153501829071
1343,0.2058349999999999,0.895668,0.061684774002060294,0.4269903683452867,-9.572149930331396e-17,-3.0184188481996443e-16,0,0,0.0611740396967015,0.4262254393263017
1344,0.247294,0.8832339999999999,0.07360149171290686,0.42335151962470263,-3.80641359903032e-16,7.19910242530375e-17,0,0,0.0730221321903189,0.422526631118918
1345,0.247509,0.906966,0.07317293042433448,0.4287444554793183,-3.357977416094949e-17,-2.255140518769849e-17,0,0,0.0726211387673827,0.4280633791943305
1346,0.206049,0.9194,0.061367121888906695,0.43219769379356876,1.1846433393709194e-16,3.183217578417441e-16,0,0,0.0608670354225484,0.4315938697549196
1347,0.1851049999999999,0.901884,0.05563030602206709,0.4286951978428988,-2.382805324580017e-16,-7.979727989493312e-16,0,0,0.0551601417476432,0.4279623639253871
1348,0.764777,0.954051,0.18600049725500867,0.4346245652413927,-2.0379104491170116e-16,-5.030698080332741e-17,0,0,0.1855141955691697,0.4344556287921108
1349,0.762182,0.926811,0.1857558672199957,0.42552197276381776,1.2652639352905834e-16,2.8796409701215e-16,0,0,0.1852647745979066,0.4252407407244184
1350,0.78215,0.935344,0.18912795622600242,0.4282285965164192,9.185225280025634e-17,2.0469737016526324e-16,0,0,0.1886811042234528,0.4279840775943864
1351,0.954732,0.7644309999999999,0.2183331835840363,0.36654602200724185,-2.8283446548357793e-16,-3.122502256758253e-17,0,0,0.2182053319742244,0.3657402236768388
1352,0.936055,0.7818279999999999,0.21543426399875898,0.37301876407582313,7.05747851652283e-17,-5.551115123125784e-17,0,0,0.215258791776773,0.3722686374822217
1353,0.92814,0.761464,0.21441596069780644,0.36566967418184504,-2.7298177824111594e-17,1.6653345369377348e-16,0,0,0.2142206145343308,0.3648579991700461
1354,0.956592,0.2383889999999999,0.22388053860049695,0.13578831640188582,-1.4609624274242172e-17,3.122502256758253e-17,0,0,0.2235815240110396,0.1349205193374515
1355,0.93178,0.242948,0.22319014376262203,0.13856481277616695,2.6515519380848613e-16,6.678685382510707e-17,0,0,0.2227098413329249,0.1377111373267911
1356,0.937997,0.222217,0.2236518660793081,0.12730728284805082,-5.190617900774353e-18,-5.204170427930421e-17,0,0,0.2232198847331939,0.1265165446221093
1357,0.2383889999999999,0.956592,0.07002007104892982,0.4401446627016412,1.8430759305895767e-16,1.9081958235744878e-16,0,0,0.0694449715905263,0.4398145687220289
1358,0.222219,0.937996,0.06569312875217292,0.4361211151262978,5.019178432250082e-17,-2.636779683484747e-16,0,0,0.065163359061074,0.4356471663501941
1359,0.242949,0.931779,0.07153103884047596,0.43446498474804685,2.1258494097009526e-16,-1.3877787807814457e-17,0,0,0.0709706181698458,0.4339513020141727
1360,0.840975,0.225131,0.22160747065208852,0.13154211948858574,-8.966351966455122e-17,2.775557561562892e-17,0,0,0.2205344795704424,0.1307153710323593
1361,0.8584899999999999,0.2460749999999999,0.22118703654268757,0.1422274078358896,3.9025857198615727e-16,-1.4918621893400539e-16,0,0,0.2202538075181473,0.1413291722304451
1362,0.833747,0.2448549999999999,0.22063558065565303,0.14257955184439197,-2.7473683050782677e-16,1.3877787807814454e-16,0,0,0.2195206353042512,0.1416616944207341
1363,0.2303439999999999,0.838613,0.07005506634595804,0.4138503621215932,3.1910780441679604e-16,-1.3877787807814457e-17,0,0,0.0694631747500648,0.412702865282336
1364,0.255282,0.829023,0.0773989088847884,0.4108591414988041,1.32360756469746e-16,3.2352592826967447e-16,0,0,0.0767517222650914,0.4096709219713147
1365,0.251288,0.856129,0.07541457033948973,0.4171066036215052,-9.097133853511184e-17,-1.1969591984239966e-16,0,0,0.0747990429788274,0.4161036907453629
1366,0.6521559999999998,0.837941,0.1676982113858685,0.3982395993662067,5.370866511950068e-16,-1.52655665885959e-16,0,0,0.1669714784173605,0.3974660844306856
1367,0.6796659999999999,0.8475909999999999,0.1724529243656434,0.4006418415228836,-3.995013955065962e-16,-6.765421556309548e-16,0,0,0.1717768782693366,0.3999457099364536
1368,0.702243,0.8330969999999999,0.17684202460804954,0.3952582856290974,2.8441672302904897e-16,-5.828670879282072e-16,0,0,0.1761901554890868,0.394532731076168
1369,0.707176,0.857241,0.17714570398675278,0.4031791028100997,4.0948960802061896e-17,3.295974604355933e-16,0,0,0.176524309816977,0.4025519638117798
1370,0.6973099999999999,0.808952,0.17663631320465356,0.38731954799732193,1.0958573458397235e-16,7.9450335199737755e-16,0,0,0.1759637888260825,0.3864951423998504
1371,0.6826849999999999,0.1506589999999999,0.22562009299872443,0.09756691272195894,-7.762887554996212e-17,-1.734723475976807e-16,0,0,0.2234424614160045,0.0968908749026617
1372,0.7118919999999999,0.138831,0.2257972990628332,0.08833883879196947,-4.177973071672891e-16,-3.9898639947466563e-17,0,0,0.2238399800022935,0.0877822367616567
1373,0.705859,0.163389,0.22433996677864343,0.10367613150810939,2.5003057350231334e-16,2.47198095326695e-16,0,0,0.2223153527311056,0.1029705863061531
1374,0.1516889999999999,0.68168,0.052946589174098335,0.38582746175234206,-8.512342306726817e-17,3.9378222904673516e-16,0,0,0.0523565194050031,0.3833679919679011
1375,0.163917,0.7053439999999999,0.0556793157447828,0.38944776663265657,-3.429873572657893e-16,-2.740863092043355e-16,0,0,0.0550890412015735,0.3871809735574606
1376,0.139385,0.7113509999999998,0.047392905224114656,0.3917904216941679,-2.7647155398380363e-16,-5.412337245047638e-16,0,0,0.0469052624741377,0.3895337900128905
1377,0.149034,0.327583,0.1072271136154086,0.3416796426172368,7.849623728795053e-17,-8.326672684688674e-17,0,0,0.1058099916021923,0.3355069365343995
1378,0.134627,0.3035539999999999,0.1074791783321416,0.34528892624075525,2.5066754227864863e-16,-4.163336342344337e-17,0,0,0.1063697694461135,0.3386624249160648
1379,0.164325,0.3082989999999999,0.1231201099944883,0.3333569495152915,9.671083378570701e-17,2.0816681711721685e-17,0,0,0.1212000666000613,0.3267423309461334
1380,0.848191,0.8496759999999999,0.2010256628273055,0.39814330684021115,-7.701054149846647e-17,6.938893903907228e-16,0,0,0.2006760309183349,0.397576440982367
1381,0.8455719999999999,0.872982,0.2003402560367249,0.4062926266924478,7.177350619218259e-16,-2.463307335887066e-16,0,0,0.1999954959100624,0.4058119851521098
1382,0.863797,0.890711,0.2031619384069927,0.4122749990201555,7.582638943820497e-18,1.5612511283791264e-16,0,0,0.2028572304953081,0.4118754256179281
1383,0.842953,0.8962879999999999,0.1996940242825076,0.414386770746205,4.681720506063969e-16,-1.0408340855860844e-16,0,0,0.1993492830456371,0.4139974543882266
1384,0.8846399999999999,0.885135,0.20657882175873965,0.4101658231811598,-1.6541791130223954e-16,-2.949029909160572e-17,0,0,0.2063285617101938,0.4097600676434801
1385,0.882021,0.908441,0.20601353934034705,0.41830101708183065,6.777025907686933e-17,8.673617379884035e-17,0,0,0.2057548807906269,0.417983132313318
1386,0.840334,0.919593,0.19907554908422753,0.422441158851143,4.0186800556122476e-16,2.8796409701215e-16,0,0,0.1987390174874013,0.4221400754086765
1387,0.8720229999999999,0.8465869999999999,0.2048864201642573,0.39678757946239784,-2.988603288456293e-16,1.734723475976807e-16,0,0,0.2045879386789223,0.3962160989168871
1388,0.895854,0.843497,0.20869608092471026,0.3954547703033313,2.9222636680273357e-16,-3.269953752216281e-16,0,0,0.2084568437728885,0.3948902964745514
1389,0.890247,0.8643159999999999,0.20762901337002404,0.402838509704452,-7.594920921555684e-17,4.44956571588051e-16,0,0,0.2073892383401229,0.4023483228508872
1390,0.919686,0.840408,0.21247433169628493,0.3941604648134671,-1.3331620963424884e-16,-1.4918621893400539e-16,0,0,0.2122887148315074,0.3936015691885482
1391,0.908472,0.882046,0.210423705924768,0.40891766594722867,2.2913935289123333e-16,-1.8041124150158796e-16,0,0,0.2102352183098634,0.4085157179662561
1392,0.8709149999999999,0.163279,0.22394782188348472,0.0960066149418708,4.811824766762228e-16,5.898059818321144e-17,0,0,0.2230577055290574,0.095425656475194
1393,0.887409,0.141883,0.22447223658673465,0.08342845752486028,4.289374844895777e-17,1.43982048506075e-16,0,0,0.2237204044003777,0.0829194461561153
1394,0.894648,0.163493,0.22408677369821817,0.0955844773852732,-2.2179388317264404e-16,-1.006139616066548e-16,0,0,0.2233621918514575,0.0949949692533569
1395,0.903903,0.120487,0.22483855276368558,0.07083588434034027,4.784855237721652e-16,2.9837243786801077e-16,0,0,0.2242204421415602,0.0704091387571847
1396,0.918381,0.1637059999999999,0.22425953822676092,0.09527673225966282,4.241940999849536e-17,-6.93889390390723e-18,0,0,0.2236982603289763,0.0946797689359013
1397,0.163284,0.870909,0.049785695831815246,0.42251406680588843,-5.371672252041143e-16,-1.5140883338760067e-16,0,0,0.0493662212723664,0.4215208083147807
1398,0.163499,0.894642,0.04945663183752913,0.4274985337542603,5.896840090877097e-16,-3.0878077872387166e-16,0,0,0.0490306205779054,0.4266934026527898
1399,0.1418929999999999,0.887399,0.04318999579118099,0.4263175757423596,-2.6721517793620864e-16,-6.973588373426765e-16,0,0,0.0428130519362293,0.4254424689360089
1400,0.163713,0.918374,0.04920249743008753,0.4325206450521364,1.8734335914191716e-16,6.418476861114185e-16,0,0,0.0487805103870897,0.4319030862586418
1401,0.120501,0.903889,0.03662209541653283,0.42999031992258097,-4.775131299487172e-16,-2.706168622523819e-16,0,0,0.0362909435427288,0.4292506021025923
1402,0.725775,0.7287569999999999,0.1842469529947266,0.3588092413265258,-3.3393426912553537e-17,-2.6714741530042824e-16,0,0,0.1834635585639734,0.3576972748733983
1403,0.702627,0.7238769999999999,0.18068791006226093,0.358084098668769,-9.055798645685178e-17,2.706168622523819e-16,0,0,0.1798448689085042,0.3569186183167873
1404,0.748923,0.7336369999999999,0.18776202778099105,0.35964033869095147,2.759294528975609e-17,1.769417945496343e-16,0,0,0.1870448045135192,0.3585848492921628
1405,0.7315279999999998,0.752284,0.18429154925979674,0.36681737191975117,2.9755928623864664e-16,1.6306400674181987e-16,0,0,0.1835777796106971,0.3658067977688955
1406,0.714134,0.770931,0.1807495749089867,0.3738770781783387,7.911965353712969e-17,1.5612511283791264e-16,0,0,0.1800442245035452,0.372923840210083
1407,0.868089,0.957009,0.20349269107100554,0.435197954881005,3.710681935331639e-16,6.245004513516506e-17,0,0,0.2032194227136678,0.4350353406168291
1408,0.854211,0.938301,0.20126736926613376,0.4287998299114406,-7.205438231749212e-16,-1.3877787807814454e-16,0,0,0.2009635079130319,0.4285723406408757
1409,0.875055,0.932725,0.20474670859402977,0.4267748941783793,7.82783804139167e-16,1.769417945496343e-16,0,0,0.204476272538743,0.4265317658873335
1410,0.957039,0.868113,0.21822715073358268,0.4038002627203241,-1.9455160952305123e-16,-1.5612511283791264e-16,0,0,0.2181285749281765,0.4033328237587399
1411,0.932756,0.8750799999999999,0.21434315618535038,0.4063429381349124,-2.7961235215222253e-16,2.298508605669269e-16,0,0,0.2142008958374599,0.4059133604646845
1412,0.938363,0.854261,0.21533144181012176,0.3989633074379526,-1.9803630306805545e-17,2.8449465006019636e-16,0,0,0.2151918708845534,0.3984534008342804
1413,0.955571,0.133548,0.22481095948023722,0.07774364488432184,1.0620437905853319e-16,7.632783294297951e-17,0,0,0.2245159870571627,0.0772832171421766
1414,0.936976,0.148627,0.2245849090977572,0.08650250875507481,-4.418123852878431e-18,-2.1163626406917047e-16,0,0,0.2241597290876205,0.085967502118802
1415,0.929737,0.1270179999999999,0.22479083912912756,0.07426280219806358,-1.7661653389788867e-16,9.714451465470121e-17,0,0,0.2243274265593121,0.0738141386995409
1416,0.133553,0.955566,0.04006476336508058,0.4406405636091222,2.47994306297114e-16,2.1684043449710086e-16,0,0,0.0397197074997624,0.4403027742471065
1417,0.127027,0.929727,0.03832382072141627,0.43528562322035214,-1.163552218984287e-16,-4.163336342344337e-16,0,0,0.037981289611653,0.4347408646702524
1418,0.1486329999999999,0.93697,0.044610051802010275,0.43661567204617313,2.4218366027894955e-16,1.3530843112619095e-16,0,0,0.0442311283065657,0.4361384686807774
1419,0.653047,0.8141019999999999,0.1685814571683295,0.3904545296682045,3.689506111650282e-17,-1.3509159069169383e-16,0,0,0.1678423233612232,0.3895857170847383
1420,0.6539369999999999,0.790263,0.169573190738447,0.3826088808127679,1.5764299587939232e-16,1.7347234759768074e-17,0,0,0.1688030057859475,0.3816404399519728
1421,0.675624,0.7996079999999999,0.17311126494314522,0.3849077929626219,-2.4530074152484533e-16,-1.0408340855860844e-16,0,0,0.1723963981431181,0.3840142696470147
1422,0.6548279999999999,0.766425,0.17068282724358141,0.37468528957106173,-6.397605969293839e-16,-2.0469737016526324e-16,0,0,0.1698551600157699,0.3736205332331616
1423,0.6982009999999998,0.7851139999999999,0.17754739004885778,0.3792630996904336,-2.4540916174209393e-16,-8.673617379884035e-17,0,0,0.1768461959666377,0.3783475375144759
1424,0.686694,0.73806,0.1774186184629798,0.36369802471017465,1.3601993880188454e-16,8.066464163292153e-17,0,0,0.1765808606076673,0.3625743809457097
1425,0.692448,0.761587,0.17742078407900408,0.37149615451926365,1.6918974901636294e-16,-1.3877787807814454e-16,0,0,0.176653454000755,0.3704747728099622
1426,0.670761,0.7522419999999999,0.17408065486233681,0.36923453299095854,-3.188638589279868e-16,-1.1449174941446927e-16,0,0,0.1732477706923669,0.3681416822389526
1427,0.7351619999999999,0.267046,0.21677705834736116,0.1605928958815639,-3.2386474144857624e-16,1.214306433183765e-17,0,0,0.2150300632729897,0.1594207272900945
1428,0.738928,0.241697,0.21878984768409282,0.1464676051036804,-5.402579425495269e-16,-9.367506770274758e-17,0,0,0.2170238568601879,0.1454078365070615
1429,0.758622,0.2573679999999999,0.21810303046368062,0.15360870014410466,1.7401444868392346e-17,-2.1510571102112408e-16,0,0,0.2164925966179432,0.1525230255531054
1430,0.2727299999999999,0.730958,0.08713937630818691,0.387961444852408,4.42381591428398e-16,-4.0766001685454967e-16,0,0,0.0862716772178608,0.3861511721301492
1431,0.2680299999999999,0.752977,0.08446775685297325,0.39317920204484835,2.3109769306528527e-16,7.077671781985372e-16,0,0,0.0836676142193524,0.3915073320826006
1432,0.247145,0.7356449999999999,0.07948980701621622,0.3906334948260337,-3.2038174196946656e-16,-6.591949208711867e-17,0,0,0.0786989298272637,0.3887708036186374
1433,0.19216,0.2288149999999999,0.17845351845608093,0.2985745862388285,8.370040771588095e-17,-1.9081958235744878e-16,0,0,0.1737978330165381,0.2913539716075065
1434,0.216122,0.229111,0.1878407121694181,0.2833598965735291,3.3610267347050637e-16,6.418476861114185e-16,0,0,0.1827694643037272,0.2773751630148782
1435,0.2058649999999999,0.250562,0.1715352736064233,0.2983371756563429,7.32920668600201e-17,-2.9837243786801077e-16,0,0,0.1672145753917514,0.2916554798307334
1436,0.2400839999999999,0.229407,0.19521692057605833,0.26903023704471707,3.378373969464832e-16,4.891920202254596e-16,0,0,0.19006059688636,0.2640666825264196
1437,0.2195709999999999,0.2723079999999999,0.16559275635518134,0.29840400987450266,-1.452830911130576e-16,8.673617379884035e-17,0,0,0.1615843122476927,0.2921966851402574
1438,0.270639,0.274367,0.18090866861166432,0.2740169965545647,-1.843143693225357e-16,-4.718447854656915e-16,0,0,0.1765239761304648,0.2693491992702257
1439,0.2451049999999999,0.273338,0.17403107343125157,0.28585605304397177,3.222248856626919e-16,-2.0816681711721683e-16,0,0,0.1697404301929365,0.280472892059415
1440,0.255361,0.251887,0.18750788556644693,0.2715480689657852,-1.1969591984239966e-16,7.806255641895632e-17,0,0,0.1827432432644041,0.2667080807228171
