node1,node2,node3,Fxx,Fxy,Fyx,Fyy,Pxx,Pxy,Pyx,Pyy
144,441,443,1.2212497819947568,-0.098440606882104875,-0.10279384896436383,1.2903405534537731,2.289568999039437,-0.049779479438133378,-0.057780329294345123,2.326498013665943
441,442,443,1.2247226581233575,-0.10573791288809886,-0.10910276945610242,1.303597036464085,2.3791798021705555,-0.045436314369379616,-0.051816574682938682,2.4148842184949819
441,199,442,1.2223516505572687,-0.11017853637777963,-0.11612579909302667,1.2904437126111832,2.28235942481595,-0.055765315278627714,-0.066656233994670966,2.3191944934526671
443,442,201,1.2106968588338316,-0.1003994913678139,-0.10484014285889742,1.3019746192962822,2.2829259847965182,-0.050825556748261641,-0.05898110647816257,2.3317611249531756
199,444,442,1.2264331162893112,-0.11875462815209037,-0.1232807896070014,1.3054779819939757,2.3838358229606786,-0.049968683906573219,-0.058554952271144017,2.4192778930794732
444,445,442,1.2108295969512373,-0.1128157036240065,-0.11803651416725636,1.3034819351172207,2.2764652803161765,-0.057569491280419438,-0.06712728600041945,2.3265122241461866
444,200,445,1.2143267951068517,-0.12016368999152771,-0.12548023851831314,1.3191219939933108,2.3784668396017605,-0.049976450146155038,-0.060057584896498289,2.4254089262901051
442,445,201,1.2138836754481157,-0.10709533300891527,-0.11143893290701623,1.3158393810736131,2.3745207037530944,-0.045283224674293049,-0.053516596838979635,2.4206151021571141
199,446,444,1.2236549832508761,-0.12395775065763148,-0.13086297110151612,1.2912774312538113,2.276337477107846,-0.063284450202882064,-0.075886080346510398,2.3132695283972713
446,447,444,1.2280915916820532,-0.13328007836302991,-0.13891138563170813,1.3081889885668492,2.3886454656853604,-0.055049520246541445,-0.065735462560694569,2.4241886916324518
446,153,447,1.225098876217519,-0.13888508898375163,-0.14713229561386321,1.2927921730967435,2.2706409455778842,-0.071274935446857507,-0.086271774710062116,2.3079283861228053
444,447,200,1.2108313080023532,-0.12671056542905101,-0.13260010948494738,1.3057868258303928,2.269637969856924,-0.065331178013867952,-0.076075450713170484,2.3214188680384069
201,445,449,1.2003327213503332,-0.10193764441786191,-0.10590694290915614,1.3137338258859952,2.2776280206340154,-0.051886886857536479,-0.059174559261692211,2.3382237321857073
445,448,449,1.2030424502386277,-0.10763124674416513,-0.11267966869654433,1.3279644773231434,2.368845701982885,-0.045056952890230456,-0.054619628473337095,2.4253649197069951
445,200,448,1.1993871367157327,-0.11447694964452171,-0.11876586947206036,1.3165661876716133,2.2710579823272186,-0.058928033052502743,-0.066778589277253053,2.33421183529153
449,448,180,1.1906724543694036,-0.10292304788925843,-0.10575040145051773,1.3253270982602867,2.2759172686393301,-0.052781950000143324,-0.057977388735104413,2.3473890316363564
180,448,451,1.1906371709730106,-0.10284890941415092,-0.11307780531346001,1.3407236474711954,2.3582472925372939,-0.039621021736356982,-0.058956633539758829,2.4267667110840394
448,450,451,1.1878677824516255,-0.11398644890961207,-0.11569425439533809,1.3302011784271319,2.2704770197425987,-0.059699360922658429,-0.062830626739343809,2.3464089940086921
448,200,450,1.2007332603797436,-0.11730546293853195,-0.12659302249188364,1.3330128240117336,2.3661223030368372,-0.046479503032906683,-0.064045483813717718,2.4260660825346978
451,450,203,1.1875013599920479,-0.11321655623612692,-0.12354707058345493,1.3467007828902933,2.3565445988753515,-0.044232993289500255,-0.063741559553675053,2.4291464876503888
200,452,450,1.1980924559160329,-0.12792445242383077,-0.12966481686675912,1.3206607727273432,2.2680186000453193,-0.067964553144364587,-0.071144521740232863,2.3342106631259787
452,453,450,1.1981273021450691,-0.12799767029132969,-0.13833605433884744,1.3388805208564936,2.365119181501067,-0.050448835605655357,-0.069984063904460186,2.4287660901617576
452,202,453,1.1951439194972995,-0.13999542007030663,-0.14145364585104581,1.3263430466895882,2.2611068196804007,-0.075181437984441574,-0.077837975636019491,2.3324377137615708
450,453,203,1.1846881057073428,-0.12453050892450279,-0.12626590420497052,1.3357665580217439,2.2647389542320839,-0.065643486508368709,-0.068817913613447079,2.3457378009577914
200,447,452,1.2132726794416495,-0.13184000578664623,-0.14108091739792883,1.3236054165100679,2.3769822128737252,-0.052377645712078619,-0.069874613270854091,2.4264046836355657
447,454,452,1.2105722408207837,-0.14270025221387006,-0.14470626237421058,1.3090255110377043,2.2642241170894377,-0.077052164418107111,-0.080700570885599759,2.3182635069013702
447,153,454,1.2292019083448178,-0.14750649668060323,-0.1562788148813361,1.3120110992872842,2.3925371786335439,-0.058447513548679775,-0.075091344821329953,2.428938691149551
452,454,202,1.2112641381561047,-0.14415408655566875,-0.15455660220598499,1.3297233249975822,2.3774095101010144,-0.056739767751289638,-0.076421648055445657,2.4302171049698815
203,453,456,1.1839732902721454,-0.1230285184200115,-0.13462969276525527,1.3533407882084152,2.3543279812321933,-0.047774977225941484,-0.069656957501023326,2.4315199824924223
453,455,456,1.1808934003800458,-0.13541312274400497,-0.13733039315497386,1.3424809500661219,2.2588900609832359,-0.071674886100285967,-0.075173617911411472,2.345890809140728
453,202,455,1.194652060949728,-0.13896200129447944,-0.15078647859416971,1.3459517830550336,2.3624513393307263,-0.054358620864012996,-0.076667695625511456,2.4308701461557538
456,455,128,1.1790719181204885,-0.13158587800556099,-0.14586253369270796,1.3604084318241103,2.3439882318164011,-0.050667890943609739,-0.07749405187541103,2.4277531370037435
0,457,5,0.49184634761268242,-0.56704614202497794,-1.1416844239361197,5.6066591023688082,1.7606681372582926,-0.0011723447659686137,-0.4642455433317707,3.1538224459336481
457,458,5,0.64698510016830113,-1.2781910904092411,-0.99066052232544344,4.914376336480192,-1.4529623903219306,-1.1410597077782567,-1.0757323291117378,2.7165120952959967
457,204,458,0.82703364189966777,-1.2423774818011157,-1.4130479418588839,4.8303588955239833,6.4256902151862381,1.0526816268038459,0.74682846956573457,3.7127448058518349
5,458,6,0.82528019637209837,-1.4085979197234373,-1.4390368519537144,5.2423233004254328,7.0280789370080878,1.0728861250328379,1.0186466793818063,3.7838459888340639
204,459,458,0.83724137319187975,-1.2895111507738086,-1.119184019964198,3.4734575017571552,-5.8835654492557854,-3.161193483869094,-3.3447929892938051,1.2369646539886787
459,460,458,1.2441215676853421,-1.5720451572442506,-1.5762328495386824,3.7908281644729147,6.9748459616081222,1.6310139221192328,1.62159997413056,4.3437399256939946
459,205,460,1.1902878744243974,-1.3234758511173501,-1.3481515184183932,2.7376955483943326,-2.7859837419158082,-3.0283414656002527,-3.0153284426002509,0.71451236077075919
458,460,6,0.89224626645336258,-1.7177906744875751,-1.1618411694147097,3.9624677468748093,-7.3489317625699071,-3.590755837361614,-4.3093409223099872,1.0740362013080018
204,461,459,1.0631633665506275,-1.1959355818155863,-1.2855671260719141,3.404542591846889,5.2047103610303163,0.87318035162792018,0.69401131324776655,3.7260136042086658
461,462,459,1.0322015939358309,-1.0683770520996978,-1.1095024646606175,2.6791787819655126,-0.55310160420972565,-1.5443287307835842,-1.5580681693814211,1.7930230934441029
461,154,462,1.129241634963476,-1.0281836343810795,-1.0660038812383572,2.6971956409357283,4.1051870334687708,0.45974591668033193,0.38484533809672694,3.4728271175301475
459,462,205,1.2966243551096319,-1.2794256379629623,-1.2393092009977504,2.7827838120993267,4.6576491543710103,0.69931078824406345,0.78231935427250665,3.7834250740900708
6,460,7,1.3600554351533933,-2.0426125886874242,-1.7050429501865754,4.3396382985281532,9.5691200714098805,2.3782104917630322,3.2468205960775354,5.0969251054030167
460,463,7,1.2999013737885843,-1.7634934539391782,-1.3839062805389073,2.8495412488146625,-7.8894259380147975,-5.951747722570035,-6.8199425711557842,-1.6012127397243185
460,205,463,1.5669865531970917,-1.5850354658113481,-1.4477730504012154,2.806867464806535,5.2344384087865095,1.0449217712851588,1.3428266509434703,4.2582726948547887
7,463,8,2.0567771812198021,-2.2590310337341553,-1.8182882936477167,3.1339374593540903,7.3960778093250834,2.2828130380762257,3.4110882714931154,5.8918433293087302
192,464,466,1.1808339928496587,-0.17763314548727926,-0.1922946419657432,1.36864530257224,2.3157572796582606,-0.07581509388065355,-0.10297191515335724,2.4065269473256965
464,465,466,1.167914787926478,-0.18406647129793097,-0.17534310589561564,1.3770865925106373,2.2795471039446795,-0.099469191587110206,-0.083477277523097915,2.3860196230825736
464,206,465,1.1587548487093748,-0.17108243940880641,-0.18618295123641104,1.3924518579607899,2.3009219191123647,-0.07289640098582395,-0.10080710713707319,2.4145461083222055
466,465,208,1.1769171369336981,-0.16515486913161936,-0.17914551318845096,1.3690987202409968,2.316646827165517,-0.06998356254682836,-0.095953004238979123,2.4092692980398831
206,467,465,1.1471625668823253,-0.17685500252903985,-0.16777038738339112,1.4016206901745569,2.2773723200678271,-0.094711516268739804,-0.07802247258065248,2.404912448909077
467,468,465,1.1556308757936282,-0.15906528019950406,-0.17248826755348823,1.391709646648736,2.2994983318941689,-0.068341303507372164,-0.093181349491798293,2.414508621012561
467,207,468,1.1451014994128479,-0.164308552463031,-0.1551735707692643,1.4003317783037321,2.2794832986553644,-0.088221124883107072,-0.071402384877711,2.407004527391448
465,468,208,1.1643439499523187,-0.17141588974476107,-0.16241445615639893,1.3774302190974508,2.2813515820070602,-0.092895335415967784,-0.076354399317773824,2.3893848838654073
206,469,467,1.1377123619523828,-0.16345952475774261,-0.17713728871466206,1.41489808674946,2.2835643953669438,-0.071098786478638598,-0.096301020098212453,2.419798308549618
469,470,467,1.1280386056177423,-0.16827672726235754,-0.15809142166285728,1.4243822824735135,2.2751193956255107,-0.090058563526744184,-0.071316350337508216,2.4216485084825807
469,152,470,1.1189055179158141,-0.15533075686261988,-0.165721905847243,1.4351983422345373,2.268121216441537,-0.070065643588122228,-0.089159138791658765,2.4249853760325357
467,470,207,1.1360410841585034,-0.15146559381419422,-0.1637518132793101,1.4124912666653042,2.2821511642600809,-0.066379512295792142,-0.089040673416542593,2.4184568940152618
208,468,472,1.1727275952241221,-0.15380402377992564,-0.16601723600122309,1.3698617123595493,2.3142026736589423,-0.06592884954491196,-0.088618767962288347,2.4094640335620134
468,471,472,1.16121735237118,-0.15953573427395362,-0.15019277599673497,1.3777417566495664,2.2829590459172522,-0.086838644199052406,-0.069634279520066955,2.3923458329597818
468,207,471,1.1529511256487019,-0.14781852209344137,-0.15958768919180155,1.3910588594849784,2.2985783220316849,-0.064067673251604507,-0.08587244853091297,2.4147174932589142
472,471,128,1.1685776718536069,-0.14407361058190826,-0.1532610478651204,1.3712961126441545,2.3122874586378548,-0.063398453168529878,-0.08048167888698643,2.410382837707929
147,473,475,1.1404068756352352,-0.2280944729994614,-0.22631178606024083,1.4217009249890662,2.2034590966596674,-0.12727788165367993,-0.12410332093169008,2.359073230481235
473,474,475,1.1500090070816631,-0.20792227537205904,-0.22312850162516362,1.4283883821528061,2.3527151369921273,-0.079559065488216063,-0.1080240268871388,2.4738592499737404
473,209,474,1.1280446501030457,-0.20810664216220509,-0.20395863999137864,1.4285492922063252,2.1999163840784721,-0.11750600836269981,-0.11009809895147099,2.3659000128186118
475,474,210,1.1524374457213391,-0.21886634151375883,-0.21684909545880915,1.4000894433645747,2.2006119150138201,-0.12464616687152658,-0.12105754019599424,2.3402650205048952
209,476,474,1.137404557662097,-0.18844390214532281,-0.20111325372931965,1.4345267113170945,2.3394543879788627,-0.074375101035916213,-0.098071346373018842,2.4709823526731736
476,477,474,1.1397187399187323,-0.19887416633917177,-0.19553293143486883,1.4093756085242735,2.2064980547785251,-0.11236441423442234,-0.10638402851296613,2.3560567732105997
476,206,477,1.1484473101053583,-0.18053770252091728,-0.19187990067118577,1.4170496794193981,2.3462721241873115,-0.071784166162244256,-0.093055768017432428,2.4651612328081853
474,477,210,1.162043087334145,-0.19868676971424881,-0.21249658710220665,1.4092332109993106,2.361136103658426,-0.076307457379054477,-0.10224635525030751,2.4684768758299045
209,478,476,1.1184606537177966,-0.18860292241122245,-0.18294156948691409,1.4346792493614444,2.2063459482956937,-0.10619321644202245,-0.096026844545821666,2.3784538521697751
478,469,476,1.127191735635324,-0.17026118209729785,-0.1808886884573111,1.4389918203687975,2.3263312907218849,-0.069199253472812472,-0.08904956006503878,2.4668467731628798
478,152,469,1.1117367590041534,-0.17039091536138962,-0.16384808932009642,1.4391348637781096,2.2177568563358823,-0.095025422072936072,-0.083200824182741051,2.3923353299065857
476,469,206,1.129507081752323,-0.18069669193290583,-0.17604982730095964,1.4171825613472162,2.2134513823544157,-0.10146641247005278,-0.093102495704596056,2.3703490700840719
210,477,479,1.1638515310101274,-0.20683786375751279,-0.20618723189609867,1.3807954175969801,2.2075804753323029,-0.11748901556811886,-0.11632871661552374,2.3303946290160411
477,464,479,1.1724988682226822,-0.18867150182259665,-0.20085993928256585,1.3919870160476751,2.3668348531253165,-0.073218163326853103,-0.096169881616333719,2.4622794419954599
477,206,464,1.1502933281613605,-0.18885790114637668,-0.1863462316900959,1.3921088480442538,2.2136215886914252,-0.10651790121892951,-0.10201140424942429,2.3480167565469614
479,464,192,1.1734782965657946,-0.19308602279406539,-0.1946045769420266,1.3637925815791991,2.2133813972750285,-0.1088113746934416,-0.11152552256049147,2.3215430578659708
15,480,482,1.3076299852187274,-0.0038441514517408848,-0.00031798729754406452,1.2017642736453045,2.367870496394211,-0.0043399181570333168,0.0022396077248627733,2.3144482363926633
480,481,482,1.3097990454079436,-0.003791160135279914,-0.0065334624991635337,1.2016124262161743,2.3788949085748525,1.57588663788049e-05,-0.0051210326093775365,2.3253992675369934
480,211,481,1.3111599561365419,-0.0091276785461683607,-0.0058614346536600692,1.1989772137111867,2.37154857374692,-0.0068156981155575308,-0.0007172402649555723,2.3151699424842747
482,481,213,1.3060655131989711,-0.0068690221889642356,-0.0038182799169046433,1.2038507777211311,2.3707010188621886,-0.0055275891105950829,0.0001732255756949283,2.319491195564364
211,483,481,1.3126565278901301,-0.0090911164868048844,-0.013360065479535166,1.1987940180944427,2.3784065232991121,-0.0015762659628538352,-0.0095658175108520177,2.3218987817213526
483,484,481,1.3084772924210863,-0.012536298137531729,-0.0093528301480603204,1.2020974102426978,2.3738198633408629,-0.0084373395820239103,-0.0024845265563013773,2.3207402332247589
483,212,484,1.3088045235830446,-0.012528303702824317,-0.016644493265955518,1.2019192709592748,2.3741654106083332,-0.0034261947120452114,-0.011123419147955622,2.320857558273544
481,484,213,1.3070262767998613,-0.0068455502132800383,-0.0097628699661478358,1.2037055481631409,2.3750139455439201,-0.001398112508945535,-0.006857683658987361,2.3236547634945861
211,485,483,1.3144293280613737,-0.01604387340206137,-0.012831093290762041,1.196719438509481,2.3761286757262501,-0.010212630056860801,-0.0042077713124432647,2.3173433662735254
485,486,483,1.3149899944470587,-0.016030176018272502,-0.021727086872414425,1.1965021045629793,2.3772516095290799,-0.0040852505800468564,-0.014736089487031281,2.3181874534276363
485,174,486,1.3172929149139188,-0.025060509747442006,-0.021490324775349734,1.1955737004857756,2.3836974271939622,-0.014817645522942825,-0.0081295606023420383,2.323696013008298
483,486,212,1.3106169467436233,-0.019635215919468041,-0.016385897169778119,1.200905258450998,2.3779395335582088,-0.011969828547971066,-0.0058872057365286154,2.3235512814684465
213,484,488,1.303846026777673,-0.0094672113047221673,-0.00646407109007896,1.2064249358218309,2.3725300050234068,-0.0067769513375769645,-0.0011582932861229807,2.3240053370723448
484,487,488,1.3037939753277008,-0.0094684829498666856,-0.012337152401155294,1.2062814532610879,2.3711533299796868,-0.0027632234043048765,-0.0081273656003070655,2.3224517542844452
484,212,487,1.3053091282126239,-0.0154098047366521,-0.012166187597442146,1.2056110543045353,2.3754879955639092,-0.0098722947806102815,-0.003798813509862959,2.3260615543234269
488,487,182,1.3010645819704654,-0.011718540805642941,-0.0084188255091799391,1.209511644388142,2.3740134380407212,-0.0080771974277536809,-0.0018963395006256732,2.3286695440277896
124,489,491,0.99181602062076024,-0.0010912678707724055,-0.0054921235305413485,1.595667966759837,2.1750930964243551,0.0022858455747112689,-0.0056356442698497879,2.4823484816700017
489,490,491,0.99161773250342655,-0.009400209023261219,-0.0054383776695099972,1.5979200996788776,2.1853183838930379,-0.0072941850052814193,-0.00014249414116408385,2.4891799485938568
489,214,490,0.99439431224540087,-0.0060314186056320551,-0.0097478349156467914,1.5926914876363325,2.184775072252708,-0.00061466202830582836,-0.0073240428787463771,2.4857845411573258
491,490,216,0.99006939912751601,-0.0090050972306441324,-0.012881092648876935,1.5998193705356516,2.1793558875724846,-0.0020308122612785265,-0.0090145420832275398,2.4870798236632137
214,492,490,0.99420850277041239,-0.013818543721642484,-0.0097475515490076381,1.5927033633034524,2.1823830587393944,-0.0096195700325628838,-0.0022753949622386603,2.4844727912066751
492,493,490,0.99392513982913477,-0.013746222224005678,-0.017628431939103777,1.5947147663116734,2.1899575763813508,-0.0043184620755169698,-0.0113366454764777,2.4897354215748071
492,215,493,0.99370365186519027,-0.02302756350430446,-0.017664345634739176,1.5932098210320609,2.1780659200624366,-0.015157978504350151,-0.0054959394381579041,2.4823561705318919
490,493,216,0.98983791157990986,-0.018705206528513152,-0.012864988363150864,1.6004941944444253,2.1798225304027823,-0.013219930571535914,-0.0026964565827303638,2.4876901837261118
214,494,492,0.99764323573727332,-0.0096512077327541856,-0.013322234645134712,1.5883662268625436,2.193517186086706,-0.0024023853563668665,-0.0090480598003062594,2.4879459051878525
494,495,492,0.9974632379450723,-0.017194769914206987,-0.013366641574965588,1.5865051682774942,2.1805361701750265,-0.011213251716259164,-0.0043091269967275754,2.4797151502979813
494,181,495,1.0015628017776734,-0.012220818996482974,-0.016348912645979929,1.582886815073034,2.2023641804440897,-0.0033092525615921499,-0.010803519720770427,2.48952450538438
492,495,215,0.99832890706219768,-0.017415710004174967,-0.021482971975989473,1.5885766557933745,2.2000058943625667,-0.0059183192030745971,-0.013294605454087088,2.4915423924684461
216,493,497,0.98925657342975182,-0.018556857624975942,-0.022494916309264923,1.6029516097225316,2.1862607767534779,-0.0066897139249150056,-0.013797694231326527,2.4925330638446481
493,496,497,0.98898755384836701,-0.029830949543509178,-0.022525637976797741,1.601664123875308,2.1744010401293785,-0.019856104187221869,-0.0067161930539397854,2.4853499522435776
493,215,496,0.99444009888873275,-0.023215526733717073,-0.027437823855792409,1.5957043039619905,2.1980521790331515,-0.0086657365942923448,-0.016315386531802735,2.494582516383816
497,496,173,0.98998237955712209,-0.030084858714082729,-0.035293152291907548,1.6049227740504384,2.2003519495921049,-0.011265505395808617,-0.020701763938455256,2.5010335535871415
193,498,500,1.3696510972225464,-0.39976300121047981,-0.44073655625052943,1.297505129792409,2.3729494323352625,-0.16499219193324433,-0.23736936344506165,2.3384119201952762
498,499,500,1.3368689757844541,-0.40300436289257835,-0.3849525095376567,1.3030208274823547,2.3102807226468132,-0.22359149930987798,-0.19211770995915689,2.2924231628510738
498,217,499,1.3171698468918878,-0.38667279537831067,-0.42511202692774525,1.3363150849682377,2.3344409155883832,-0.16656841023727398,-0.23434029533029521,2.3438959982704768
500,499,219,1.3346896347854593,-0.34892324296126098,-0.38469386698342661,1.2966025207551439,2.3729703190120506,-0.14189738093040993,-0.20616955343357557,2.3548997685306108
217,501,499,1.2928414978104135,-0.38907837316928173,-0.37277310676100939,1.3414903372442915,2.3086256977511157,-0.20909777929430984,-0.1803652490355816,2.3334952751290929
501,502,499,1.2907815967193486,-0.33801282515058151,-0.37232900498599975,1.3304809248917226,2.3363622033734224,-0.14353995498178673,-0.20496777283009238,2.3558394776518523
501,218,502,1.2707575990428346,-0.33999279033176943,-0.32724081795357662,1.3349392274669274,2.3089114191677433,-0.18157970624439013,-0.15882038506269636,2.3416547221196771
499,502,219,1.3072187449271313,-0.35163945185360301,-0.33713537279534833,1.3013049095560216,2.3094096241517836,-0.19365000904629248,-0.16798542129592908,2.3063046146147497
217,503,501,1.271573446294149,-0.37144685977965963,-0.40746651856174915,1.3702516628517944,2.2981687659296424,-0.16635542185861774,-0.22970777390311869,2.3483448328565082
503,504,501,1.2543447117550324,-0.37315036637155696,-0.35818513599572732,1.3751244037874919,2.3067909261959043,-0.19542088671703206,-0.16882101572491548,2.3669452940063729
503,132,504,1.2324285132414898,-0.35498153001879018,-0.38868928460894436,1.4004127713796866,2.2709636418400971,-0.16258612466917399,-0.22184730369363737,2.3578014778783136
501,504,218,1.2523950194076936,-0.32476995393524177,-0.35757927072095436,1.3600902308759313,2.3031646863279174,-0.14302812847647317,-0.20156047862873594,2.3575511230245216
219,502,506,1.3053491366794894,-0.30524627693105977,-0.33702850450957889,1.2986530389934945,2.3688095445572066,-0.12322373366122519,-0.18100835556951189,2.3656377435655278
502,505,506,1.2825854781278476,-0.30749713872483397,-0.29655178443803543,1.3026553614909808,2.3086440184468082,-0.16746349550048711,-0.14787053191323241,2.3191211783388956
502,218,505,1.2689922036054249,-0.2962281232455517,-0.32695526446905832,1.3278602734147729,2.3364208284906911,-0.12441398151041816,-0.18004547716206587,2.3651811276587686
506,505,159,1.2809435851087907,-0.2667941325611487,-0.29656860801876617,1.3030724229573689,2.3680780567725432,-0.10500660026508857,-0.15969904296847298,2.3784756706628221
133,507,509,1.1121948810400051,-0.061183681074751028,-0.054789980493564983,1.4225655012856571,2.2818455817722736,-0.034227973950940044,-0.022334654942026702,2.4332194193732661
507,508,509,1.1139234423116102,-0.06061039677211788,-0.068311730801239534,1.4180809583753948,2.2656385317195933,-0.0252313385986776,-0.03947799568896436,2.4183030180535718
507,220,508,1.1207026332175447,-0.069175596086403779,-0.063722010296716647,1.4122820553110635,2.2853279175301915,-0.037548650507758838,-0.027401094576608886,2.4278286716989785
509,508,222,1.1096669716810639,-0.070574556051335335,-0.064262181978500088,1.427560725295244,2.2821923520344742,-0.038624263600917308,-0.02688427925820136,2.4366365850199436
220,510,508,1.1231784882316895,-0.068354398732425103,-0.077189447877156425,1.4078151442671034,2.2743965606941998,-0.028120356616108871,-0.044494752089198203,2.4164082101112347
510,511,508,1.1185530750679833,-0.079182924350023498,-0.07338374890826671,1.416724642147392,2.2846149141459562,-0.042606788722322209,-0.031822437228917866,2.4300770813704928
510,221,511,1.1213546062868351,-0.078253705954411501,-0.087864210776722906,1.4119217288496344,2.2732322741867863,-0.032506088716543063,-0.050303545705423836,2.4180797275377257
508,511,222,1.1113082114182569,-0.070030201241946699,-0.078280704920697275,1.422911160572192,2.2634121470402864,-0.029605450507262376,-0.044852458898856487,2.4198490858945316
220,512,510,1.1299459466110289,-0.076903996859626567,-0.071863840597399697,1.4010870937239002,2.2879687123064265,-0.041192273844636695,-0.031815039115581312,2.421030312999386
512,513,510,1.1334523442624471,-0.075741019640680918,-0.085533753132196466,1.3965531536396938,2.2838013635379317,-0.03088377558793301,-0.049068164441400136,2.4142335431735082
512,143,513,1.1402960632470944,-0.084386960810098444,-0.079480691149379723,1.3889060807666436,2.2919232092761703,-0.044888739464441274,-0.035759421461451724,2.4142776853485053
510,513,221,1.1285146925429697,-0.087299785686218989,-0.082086731006335345,1.4046224393184428,2.2866921942978475,-0.046399292457467545,-0.036708733492913564,2.422162066588609
222,511,515,1.1067355218709651,-0.080734611289241975,-0.073858804532947797,1.4332625816448932,2.2815558105328506,-0.043840854993354716,-0.031060195676956587,2.439759313051256
511,514,515,1.1085287398383801,-0.080139832579853021,-0.088907296590432061,1.4282712627718697,2.2607882306529166,-0.034365069341762144,-0.05054721637697096,2.4213947348687213
511,221,514,1.116335563822461,-0.090003003173874774,-0.083693776454764723,1.4216844819505905,2.2841831617886745,-0.048124575973811312,-0.036398770637227212,2.4327703290316656
515,514,158,1.1033942199577269,-0.092159455961252412,-0.083758721819831461,1.440323787863214,2.2829523897783099,-0.050133546272546431,-0.034519009182071847,2.4450842927526177
141,516,518,1.4836430441562434,-0.31260422744441163,-0.29838580683217852,1.1300643464632429,2.4001091627473894,-0.17294680269178375,-0.14784376181087144,2.2144683115617463
516,517,518,1.4486821125790736,-0.28362112418527197,-0.3355633982108559,1.1608850918279909,2.4017253580267881,-0.1103857097022537,-0.20309603886429362,2.256019013578511
516,223,517,1.4641716291741413,-0.35452687392942206,-0.33732541091303236,1.1689509879416402,2.410865080586821,-0.18726785222920883,-0.15672773632226722,2.2640785475966987
518,517,224,1.4120736371638765,-0.31265124273169365,-0.29827911990510803,1.1904511146371339,2.3979856503717021,-0.16411072900077051,-0.138231252226794,2.2883073684539625
223,519,517,1.4213612199705441,-0.31903644348208093,-0.37097411205952557,1.1968462337451466,2.358548156061095,-0.13775189314852065,-0.22895848879512648,2.2392282765468403
519,520,517,1.3901483580144776,-0.34378499791144002,-0.32966842138463548,1.2295973520292938,2.4108647838777864,-0.17016104335266491,-0.14458334017924823,2.3358298579922607
519,219,520,1.3492360837639341,-0.30986814799706153,-0.35248778940017056,1.2485149285830719,2.3048005063468819,-0.14571534882233128,-0.22042865973449699,2.2491228179286105
517,520,224,1.3769957498092236,-0.28357118149052596,-0.32616780740951201,1.2135712282393083,2.3459409143176164,-0.12407833152958825,-0.19979945907475372,2.2591339789892388
223,521,519,1.437525412692453,-0.39303756310491345,-0.37537430140413441,1.2169906940133162,2.4252525716976154,-0.19416954576221823,-0.16257536167348141,2.3228665448345174
521,500,519,1.3882356562222609,-0.35217566277940104,-0.4025131028125486,1.2394891415107221,2.3088523868178177,-0.16700617932647266,-0.25387514423829238,2.2258981507913504
521,193,500,1.4050407115974932,-0.42910148852927765,-0.40953671786457591,1.2716400256085416,2.4343781468804653,-0.20056742623539181,-0.16540553995844498,2.3761634788967592
519,500,219,1.3628717586185075,-0.37228763945742394,-0.35819313987127277,1.2746320866121037,2.4206099827272101,-0.17437944955440654,-0.14871712543332283,2.3815809807190949
224,520,522,1.3529609598924817,-0.30262827107398138,-0.29061032784835561,1.2417646127334523,2.4011022399906659,-0.14970780446626542,-0.12770636126652568,2.349103867100411
520,506,522,1.3184279709243409,-0.27399993824763502,-0.30876624300915134,1.2568161213784066,2.3000682914022943,-0.12941591262707142,-0.1910612550821813,2.266186450494458
520,219,506,1.3296542748802809,-0.32539630716781698,-0.31367567130507545,1.2792925115487508,2.4114259189483587,-0.15291540752559796,-0.13134948969207683,2.3890245589147874
522,506,159,1.3037116720251927,-0.28566919636356891,-0.27401307696999044,1.2843735709542869,2.4082487088648818,-0.13474370797293678,-0.1130899172973765,2.3996855795277661
134,523,525,1.2094802478113111,-0.049746542855471976,-0.057193103370254406,1.3010725587060614,2.3130701501935609,-0.020278700944530395,-0.034138556857213856,2.3596777701972451
523,524,525,1.2116349244423259,-0.060743505599770931,-0.058084140536335482,1.3056202028296067,2.3489899259192701,-0.030820873604977483,-0.025810352009975987,2.3937817035729134
523,225,524,1.2124908452442384,-0.060129689097170314,-0.068237419439501679,1.2983388630930994,2.3105864535816862,-0.025347933843970882,-0.040412192664865662,2.3545648260684451
525,524,227,1.2028407356183308,-0.055985823653613043,-0.063165547286200052,1.3083692587844817,2.3057617149179057,-0.023836986847185118,-0.037176148913257517,2.3597990798239943
225,526,524,1.2147570088805564,-0.071695956766582469,-0.069344250248331463,1.3039880144582137,2.3523662614125307,-0.035679815279805044,-0.031247557468686626,2.3947087742137714
526,527,524,1.2050475166398766,-0.066442813802622069,-0.074624447953835826,1.306844768728924,2.303949249175389,-0.028693124747428772,-0.04387234638877073,2.3563140960309634
526,226,527,1.2072611998493614,-0.077742435454016157,-0.075965502404502061,1.3136901058763213,2.3518763219031786,-0.037895050492703308,-0.034544180411845732,2.4020339663685015
524,527,227,1.2049088244572421,-0.066542267015090584,-0.064315150961061107,1.3142373461961583,2.348347307359417,-0.033102627348851305,-0.028904593361586531,2.4001529893166014
225,528,526,1.2156202880832847,-0.071076863247880429,-0.08045423117258288,1.2960205838038306,2.3091198123546297,-0.030299030718770215,-0.047696022901660973,2.3505029053746167
528,529,526,1.2180385184748008,-0.083420584505267126,-0.081735075669476132,1.3025585826227895,2.3556160741489833,-0.040609970996353384,-0.037432889934224195,2.3955552903112749
528,144,529,1.2196080048376463,-0.082295081666384107,-0.094417094356215259,1.2934641117356316,2.3093976707900525,-0.034343499753021423,-0.056806401681842617,2.3474933867482619
526,529,226,1.2073823426146779,-0.077655562111563992,-0.087294229562571601,1.3055661011833326,2.3020752477754813,-0.033691000703319762,-0.051545286079201919,2.3528108014115636
227,527,531,1.1957424084036035,-0.061582945476609474,-0.068927671744088315,1.3167328660953315,2.3005941691532104,-0.026659582625382358,-0.040291691908594732,2.3626616508755007
527,530,531,1.1977626456310393,-0.071894029881001131,-0.070212422193209889,1.3232901011267186,2.3465842286690601,-0.035118447965321306,-0.031948466383814239,2.4058267119153323
527,226,530,1.1971985929285562,-0.072298535597355773,-0.080316529576760942,1.3160440243375904,2.2977169426325119,-0.03193706372259475,-0.046793465055411057,2.3590265102496311
531,530,156,1.1890008234836715,-0.067153606466058946,-0.074584406981015761,1.3256554834306868,2.299987920775195,-0.029236429081442833,-0.043035244705613374,2.3696676119531697
133,509,533,1.1052501025466479,-0.052409269376576972,-0.058868345193442195,1.4277183295531461,2.2563322322670194,-0.022166915756513084,-0.034089935870950508,2.4193573588513146
509,532,533,1.1014937308332975,-0.061217692160026704,-0.054440026505355732,1.4381024198938013,2.2823541962669438,-0.034181632835444731,-0.021566347051608384,2.4446023768820515
509,222,532,1.1020843504147058,-0.060995130372702988,-0.06843275354223266,1.4328295734849119,2.2523217644172493,-0.025949272988519748,-0.039658141609199241,2.4199775918929083
533,532,229,1.0935604381158588,-0.051195249352456784,-0.058050931298485597,1.4426642188922401,2.2446483252035212,-0.021503482622418538,-0.034118988267992312,2.4223938058076451
222,534,532,1.0979727112622113,-0.070636629870592937,-0.063528246389491727,1.4443302916891945,2.2810601119571761,-0.038878157026107502,-0.025656457462778004,2.4476614874530114
534,535,532,1.0894873890425418,-0.059916242070315207,-0.067262767087201247,1.4490484990938359,2.2396303851613442,-0.0257335032251199,-0.039227998366695674,2.4232898567807744
534,228,535,1.0856789259193143,-0.068846039467743037,-0.06184668035967178,1.4617477311984475,2.2772958652203434,-0.037745595327375869,-0.02473730272315261,2.4570906453065637
532,535,229,1.0899091175130611,-0.059757334801310513,-0.053043484019644538,1.4544063243236831,2.2787183735882492,-0.033277633980595328,-0.020790603518545489,2.4534309488302033
222,515,534,1.0985659080932026,-0.070413090714209758,-0.078233014626111874,1.4387889750221419,2.2483888204850215,-0.030553541692694169,-0.044944809697081353,2.4211903923735014
515,536,534,1.0941616573295665,-0.080740743494832845,-0.072867204422352394,1.4513714158605899,2.2801256020745542,-0.044145331874073518,-0.029510313306525315,2.4514091559932178
515,158,536,1.0943117623387479,-0.080684183934023324,-0.087992031270301307,1.4456723817744113,2.2416052923998562,-0.036369642777789368,-0.049784731127627546,2.421068971649655
534,536,228,1.084960897719355,-0.069116592461674564,-0.076661753313744363,1.4561654123657597,2.2331714122344373,-0.030497722105669645,-0.044324985325638028,2.4236971494338215
229,535,538,1.0817029464341914,-0.049389737334810668,-0.056096076247411197,1.4582629399295106,2.2334006327894445,-0.02085955378843124,-0.033162544440968791,2.4262470475541198
535,537,538,1.0782657889165446,-0.057449625678965166,-0.050719045608730084,1.4708716918846791,2.2737390117931229,-0.032086046693494588,-0.019584006636533036,2.4612791535231877
535,228,537,1.0770277831700246,-0.057916153390705105,-0.064852727446631508,1.4655455823211074,2.2277524751666822,-0.025195197160668939,-0.037895275748487833,2.4274103323930882
538,537,148,1.0702958179673603,-0.047380334599583129,-0.053410723151493755,1.4742723673504674,2.2261280602847977,-0.020279988431069609,-0.031321567962709324,2.4329501649425289
136,539,541,1.366150267022789,-0.17082597830828217,-0.19466108355640088,1.1729292373091376,2.352379343624087,-0.0768189192299773,-0.12000710819038918,2.2483238744685434
539,540,541,1.3744948040654834,-0.20902443670746118,-0.19710497366135371,1.1841165367397153,2.4213861556649947,-0.10625504869392277,-0.084110380900877968,2.3321499671011776
539,230,540,1.3921097827035744,-0.19124004002646422,-0.22264094394706468,1.1583349655822444,2.357180442197742,-0.084178582002361446,-0.14065791295244529,2.2301847296002708
541,540,231,1.3465852499642277,-0.19633971002718442,-0.2235895202533893,1.1961536059652644,2.3255608773605663,-0.091586105317467081,-0.1405397115550352,2.2424062271748628
230,542,540,1.4021994170894401,-0.23742575255859855,-0.2255713539499391,1.1717490367782881,2.433326239464018,-0.11861080528398271,-0.096690832245224956,2.3261628391905766
542,543,540,1.3698945454445228,-0.22274384122972801,-0.25619117027680138,1.1856651245175822,2.3249087767550281,-0.10455712169386477,-0.16406186551233548,2.2215805186948945
542,224,543,1.3805570342093372,-0.27155309588706711,-0.26112031190768459,1.2082290619256844,2.4464005911058422,-0.1265531583768234,-0.10713989541701968,2.3707973236857698
540,543,231,1.3555219964312446,-0.23725400561080834,-0.22760279719887855,1.214527227709234,2.4307130844710318,-0.1131803487477796,-0.095161721170921032,2.3675212761857645
230,544,542,1.4245980490281598,-0.21481360968093366,-0.25565557854125309,1.1413780397154456,2.3624277348429161,-0.092905908831630801,-0.16563292917156491,2.2067886963255146
544,518,542,1.4366554182331384,-0.27001332402639378,-0.2593259111703734,1.1581811506790398,2.4488568710498861,-0.13131353754361891,-0.11166769704310159,2.3210295406125812
544,141,518,1.4675312823561983,-0.23884314127004846,-0.29636071933984454,1.1207933148475435,2.3741747808043394,-0.097160833174233519,-0.19842290245855326,2.182677463118448
542,518,224,1.399022941320462,-0.25290958663928742,-0.29474640743978142,1.1742795559931167,2.3256959812385274,-0.11900770420113616,-0.19255147991462584,2.1978404176639001
231,543,545,1.3226244125159008,-0.22230224898676276,-0.2488172351305824,1.2241690638296916,2.291452692414814,-0.11088632625378186,-0.15801447194108281,2.2352573476226612
543,522,545,1.3319035922438907,-0.26478316349120323,-0.25463486915539235,1.2508027125864514,2.4392731128790182,-0.12050430317909033,-0.10147109164047929,2.4046143242912468
543,224,522,1.342383436288848,-0.25420342221376391,-0.28572805597523221,1.2194131355437223,2.2867156536628932,-0.12884510361565082,-0.18424677568994957,2.2154084524450575
545,522,159,1.2955396495798848,-0.24825596739065969,-0.268007914959842,1.2568806825281005,2.2581138608391647,-0.13359823391514508,-0.16837215301556574,2.2355016587501497
130,546,548,1.0537736412783172,-0.091181729679484569,-0.082823433010614789,1.5081964471398948,2.2359950473306007,-0.050625928452670943,-0.035304161055346533,2.460405586526583
546,547,548,1.0596450167453124,-0.077413774487552045,-0.087651426266750043,1.4968751485462173,2.2305968632393576,-0.032009327517934061,-0.05075217207273236,2.4498182449037453
546,232,547,1.0584303092981338,-0.077563498312480661,-0.070686584102093608,1.4989662208155918,2.2400195116589607,-0.042912422656060351,-0.030280606829466705,2.4575179267422094
548,547,233,1.0660582035217749,-0.092404706762194699,-0.084586463069525664,1.4897107453695435,2.2409485768087487,-0.05109250021788983,-0.036738993905383294,2.4511852557062919
232,549,547,1.063741477246567,-0.065109948320331901,-0.074945885139579005,1.488979073183107,2.2354243032933683,-0.026011678408828037,-0.044058127104478984,2.4481702840078983
549,550,547,1.0696774739699362,-0.078985976560713489,-0.072047689181395924,1.4822042296587519,2.244627315437981,-0.043824742481142376,-0.031062815490079859,2.4491719193150834
549,228,550,1.0750068834633755,-0.06648965405697016,-0.075689449710254486,1.4736650821029027,2.2475138458654818,-0.026824127307690043,-0.043764004002392692,2.4454370042466151
547,550,233,1.0718973683719986,-0.078712283160925933,-0.088661131865983123,1.4801559387101908,2.2442219208581475,-0.03244110846203932,-0.050729589261845648,2.44709255082841
232,551,549,1.0627898077687994,-0.065227280772993446,-0.059268203011265452,1.4909119931087069,2.2444697501487858,-0.03616779757889875,-0.025200376959875523,2.4555061363311967
551,537,549,1.0677120029707465,-0.053685085359449047,-0.063217477907061337,1.4816512261706043,2.2391566718138818,-0.020458129038273987,-0.037976779647413181,2.4460683085926562
551,148,537,1.0676010779872325,-0.053698757880228598,-0.04954497270965641,1.4833364877364756,2.2524430546097012,-0.029098652435640485,-0.021431858487510724,2.4559161618235645
549,537,228,1.0732808679893031,-0.066702401282042523,-0.060596817124829894,1.4755253873839624,2.2493701797838925,-0.037094426622731116,-0.025841457882399901,2.4482371872350361
233,550,552,1.0779655176264269,-0.092896274950577507,-0.085094339541441855,1.4718187421572582,2.24426010587091,-0.0516454747349743,-0.03730902690474272,2.4410964245011071
550,536,552,1.0838728016898358,-0.079044476541521469,-0.088385487501467352,1.4641014362706104,2.2576296215488934,-0.032592762431121081,-0.049832175381276572,2.4448142855303443
550,228,536,1.080552600060209,-0.079453734922582342,-0.072439187558920981,1.4660670268058853,2.2481175649363223,-0.044327879752792482,-0.031413697008759262,2.4403547677566113
552,536,158,1.0894504696489533,-0.092082872909143632,-0.084252637860904311,1.4544404575001995,2.2458022511044273,-0.051682199222580494,-0.037289941138498789,2.4299622100807996
116,553,555,0.94395184787827358,-0.020749746091327737,-0.01730240180068765,1.7018859781563562,2.2410180935535098,-0.01145164113496995,-0.0051802239243277856,2.5722965857530626
553,554,555,0.93964086718810513,-0.031395168771087056,-0.028732266305996346,1.6736613704449697,2.0279181850565067,-0.01978434435129979,-0.01521614184182761,2.4551952584387049
553,234,554,0.95770023249464309,-0.033326543353743965,-0.028839349860776631,1.6736728225891842,2.2361107706302623,-0.017979508241219827,-0.0098074470175331524,2.5561367092715419
555,554,236,0.95126530527419995,-0.046469348148840517,-0.040676885096926574,1.6891507493654649,2.2429430816930385,-0.024400762979121901,-0.013849266460858267,2.5668141075379181
234,556,554,0.95526298899975792,-0.039344802478630703,-0.038960605482866839,1.6486805150373054,2.0639773550867577,-0.022524122336224708,-0.02185708000506012,2.4569860160619656
556,557,554,0.96613331320590268,-0.053441127442004799,-0.046766764312789977,1.6588033181382571,2.2358075977309571,-0.028676246843929581,-0.016512155635537831,2.5481647426645067
556,235,557,0.96562446726227069,-0.054697647122389004,-0.057017828816269933,1.633489832878688,2.0833665526347387,-0.029197660693075639,-0.033250493571559611,2.456698528617383
554,557,236,0.94917650720528002,-0.051627194734421455,-0.052709386736542019,1.6594390225971549,2.0456703346728036,-0.029081423613330021,-0.030948257042732935,2.4543173439943806
234,558,556,0.97036402129055066,-0.040960203214877033,-0.035405048966929975,1.6483001669589084,2.2310428262606545,-0.022497963138336019,-0.012375474842629797,2.5406334248058515
558,559,556,0.96933327853285967,-0.04350540521045132,-0.044074510909733577,1.6268927579106707,2.0961576561035251,-0.0236954284619008,-0.024694045002512571,2.4594710547480414
558,173,559,0.98086195132727383,-0.044738643935492206,-0.037421537936774385,1.6261810798143963,2.2188570971029602,-0.025985777361410139,-0.012678246948937433,2.522539901877527
556,559,235,0.9790734625146138,-0.056135950131229073,-0.048455791109895063,1.6325741656214823,2.2281587345761427,-0.031196776618088895,-0.017202643511384452,2.5305636348986109
236,557,561,0.96227509858672367,-0.068613271691996935,-0.060365757752984806,1.6693677014538222,2.240225728655016,-0.036248301048432588,-0.021219297257579373,2.5552762747909084
557,560,561,0.96248876679503059,-0.068085640560087479,-0.072209071637240552,1.6401218854298676,2.0722786831840976,-0.035998854719585541,-0.043171107587731336,2.4546750516591413
557,235,560,0.9771590848792826,-0.069654549577430558,-0.061226631806066134,1.6389473745034779,2.2322664663759908,-0.037681374251117616,-0.02232124772257181,2.5356640377394641
561,560,150,0.97590020684362067,-0.08547673640944442,-0.075038651837362025,1.6437911036715687,2.2303382723035292,-0.046304222259189731,-0.027310326048483574,2.5366421552259473
23,562,564,1.3838451788892701,-0.013053864703896023,-0.013443655361650819,1.1472117930044394,2.4598861903560723,-0.0055001891103777789,-0.0062417006548072702,2.3550264478236032
562,563,564,1.3644319312564233,-0.021103636663167308,-0.021747836979221447,1.1437684346548203,2.3428031704664685,-0.011398583029430823,-0.012570322300268041,2.2193753858375591
562,237,563,1.3766983303789442,-0.030579630501225474,-0.033764393725716824,1.1530514211732843,2.4531191707499111,-0.011358935697794184,-0.017409633380428904,2.3531254007935698
564,563,239,1.3644318196922254,-0.021102432433188323,-0.023409876013582576,1.1617085738316781,2.4425979985837443,-0.0078960335504232385,-0.012274391351787005,2.3507354520377204
237,565,563,1.35693477947581,-0.038774723560233593,-0.037692861434731384,1.151422454869989,2.3423973595580443,-0.022223969380283939,-0.020252640275670003,2.2282383104348904
565,566,563,1.3565580401367265,-0.03470698936561481,-0.039257257474709206,1.1683135692442672,2.4351451431496951,-0.012602356023908662,-0.021224334039542769,2.3490537186431446
565,238,566,1.340082686127281,-0.041538719892603715,-0.040631546750610426,1.1677437014287628,2.3448372846493482,-0.023183530846467001,-0.021521019557872972,2.2510766441789922
563,566,239,1.3478488975700307,-0.027978831631821188,-0.028158613200433891,1.1597394267570236,2.3452831075282505,-0.015214382228815056,-0.015543283168709017,2.242218064602616
237,567,565,1.3658583142732819,-0.045668561566535537,-0.051370919612916177,1.1619893792403513,2.4423688868228717,-0.016598566537064874,-0.027409072248387345,2.3499138330297376
567,568,565,1.3467916737991552,-0.053574492534591234,-0.051254485681658579,1.1620376582554268,2.3428241363169469,-0.030909873840736068,-0.026670726445576207,2.2413422054488517
567,151,568,1.351661936429857,-0.057337036779933737,-0.065266250363237299,1.1728625127997052,2.4235638839537352,-0.021122037465006155,-0.036084221508835487,2.340136706992193
565,568,238,1.3461078386008087,-0.046193157894346415,-0.052642725299888671,1.177022352239856,2.4244562692837652,-0.016813989045770528,-0.029008285583815421,2.3460648860987496
239,566,570,1.3476470538093943,-0.025800119169039348,-0.029536334847187318,1.1746106286835278,2.4272652590783483,-0.0092418678336044155,-0.01631449786006945,2.3473508114061876
566,569,570,1.3337737334045192,-0.031552740661807688,-0.031838503215253056,1.1736560264075333,2.3478877536927452,-0.016784450011703367,-0.017309795796962894,2.261770300764034
566,238,569,1.3395725813497137,-0.03603265037476211,-0.041899368398699233,1.1814285646913465,2.419371989474099,-0.01262373266964989,-0.023712565487300941,2.3456363384352081
570,569,174,1.3333988567026229,-0.027505107086112757,-0.03290776168327425,1.1852010662949564,2.4107466839054301,-0.0091778366533072087,-0.01937021028649312,2.3407159509984603
15,16,480,1.3122931977062611,0,-0.0020226225607409276,1.2003590457816333,2.3857781968355303,0.001404271929703201,-0.0023926804602622882,2.3310785841788464
16,571,480,1.3124855299816642,-0.004727630595062593,-0.0018628398493483189,1.1964315009462734,2.3648831162418853,-0.0043471035471984235,0.00098596668289756793,2.3056956153598658
16,17,571,1.3182204616835247,0,-0.0033862647916258481,1.1951756550633945,2.3892778361608857,0.0023525945082858023,-0.0040046137083342677,2.3292493400121517
480,571,211,1.3164973365843795,-0.004727630595062593,-0.0089494549862187966,1.1964315009462734,2.3866709335155289,0.00061148041592766489,-0.0073091512197329712,2.3278746762932729
17,572,571,1.3184459692300168,-0.0055430965706496083,-0.0032016145079030167,1.1906368519485024,2.3651068284471708,-0.0044180836555808393,-6.4982916226776627e-05,2.2995841626769673
572,573,571,1.3232187323961626,-0.0055430965706496083,-0.011582759982174062,1.1906368519485024,2.3907094070909465,0.0014814519473226873,-0.0098504843131094443,2.3259195354041839
572,240,573,1.3234794742522862,-0.011946132333451653,-0.01141104915773461,1.1864201505485301,2.3682477267026654,-0.0064749379491534087,-0.0054801245094384943,2.2980957361455396
571,573,211,1.3167477750675947,-0.010877646508305583,-0.0088066811644935683,1.1929254053003202,2.3682125844778392,-0.0069342728395520928,-0.0030777773440193654,2.3052327458688833
17,18,572,1.3251701156306877,0,-0.0055314456242854249,1.188716239561165,2.3908340423875751,0.0038334660305631143,-0.0065409452534293255,2.3240439011782379
18,574,572,1.3254055845770254,-0.0057879531272636009,-0.0053431128196006483,1.1840869181037199,2.3661518314749221,-0.0032790592433708798,-0.0024530969150998606,2.2933770704413634
18,19,574,1.3324265325752613,0,-0.0088539899129802535,1.1811926092358593,2.3876369781535209,0.0060817803944301467,-0.010474393391550969,2.3126072905442854
572,574,240,1.3309495167733294,-0.0057879531272636009,-0.014241324956902446,1.1840869181037199,2.3955280874953444,0.0030514854467523431,-0.012811357731597672,2.3239648389143079
211,573,485,1.3206963063703274,-0.010877646508305583,-0.017433509002309222,1.1929254053003184,2.3891952223935355,-0.00077253769915935216,-0.013072257076675944,2.3267123646036234
573,575,485,1.3209964214861365,-0.018254637190524114,-0.017293021127310126,1.1894721379030067,2.3709272434595934,-0.009921386070483415,-0.0081306384040505941,2.3041357950606693
573,240,575,1.3286488131994507,-0.011946132333451653,-0.020995166607050919,1.1864201505485283,2.3954139989335501,0.00048454389253575758,-0.016503655298231008,2.3262492463169857
485,575,174,1.3255486274696513,-0.018254637190524114,-0.028891689758731687,1.1894721379030067,2.3944083021006421,-0.0014651158647933094,-0.021439382927691077,2.3282999964776119
120,121,577,0.97247106230378133,-0.011847047657084886,0,1.6307109096635186,2.1654960248751078,-0.013601818501400322,0.0076208233151316505,2.497809143925863
121,576,577,0.97580903255485918,-0.0077971289653299136,-0.0081215708446663037,1.6208571065747706,2.1461493858197103,-0.0038558354810389276,-0.0044341108553004795,2.4820696545483298
121,122,576,0.97927858903925191,-0.0079419455658218396,0,1.6205181184978614,2.1819740361794855,-0.0091248785118118823,0.0051794057538538992,2.5005349069178306
577,576,241,0.97580903255485918,-0.019719193797069323,-0.0081215708446663037,1.6276815141480019,2.1836007304836751,-0.017315606863968717,0.0035721916724339581,2.5053934068615513
122,578,576,0.98171447874237039,-0.0049865102270785222,-0.0077952121268004548,1.6110602824706162,2.1547873974117797,-0.0007992639710186402,-0.0058208484619801781,2.480748161115319
578,579,576,0.98171447874237039,-0.016221674633834837,-0.0077952121268004548,1.616713245388429,2.1857754947918258,-0.013546549667719288,0.001650014909039238,2.5003160501274815
578,216,579,0.98460322509292997,-0.012716793834766094,-0.015240038618202112,1.6076805279893873,2.1653878101410706,-0.0048912343506179318,-0.0094170686550006447,2.484278688096007
576,579,241,0.97879224147349664,-0.016099702713500363,-0.016850184883166919,1.6170911929382137,2.1556430521193675,-0.0078227320258312943,-0.0091642806690704695,2.4847122290585424
122,123,578,0.98523148951204931,-0.0051333075326844835,0,1.610734916353826,2.1905219569759247,-0.0059045820215077134,0.0033694201740809403,2.4994363193178004
123,491,578,0.98693014372354781,-0.003072351045804278,-0.006695810168417915,1.6026109713460011,2.1627931584569966,0.00073245176463867731,-0.0057639503190908461,2.47992522929915
123,124,491,0.99007500963758677,-0.0032036153133585543,0,1.6023314934154684,2.194325376544219,-0.0036893254431640079,0.0021075947573701574,2.4966166235393077
578,491,216,0.98693014372354693,-0.012813917616211867,-0.006695810168417915,1.6073238985113882,2.1886986655092446,-0.010363949064651197,0.00068523485511404539,2.4964740438363453
241,579,580,0.97879224147349575,-0.028897505133276269,-0.016850184883166919,1.6229053653926866,2.1866087759281245,-0.022137604954463562,-0.0004166843783122709,2.5041660942252855
579,497,580,0.98272626196940838,-0.024124387295057559,-0.025682039621856667,1.6121897416582391,2.1676783571487408,-0.011276469070833711,-0.014071152859896047,2.4880266192107925
579,216,497,0.98460322509292908,-0.024202730588021026,-0.015240038618202112,1.6117538989219116,2.1869232175019975,-0.017868461044571269,-0.0016959744513488917,2.4980030212601494
580,497,173,0.98272626196940838,-0.038888446027819157,-0.025682039621856667,1.6165835924633312,2.1895340860241568,-0.027831325753832424,-0.0039950909304467402,2.501958676232976
131,581,583,1.2677984707204666,-0.07789520611471068,-0.085678620446239862,1.2412572410770419,2.324318564698221,-0.035855340823739645,-0.050232680480754882,2.3103500589107795
581,582,583,1.2714212435310366,-0.087715880013912173,-0.089127461427649379,1.2506064176276119,2.3924914448918724,-0.039471122536190284,-0.042143905631364498,2.382885187802616
581,242,582,1.2717946920811256,-0.086842654478333836,-0.09485457340328729,1.2372148529233051,2.3171993906326409,-0.041218291067427471,-0.055958072916796192,2.2987052007339073
583,582,244,1.2570678980820489,-0.084431897767691666,-0.091181565201335246,1.2510763875275672,2.3089947965760622,-0.040804699159948443,-0.053223538494198669,2.3057867784161816
242,584,582,1.2760592630829946,-0.098403971343774543,-0.099036960816030195,1.2485533688283112,2.3984127561715805,-0.044548825719952279,-0.045748367119045757,2.38583327221881
584,585,582,1.2598337959267361,-0.094691517847847351,-0.10178563984197719,1.2491822778736275,2.3047617998877565,-0.046574115005064226,-0.059591047428453586,2.2990063209426821
584,243,585,1.2635439872395242,-0.10474990294209086,-0.10683469572042714,1.2628703451742957,2.3961583158965705,-0.046023028505824543,-0.04997738776090771,2.3958526702159042
582,585,244,1.2603807328630892,-0.093412628696823763,-0.095717193310218995,1.2633719767533336,2.3917046104002626,-0.041046090794200629,-0.045415309289940697,2.3930720686466627
242,586,584,1.2763782143005105,-0.097658175577068462,-0.10543784249404986,1.2335863450438223,2.3130979038530599,-0.047759494637343136,-0.062026750056394381,2.2899661917016574
586,587,584,1.2810919206427156,-0.11043651531817744,-0.11021763174109189,1.2465438282758026,2.4041661955769946,-0.050224003119939103,-0.049808976240925534,2.3885039084332664
586,165,587,1.2809449425928501,-0.11078020158561253,-0.1171057599573313,1.2304369668878596,2.3081708375650356,-0.056540342787027548,-0.068098201867978575,2.280546316323282
584,587,243,1.2628927693686234,-0.10627262963084283,-0.11349618587040844,1.2472939470263196,2.2996879734346827,-0.053400864571665874,-0.066611960828496464,2.291169664147056
244,585,589,1.2449191050316681,-0.089874501389548,-0.095870901773517758,1.2634071502885709,2.2980963978596032,-0.044583147075582502,-0.055594634543658317,2.3080675267746305
585,588,589,1.2478416520015254,-0.097797204964822804,-0.10107698193390657,1.277520261326746,2.3888956418398557,-0.04204522961541815,-0.048267820352828755,2.4023733373053897
585,243,588,1.2465328338367456,-0.10085768120747407,-0.10729682613984615,1.262976082511448,2.2936790374446536,-0.050688791331664984,-0.062482425257299162,2.3026190430246714
589,588,144,1.2316602918946549,-0.094094981012956103,-0.099337202161436267,1.2771222073744157,2.2871293426798691,-0.047670739886195163,-0.057280414093609039,2.3117957679532255
8,463,591,2.0020331192021734,-2.033485735800177,-1.6633396149619051,2.4955495756158879,-1.3838864206719519,-3.4623392436962144,-3.612396010096302,-0.4394278809151011
463,590,591,2.218225154170244,-1.6961665729076065,-1.7575566790864219,2.3485449868234678,5.9216396058538088,2.2360659635535294,2.0790481071152538,5.7588167904344045
463,205,590,1.59249661471349,-1.6901356223850925,-1.335541086684862,2.3444774799143016,-1.9328443187264699,-3.3422567607822375,-3.5364520637753092,-0.22325736984678279
591,590,246,2.1561347713364487,-1.440358429942413,-1.6103992623814132,1.74226646553252,-0.88931920590421565,-3.8466404678665835,-3.7242606095761595,-1.916393893026819
205,592,590,1.7655940376430284,-1.4200606052211202,-1.3827358130386589,2.2708419727280451,4.6383468348003678,0.97072337150094246,1.0531310708911756,4.2735153860124662
592,593,590,1.7381116843206792,-1.3068364615698389,-1.2757527145150949,1.8300838770361523,0.20016505446191379,-2.1814755061556101,-2.1766360728329235,0.35536785703305185
592,245,593,1.8253081890391947,-1.1707847236487459,-1.2528403032420901,1.8658338578836426,3.8129703711289791,0.61465239666865124,0.44551873506506379,3.795243146939435
590,593,246,2.2386158268086902,-1.311662690257043,-1.5524073805730563,1.8327515845982518,4.4418660368635798,1.4074395767015617,0.86310830934524629,4.7636228983868065
205,462,592,1.3297397261367361,-1.4158597347767348,-1.1144226590883224,2.2682559049331097,-1.6080473757326734,-2.7203810168982154,-2.8177269730280727,0.44611225525137721
462,594,592,1.4815775658029029,-1.1789504590578572,-1.1470981925079577,2.2172729814853507,3.8983258037095383,0.43746246755711571,0.50204362677995018,3.6011736671262313
462,154,594,1.1650949193632685,-1.1759001219142515,-0.94905525794359535,2.2153641952497498,-0.73680680084837213,-1.9419118922378562,-1.9129449409323258,1.1684744738532846
592,594,245,1.4787848990458867,-1.1674447758999253,-1.0613486789329896,1.8639881752470107,0.49234841892970582,-1.6616467144092286,-1.6124336531124084,1.0582090559395456
246,593,596,2.1814715047281332,-1.0762319802940876,-1.4358844613037012,1.3526851035948209,0.20032969551228619,-3.0206697773479312,-2.863876367468607,-1.7410738719765888
593,595,596,2.1976753091634098,-1.0509504771425031,-1.3286140849604013,1.5200505126521278,3.6615627868837146,0.80784562238601065,0.23865041439640677,3.9595717904082353
593,245,595,1.7952799225272507,-1.0470721750652636,-1.1685351654189682,1.5185076659227725,0.91433999788829401,-1.667972927772956,-1.719490619541173,0.49118021094218545
596,595,157,2.1457927765449307,-0.83719798093079945,-1.2352430257762341,1.1353681163375455,0.89534041519005547,-2.2198265449918821,-2.1770025841434171,-1.2483464566768343
89,597,599,1.12867278268254,-0.0048476072222509714,-0.0043224931180851911,1.3917691331258428,2.2595735978729743,-0.0028510237793783694,-0.001881208468329813,2.3953445259560242
597,598,599,1.1344375051729751,-0.0073567634418107986,-0.0082625695713851588,1.3934840929274177,2.313110925128024,-0.0028438968289156586,-0.0045454801308454154,2.4356637182236196
597,247,598,1.1343474699873939,-0.0088035910570258835,-0.0087866525428950126,1.3850622997034545,2.2652438801489114,-0.0045374548957184645,-0.0045061288743056746,2.3941426388298161
599,598,249,1.12986012311291,-0.011660156397518939,-0.011536300429366264,1.3904063183112179,2.2604083962570845,-0.0060981670083131399,-0.005869389990748524,2.39482984972279
247,600,598,1.1398244294829438,-0.011187587350603323,-0.012114233482912073,1.3865107202429936,2.3145191188255727,-0.004657062381670421,-0.006397896150078311,2.4315531795621834
600,601,598,1.1358655024791267,-0.014909815787666147,-0.015464635227882439,1.3833606342124374,2.2663598662036799,-0.0072916635518862731,-0.0083179342701716515,2.3935489787672823
600,248,601,1.1415976037680249,-0.017404869519255683,-0.018257834534597173,1.3845764505426192,2.3159697726008224,-0.0076501174406888653,-0.0092529817008426135,2.4311347788808848
598,601,249,1.1359040066549708,-0.014291053518501684,-0.014934158171507672,1.3918854027590051,2.3144225698760903,-0.0063020968406446096,-0.0075105191019164616,2.4354062174995681
247,602,600,1.1397830224404144,-0.011852998699702688,-0.012600801232023784,1.378691574450432,2.2704109217293724,-0.0055734892159046701,-0.006958133935944362,2.3928422800418749
602,603,600,1.1449670511502148,-0.014109401831188251,-0.015384314468501969,1.3799031279226295,2.3156780968837238,-0.0058197754590859248,-0.0082147906187209491,2.4274722790756025
602,167,603,1.1449970030617269,-0.013628074486110364,-0.015821599697027011,1.3728759524449714,2.2766174762207538,-0.005471842477677423,-0.0095397330539136252,2.3927757073595188
600,603,248,1.1416060365641281,-0.017269354450098362,-0.018745278573794266,1.376743222764663,2.2721928193950314,-0.007849295496338865,-0.01058314477146418,2.3925370177242296
249,601,605,1.1317439883707978,-0.018202064909904614,-0.018662531185416498,1.3883801995765417,2.2622973430340512,-0.0090712575566892356,-0.0099221315153970174,2.3945215344184634
601,604,605,1.137946991903364,-0.020902330969787108,-0.021384163622513608,1.3895649694479104,2.3155491265630461,-0.0095388548115153474,-0.010444372739145912,2.4344556320463675
601,248,604,1.1379512956260616,-0.020833170127787959,-0.021908158191509486,1.3811443745010159,2.268426789138263,-0.0099713391776100613,-0.011960629055829376,2.3932170820517777
605,604,145,1.1344696135237973,-0.024171678934680862,-0.025309939692139238,1.3858740487016163,2.2674592253668515,-0.011616789306847411,-0.013723036142341438,2.3962049026779182
50,606,608,1.1915288130174959,-0.0033894194801128152,-0.0048960595221227976,1.3173530075050575,2.299577456412973,-0.00072539408625388151,-0.003526061781732562,2.3641405323491349
606,607,608,1.1930032812017322,-0.0075927997649154477,-0.0068535521413561895,1.3229333828371956,2.3405783592125151,-0.0041389863770428074,-0.0027453478140807477,2.4024958763094686
606,250,607,1.1907450808382416,-0.0099681337546915771,-0.011214466439460224,1.3183462664208401,2.2992308557967607,-0.0042750906713925757,-0.0065917854603020527,2.3646914822200595
608,607,252,1.1869215581938182,-0.0077813956587940714,-0.0087563934430168189,1.3228743752079868,2.2985582363587196,-0.0033246777329488091,-0.0051375761345769568,2.3681242009805077
250,609,607,1.1920187304101364,-0.013598648698517124,-0.013306869698523016,1.324310623861189,2.3408404194061321,-0.006676076082889934,-0.0061259165709042079,2.4037866084787507
609,610,607,1.1858048899685361,-0.013791510027989951,-0.014529260723076476,1.3242726840459742,2.2979171790245916,-0.0065595835445159123,-0.0079311941785404176,2.3687664522811303
609,251,610,1.1869021072907606,-0.016919432155908076,-0.016562858708081052,1.3300700188198071,2.337407057198543,-0.0083129120676455788,-0.0076409780432762676,2.405624764798747
607,610,252,1.1881605400027206,-0.011313585145294347,-0.010670622160388277,1.3283316131606835,2.3372516888321431,-0.0058518141507783589,-0.0046403874885787982,2.4041498554627987
250,611,609,1.1894303551546646,-0.016321478836018172,-0.017330223994889593,1.3200782737377537,2.298930459866463,-0.0076867209065441325,-0.0095618372410725752,2.3658955175299274
611,612,609,1.1905270604885212,-0.019447617446982868,-0.019500198769900834,1.3262637473737016,2.340444822197342,-0.0092087011256732493,-0.0093078434695282944,2.4049766665995658
611,146,612,1.1877703981423045,-0.022347268813249888,-0.022862967299131398,1.3227265508891175,2.3010142927713475,-0.011043204872835874,-0.012002670694475574,2.3698080653921094
609,612,251,1.184315566794238,-0.019640232344148967,-0.020201995608340795,1.326241985051702,2.2974996999819512,-0.009661998654618642,-0.010706412665069255,2.3700562765781514
252,610,614,1.1824042945759636,-0.011492087890359826,-0.011900598823237019,1.3282934712479613,2.2972167287664873,-0.0055922380133042252,-0.0063519098123716172,2.3717067569394228
610,613,614,1.1834749709468513,-0.014544347679282588,-0.013767531797252985,1.3336156812080873,2.3340059435572176,-0.0074972689429958356,-0.0060344967113326944,2.4057662414955194
610,251,613,1.1810442455758183,-0.017101244838232887,-0.017155724100604175,1.3300516178310993,2.2966807081493945,-0.008690675741584053,-0.0087919804264271414,2.3727249332029592
614,613,166,1.1781666595206639,-0.014709103760251085,-0.014026212535348748,1.3336076524356191,2.2969645150348792,-0.0079433387078576383,-0.0066728636561969312,2.3760294880716457
58,615,617,1.2500303270790249,-0.0062614591955325594,-0.0051653267484681464,1.2627860053502769,2.3728442305926394,-0.0037380005385582674,-0.0016652208981899445,2.3788758264073553
615,616,617,1.247816146513101,-0.010062188877234257,-0.008945701694180741,1.2562968402454731,2.3227326613357659,-0.0059773245577902905,-0.0039041254399529227,2.3271414383511719
615,253,616,1.2562672410262112,-0.010813612614106294,-0.010685090719983137,1.2564514969233294,2.375016907406065,-0.005212245368571615,-0.0049692836121252339,2.375104168797006
617,616,255,1.2512484943143209,-0.013754179479521511,-0.014075470077719032,1.2618146542202702,2.3740113159738883,-0.0062674740522942786,-0.0068751381445826126,2.3790012078432938
253,618,616,1.2538876393987461,-0.014898168452902982,-0.014273814228840109,1.2502914987989651,2.325675736809977,-0.0081648158873793147,-0.0070055843918465643,2.3238056242106984
618,619,616,1.2574513862358985,-0.018731641504547092,-0.01909465287835399,1.2554772080801584,2.3754484045561353,-0.0086150341978234804,-0.0093012017809778677,2.3745133449030695
618,254,619,1.2551017970354796,-0.022764805534289889,-0.02275565208422492,1.2491929562171566,2.3252776451185997,-0.011865096545360991,-0.011848109547275137,2.3221995222827592
616,619,255,1.2487970225723961,-0.017961918692655066,-0.017833101349136626,1.2553650051466827,2.3223112641160086,-0.0094386096879933955,-0.0091995083560737281,2.3257311486247478
253,620,618,1.2622926623212929,-0.015645476289039006,-0.015437763010789141,1.2503949878737295,2.3768334934598045,-0.0075714091438494231,-0.0071789102934086343,2.3711875407658387
620,621,618,1.2599578089632413,-0.01965305013277524,-0.018904094635811219,1.2444453294481845,2.3289120955404883,-0.010717917628501231,-0.0093273815492555603,2.3208473828981386
620,170,621,1.2678136983937711,-0.020351551585242156,-0.019009256773371064,1.2444546798732983,2.3758141931266015,-0.01067365425939424,-0.0081408442225473152,2.3646485632317846
618,621,254,1.2635488254644494,-0.023515867737855967,-0.02336830258669309,1.2492474296500653,2.3763046975875373,-0.011286947517662786,-0.011008247661556288,2.3695038432947189
255,619,623,1.252457246035426,-0.021899328996206169,-0.022842821908032107,1.2607541092671699,2.3738196349368428,-0.0096873484621504621,-0.011471148242504468,2.377743209235351
619,622,623,1.2501120173101605,-0.025924884186844244,-0.026622438850395724,1.2542664449992702,2.3222385162014718,-0.013049522683616248,-0.014343770889091736,2.3244042489303061
619,254,622,1.2587539778823782,-0.026693258635636763,-0.02754892554637145,1.2543488208326696,2.3749925775831207,-0.012062553325136297,-0.01367912719113603,2.3729020248683352
623,622,149,1.2537455255601815,-0.02983339862287826,-0.031193854832229917,1.2591838537757649,2.3705717776701678,-0.01325467662625561,-0.015822852016080809,2.3731629666144869
81,624,626,1.0672557053957972,-0.006319664984046014,-0.0073100867014559423,1.4862545270204865,2.2828518349438656,-0.0022513824585032628,-0.0040979742991110631,2.4780404972835481
624,625,626,1.0597186373283085,-0.010710513856940551,-0.012216289912982958,1.483396333801501,2.1996785457198089,-0.0046860832504784927,-0.0074234378324232256,2.4234574051405819
624,256,625,1.0663724524503591,-0.016896393011061051,-0.016998352577197728,1.4878420932952139,2.2824255737401939,-0.0077972335333830571,-0.0079872889751633307,2.4787007461046411
626,625,258,1.059924433541644,-0.013025057787361405,-0.013419824661753399,1.4969322196307289,2.2769526194357246,-0.0058064992411346848,-0.0065411051238154147,2.4809996314583245
256,627,625,1.0590040619717751,-0.021189292386890379,-0.022372403728023293,1.4847111163338109,2.1984014970480974,-0.010440460951446365,-0.012590146036393697,2.4234683042518359
627,628,625,1.0591784846328727,-0.023150410229539009,-0.023585188273034241,1.4983470360906952,2.2757922999972848,-0.010517000924183381,-0.011325660865093463,2.4810450504772357
627,257,628,1.05208867893354,-0.0272806987031462,-0.02892289198570186,1.4952374648196454,2.1929748627659751,-0.013376572054558278,-0.016355205366697545,2.4274011850877577
625,628,258,1.0527701937148661,-0.017193011760072707,-0.018733390726817234,1.4938366148807658,2.1944085712282648,-0.0080939569308456222,-0.01088961533219111,2.4274688193857941
256,629,627,1.065542508386357,-0.027267443540409886,-0.027296334067975714,1.48928841053766,2.280246944124352,-0.012710737847254967,-0.012764546048200653,2.4780896821092195
629,630,627,1.0583463474335915,-0.031459820139119188,-0.032497369361436768,1.4862583645455683,2.197562344030672,-0.015968372097497456,-0.017852727029900588,2.4238458136697374
629,148,630,1.064476769734533,-0.037158901048536919,-0.036976499968014886,1.4904223399582923,2.273061181390216,-0.017660798290874385,-0.017321889005816216,2.4740545055542214
627,630,257,1.0585051540382149,-0.033245929005593311,-0.033689743882512224,1.4996690832578468,2.2734132789678436,-0.015275662062575163,-0.016100362737117499,2.4802083971265012
258,628,632,1.0529424524670681,-0.019130417860813154,-0.01992942154292543,1.5072884561961626,2.2708494207834109,-0.0084027783994781169,-0.0098865571075215652,2.4835918853023657
628,631,632,1.0461210158772767,-0.023104656327636697,-0.025274528070750257,1.5041743426670644,2.189861473681622,-0.010809483561562826,-0.014741721810455036,2.4317798683317826
628,257,631,1.0522216339473727,-0.028776013973017101,-0.030117848236563383,1.5086768702037485,2.2688892432651535,-0.012573938242220896,-0.015063835956821425,2.4830950412603823
632,631,169,1.0462263398570046,-0.024289211543960576,-0.026399018248704165,1.5168212319076142,2.2612119752089193,-0.010018469933246163,-0.013924140827903018,2.48349770845785
104,105,634,0.60706884436989306,-0.1702732136642009,0,2.7420545059995094,1.2587865032801031,-0.15814093652596301,0.043155665719745384,2.700539431923433
105,633,634,0.66704333025057316,-0.13995295439439559,-0.19399338438374514,2.6439806396750134,2.3105842842013486,-0.004561570977175744,-0.089028100553864675,2.864628128800621
105,106,633,0.65336640866123297,-0.13058294436354601,0,2.5110764663403455,1.4369520340441189,-0.12737053814808305,0.041584474959375006,2.6573689358921984
634,633,260,0.66704333025057494,-0.3177635089633668,-0.19399338438374536,2.4959065137791967,0.99389600301986869,-0.28680893858243817,-0.14819227103826971,2.5484577635121148
106,635,633,0.70284507592382006,-0.10556887383510904,-0.14805437822924628,2.436227185549984,2.1788220901913591,-0.011224288987605247,-0.078502208418479158,2.7920557117035547
635,636,633,0.70284507592382006,-0.24868552401579525,-0.14805437822924628,2.3294143411547048,1.3121065371876033,-0.21519185285908227,-0.086987713441943948,2.5509937586258662
635,259,636,0.76588267984164915,-0.21681436230138917,-0.23961436702215311,2.283122556124427,2.360496374379264,-0.046588002345507029,-0.085165957941270076,2.7984669699233802
633,636,260,0.74565953227660486,-0.27801596888538338,-0.30739474737985573,2.438571955451212,2.5186805109425374,-0.035961774693139881,-0.085683773476433522,2.8704596191795142
106,107,635,0.69611721077797029,-0.10095963750286607,0,2.3347956609150384,1.5892217661347567,-0.10215443416523697,0.038262788961116678,2.6262486882730522
107,637,635,0.73711062986279785,-0.080235306535183959,-0.11561707619058148,2.2763451435885611,2.1185574474248723,-0.010765445686043401,-0.067760618881714835,2.7357060729741192
107,108,637,0.7351213987067684,-0.078872565075290169,0,2.1971405812031657,1.7135111469333273,-0.082055225055923955,0.034057205200974439,2.6032251518321461
635,637,259,0.73711062986279785,-0.19710379961816571,-0.11561707619058148,2.1981770491034736,1.5245518100255167,-0.16609742565679103,-0.053029659016463115,2.5483377153771052
260,636,639,0.74565953227660486,-0.36723565438112793,-0.30739474737985573,2.2728261207779203,1.1747836210167621,-0.3215753443456929,-0.24937283805516175,2.4672438861517723
636,638,639,0.81606130141647704,-0.33164398644067106,-0.3613907965893306,2.2455283770274455,2.5178298884746715,-0.050126749997646991,-0.10210470882314038,2.8318254678958592
636,259,638,0.76588267984164915,-0.29726691973054642,-0.23961436702215266,2.1621000900086713,1.4293530859924402,-0.24272094413826067,-0.16552750090527368,2.4910469850125327
639,638,142,0.81606130141647881,-0.38011715447224859,-0.3613907965893306,2.0993649941232424,1.4069508358278662,-0.30735935463713004,-0.28272547952512372,2.4281914652864591
143,640,513,1.1420071959147515,-0.083819408343996482,-0.09198334074864789,1.3847591728459516,2.2755586230327829,-0.036996611878496427,-0.052098672064011947,2.3985831856401227
640,641,513,1.1384800593618234,-0.090886752799653969,-0.086877389375386471,1.3949899979323108,2.3051351710739385,-0.046376355389264073,-0.038885630849076563,2.42816643364915
640,261,641,1.1384346183881791,-0.090901824767561923,-0.10152665943952321,1.3901310939392841,2.2692956686348378,-0.039252101374329523,-0.058862153070042944,2.3976291227319821
513,641,221,1.1300499907163495,-0.086790554414457599,-0.096715459112800772,1.399770348729751,2.2638423649772657,-0.037685186748905114,-0.05598819713534442,2.4015251479659199
261,642,641,1.1344502736851698,-0.098885624599967414,-0.095557814837196275,1.4020914196861307,2.3047098408669382,-0.04954365169664357,-0.043328623416619888,2.4325436326111074
642,643,641,1.1254428048433622,-0.094509429560894809,-0.1056780689430159,1.4070082511056849,2.2586928352918059,-0.040963596426115828,-0.06152193052564911,2.402839614422668
642,262,643,1.1214576707968895,-0.10249412285679815,-0.098914891911475067,1.420559086202581,2.3027132184829915,-0.05096666756097501,-0.044282932403073988,2.4441631441422311
641,643,221,1.1263474344453339,-0.094209388400916971,-0.090608786849418976,1.4120063242060388,2.3029715273218443,-0.047301078244929545,-0.04057498243442062,2.4387946296558338
261,644,642,1.1342638427207232,-0.098947460456197955,-0.11155773477754849,1.3967845289983405,2.2635732973177194,-0.042282216751837159,-0.065507250892411772,2.3979973669376928
644,645,642,1.1301131180532273,-0.10726465120519979,-0.10498523166777929,1.4099544611045225,2.3042800420374592,-0.052581552263636533,-0.048326507409501035,2.4373225038819744
644,178,645,1.130603887797319,-0.10710187155414719,-0.12331946853621645,1.403873318744588,2.2616958389241386,-0.043960451985323223,-0.073798336748073984,2.4013525094981194
642,645,262,1.1207661187536901,-0.10272349844816731,-0.11549404952861231,1.4150600726139011,2.255379421484907,-0.044095247376241875,-0.067570063941410713,2.405974212240233
221,643,514,1.1171406506965145,-0.089735970085540462,-0.099641181103544696,1.4163950096569469,2.252111262641689,-0.039516494498643168,-0.057727154299332117,2.4057759766860767
643,646,514,1.1134649197398829,-0.097101688841850553,-0.092669620716760548,1.4303651706147429,2.3010137352600775,-0.048814456233981923,-0.040536467154975581,2.4502213794699403
643,262,646,1.1116190650348257,-0.097713926226900227,-0.10837571965889126,1.4251557351595521,2.2466806955490841,-0.043247059501729163,-0.062810320516252793,2.4080322162917533
514,646,158,1.1033342195057729,-0.09217935535262578,-0.10123593985622925,1.4345273981612294,2.2396724786205522,-0.041648015888626516,-0.058243356807783253,2.4107206948841959
0,101,457,0.41042394896369316,-0.50205899032826729,0,4.6954255833471192,0.50907383972377396,-0.32005387144235259,0.026457095735123781,3.0148803046824151
101,647,457,0.52146652275359884,-0.44276780768499258,-0.46592857172375091,4.4466430209304688,5.2262104252234458,0.23507656426247081,0.19500934844461559,3.3684247500420046
101,102,647,0.4511325326875113,-0.38663085080701975,0,4.0747629084202028,0.59817966790912358,-0.27493297786148774,0.026318955415928991,2.9282713346408027
457,647,204,0.52146652275359884,-0.99847693165717288,-0.46592857172375091,4.0743778983751442,-3.687640970716302,-1.1961768313705403,-1.3382705802848562,2.4613847048876565
102,648,647,0.55568372280028555,-0.33080574249967043,-0.43116707788512176,3.8445412457539381,4.053154008449285,0.17783655255319686,0.011594741742735115,3.2355230895230647
648,649,647,0.55568372280028555,-0.7050593765402251,-0.43116707788512176,3.4201203634456436,-2.0401375086426174,-0.90088362942893885,-0.87376634910792639,2.4337703140831257
648,263,649,0.71643488398798283,-0.61923295548139823,-0.66920460741914489,3.2930300887213697,3.9226887672964335,0.21418512514328647,0.12485516413814257,3.24468184734343
647,649,204,0.76223656633537651,-0.86992774429127806,-0.93624765343681116,3.8232705145101251,5.5278175968311176,0.64750465289644765,0.51612976496348395,3.5557364463436274
102,103,648,0.50075561211134811,-0.28696496255477832,0,3.5004059615805754,0.70256879357637381,-0.22820039853945767,0.0249513908514436,2.8271346343425439
103,650,648,0.58636596274675945,-0.24125331554916407,-0.32197481677317263,3.3284875070970559,3.0183316624508389,0.057239769223673909,-0.068346959899434734,3.0724079152183026
103,104,650,0.55166444799478676,-0.21355635942025053,0,3.071503844034488,0.90752756331486406,-0.18555612489074114,0.029771593958038967,2.7456933730498854
648,650,263,0.58636596274675945,-0.51541327247356072,-0.32197481677317263,3.0158748201781109,-0.43453800501510198,-0.56256903121146473,-0.45128202743928125,2.50694176850766
204,649,461,0.76223656633537651,-0.95575135806776146,-0.93624765343681116,3.1257338373097472,-3.3005910394707314,-2.0196743211103576,-2.0274272875938655,1.7550741851753435
649,651,461,0.91209338986365118,-0.87573530664800092,-0.98547340790361737,3.0994497455489909,4.1367662753956083,0.43081744398353372,0.22559322857105402,3.3653299258200233
649,263,651,0.71643488398798283,-0.71957079647545363,-0.66920460741914489,2.8470203298715471,-0.80722654907597224,-0.99920235184702921,-0.97912361502773648,2.2278160506249125
461,651,154,0.91209338986365118,-0.85485812543677042,-0.98547340790361737,2.6329170405268076,-0.45882588440299354,-1.2657282700617023,-1.3210372791080822,1.9599596741166456
140,652,654,1.2950491976799388,-0.025367244719159521,-0.0275696069343212,1.2126878107303707,2.3547628654404393,-0.011490511806357476,-0.015589542494634907,2.3126305745837974
652,653,654,1.3010548651068252,-0.025220490895285774,-0.024016202467139536,1.2127746413282505,2.3896037813215072,-0.012939373849737423,-0.010670100877847678,2.3472725529243461
652,264,653,1.2960962667347631,-0.020365265808593103,-0.022523057132946889,1.2113126240119243,2.3542683964947995,-0.0089858003879201634,-0.013000404874942605,2.3108050376132123
654,653,265,1.3006088880360216,-0.02579904404862976,-0.028498978551272813,1.206959265585871,2.3539601669815267,-0.011475179424243524,-0.016492327668402494,2.3057236685845677
264,655,653,1.3018763397585187,-0.020224024584560407,-0.018843500358540766,1.2114025372536048,2.3876923526432936,-0.010712055118363741,-0.0081129206847068355,2.3440968818412062
655,656,653,1.3018031968710075,-0.020318910736752335,-0.022979596346214493,1.2060368995720794,2.3568861522009854,-0.008626924896569188,-0.013575887374298184,2.3077786594939069
655,212,656,1.3074232804238188,-0.020181578997706229,-0.018649590426900176,1.2061427071170012,2.3892608216682722,-0.010815516630990285,-0.0079328685450356998,2.3403607440414138
653,656,265,1.3072346548009464,-0.025637137546032696,-0.024033052927386223,1.207068394449637,2.3921671951788488,-0.013425321723650976,-0.010403651653470673,2.3441130377768453
264,657,655,1.2973596432423358,-0.01580148890231925,-0.017627854756204542,1.2102122345547119,2.3561922981205656,-0.0068475905352195256,-0.010247352005745562,2.3116272609087432
657,487,655,1.3024619131360116,-0.015676810400479524,-0.014242267294168443,1.2102949643948442,2.3855893246868609,-0.008593741542459489,-0.0058953381237966569,2.3409551191630258
657,182,487,1.2984836676585763,-0.011781595627400776,-0.013319957075859534,1.209391903885356,2.3585721575092466,-0.004962557905414864,-0.007828264130068225,2.313174292734828
655,487,212,1.3026170566492468,-0.015475551912706553,-0.017962054675347616,1.2054695046153121,2.3592425814864142,-0.0062265791579388004,-0.010855257109658224,2.3096140719436771
265,656,658,1.3072543348467511,-0.025611607191887487,-0.028816467848880478,1.2008630086400132,2.3570003102358088,-0.011045322257405538,-0.016998803786225224,2.302182061384348
656,486,658,1.3136643637296266,-0.025454972436274259,-0.023068405326558405,1.20100346765898,2.3939396835212952,-0.01391332960574386,-0.0094207684974894207,2.3397629027093823
656,212,486,1.3077912173002502,-0.019704265131083032,-0.022807838163506844,1.2007483326123616,2.3608100194580532,-0.0079904614976579261,-0.013764294220702682,2.3060328706626421
658,486,174,1.3139046114992547,-0.025143305954291595,-0.027364585258364826,1.1954301577074222,2.3636164022537685,-0.011370523433414943,-0.015501428843536155,2.3029847563276684
139,659,661,1.0085121693173571,-0.037301114307052963,-0.034584054510187201,1.5660608220046419,2.1706717594011034,-0.021178396625206611,-0.016290093549102685,2.4612811654668336
659,660,661,1.0086104673461982,-0.033181633461593307,-0.034331036474155141,1.576664320012453,2.232189278088581,-0.014991133020401969,-0.017096011255229165,2.5021715783616556
659,266,660,1.0022060427789228,-0.038118751559024666,-0.035635630720450617,1.575658619063752,2.1603574978738735,-0.021598209521479936,-0.017146120980468249,2.4616011047768906
661,660,267,1.0056736104963448,-0.030189775000818209,-0.02798522673832915,1.570199665615168,2.1684527839621834,-0.017148365411708437,-0.013184728345818277,2.4628029557983262
266,662,660,1.0023224067940966,-0.033242029609225732,-0.035363144395652135,1.5870783009919163,2.2268611623368937,-0.014389156977113113,-0.018265431807622426,2.505192403988179
662,663,660,0.99989557850991706,-0.030769633197390789,-0.02819650783835749,1.5797770977610672,2.1633211316368359,-0.017696404640714654,-0.013078863295908849,2.4659695466930511
662,215,663,1.0000084750100546,-0.026043530325435604,-0.027966340560577452,1.5894124206560827,2.2194600249056649,-0.011218870803936361,-0.014725291190118915,2.5025858905099088
660,663,267,1.005767787283891,-0.026243007431260068,-0.027748450885853426,1.5801224850291229,2.2258364902271053,-0.01154541961889597,-0.01429712309195242,2.5007463791299003
266,664,662,0.99559341084756525,-0.038429357106985584,-0.03572168684420518,1.5868019035743408,2.1549475457097311,-0.021905096620695945,-0.017060379586337895,2.4656204537257693
664,496,662,0.99574736633479954,-0.031977379501848979,-0.035460764800838707,1.5977366432886111,2.2195412022012588,-0.01294211647537899,-0.019290836724039737,2.5072699407548016
664,173,496,0.98982817471399631,-0.036540222264550337,-0.035464889556044321,1.5977334636974361,2.1567945070323526,-0.019711411175088123,-0.017787215197546363,2.4733777707086197
662,496,215,0.99426700943577373,-0.030469371947260626,-0.027580868858495089,1.5897095637253982,2.1612706635334065,-0.017687657208418757,-0.01250944968705095,2.4710134348366486
267,663,665,1.0033211942178824,-0.0237507159919641,-0.021879768498181962,1.5741441852137763,2.1690498073959201,-0.01353956913523098,-0.010175255770170227,2.465714798677535
663,495,665,1.0034076150897748,-0.020128983892145236,-0.021670768742416024,1.5829029619739008,2.2195825884343772,-0.0086699945273788215,-0.011482881482398608,2.4989741431189048
663,215,495,0.99816785385168583,-0.024168348147460605,-0.021617308984324346,1.5829441744311337,2.1658010492658777,-0.014176022215428401,-0.0095948232445219189,2.4694032779097128
665,495,181,1.0014223435505709,-0.018106492626667858,-0.016474849638742572,1.5776096301571698,2.1707278319294785,-0.010414516259799132,-0.0074792415834392875,2.4688699832595526
116,117,553,0.93863075931149265,-0.013849537845002757,0,1.6794488068730824,2.0547930498504279,-0.015869199766458234,0.0080756347115739265,2.4716743719652219
117,666,553,0.95203392120513897,-0.014408975441710936,-0.015412217612832846,1.6800921008994973,2.2128080842017539,-0.0059580035062582887,-0.0077726098035134777,2.5480289224195731
117,118,666,0.95028754753654265,-0.012144405136776726,0,1.6601066585129121,2.0822669612617428,-0.013942634819166123,0.0072515710181948866,2.4733478668475501
553,666,234,0.95203392120513985,-0.025978883161966948,-0.015412217612832846,1.6562614944662994,2.0778380927258198,-0.020697836163989701,-0.0022787578556369703,2.468761521805046
118,667,666,0.96141161138089348,-0.012608714946065191,-0.01297974590794182,1.660648423054311,2.2103000955357994,-0.0056393508839799392,-0.0063110913086415303,2.536860928738379
667,668,666,0.96141161138089348,-0.022435400957884821,-0.01297974590794182,1.6408493406117561,2.0983669564563781,-0.017975536468317101,-0.0013770661466562736,2.4696456193753962
667,241,668,0.97206377574272551,-0.022880014048260122,-0.02077315094775023,1.6411746313021345,2.2165558914050276,-0.012128910466671083,-0.0083023321798042782,2.5297237052067176
666,668,234,0.96454692205256265,-0.026501166126031706,-0.025179183576414577,1.6566691600611154,2.2193531935059365,-0.013142178248450334,-0.01074224122481842,2.5392221176628365
118,119,667,0.96050365323679365,-0.011431305437726635,0,1.6438167261890648,2.1068757120487791,-0.013143068789569265,0.0069718077532905549,2.475766506338398
119,577,667,0.9694206898044655,-0.011803495637828121,-0.010442656546133633,1.6442525945854749,2.2073718716828163,-0.0064966719491670391,-0.0040317966019616444,2.5267505412177393
119,120,577,0.96935394370062333,-0.011716941540795389,0,1.6307109096635186,2.131509967057446,-0.013482103248186092,0.0073010167860367622,2.4803983330809829
667,577,241,0.96942068980446461,-0.019452549318431878,-0.010442656546133633,1.6277783944675028,2.1144744567404548,-0.016021237740401786,-0.00011771057255140216,2.4698893354714029
234,668,558,0.96454692205256265,-0.033416755600265802,-0.025179183576414577,1.6350395577219781,2.0967600187078119,-0.023324385596780482,-0.00886865294729592,2.4651335880526175
668,580,558,0.97613844599584887,-0.033900578721130614,-0.03016458113161935,1.6352476451672273,2.2236724812537902,-0.018292986739251768,-0.011491964596736313,2.5301032381198243
668,241,580,0.97206377574272462,-0.028616663088312677,-0.02077315094775023,1.623069107597223,2.1141750843649887,-0.020296786332058128,-0.0064514515024958752,2.4667426286625291
558,580,173,0.97613844599584887,-0.038613481059357468,-0.03016458113161935,1.6167706866216689,2.1189533567067365,-0.026052680831479588,-0.011115527268501998,2.4651560800260017
19,20,574,1.3324265325752613,0,-0.0087014401065381719,1.1774464448080515,2.3667831041166849,0.0058137454273343471,-0.010318803480016509,2.2865441685091823
20,669,574,1.341876261282529,-0.0073000698988331947,-0.0082799886057361993,1.1771208666343131,2.414579602785984,-0.0027574221573928789,-0.0046057305235679864,2.3367160231690658
20,21,669,1.3415789907618316,0,-0.0078975103883607289,1.1677283519810775,2.3609204352213098,0.0051994079342011761,-0.009372461622875531,2.2690575551785517
574,669,240,1.3310110336058107,-0.0073000698988331947,-0.013957927914187707,1.1771208666343131,2.3569875705746126,0.00054515994634913092,-0.011752758192102275,2.2758539106430087
21,670,669,1.353476397524467,-0.009190941208216008,-0.0085219860338487941,1.1682107696253716,2.4249737634127464,-0.004767100512509212,-0.0035034505772063643,2.338469211129095
670,671,669,1.3402747015170027,-0.009190941208216008,-0.015882647562312613,1.1682107696253716,2.3560836433764036,-0.00051668851309133804,-0.012842443244215664,2.2644085043343853
670,239,671,1.3516946967970411,-0.018013340080993312,-0.018624065593955907,1.1703286236838988,2.4263804143343863,-0.0079338295134014913,-0.0090885537805752425,2.3421145457178691
669,671,240,1.3404958742247515,-0.014627485115132122,-0.016319350367625662,1.1789451590512954,2.4166582520699782,-0.0056720566707567158,-0.0088667785717086306,2.3407616637897988
21,22,670,1.3531021277001325,0,-0.0080460445595189611,1.1565230784873464,2.3582498274317816,0.0052310411706159281,-0.0095519496208519399,2.252682418675886
22,564,670,1.3673971148439628,-0.011043444009520675,-0.0094551463209675002,1.1576116654339241,2.4364789809347736,-0.0062261909188436257,-0.0032217925719922567,2.3397869923302861
22,23,564,1.3669478388965448,0,-0.0088889015610327249,1.1436930652106909,2.3571112556830713,0.0057062834734755274,-0.010553360320664382,2.2353714617246188
670,564,239,1.3514111433459424,-0.01104344400952062,-0.018106706746378265,1.1576116654339259,2.3546593370964923,-0.0013880704142753483,-0.014350914303575147,2.2500215584885246
240,671,575,1.3287580021727936,-0.014627485115132122,-0.020690772999129692,1.1789451590512954,2.354137123701955,-0.003745452427953308,-0.014937807084598843,2.2748865497552755
671,570,575,1.3377110630409226,-0.021543870989319647,-0.024462948164635012,1.1818592260294984,2.4168465823650709,-0.0080148131415968618,-0.013530385127936591,2.3438604731136232
671,239,570,1.3375672941762404,-0.018013340080993312,-0.023993403597152962,1.1703286236838988,2.3522444160627662,-0.005742540800337273,-0.016746870454385575,2.2627088103701967
575,570,174,1.3256824420323869,-0.021543870989319647,-0.028581976756916205,1.1818592260295002,2.3523084934082497,-0.0067689610916212492,-0.019760116257638106,2.27619013544499
133,533,673,1.1061939635689555,-0.05205361273648057,-0.047221984024027108,1.4321067994496381,2.2925551567869826,-0.028145931705411312,-0.019122840799874766,2.4477342763138168
533,672,673,1.0976130394682406,-0.045245533043670072,-0.051339083074470437,1.4353732936068688,2.2415190785129417,-0.019225645921410919,-0.030428117968977,2.4151602709161168
533,229,672,1.0949369530631579,-0.050676540463366226,-0.045396961903227506,1.4474325844087068,2.2871071654960335,-0.027750238090160223,-0.017903410188620558,2.4546113282135584
673,672,269,1.0998043418305148,-0.044419850410654327,-0.039339956168046086,1.4398945640935685,2.2885004928534043,-0.024698441455866346,-0.015219356408571319,2.4505788607781516
229,674,672,1.0861688709420712,-0.04372038487652663,-0.049136678729046146,1.450399487744221,2.2312839106373676,-0.01901329929211952,-0.028943819774537596,2.4193950825768429
674,675,672,1.089019666511315,-0.04264612628917952,-0.037108583594285705,1.4549320065355893,2.2842807058682286,-0.024095828941461409,-0.013773029295549924,2.4580219501383063
674,268,675,1.0805048300118645,-0.03589088304798782,-0.040137637152587669,1.4573351053594177,2.2265651782165481,-0.015782839997494247,-0.023560905951334289,2.4215698235784218
672,675,269,1.0914224831510437,-0.037769708631755883,-0.043062768691545905,1.4428482324915066,2.2364325247007577,-0.015963050115672617,-0.025683206361104813,2.4174930015563594
229,538,674,1.0837566416843085,-0.048615905055559239,-0.042791901553561829,1.4632759523646879,2.2834528091934017,-0.02703470413578557,-0.01618180500885516,2.4628849645969617
538,676,674,1.074786279074162,-0.041498846006152057,-0.045707825165997029,1.4655894374973615,2.2206984049470058,-0.018782869716756079,-0.026477575612751103,2.4235260642151299
538,148,676,1.0722514915086325,-0.046643436895880797,-0.038698253682554196,1.4798160251945029,2.279016165358017,-0.027484106964530533,-0.012696488687212931,2.470905798889151
674,676,268,1.0784155350232645,-0.040131304655886879,-0.033873517825261601,1.4700487274640026,2.2804050179113906,-0.023323074554377987,-0.011669236943954289,2.4655841752083836
269,675,678,1.0938286592820639,-0.036863061572197431,-0.031270902504536124,1.4472914071483158,2.284328865814417,-0.021470916521696713,-0.011045596311696881,2.453016775476851
675,677,678,1.0858393121144569,-0.030524637063402693,-0.034441417638769067,1.4498067654636735,2.2321986942416996,-0.013164403694511821,-0.020350540312939792,2.4199636566586955
675,268,677,1.0838087588207692,-0.034645836850664136,-0.028587625597261024,1.4616875895676888,2.2819203915782169,-0.020641634712896387,-0.0093532159250370034,2.4611675599081972
678,677,176,1.0880954763005422,-0.029674514498048588,-0.022537817448245789,1.454292041488054,2.2786920220885745,-0.019151698895736105,-0.0058661893537334878,2.4541575568328238
134,679,681,1.2196870188281448,-0.041836390114367017,-0.046406762163062609,1.2947853740208277,2.3498817299945305,-0.016871855146037021,-0.025479783011361473,2.3859246215192678
679,680,681,1.2207118971872277,-0.043062982286787843,-0.040247243299104341,1.2874135551532984,2.316468611964245,-0.023933281792389335,-0.01869381483306827,2.3505976519374538
679,270,680,1.2242361438920861,-0.034219526239030795,-0.039431584296572453,1.2894603030523344,2.3527706809145146,-0.01274855308771336,-0.022570174857328922,2.38404834008452
681,680,272,1.2288564188359423,-0.039133670215040883,-0.044647457939344548,1.2852906782981632,2.3568648605944231,-0.014814872284748801,-0.02521170445128737,2.3838264242146154
270,682,680,1.2251117962784983,-0.035267522182563127,-0.033341223013521493,1.2821712531755409,2.3186293160195559,-0.019356876613151483,-0.015771711123013933,2.3478445149283402
682,683,680,1.2330125833178975,-0.031455799502066117,-0.037184709344193045,1.2803169690458986,2.3586305405121077,-0.011009175765466395,-0.021813310578186015,2.3812505295047566
682,271,683,1.2335145213304128,-0.032056521765847279,-0.031073142843027313,1.2730026115509823,2.3218994632586361,-0.017113349317531619,-0.015283502799271723,2.3421639431537331
680,683,272,1.2295990069513003,-0.040022403888505309,-0.038252532032092113,1.2776371946569007,2.3200101793579937,-0.021717821354882705,-0.018425014646240301,2.3446462786173177
270,684,682,1.228461327531198,-0.026862482781378816,-0.032436263832751777,1.2844420836282167,2.3544079669578055,-0.0089829461324189425,-0.019487016922252076,2.3812849272454435
684,685,682,1.2291133136597048,-0.027642829643185429,-0.026664616837320132,1.277534135094637,2.3207279303292276,-0.014817833856652265,-0.012996839458638519,2.3455276478109566
684,177,685,1.2324363451653042,-0.019304049262407696,-0.025845882000062659,1.2795886597016048,2.3545709035928137,-0.0047177543687642876,-0.017040509749525881,2.3772941389285522
682,685,271,1.2367393167862679,-0.023963676043156079,-0.02988690984959419,1.2759795447358728,2.3603587224091127,-0.0072949148616838766,-0.018467317843128703,2.3791313293746335
272,683,687,1.2380336750612813,-0.03595311109818522,-0.042146123671685132,1.275758737297247,2.3628992826449093,-0.012759100592980188,-0.024445915943449387,2.3808707975830865
683,686,687,1.2383580362975162,-0.036341331432515389,-0.035761622933253356,1.2681172785336479,2.323411798924917,-0.019072002224788331,-0.017993726434250783,2.3387100347257341
683,271,686,1.2416248092351094,-0.028143725711790912,-0.034467365773789282,1.2713650738647546,2.3637462633649333,-0.0089787995509512733,-0.02091069839287546,2.3779437730617796
687,686,149,1.2474844111182439,-0.031938325792517652,-0.040162696584518542,1.2659939872499528,2.3683394038320542,-0.0093825876544911951,-0.024910314793496008,2.3771429834168072
144,588,441,1.2352256541535693,-0.10376002541628182,-0.10444521160429154,1.290969085894087,2.3796816328099633,-0.046922708259230866,-0.048220511497093416,2.4051546211552832
588,688,441,1.2342972517108075,-0.10517134999831312,-0.11344379211383071,1.2772897618299197,2.2905403531487947,-0.051425702501151499,-0.066590902648415773,2.3137493131599607
588,243,688,1.2503821400721329,-0.11129349052000137,-0.11243486061495922,1.2769057479484385,2.3870358237437346,-0.049962242191446626,-0.052123767260825793,2.3991383993477338
441,688,199,1.2383972620856012,-0.11628572757029421,-0.11865069587636423,1.2914047247464921,2.3862568881339397,-0.050796084862075291,-0.055280011108268329,2.410190276639097
243,689,688,1.2500623781202211,-0.11177957141593931,-0.12205316046633463,1.2622846469037103,2.2962935027633162,-0.053971577813972244,-0.072778858501622551,2.3029186569434148
689,690,688,1.2550722207738918,-0.125361697498513,-0.12711925439876559,1.2760192751731347,2.3927939554681399,-0.05540271832658239,-0.058732343403715637,2.4022631583088283
689,273,690,1.2547080029932305,-0.12591535719467761,-0.13771270321621287,1.2599158173931313,2.2916280007965608,-0.061443617620650537,-0.0829593248812939,2.2944805944172
688,690,199,1.2369614086746683,-0.1184684611798863,-0.12844073685058,1.2765222504555975,2.2850325360580102,-0.058220088909667095,-0.076437475953081674,2.3066079437813101
243,587,689,1.2673517696908447,-0.11836016323306087,-0.11853171039961197,1.2609443322142777,2.3932307816405975,-0.054017155796596494,-0.054341722659403346,2.3902998970640574
587,691,689,1.2680951811914363,-0.11723005534339448,-0.12864770932121949,1.2455663481717156,2.305127071119967,-0.05624536837043223,-0.077130739674301785,2.2929063317983012
587,165,691,1.2858111880980181,-0.12397302311096059,-0.1217126979398957,1.2429267828081123,2.3961313345311983,-0.058933430196282111,-0.054667566358038461,2.3763022978385684
689,691,273,1.2740091113704659,-0.13326163744576736,-0.13332507179204356,1.2582458215850956,2.3983775253941575,-0.060513428516019485,-0.060633410359093892,2.391214104782418
199,690,446,1.241490588805384,-0.13074623939570973,-0.13437723525301948,1.2926150108802634,2.3922923563071508,-0.055720886515036955,-0.062609178347826783,2.4151102383834635
690,692,446,1.2398343329708243,-0.13326402098027135,-0.14525138831123741,1.2760845077137857,2.2779473688314571,-0.066001416272651936,-0.087803849749779284,2.2979658941399261
690,273,692,1.260290759828776,-0.14105070424458521,-0.14341939560194472,1.2753871646700148,2.3985265930834729,-0.061454326760446321,-0.065941786455945089,2.4052873152168446
446,692,153,1.2446533316953639,-0.14632779679565822,-0.15211399485529586,1.294688279684971,2.3987189434423826,-0.060254483615784282,-0.071236260182764688,2.4207638872509558
50,693,606,1.1978263538472174,-0.0031939603098534164,-0.0046317144336924798,1.3173612120841209,2.3423120016923775,-0.00051210834152184276,-0.0032225845545364607,2.399358326836019
693,694,606,1.1950543603372896,-0.0080103899780212262,-0.0067770159131725904,1.3136336803796183,2.3025454650125097,-0.0049338736351739274,-0.0026399624214541225,2.3632796016362874
693,274,694,1.2013253241655386,-0.0078159256745458094,-0.0098161075885681015,1.3135394373155496,2.3441179770192653,-0.0023213940785607005,-0.0060927433253566421,2.3976673863592617
606,694,250,1.1969425655872055,-0.0097759532669758897,-0.011797614808900292,1.3183281833205847,2.3411795513469107,-0.0032491276489302473,-0.0070592158292805685,2.3991803714481374
274,695,694,1.1984285851884922,-0.012848887456260838,-0.011914463926828489,1.3098936316911622,2.3038823566219127,-0.0072161598027316066,-0.005478345859930709,2.3610229932880524
695,696,694,1.20020030436058,-0.014505455411993218,-0.017270545931381776,1.3149016001981337,2.3432025619204828,-0.0049797907020677594,-0.010192210774207025,2.3979686796258757
695,275,696,1.1972731906448866,-0.019591030156490247,-0.019226463490749524,1.3115033841025667,2.3038106552239666,-0.010277150851767135,-0.0095990877056943494,2.3623014634215043
694,696,250,1.1941116306428539,-0.014694426771822228,-0.013706186779476326,1.3150122255702716,2.3030082703807047,-0.0081789044545754856,-0.0063404414748286196,2.3648167083445975
274,697,695,1.2047560440114218,-0.012652671227547874,-0.015413209876253831,1.3097851346223326,2.3453767354159334,-0.0041001063839241556,-0.0093048280734976604,2.3955411350495925
697,698,695,1.2018308556341992,-0.01773528200372132,-0.017475107680827051,1.3062025195393281,2.3052113428661496,-0.0092748296967009695,-0.0087910058849148404,2.3587626195314337
697,162,698,1.2080988913518622,-0.017540743868170505,-0.02152403592415375,1.3060768548196418,2.3458054390944993,-0.005597196658631419,-0.013104585768781089,2.392711182969073
695,698,275,1.2036054819819442,-0.019394497748896899,-0.023018798273971797,1.3113856831558355,2.3452393392231885,-0.0067018548623146573,-0.013535313985556269,2.3966658100270024
250,696,611,1.1956454723452294,-0.016128577879600314,-0.019066742214389976,1.3200243767612179,2.3407972440258926,-0.0056344260390766079,-0.011171638072283312,2.4001892267137483
696,699,611,1.1927207490759679,-0.021210380515432004,-0.020870866893403672,1.3168896509409942,2.3026603398440906,-0.011062788104984352,-0.010431175414179102,2.3660824580377895
696,275,699,1.1988031991466146,-0.021021597198881636,-0.024854890994047807,1.3167659972694974,2.3426906152469691,-0.0073334693749759552,-0.014558962398599516,2.3989829037688106
611,699,146,1.1937387201455096,-0.022162189515544384,-0.026977053750332658,1.3225989719430267,2.3405995603833065,-0.0071752816007068787,-0.016250022306488671,2.4020288856902088
89,599,701,1.128686731586829,-0.0046234482711380309,-0.0037822556941740082,1.4004507508201733,2.3082160045370013,-0.0027835225592553392,-0.0012052027549782143,2.4371751051057604
599,700,701,1.1248232878762838,-0.0072055718783348155,-0.0089853440410276875,1.3969732788399085,2.2585838306920567,-0.0025245358868916396,-0.0058114414194541698,2.3987016696020818
599,249,700,1.1298140928690645,-0.012399862611406576,-0.010997346226602644,1.3990673146362465,2.3084441727451503,-0.0068706532141891256,-0.0042392227901290359,2.4362957437725896
701,700,277,1.1246549985876206,-0.0099099814611456338,-0.0084396649896444353,1.4057423435108056,2.3061785302712319,-0.0057304238645873879,-0.0029728930895337874,2.4394994779646701
249,702,700,1.1263637649143661,-0.014705881265199672,-0.016521735579415164,1.3953751018768648,2.2605089919210424,-0.0063473449443896719,-0.0097023996869239383,2.3987700472766291
702,703,700,1.1261655532963619,-0.017891142807474836,-0.015986756713198602,1.4039722145267088,2.3067783599439875,-0.0098227863755756852,-0.0062510406634390947,2.4385874828849721
702,276,703,1.1227035864414665,-0.020204842242534049,-0.021806949978607548,1.4000824667519502,2.2571453395583623,-0.0093361022375624408,-0.012293615847349268,2.3999535052334524
700,703,277,1.1209048916117732,-0.012416250514290184,-0.014071217173020401,1.401978668221207,2.2553150409606126,-0.0053007690455706725,-0.0083547179119642205,2.4002212787295774
249,605,702,1.131621010837224,-0.02017747629206923,-0.018123300386621022,1.397041965889489,2.3096156125316476,-0.011016966410812602,-0.0071621632503632432,2.4355953543307964
605,704,702,1.1284032805683308,-0.022327947690945926,-0.02388154954944266,1.3931936165570509,2.2623127282904605,-0.010426050781072206,-0.013297510875036847,2.3982538277811463
605,145,704,1.134208388357369,-0.028369457637959172,-0.024795271631520732,1.3941445482620747,2.3111709350471852,-0.015966496298682513,-0.0092578175491876066,2.4344991522306483
702,704,276,1.12818068932605,-0.025904989898794639,-0.023352762329800547,1.4016912294201624,2.307682199793585,-0.014081743057640567,-0.0092946465233735495,2.4374828636582646
277,703,706,1.1207052738435492,-0.015624108896558297,-0.013514046876850871,1.4109323972445189,2.303579618960129,-0.0088913779222813995,-0.0049366196425082755,2.4413117385504477
703,705,706,1.1170507910220255,-0.018066573980180856,-0.019333815699185131,1.4070427683045263,2.2522327666896311,-0.0084823267818207593,-0.010818966754774232,2.4018895035517915
703,276,705,1.1224847183097872,-0.023722054047192742,-0.021249741435115266,1.4090368104099138,2.3051214014607373,-0.012976764541945497,-0.0083416889273505435,2.4409587051852286
706,705,161,1.1168116729740345,-0.02190920202588309,-0.01877258673361748,1.4160617201623289,2.3003802986392889,-0.012605294453109192,-0.0067317396928777001,2.4426210544447198
132,707,709,1.1998266936592081,-0.35063515297951486,-0.37243799787674003,1.457649464819899,2.4157915211461192,-0.11942134571738894,-0.15987836717664794,2.5153800978723506
707,708,709,1.1579523215914582,-0.33908697289130352,-0.34293005497058715,1.4495117179860681,2.1016677384557085,-0.20997191339273125,-0.21643578356194404,2.2839552263969876
707,278,708,1.1597733553497358,-0.34275639444103856,-0.37069691264417415,1.505462523649495,2.3945877349601266,-0.11299557671116056,-0.16461213345621006,2.529096857685234
709,708,280,1.1795637089417652,-0.31462350907807579,-0.33601651550464862,1.4573376441889936,2.4006512673796681,-0.10877024076112041,-0.14861437018055323,2.5105349719660826
278,710,708,1.1213869881955807,-0.33217014182544702,-0.33266318186244348,1.4949735216464699,2.090570402355318,-0.20345237641973812,-0.20428346742033487,2.3196874081319354
710,711,708,1.1444115703856816,-0.30610715586687975,-0.33043207090148563,1.4974990577525049,2.3759332284597736,-0.10563365996310836,-0.15069475536731625,2.5181182695439328
710,279,711,1.1124549027174768,-0.29729409587270261,-0.29536720707937292,1.4878288145419045,2.1181990693549628,-0.17768775401222181,-0.17438321178609784,2.3411902702537439
708,711,280,1.1437335403495141,-0.30474076682297913,-0.30645746008181796,1.4491846117717495,2.1264812231852694,-0.18327289684140324,-0.1862109084015009,2.3111336308929067
278,712,710,1.1195568765228674,-0.32848203893130012,-0.36023128883878552,1.550529702529607,2.3634212690322705,-0.10838737482265282,-0.16663935078391789,2.5355234200764745
712,713,710,1.0866903053351589,-0.31941804431560339,-0.31621572823388711,1.5383910221041051,2.0891438519636587,-0.19214078003040946,-0.1867152922058839,2.358370514818608
712,163,713,1.0811503388603234,-0.3082545039734379,-0.34247737223568464,1.5913106423937613,2.3259292625295958,-0.10365639769852586,-0.165933468905617,2.5372821302844706
710,713,279,1.1102173071091381,-0.29278481757996921,-0.31893160109437435,1.5353165777540188,2.3477277881049865,-0.10208161366830737,-0.15022140300935016,2.5230603851989244
280,711,715,1.1633506245241927,-0.28253479637557621,-0.30130496915554961,1.455017082093045,2.3802564365069023,-0.10213838022840682,-0.13712169292391896,2.4997826183361234
711,714,715,1.1336652014888262,-0.27434810379299712,-0.27359199641284082,1.4473743549497051,2.14838853446413,-0.16148761039707693,-0.16017493413349571,2.3325482345971391
711,279,714,1.1333273480802548,-0.2736672501857953,-0.29427808536965294,1.4890616605320393,2.3596143180643794,-0.098794644875766169,-0.13704674074316758,2.5073342972746615
715,714,147,1.1511432102324233,-0.2545636363613184,-0.27014806694397109,1.4512727573028243,2.3586114770807405,-0.097202896867352728,-0.12621702402058116,2.4864053098468188
129,716,718,1.1651013006467985,-0.053317575800678974,-0.05187133748381112,1.3579701529146018,2.3255800517582594,-0.026397483460947641,-0.023678783001531437,2.4173972569836231
716,717,718,1.161825301649742,-0.055215810630162121,-0.058568647355402348,1.3540894841862183,2.2774127009276435,-0.026300578383324766,-0.032502986187745664,2.3767744193261451
716,281,717,1.169673005875844,-0.058260535341118747,-0.056746834992780215,1.3533826638271194,2.3295441613519867,-0.028713539177825528,-0.025866026127665864,2.4167280804720437
718,717,283,1.1626691931262472,-0.060425341198014237,-0.059949273446065821,1.3626123974070623,2.3290186236090493,-0.028836748892041297,-0.02794083362572912,2.4233266453916116
281,719,717,1.1663824853037816,-0.060167184507565086,-0.064184680150662032,1.349072901599575,2.2785394714727509,-0.028490194478427225,-0.035919548391288747,2.3731664621553143
719,720,717,1.1673717812012958,-0.066274329042415925,-0.065574487660132519,1.3576524937694101,2.3309288218008604,-0.031774624977123633,-0.030457641590790577,2.4207407770646401
719,282,720,1.1635320296256157,-0.068499358745179872,-0.073815796738498918,1.3528768833874372,2.2722381742871169,-0.032217879083862588,-0.042027727270048887,2.3710191047492373
717,720,283,1.1585090113901853,-0.062836051304955731,-0.067331997771525209,1.3583343131123637,2.2711488160189699,-0.029713076285715817,-0.038012902962033565,2.3751172194300092
281,721,719,1.1745501524218238,-0.063336047297075204,-0.061581247007603812,1.3480628307564828,2.330984819073266,-0.031344530482503241,-0.028044149935063725,2.4134769116163493
721,722,719,1.1716570577541026,-0.065012413214218689,-0.06952731790019584,1.3434585837651367,2.2809946706679716,-0.030691351198487871,-0.039040460251182574,2.3700392340793486
721,156,722,1.1795503304660704,-0.068074817426206913,-0.06469372405015239,1.3415832630071236,2.3269922041925293,-0.035115935572172838,-0.028769912977939724,2.4049595545402882
719,722,282,1.1728046292545722,-0.072096628397005702,-0.070867720511131216,1.3517331884617061,2.3321551038991353,-0.034984230942330011,-0.032672494048940404,2.4168316013323516
283,720,724,1.1593981765709547,-0.068325066561120806,-0.068930649651902876,1.3682031482292292,2.3301902938932799,-0.031605227099158417,-0.032745253193403739,2.4280856718375459
720,723,724,1.1547291144020937,-0.071030493650052318,-0.077146749777464052,1.3634424363258164,2.2645994700673229,-0.033165835880192285,-0.044432044102565751,2.3738990556906865
720,282,723,1.1645598957067127,-0.07484460563794304,-0.075418705257426666,1.3627719956848079,2.3317725217231837,-0.03474149583138797,-0.035821993705657446,2.4248527111558462
724,723,143,1.1555383491072377,-0.076026080227675763,-0.078934978757554841,1.3744815732213151,2.3294758525203831,-0.033470922356679061,-0.038945205373320441,2.4317920123794488
136,725,539,1.3855856578355215,-0.17965924807280231,-0.17027299659928019,1.1618449965440032,2.4034537405268579,-0.095288253294477598,-0.077984952347315395,2.2926658317111803
725,726,539,1.4015814099228465,-0.16780990383266392,-0.19166246479847437,1.1460000915703539,2.3857458235814204,-0.07189964065356097,-0.11532793327514718,2.2526288600749993
725,284,726,1.4183611732526555,-0.1754359671718273,-0.16148672049842716,1.1322858255932076,2.4085746884476706,-0.097912344037039523,-0.072358472554930109,2.2640006219470545
539,726,230,1.416327097661604,-0.20224590538534981,-0.19073539736429002,1.143835086033242,2.4156341981346556,-0.10759348729474644,-0.086477087439923883,2.2810662659269165
284,727,726,1.4393070062765987,-0.15991862276826518,-0.18275312484003692,1.1165309916834296,2.4141457560816395,-0.066309177099505345,-0.10797962108749198,2.2499762730131461
727,728,726,1.4547972135204836,-0.19609332076487651,-0.17941156667825631,1.108727360948393,2.4137788858899425,-0.11171630849539821,-0.081460224451787688,2.2357450532742633
727,285,728,1.4814651400502332,-0.17633722110189587,-0.20265785599367625,1.0915060742466469,2.4333979084980557,-0.071701947787897957,-0.11947538486141052,2.2366899865533436
726,728,230,1.4361010080869052,-0.18759600636770468,-0.2157998188291117,1.1252656055664172,2.3954525097882065,-0.080230615825526985,-0.13119056228081422,2.2325425764343421
284,729,727,1.4534123408278712,-0.16632876930883844,-0.14685187244110676,1.1002157254250715,2.4090167377460534,-0.099484382908011482,-0.064144013525161026,2.224481079727548
729,730,727,1.4791443479693647,-0.14726567372543298,-0.16497872473802921,1.0867867722904636,2.4485915170049819,-0.060201902966173115,-0.092681811976765283,2.2564821179221517
729,183,730,1.4878666270710403,-0.15122989780556129,-0.12156615770005352,1.0670560182494597,2.401239448680434,-0.10156423768118744,-0.048492943500972663,2.1697637638349274
727,730,285,1.4940381466793846,-0.18205157798704974,-0.15838384757237645,1.0713838002100591,2.4050376409217806,-0.11392132061478782,-0.071670894681377162,2.1746228527519103
230,728,544,1.4533509384290717,-0.22788162724923922,-0.21473556367631375,1.1227801358424045,2.4234352590430421,-0.12238775290029796,-0.098495883220767466,2.258467240701695
728,731,544,1.4798094782197002,-0.20827928619730929,-0.24381242277781112,1.1012379602976923,2.4123353269361316,-0.086296751710358832,-0.14999373634118052,2.2144709402279781
728,285,731,1.4988481591989324,-0.21693225369719826,-0.19788729903360203,1.0803652641471313,2.4132875166811898,-0.12760554778580774,-0.093613951814922491,2.190114389895379
544,731,141,1.4990257892249628,-0.25315720770446726,-0.24151166098087185,1.0958647433830926,2.4205233777299835,-0.13886356014424456,-0.11807734871859971,2.2111134631501397
132,709,504,1.2034074062014435,-0.35785112591003632,-0.34612447459886564,1.4046215634063977,2.1559673629023073,-0.22266878546288882,-0.20273403381189903,2.2775583238548029
709,732,504,1.2198497013530822,-0.31653818783839704,-0.34499953590474597,1.4074480862352332,2.3932734809101408,-0.11124171768284863,-0.16393942865307132,2.471309149549775
709,280,732,1.1823535322120033,-0.32024565521841186,-0.3128382698882799,1.4106280602802475,2.172109077952844,-0.1921308073940865,-0.17933802013782896,2.3060516216410623
504,732,218,1.2252659214322268,-0.32745236784837672,-0.32318556708553903,1.3634909391943317,2.1858396399913178,-0.19813160943370201,-0.19079000564340864,2.2684642369686836
280,733,732,1.1968209077266634,-0.28389783029414417,-0.31202138797381451,1.4126803938759767,2.3710752415690126,-0.10198453363634807,-0.15409213051092119,2.4638337488350168
733,734,732,1.2029133150735496,-0.29617545548138935,-0.29271405172489917,1.3737715973475559,2.1953233113227641,-0.17480673635127558,-0.1687746242129593,2.2950087707663598
733,286,734,1.2155225500331204,-0.26449347080642049,-0.29032323172734209,1.3797787756391942,2.3853863481833151,-0.094594095507417597,-0.14277466032919012,2.4556605409617096
732,734,218,1.2391395692140916,-0.29259341741876688,-0.32017459634660206,1.3710563092674333,2.4068982113745609,-0.10145562906034367,-0.15290022167793171,2.4616559563761395
280,715,733,1.1655609678347325,-0.28698868490957175,-0.28177843043103934,1.415670693448801,2.1881287117516974,-0.16674793532284932,-0.15762647280225289,2.3307691563628636
715,735,733,1.1785342143832196,-0.25439312874140996,-0.28153231296403192,1.4162890687868337,2.352623819152512,-0.093104659397142742,-0.14341415025951709,2.4575516519769569
715,147,735,1.1523436682170596,-0.25698283986318593,-0.25413283404837728,1.4189983187134505,2.1985346456672912,-0.14547799381604509,-0.14043906967784897,2.3477007122319229
733,735,286,1.1850419983803593,-0.26750737601909691,-0.26467312304701007,1.3823150485104332,2.2065832521792417,-0.15391830395982348,-0.14892242615364959,2.3188427480419085
218,734,505,1.2422550703914021,-0.29887188068418968,-0.30005951369846695,1.3305197148963384,2.2079146589893228,-0.17675663657958685,-0.17881924159941254,2.2603159503164361
734,736,505,1.2542167400636659,-0.26881696962425394,-0.29581346369060313,1.3411883471892247,2.414867912096148,-0.092397285292484144,-0.14301167569388623,2.451128613717461
734,286,736,1.2193773883719325,-0.272261871306684,-0.27232629919725948,1.3435107489719709,2.2132166192072069,-0.15827502847271108,-0.1583881181419271,2.2853967778968145
505,736,159,1.2545099613648465,-0.26940787910023367,-0.2778195114054256,1.3049263264122573,2.2272649497168802,-0.15359585573482404,-0.16833322296041836,2.2569244554954166
108,737,637,0.76937924138415603,-0.061552153509824237,-0.090489517246470141,2.1513900155347727,2.1046408116431277,-0.0086637383562333803,-0.056209131107330446,2.6943147089552575
737,738,637,0.76797692803394924,-0.15695750632085659,-0.091338713019971096,2.0936156084348179,1.6597308025536917,-0.13056643731081419,-0.034268181236453921,2.5397729827990472
737,287,738,0.81079088797731025,-0.13531121020262837,-0.15235183217445658,2.0627680053151356,2.223258529873807,-0.04021283019177696,-0.069410637062946035,2.7003656041507855
637,738,259,0.78862303705041725,-0.17106156651511206,-0.18962822205981,2.1607605194132491,2.2799290169084765,-0.045419286960755589,-0.077057078998685913,2.7458540798289341
287,739,738,0.80987780975071111,-0.19743181280552946,-0.15338052554171488,1.9927816120292046,1.7109128794763331,-0.15030773459100283,-0.084101287049599849,2.501316444793888
739,740,738,0.83741853719706871,-0.21624582165277317,-0.23361551428667052,2.0475928653283932,2.3293151926021327,-0.058804597837300077,-0.089250595137282451,2.7275992400857949
739,288,740,0.83676582649996867,-0.26065111406727581,-0.23494334358211999,1.9572578234745812,1.6810660195652598,-0.19185909717852379,-0.1537349313887566,2.4624212934892462
738,740,259,0.7875885856997229,-0.24143748485114269,-0.19097479965626873,2.0691499908970181,1.5858678981604002,-0.1897076232731757,-0.11759261146945055,2.496628611406206
287,741,739,0.8516360959036291,-0.17631925445653351,-0.1903114912233006,1.9741096970712493,2.2767310831412022,-0.054913541481947103,-0.079498604128229122,2.6882461753737408
741,742,739,0.85102907500189851,-0.21760733210355632,-0.19136581952759046,1.9023968635118718,1.7758942398026325,-0.15555233699781279,-0.11507160626716861,2.4716007809620031
741,155,742,0.88958993516689411,-0.19811300433766466,-0.21060057546815125,1.8926727900550615,2.3073828804172689,-0.062926444184475461,-0.085271246769463627,2.671096175680272
739,742,288,0.88117434458113664,-0.23820043713362082,-0.25605242272280071,1.946586151988309,2.3425483895640578,-0.06705619979713856,-0.098892085882177128,2.7002666292381425
259,740,638,0.82532440686202868,-0.26721610942046503,-0.28985708345298811,2.1366998464994476,2.4119334321692225,-0.057646921068061019,-0.097307564991810702,2.7767032862568071
740,743,638,0.82464382867091857,-0.31350737405270923,-0.29156306221936701,2.0206633417111406,1.5540446256960445,-0.24095970868900513,-0.21011214692673807,2.4456610537330321
740,288,743,0.87607672950225002,-0.28750552823082298,-0.31236512641816638,2.0101468812873353,2.4041626176652073,-0.066507959281294049,-0.11081034159105807,2.7393872045426053
638,743,142,0.87702840774739776,-0.34929292914097321,-0.38746939162539329,2.0861799745595535,2.5022593285030252,-0.053883743983320187,-0.12207997903706391,2.7910455562933949
89,90,597,1.1338288342271454,0,-0.0032775118853489715,1.3927516016925576,2.3046993745478614,0.0022837091750973486,-0.0038568784359774562,2.4289794238558216
90,744,597,1.1343289718554157,-0.0044840390461660107,-0.0025531563159226778,1.3862573119750703,2.2721491039098316,-0.0035776537368339368,1.5547165198416882e-06,2.4001717953281716
90,91,744,1.1390983220502751,0,-0.0030758714519549812,1.385765866603224,2.3056498224749236,0.0021403384584801465,-0.0036220529945031727,2.4244749723676184
597,744,247,1.1389418774757623,-0.0044840390461660107,-0.0075156009811543356,1.3862573119750703,2.3070178497346383,-4.1731329983332038e-05,-0.0057236445542001267,2.4258436177245368
91,745,744,1.139545155351005,-0.0040061332208320977,-0.0024403896157156879,1.3800683841388786,2.2771244841913729,-0.003085670492551932,-0.00017984646345789793,2.3989626753892876
745,746,744,1.1436281601946825,-0.0040061332208320977,-0.0069216785424546234,1.3800683841388786,2.3076921985955754,9.7451046888845372e-05,-0.0053662529357312852,2.421690931873612
745,289,746,1.1439721056272596,-0.0070886586666185636,-0.0063262963877193101,1.3747324195697601,2.2803451733488647,-0.0041019704630165521,-0.0026861958542805132,2.3971133163749458
744,746,247,1.1393385504203977,-0.008039121712435815,-0.0068342206329390365,1.3801506099731959,2.2757572904046297,-0.0048925743983104959,-0.0026574335248553179,2.39799833854287
91,92,745,1.1438061914527644,0,-0.0030450681460170159,1.3794998785711456,2.3060071714074484,0.0021151840500571247,-0.0035880666432812178,2.4200109021756893
92,747,745,1.1442041320858527,-0.0035677806186953376,-0.0025056894008397279,1.374664018965035,2.2819085859531207,-0.0025195953685517736,-0.0005461909035420565,2.3982408894287177
92,93,747,1.147998924016477,0,-0.0034419658101985107,1.3737837523026943,2.3052885960247274,0.0023844074963502767,-0.0040584221425071744,2.4151000033057741
745,747,289,1.147717019087807,-0.0035677806186953376,-0.0063990493606596033,1.374664018965035,2.307988176701206,0.0002409281223025965,-0.0050635753838075307,2.4178009586721805
247,746,602,1.1438395693984429,-0.008039121712435815,-0.011048929965257415,1.3801506099731959,2.3093736814665862,-0.0017669544004180956,-0.0074102010893858025,2.4229873283662449
746,748,602,1.1441236713593623,-0.01058626916516392,-0.010408576254246071,1.3744094481784952,2.2792855530580378,-0.0054870739110057173,-0.0051572104362156805,2.3960393200239731
746,289,748,1.1478438283742847,-0.0070886586666185636,-0.010065054787999017,1.3747324195697601,2.3090253531110472,-0.0013536961580788535,-0.0069318566923371044,2.418616633068011
602,748,167,1.1482323601333801,-0.01058626916516392,-0.014190526783966817,1.3744094481784952,2.3096333690331248,-0.0026014228770068794,-0.0093572326941574885,2.4187989729947357
46,47,750,1.1792574351657654,-0.003178727665495984,0,1.3362515965990553,2.3205219270868014,-0.0037564827909030117,0.002205009142196995,2.3971476497331112
47,749,750,1.1799043683444008,-0.002498214092799711,-0.0035957168967044595,1.3324692366388837,2.3038654609451283,-0.00051054182099197817,-0.0025569258102743657,2.3806611772024628
47,48,749,1.1832087367284503,-0.0028129909349354776,0,1.3321267056984993,2.324962107204708,-0.0033241124356564139,0.0019570048740461259,2.3973359207531932
750,749,290,1.1799043683444008,-0.0059508635129681409,-0.0035957168967044595,1.3360695181185154,2.3239019763421136,-0.004527585689743774,-0.00010592982108066813,2.3996980847575871
48,751,749,1.1836246729631812,-0.0023754646764932996,-0.0039889969044644147,1.3279306517248066,2.3043587886361707,-0.00010251040018702251,-0.00311014819100914,2.3772016892542851
751,752,749,1.1836246729631812,-0.006389567095257398,-0.0039889969044644147,1.3320198132867365,2.3271043167768197,-0.0047679311350846297,-0.00025804676605725718,2.3989669266641833
751,252,752,1.183587200866266,-0.0064289842582511136,-0.0080005985442479499,1.3277999812325552,2.3031312191207562,-0.0021855629653078999,-0.0051137930698870408,2.3760827689421826
749,752,290,1.1798308792628189,-0.0060281671961194272,-0.0071585511668708079,1.3323217476250866,2.3023354298899186,-0.0022743567313742909,-0.0043809334720272472,2.3792970327984881
48,49,751,1.1874698033288142,-0.0027417549484667347,0,1.3275506566083592,2.3288045896407947,-0.0032400468422572929,0.0019114552868296944,2.396684557851803
49,608,751,1.1878235864081264,-0.0023696080325054103,-0.0043999223557378286,1.3229223472546787,2.3053320745600572,0.00017914685175854459,-0.0036045455675122913,2.3736923736300488
49,50,608,1.1921101128764713,-0.0027779460592070038,0,1.3225032070427467,2.3323612498044524,-0.0032831058133119392,0.0019397685292462104,2.395415715674194
751,608,252,1.1878235864081264,-0.0068325458191758059,-0.0043999223557378286,1.3274569778659675,2.3305445052573313,-0.0050001690994942545,-0.00042700335833840454,2.3980109324497318
290,752,753,1.1798308792628189,-0.0094208193116518402,-0.0071585511668708079,1.3364077830711238,2.3250168405755018,-0.0061392321376648601,-0.0018903602775037082,2.4008489549997751
752,614,753,1.1794220146347323,-0.0098508918880326757,-0.010725825258784738,1.3326554732502769,2.3009891802759386,-0.0043877701123101673,-0.0060175849931566432,2.3784771750594125
752,252,614,1.183587200866266,-0.01024782384563494,-0.0080005985442479499,1.3323957658771644,2.3286252006820387,-0.0065177373303626288,-0.0022937960819371175,2.4004797212874402
753,614,166,1.1794220146347323,-0.013388586863161578,-0.010725825258784738,1.3370793530857359,2.3254782925646573,-0.0083328317149661164,-0.003330871333269092,2.4017342829561494
58,59,615,1.2482110064808056,-0.0043045145791422712,0,1.2572299431684897,2.3308076762345942,-0.0051110221202483458,0.0029058817589568573,2.3354279466368166
59,754,615,1.2548368996988444,-0.0030868434763231534,-0.0055700823919728748,1.256206303314082,2.3654573496573188,0.00025273179175482399,-0.0044264513329153382,2.3661175732419499
59,60,754,1.255617607128733,-0.0039266081683684284,0,1.2502148674118665,2.3368436321896575,-0.0046611542139863831,0.0026581366774270383,2.3340876193831019
615,754,253,1.2548368996988444,-0.0092749522735959822,-0.0055700823919728748,1.2509491316451182,2.3359296057835564,-0.0072421985126703958,-0.00033766805426031082,2.3339445135453567
60,755,754,1.261592357214957,-0.0028286006564521848,-0.0051990373955774771,1.2492594162159651,2.3674610055878955,0.00029226825964521336,-0.0041722339621418558,2.3615001752942448
755,756,754,1.261592357214957,-0.0088757363872444817,-0.0051990373955774771,1.2444532393758179,2.3404678562614998,-0.0070130338051799055,-0.00015829650133099803,2.3317351919158256
755,291,756,1.2672715488139468,-0.0078322318531562907,-0.0096266232660617845,1.2436397070534166,2.3696723845710035,-0.0025339088338211628,-0.0059126519845196304,2.3582393445854657
754,756,253,1.2609237880551549,-0.0081565368287934703,-0.010410802935558294,1.2500596892399045,2.3675415694661561,-0.0023601221187833053,-0.0066063907934439513,2.3622950945514414
60,61,755,1.2625967400764728,-0.0039089608939830711,0,1.2436670933171641,2.3423418346367519,-0.0046390514172174775,0.002652535757548106,2.332721876612291
61,757,755,1.2679275678210784,-0.0029292899748925016,-0.0048310868709631194,1.2427792620943539,2.3690861009200965,-9.0779267050918738e-05,-0.0036705918767343622,2.3568969877681876
61,62,757,1.2693224364822098,-0.0044296746347716187,0,1.2375827236432997,2.3484118995671714,-0.0052551286617607438,0.0030157563088369461,2.3323662435582033
755,757,291,1.2679275678210784,-0.0085379308423290112,-0.0048310868709631194,1.2384810071533003,2.3449509462001084,-0.0068543307403078329,5.964900724609451e-05,2.3299849993996999
253,756,620,1.2609237880551549,-0.014173052391758478,-0.010410802935558294,1.2449877592271328,2.3388985044634514,-0.0097827122319575285,-0.0027719217178714672,2.3307601955657651
756,758,620,1.2668512939723584,-0.013083727159725278,-0.014448192440246643,1.2442457894475236,2.369957081252132,-0.0053682153760037689,-0.0079378258425610894,2.3590319521894201
756,291,758,1.2672715488139468,-0.013535772527959011,-0.0096266232660617845,1.2390594886673298,2.3438127618808675,-0.0095393854262078373,-0.0022504472872717785,2.3294526122405137
620,758,170,1.2668512939723584,-0.019316345281791492,-0.014448192440246643,1.2395485900392984,2.3432499000996536,-0.013135988482920295,-0.0040604599401508415,2.3293444960375451
77,78,760,1.0363630966359665,0,-0.0061871224955103443,1.522237965136644,2.2041240901630643,0.0040476156148469746,-0.0072134482675140438,2.452736999463947
78,759,760,1.0428526797008444,-0.0060331968748146281,-0.0033845973937599583,1.519632530316497,2.249912650179005,-0.0047020048672181108,0.00018538068189835784,2.4785686754597238
78,79,759,1.0439614282499576,0,-0.0051932197308168782,1.5097910070600555,2.2052024870208706,0.0033910243574391567,-0.00606570589209913,2.4451202716176366
760,759,292,1.0376307107421834,-0.0060331968748146281,-0.011627325518150045,1.519632530316497,2.2009692040905549,0.00054016425689115688,-0.0096320976772689883,2.4491118328621924
79,761,759,1.0508209038228664,-0.0063770763353536708,-0.0030897128209519398,1.5078354313030502,2.2569647276153697,-0.0053032441169096221,0.00077699399258497094,2.4754719772933171
761,762,759,1.0451103687206489,-0.0063770763353536708,-0.011774550615845314,1.5078354313030502,2.2043530690990218,0.00022707412452007553,-0.0095989833523059086,2.4432637351017368
761,258,762,1.0520255734424213,-0.012805462666198864,-0.0099703277763193432,1.5061582226149408,2.2578035721734349,-0.0080663805969895044,-0.0028213147484108733,2.4748962760718509
759,762,292,1.0440731434524888,-0.012022093521928845,-0.009901682436153636,1.5180283695075927,2.2515587903989656,-0.0072069618167861296,-0.0032923066044836802,2.478535345328666
79,80,761,1.0519928486940717,0,-0.0050345805161073898,1.4972525361013176,2.2085116187677913,0.0032878206475357215,-0.0058899941861466909,2.4386485631814168
80,626,761,1.0592227515446098,-0.0067214529573025317,-0.0031917854961209802,1.4955393374190047,2.2638140910146691,-0.005635499376930868,0.00090739835734652066,2.4719144917290143
80,81,626,1.0604579841035626,0,-0.0052500555034757923,1.4843393695039824,2.2123055655110617,0.0034297231276686213,-0.0061519211911063307,2.4320916393345451
761,626,258,1.0531434599595428,-0.0067214529573025317,-0.011921460196449907,1.4955393374190047,2.2088144137038923,-8.1320329562539762e-05,-0.0095613420555049691,2.4376345584798527
292,762,763,1.0386449625210954,-0.012022093521928845,-0.018269770141103869,1.5180283695075927,2.2004695016430946,-0.0021317675144979994,-0.013490373072226006,2.4476974392237434
762,632,763,1.0451684611239449,-0.018086820791787694,-0.016785796283716792,1.516648757543436,2.2527092042871804,-0.0095447413869467722,-0.0071420797171969017,2.4783162283727638
762,258,632,1.0461390407818953,-0.012805462666198864,-0.018713690503438407,1.5061582226149408,2.2033331987617197,-0.0027816298540310549,-0.013533692526411404,2.441453849161157
763,632,169,1.0395547641033485,-0.018086820791787694,-0.026213496917952384,1.516648757543436,2.1995214312831335,-0.0040642931738238616,-0.018833712931956403,2.4461223980391869
144,443,529,1.2223626433826706,-0.096356345958349188,-0.09621791206481678,1.3026565242167631,2.370947800867059,-0.044400075559272889,-0.044138077747366417,2.4078638040953759
443,764,529,1.2099860298450618,-0.088170065115104279,-0.095792903521848327,1.3023754102203604,2.2921631737530093,-0.041421368344060183,-0.055478478964788497,2.3408279507875278
443,201,764,1.2119295461674593,-0.098090635060392728,-0.098164096619878904,1.3144790322541411,2.3666709162709467,-0.044966056458221243,-0.045105058577865981,2.4137360060097923
529,764,226,1.2095881838073657,-0.088915154628518955,-0.089118113583973368,1.314876014765165,2.3628213685752937,-0.040920071051706502,-0.041303907255260536,2.4114481472419014
201,765,764,1.1998984233356262,-0.09013306947579558,-0.096753412996060106,1.3135459848891919,2.2854524256690856,-0.043201604349493883,-0.055399175493976882,2.3454125578748908
765,766,764,1.2001084016229377,-0.089739774534042915,-0.090286972076771832,1.3256578014835387,2.3585961925260728,-0.041012754300929988,-0.042047265238033094,2.4165216719442526
765,293,766,1.1892794427120805,-0.082577161060264359,-0.088632411841353509,1.3245634233874597,2.2825461130363385,-0.039373233141843739,-0.05054059173674566,2.3535929589642479
764,766,226,1.198511350606787,-0.081588589315790827,-0.088034019316113987,1.31415896077376,2.2882557779848964,-0.038561175591557167,-0.050456396495872413,2.3489473895442838
201,449,765,1.2017068618250411,-0.09936414220682277,-0.099237292030166735,1.3262248059567039,2.3627310128944936,-0.045591346697599289,-0.045351364527549759,2.4197497322155348
449,767,765,1.1900476217096636,-0.091652354671946767,-0.096862094598739734,1.3246537757897912,2.2793837572359825,-0.04496684588819766,-0.054558530178494019,2.3504484854705785
449,180,767,1.1918306387440902,-0.10075390224283609,-0.099344386375609162,1.3373248250595307,2.3566547514659275,-0.047246096250787462,-0.044582125069220352,2.4234242997414004
765,767,293,1.1907863094617157,-0.090268877777900158,-0.090854408187821534,1.3359054789798215,2.351729153416442,-0.041405069306016701,-0.042510619995642179,2.4189638829326725
226,766,530,1.1988825881998915,-0.080893251386204845,-0.082118217482368472,1.3252394156504277,2.3561623119423216,-0.036611969095345753,-0.038927294588486983,2.414715871230436
766,768,530,1.1886700775988348,-0.074138869707084609,-0.081038375398688078,1.3245252263710974,2.285667285268298,-0.034162344245057347,-0.046906932811341895,2.3566421159391844
766,293,768,1.1900430414667367,-0.081147086683136749,-0.083082213474591882,1.3349578830744075,2.3495883992966853,-0.036378668856373669,-0.04003172770048613,2.4170124247512295
530,768,156,1.18991316307877,-0.071810714090532635,-0.076154789111535059,1.333671619782395,2.3487314862150739,-0.030398095878348186,-0.03859965937541765,2.4157674547120691
104,634,650,0.61830937615952664,-0.17797406176316599,-0.27026086279953776,2.9272092558338363,2.142477000531005,-0.0067122706160146484,-0.13759435869854381,2.8858139000054219
634,769,650,0.63874558920926994,-0.40167024995640865,-0.25164312068833428,2.7234181751231166,0.89766463883804448,-0.34652327346456924,-0.19001605786426734,2.6097202702449702
634,260,769,0.72348315331675117,-0.35642813908856663,-0.4058868565290692,2.6410661241634581,2.587930652567259,-0.025163749915836808,-0.10610254811208863,2.9181275123843706
650,769,263,0.70911207077718608,-0.44987807463538765,-0.52236173521038465,2.9088865290242341,2.9216262067258771,0.037304560462973591,-0.08177610332119678,3.0222468181302551
260,770,769,0.73248466625881825,-0.45495617633938323,-0.38558140171073951,2.4188083079928298,1.0007202604517347,-0.40639918093436211,-0.32982150356849782,2.4777587394342135
770,771,769,0.81772950090612584,-0.51335394980258364,-0.58790784152922848,2.5574139331550061,2.8600414905644627,0.028163968752944912,-0.1007193234090924,2.9746585797662481
770,294,771,0.8208475546263454,-0.5474843794520341,-0.56412919406697926,2.2971312288814958,0.9398050763156589,-0.5205313348721673,-0.53807038677194619,2.3456861094648729
769,771,263,0.71969325164982045,-0.56570040541802147,-0.49479433610496537,2.607131889685002,0.51318392264052548,-0.56993162338578274,-0.50719741069123181,2.4302278055237521
260,639,770,0.81185000517293027,-0.41258234249089121,-0.46139502215225781,2.378330767041132,2.6048322612964743,-0.034556698230487681,-0.11846592681276735,2.8791036646053056
639,772,770,0.81574498098970594,-0.45521552739992632,-0.44397078802336498,2.1876105596610804,1.2767357588128401,-0.38050516428483039,-0.36667675360676333,2.4166921133294288
639,142,772,0.87752860475384153,-0.42222575112887295,-0.46995374711821825,2.1737367860755188,2.5115779532417082,-0.060871277217926512,-0.14410179106034626,2.8093742695378277
770,772,294,0.89367435533055328,-0.50860217168277089,-0.5864468447388953,2.2852158416620068,2.6715694238752312,-0.014485586958222552,-0.1504612542849626,2.8811768196968952
263,771,651,0.84449178714480411,-0.65119481261030288,-0.76797911223436177,2.794279682697983,3.3007238843171796,0.169999987841017,-0.03595930554119886,3.1165668227445602
771,773,651,0.84628631613895067,-0.67083784992918982,-0.73458674847881422,2.4287645812113596,0.36630249171994622,-0.78814679253695452,-0.83804858589253595,2.1973639688286517
771,294,773,0.93318227466159698,-0.62444335380628502,-0.74677320062047325,2.4222581300915325,2.9450530261057035,0.08697678941015341,-0.12944097150629363,2.9911671049328641
651,773,154,1.0260683833555913,-0.79400590073529465,-1.0119465621272434,2.6187827968649593,3.5487249816281965,0.38508390905927747,-0.020052303565954332,3.2267945258651793
147,774,473,1.1412676085474436,-0.23197400489018261,-0.2328645863835419,1.451235984549573,2.3691372847751921,-0.095984098974533028,-0.097656156875606137,2.4982624408213687
774,775,473,1.1182529613420313,-0.21743558368754456,-0.22069011929630156,1.4435453374215843,2.1697421957315961,-0.12197979801877906,-0.12772825783033748,2.3551413317789951
774,295,775,1.1193989608669437,-0.22260001903802795,-0.22782345282086336,1.4756916333145611,2.3499950713269468,-0.090525915628965781,-0.10028993123856467,2.5009336708302308
473,775,209,1.1275590240572493,-0.20591817326364925,-0.21017427745712158,1.4565600000260552,2.3537347917276215,-0.084572826554772773,-0.092556812382578013,2.493789781868498
295,776,775,1.0994765336844763,-0.21001496243592577,-0.21296267219561305,1.4663040339218085,2.1610474932068438,-0.11734395917325641,-0.1225484350404607,2.3690942552348728
776,777,775,1.1093576346159155,-0.19778667670637518,-0.20404421817999108,1.4773410028512419,2.339277128860028,-0.080589016251896683,-0.092290001107849962,2.4975939828272748
776,296,777,1.0922300908586107,-0.18696715629019067,-0.19010305882234846,1.4685343309528847,2.1704875701297657,-0.10249578992945485,-0.1080690649751766,2.3806246866129639
775,777,209,1.1084889828753881,-0.19387157143747125,-0.19768271696723128,1.4486690440509626,2.1786589902965483,-0.10629560379274661,-0.11307372494204371,2.3692457719484317
295,778,776,1.0998980860193206,-0.21191494339522521,-0.21983378507055473,1.4972728663834394,2.3330996719536139,-0.085372597794563188,-0.10012050557642049,2.5038246245737015
778,779,776,1.0823869641173198,-0.20085389414045451,-0.20391940599644931,1.4872204133320075,2.1547737390733359,-0.11131748989483664,-0.11673082958283887,2.3828559463991037
778,191,779,1.0820932682007229,-0.19953017558112851,-0.21037490080034171,1.5163160111889029,2.314238208835885,-0.079630597855593288,-0.099741052732477575,2.5042511035778499
776,779,296,1.0925268432005875,-0.18830469103298419,-0.19633216964237477,1.496610443454629,2.3261278504195539,-0.07600478230045149,-0.090972725871236948,2.5015475243036258
209,777,478,1.1172296435498925,-0.18305462938471173,-0.18855246032348827,1.4599681278067527,2.3421845779927573,-0.075225511108835463,-0.085534786404348029,2.4904560782529273
777,780,478,1.1009166921140423,-0.17274968936474266,-0.17648750061624652,1.4523466568169443,2.1857191098483137,-0.093181466032946803,-0.099865349270268577,2.3799780187912862
777,296,780,1.1015201634793153,-0.17546968109911543,-0.18223846041952907,1.4782676267747794,2.330557107052635,-0.071597443629964397,-0.084257847060899616,2.4947079288921201
478,780,152,1.1098163897616571,-0.16173534565730385,-0.16887075017637088,1.4617732138304946,2.3356824247194652,-0.065430638317525935,-0.078818398250614596,2.4892471454711789
23,781,562,1.3841212572860462,-0.016034717879742866,-0.011702664067014368,1.128414091009855,2.3562315649383807,-0.011638279056589731,-0.0037578831665651437,2.2142964312920799
781,782,562,1.3925695486950107,-0.020734458648411613,-0.030338211209934851,1.1387809493974697,2.4529342664841596,-0.002505912184560706,-0.020681267192352845,2.3377133118708766
781,297,782,1.3939782349977015,-0.035944221846766156,-0.028784227805811469,1.1220023951190825,2.3641562764738051,-0.02435073380412426,-0.011321421078044513,2.2142691041958931
562,782,237,1.377452605620221,-0.038721339685956924,-0.03223341770246968,1.1365259396673828,2.3633817606993346,-0.025209727761958046,-0.013349072283238422,2.2324554707653688
297,783,782,1.3996341986386032,-0.039090474710266276,-0.049796201330023493,1.1336907626662622,2.4522035221372991,-0.010223188644688491,-0.03043493669562633,2.3305569263269628
783,784,782,1.3832404568998136,-0.058596553482739566,-0.049654710495968146,1.1338591154071187,2.3688987531085224,-0.037391338568438348,-0.021038784694533852,2.2342917103143649
783,298,784,1.3853356885237804,-0.059762089041691002,-0.069712421476575193,1.1450168199356554,2.4355216831225404,-0.020976576863710947,-0.039688626144033248,2.3229204236844265
782,784,237,1.381613592284556,-0.041035996320043511,-0.050861788913386663,1.1468884537737498,2.4376864426050289,-0.012114610731384881,-0.030636046680601769,2.3284927992874294
297,785,783,1.4014714563077257,-0.05892193330200024,-0.048415840090040518,1.1187910688277558,2.3733508661912537,-0.038773511676128997,-0.01962731888371308,2.2195488178525804
785,786,783,1.4044698669300575,-0.060589876892924055,-0.070409720866231984,1.1310257348227903,2.4494138292643566,-0.021010148725191136,-0.039493925344938841,2.3231196703045889
785,160,786,1.4068516148746797,-0.086298728469398345,-0.069236451624520967,1.1183613364499472,2.3815437417065,-0.057297840449302848,-0.026160719230998525,2.2267428593301881
783,786,298,1.3873045695939989,-0.081014073684890109,-0.068614154896033952,1.1331621960800753,2.3720491734753453,-0.051542614294847369,-0.028875089178169389,2.2354603344106758
237,784,567,1.3670360643453046,-0.05838112548050467,-0.050060256531375913,1.1478421602423783,2.3662431411727476,-0.036615900779449553,-0.021345362851908745,2.2490853234984534
784,787,567,1.3680956657573724,-0.058970529864045274,-0.068060359208290455,1.1578547360101403,2.4222156315006425,-0.021641208153311275,-0.038714804241350986,2.3223241464110314
784,298,787,1.3698733991731282,-0.07815942987178226,-0.067153116262046453,1.1480619324188197,2.3702969606848154,-0.048667110705182273,-0.028459804203196715,2.2525670428131224
567,787,151,1.3534298898888135,-0.076420874657523674,-0.064291368807785076,1.1623393389797787,2.3678913817222567,-0.048132258158179619,-0.025783165989184814,2.2675124895011458
1,788,38,4.3547412963691485,1.7412968232157192e-13,-0.60539210936832788,0.42489563037660361,2.9146310441580043,-0.060396527162860147,-0.41108225139050181,-0.14592889019461097
788,789,38,3.9636795523208272,-0.43428205974635992,-0.48118892937026558,0.5628258003754425,3.2749499330169138,0.1795567990250091,0.10088611585551788,4.3167583033708956
788,299,789,3.5831382653576407,-0.43428205974635992,-1.0936916458431547,0.5628258003754425,2.1878535120686284,-1.7451759135901732,-1.4398061926186658,-4.1078314993540088
38,789,37,3.5750193412210391,0,-0.41458254141523199,0.48840099812587034,2.8027338946973082,-0.005752158150965192,-0.32580911866023771,0.33421914399894792
299,790,789,3.3123504630596443,-0.73499744887856933,-0.88858418517897064,0.79060182767106291,3.297683030349007,0.38248241499295244,0.10712988630655462,4.0581493517041416
790,791,789,2.9616956078142778,-0.34318190294165607,-0.72097906276263579,0.6033228222358531,2.3158211386619403,-0.77361962780397353,-0.87683179565437597,-1.3418771292192311
790,300,791,2.8138681405395385,-0.50734732682227568,-0.58179045212730784,0.75789461924727419,3.0632068337286418,0.082424958569879525,-0.046669285157226126,3.1307030855281961
789,791,37,3.2659913478277276,-0.34318190294165585,-0.31109788678341488,0.6033228222358531,3.0584252130263456,-0.037852625154411346,0.011995209648122507,2.9531954206607933
299,792,790,2.819008874504966,-0.73499744887856933,-0.8444070716788552,0.79060182767106291,2.2813368091285247,-0.90108205200518876,-0.9666725450155782,-0.1173941917275636
792,793,790,2.7613906310069272,-0.79898404336381779,-0.75076092816747675,0.89459836498608603,3.1560600424080989,0.062290537258278267,0.14890406264497558,3.4104608973663169
792,157,793,2.4292538431451556,-0.79898404336381779,-0.7652967959090109,0.89459836498608603,2.1139010046578028,-0.95232513374753269,-0.92817426898116051,0.26901571448574169
790,793,300,2.5003921574481209,-0.5073473268222759,-0.62841875743288789,0.75789461924727242,2.348768542378151,-0.55540363652194635,-0.66063105451562854,0.48312253931986815
37,791,36,2.9588611133418006,0,-0.27645588402118015,0.56461445980597524,2.6994290733055104,0.030164330630593483,-0.2464603121385199,0.82619735775655023
791,794,36,2.7510298318867386,-0.23080088595654979,-0.19857703070698207,0.65110051819119086,2.8698348895594616,-0.088823243204402436,-0.040447105626246704,2.2376212046767123
791,300,794,2.5663732333160101,-0.23080088595654979,-0.4862151988347545,0.65110051819119086,2.4175207577450175,-0.30285085153255753,-0.51355666015262846,0.23675652564456273
36,794,35,2.544474854436642,0,-0.19056811400062834,0.64215149602673449,2.6383442801804637,0.0496090112526823,-0.18507857994544211,1.2860355467419682
136,795,797,1.3504718426202227,-0.1535189466973943,-0.15005139756215335,1.1749363006508036,2.3325154540136395,-0.08737166746799635,-0.081100036760741678,2.2350989162407036
795,796,797,1.355625101360511,-0.13290591173624478,-0.14721311930570025,1.1862894136766116,2.4419139989463456,-0.048845171105063812,-0.075909398084623714,2.3664981991455778
795,301,796,1.3313513863199842,-0.1430333953054288,-0.13825788533711858,1.1900257179350904,2.3311978980986034,-0.08135218902280475,-0.072668134337210949,2.2538153887865846
797,796,303,1.3492459301491522,-0.12821532179290474,-0.12475873375065838,1.169778755539574,2.3325155925976144,-0.073561325135747535,-0.067297123997238223,2.2325864997447282
301,798,796,1.3362582735524566,-0.12340894572320837,-0.13586841216786461,1.1995821013440553,2.4275034742137436,-0.046897061491713382,-0.070447474040241181,2.3656461563340301
798,799,796,1.3315747453766806,-0.11996520859802695,-0.11601019314741645,1.1849806121431588,2.3339759013223023,-0.068121441531766302,-0.060911270983342064,2.2538173826376839
798,302,799,1.3356967486837235,-0.10347771615359669,-0.1133522483055085,1.1956120556996996,2.427375556006842,-0.039849647548668488,-0.058539867452315208,2.3638102409631307
796,799,303,1.3536065583118289,-0.11077280914219845,-0.12153450042773351,1.1826756888312673,2.4410692151915687,-0.041714932687018258,-0.062106183766578504,2.3646780170897554
301,800,798,1.315217172267253,-0.13218771762473525,-0.12733717058608995,1.2031415074258982,2.3310767992199115,-0.074550955839317534,-0.06568794666174757,2.2705147146245377
800,801,798,1.3198040035517753,-0.11384271023868631,-0.1253328966754701,1.2111575902973293,2.4152545278750535,-0.043978660193898567,-0.065682299932885824,2.3654406269278296
800,165,801,1.3020439474088024,-0.12125256392096939,-0.11723094468660911,1.214537888101292,2.3344503672465096,-0.067024908575026743,-0.059638050864138398,2.287974296404284
798,801,302,1.3165640335044992,-0.11146027087535915,-0.10750794966239852,1.1980504149859748,2.3350182305289442,-0.062595672174532491,-0.055355926500685881,2.2711785065054548
303,799,803,1.3460635339548213,-0.10522621522791775,-0.1031069645400855,1.1691254132956113,2.3379675491509957,-0.059346346977648456,-0.055488669166767229,2.2404377559366386
799,802,803,1.3495429473833465,-0.09131075922316001,-0.099945367208341906,1.1817698056561232,2.4360535700604222,-0.034989661476082179,-0.051350641352187004,2.3603143812906104
799,302,802,1.3301521328445789,-0.099400998204156599,-0.096487818610903275,1.1832123646773409,2.3384019524136823,-0.055844205748644959,-0.050515910352416982,2.2586192927589175
803,802,151,1.3424301799920064,-0.086080834215977342,-0.085377912380437238,1.1710585462961989,2.3471950776577359,-0.047007984655582286,-0.045721071709057176,2.2545131340664653
81,804,624,1.0672642559936012,-0.0064158316429328011,-0.0061859686215228749,1.4736118226830435,2.2121969570456304,-0.0035010065776862661,-0.0030815471980816314,2.4244527183855538
804,805,624,1.0721833934319769,-0.010318428003442293,-0.012568702697151712,1.4786755630411221,2.282866184340556,-0.0032599386139193845,-0.0074555499804093359,2.4731810938026535
804,304,805,1.0724247535713918,-0.013032951447143226,-0.011480346713329759,1.466435066990968,2.2163318108264813,-0.0078139752181631134,-0.0049775079701274393,2.4219335322727784
624,805,256,1.0664126983882225,-0.017349041857932512,-0.015830054067820676,1.4747021591517946,2.2093019151541946,-0.010079824114925407,-0.007310618701145799,2.4233021560197772
304,806,805,1.0772077149958044,-0.016827738834008343,-0.018126114906570567,1.4717077997349559,2.2861257580466399,-0.0069670185289342629,-0.00939008706246066,2.4707371485326401
806,807,805,1.0716688059672288,-0.023575960713663413,-0.02153702529357826,1.4675521835324856,2.2137057137439631,-0.013667170481820923,-0.0099456759522211918,2.4209173001979778
806,268,807,1.0769462395717206,-0.027763060859426147,-0.028032278876928274,1.4727054984320738,2.2864410691144887,-0.012789758326989351,-0.013292143674989418,2.4714413622347742
805,807,256,1.0714720580026782,-0.021363122747766639,-0.022654132228223101,1.4801163624940799,2.2824736490623483,-0.0090981525002746325,-0.011504623054742508,2.4737442517354338
304,808,806,1.077425840173162,-0.019281007790960203,-0.017071732527356609,1.4598490881868003,2.2214610988629961,-0.011478699180245099,-0.0074368601635582399,2.4204488389593646
808,677,806,1.0822042942671439,-0.023072219075251255,-0.023308356288319509,1.4647972069535395,2.2886501574946538,-0.010639015151155833,-0.011079995362579843,2.4678100628640736
808,176,677,1.0823887508935961,-0.025146815511381426,-0.02236191162199308,1.4541524783280115,2.2304327407796891,-0.014802415517624568,-0.0096943090974910412,2.422123703732308
806,677,268,1.0770838402154199,-0.029310624488185333,-0.026936131771932104,1.4603773773866155,2.218523802217665,-0.016861197399944058,-0.012521748959078045,2.418753898872088
256,807,629,1.0656483903878016,-0.028458274702021669,-0.026106790755412668,1.4759098832585567,2.2062883274316358,-0.01649147169848314,-0.012209241108810519,2.422082025910024
807,676,629,1.0712297899849106,-0.032886276567614559,-0.032806872856474434,1.481225391587051,2.2827490429036796,-0.015431878969623718,-0.015283888466862662,2.4744483244755844
807,268,676,1.0713774818758512,-0.034547334194495072,-0.03165672446809964,1.4682899301991732,2.2115024451696526,-0.020009254744102027,-0.014737953705242203,2.4198219931949199
629,676,148,1.0647941147065714,-0.040727056132610961,-0.035830872235784739,1.4775411608711764,2.203201555551221,-0.024655013377808545,-0.015749379475015646,2.4210339101811544
58,617,810,1.2420364641984403,-0.0055506899208002114,-0.0051820850104746796,1.2627874954005716,2.3235584695374367,-0.0031126998988494064,-0.0024272631901166037,2.3342695808440572
617,809,810,1.2461091908113597,-0.010425240608957331,-0.0084216811928623514,1.2666648918725354,2.3700956696996696,-0.0063572952790673393,-0.0025699420955686489,2.3798323059899227
617,255,809,1.2428168699063207,-0.013004506450724262,-0.01455803195799632,1.2618575597873192,2.3223432416035479,-0.0056908147134674542,-0.0085777975308380348,2.3322002517507001
810,809,305,1.238099890093399,-0.0097130986886549975,-0.010938161809132652,1.2668886431588917,2.3214871438629183,-0.0041906646194102282,-0.0064685753759163717,2.3363465868554734
255,811,809,1.2473022247843448,-0.018372604640145784,-0.017758763239786646,1.2656882131616563,2.3707087670926543,-0.0091354560661346049,-0.0079751559524891547,2.3794157586117279
811,812,809,1.239055897805557,-0.017639191898032536,-0.019973307225040315,1.2658851705198764,2.3205196743893257,-0.0075631789671999558,-0.011900657148300971,2.3344033720798425
811,271,812,1.2433915752531317,-0.022828155288705076,-0.023420759805633296,1.2700111013457036,2.3695630213604746,-0.010373464199578956,-0.011493812381135352,2.3821491877240848
809,812,305,1.2424807855387376,-0.014956230240633417,-0.014005751412096146,1.2705599875304916,2.3687347138286179,-0.0077519101852729297,-0.0059550847852861064,2.3820239108557146
255,623,811,1.2437846089132822,-0.02112820693802242,-0.023933511631394566,1.260851087255813,2.3210057136364584,-0.0090969041638642306,-0.014306093436081115,2.3298692626614361
623,686,811,1.2483048009059985,-0.026538051010705832,-0.027524002090524746,1.2651482484294174,2.3716856186743125,-0.01185331287033986,-0.013717118019050657,2.3796522826489523
623,149,686,1.2450817964591758,-0.029062862924591371,-0.034735638507754629,1.2594988533245475,2.318744790962449,-0.0113917531809683,-0.021912528854532445,2.3262708255429851
811,686,271,1.2396395229815482,-0.025767583290941531,-0.029413528116101872,1.2653162544438841,2.3187743758914316,-0.010943651343351145,-0.017712977818306413,2.3321088041556961
305,812,813,1.2346427163957685,-0.014259313267791951,-0.016450782061067315,1.2707773858880849,2.3207858052567212,-0.0058704290716393298,-0.0099466495443468542,2.339396783243024
812,685,813,1.2388138627869418,-0.019251660273602145,-0.019525074680833754,1.2744569344140633,2.3667451318720549,-0.0089207853449939992,-0.0094375693855147727,2.383619893333651
812,271,685,1.2351805148721029,-0.022098093060169521,-0.02501864037805035,1.2701531721864345,2.3189451372368715,-0.0094651520301251429,-0.014892764719319003,2.3370249363487154
813,685,177,1.2318772629195447,-0.018634896872665174,-0.021721449718530295,1.2746522237148556,2.3240012913681358,-0.0074267028166322413,-0.013177168530483688,2.345839982517071
129,718,815,1.1585104190143376,-0.050760468703471062,-0.050479456962516878,1.3574301360006382,2.2759844492230292,-0.026407958888806357,-0.025888061265907564,2.3787374832681776
718,814,815,1.1600826095834904,-0.054268488563601114,-0.053972603991038426,1.3652243750647992,2.3289445881745507,-0.025754250382235708,-0.025197181655024298,2.4255092705445871
718,283,814,1.1548041785377219,-0.05737413879279929,-0.059022835890907288,1.3622529894918252,2.2709546803019194,-0.028670639604473247,-0.031716129807395868,2.3785791571913988
815,814,307,1.1527714884065166,-0.051432166994339834,-0.052276013044725289,1.3645661890795351,2.2730770339451367,-0.025981192408821172,-0.027541766201143181,2.3823825775740164
283,816,814,1.1566228843779145,-0.061432206772789488,-0.062825771664348551,1.3707384584176516,2.3290956409752455,-0.02780969803172309,-0.030433522607826197,2.429457652155631
816,817,814,1.1488016024346406,-0.058397825231666367,-0.060288017680692363,1.3697538993773613,2.2677431140969868,-0.029020385215925579,-0.032510267166048823,2.3822920665463583
816,306,817,1.1503741526326081,-0.06190664752952113,-0.064288400012468827,1.3786799296839414,2.3267726739821981,-0.027275528932396348,-0.031758615436131038,2.4335742994432339
814,817,307,1.1544135315464077,-0.055096369159379766,-0.055787317269265557,1.3724016278869184,2.3268111879280893,-0.025401481037894871,-0.026702005993079508,2.4292423057633847
283,724,816,1.1506653957400186,-0.06493695293893742,-0.06784883306509748,1.3677834288310864,2.2652729658211874,-0.031925719484661941,-0.037294889878608184,2.3784555812696637
724,818,816,1.1524083596680121,-0.068826358791561404,-0.0721765197500428,1.3774406165963606,2.3290662635034161,-0.02973520353637224,-0.03604276823799768,2.434044017132666
724,143,818,1.1462774016549986,-0.072433439854649784,-0.077893035990639348,1.3740773677477272,2.2603819923627739,-0.034274019134751893,-0.044324912890116086,2.3794883171103627
816,818,306,1.1440948626027652,-0.065601169320427477,-0.068692194606372325,1.3760888859492963,2.2620976753670119,-0.032106126909027088,-0.037803213070680228,2.3828672247859477
307,817,820,1.1472861591311023,-0.052331116253327536,-0.053636809986159051,1.371567281627514,2.2708670426881103,-0.026086722288356623,-0.028500902717473658,2.3864017544182596
817,819,820,1.1487095545279056,-0.055507254857305011,-0.057197611678876825,1.379512789771467,2.3238278895669788,-0.024883275556679088,-0.028063168491384224,2.4322545348087097
817,306,819,1.1428161753246391,-0.058974559065975818,-0.060868367735297468,1.3773531412091664,2.2650654543666167,-0.029268043478353906,-0.032763485485203456,2.3864634123488675
820,819,171,1.1425603877829129,-0.053121595038412739,-0.054498657038257292,1.3784656905617467,2.2735200211879745,-0.026186781371508483,-0.028736276457840257,2.3939122367492374
133,821,507,1.116576338145479,-0.050926935460037459,-0.058284489875063628,1.4143850506019118,2.2733093275779583,-0.020325355709266385,-0.033972895939606743,2.4213752681383824
821,822,507,1.120908549692428,-0.060593374403991263,-0.056129658206296895,1.4095769869755408,2.277965366124143,-0.03305244231657109,-0.024763666268583187,2.4209507336375999
821,308,822,1.1249585480863136,-0.05111229604572598,-0.058470090977973399,1.4040980152964413,2.2815292559175879,-0.020253847178331133,-0.033930727801935692,2.4195537487380245
507,822,220,1.1251042348493208,-0.058871411759879422,-0.066737177016133131,1.4052235261093817,2.2832202678306364,-0.023639360145692775,-0.038263717335406747,2.4212701126684255
308,823,822,1.1288458420406755,-0.059787092234094175,-0.056124862232494799,1.3988644565223982,2.2802065527934681,-0.032230751927897053,-0.02542886938504843,2.4145254945291121
823,824,822,1.1335490883338992,-0.057856922500425512,-0.065925816649218483,1.3948422334881769,2.2911397959507802,-0.022830595579595492,-0.037862960267455822,2.4192579019712066
823,306,824,1.1372197320851547,-0.06604720899082217,-0.063032529629781564,1.3883864586448578,2.2809465166234624,-0.035119350217952622,-0.02952392327723706,2.406731086466857
822,824,220,1.129206184206788,-0.068024067992251247,-0.064051323747208677,1.3992305970118295,2.2789432752311201,-0.036599761743033907,-0.029226837844423037,2.4135239012391754
308,825,823,1.1328835010212934,-0.050334900540148553,-0.058097255999824071,1.3942470670711762,2.2880875296607712,-0.019495070611628251,-0.033946960722865543,2.4169035592615824
825,819,823,1.1363785710472678,-0.0581334303775769,-0.055653873302556889,1.3887951611787983,2.2824347340312858,-0.03071442931925869,-0.026108249346681128,2.4084855879236993
825,171,819,1.1404913645790193,-0.048504995350862945,-0.057349233176378078,1.3848261648589055,2.2941523977743037,-0.017767392185878889,-0.034257244374508292,2.4142366812315741
823,819,306,1.141497772316562,-0.056032556484413298,-0.064389359122293044,1.3852101968186608,2.2989552346259301,-0.021558718854037137,-0.037158820422792546,2.4177890348179978
220,824,512,1.1347028844235467,-0.065768271945864321,-0.074486240966741946,1.3949482013780941,2.2940209629180828,-0.026105463607720564,-0.042355076636824016,2.4210509930029089
824,818,512,1.1385755943125169,-0.074410183729435531,-0.071171153394085529,1.3875506179858288,2.2797418957751776,-0.039557446797054044,-0.033550904112489038,2.4047727119365674
824,306,818,1.1431956786159407,-0.063594825213307171,-0.072468208590054317,1.3845142844390113,2.3018650471187088,-0.024752248818215722,-0.041324782830390552,2.4190579150758733
512,818,143,1.1458291998165482,-0.071433369645933276,-0.081949026535774294,1.3831274763439811,2.3064487166323668,-0.02718323276410417,-0.046840319570905994,2.4209707336878745
116,555,827,0.92471558888541772,-0.018692507586342222,-0.020025985278365188,1.7021772541681788,2.0120377212996057,-0.010149198925154417,-0.012421991234230989,2.4652639134979379
555,826,827,0.93829497202734924,-0.041140225253596618,-0.026028496998642514,1.7120998468944371,2.2260961570379632,-0.028590439020035635,-0.0012456308772900992,2.569817096774258
555,236,826,0.93427498418510169,-0.044651849625573226,-0.051031794046292767,1.6902584407166372,2.0460426615969296,-0.021543181488437105,-0.032529096909205565,2.47326037987039
827,826,310,0.92026982024442283,-0.039212028218631012,-0.045237567143648905,1.7141546907339846,2.0131396751790831,-0.019296994244550697,-0.029556453126817123,2.4723960229804862
236,828,826,0.94803753509852751,-0.067402357071813412,-0.052321208315427636,1.6923899372041535,2.2111383077199025,-0.041058007876246388,-0.013849779873787674,2.5525142396331311
828,829,826,0.93461195930177787,-0.065966547152070731,-0.0753084318778382,1.6948483258884011,2.0549776434794138,-0.0313688092133593,-0.047477985433509243,2.4792721724253126
828,309,829,0.94922179850728838,-0.090116678830729491,-0.074174104238361904,1.6929732770617341,2.2045619891251707,-0.05236446666307229,-0.023683253910428692,2.5488333083108032
826,829,310,0.93581748936290143,-0.064913467165284011,-0.047992941866685679,1.7187095275188193,2.2181634541998689,-0.040534523638960235,-0.01002189282690763,2.5687211972737405
236,561,828,0.94835547920363972,-0.067124605968823747,-0.076677964426599132,1.6711122479299876,2.0827806603885861,-0.031050543917266721,-0.047685858388694657,2.4785125833668262
561,830,828,0.96125848386358825,-0.088454954374933337,-0.074559305465047077,1.6676098285327516,2.200327692499136,-0.050992474805187787,-0.025968832626741545,2.5338060216060692
561,150,830,0.96589340972893112,-0.084406297775783345,-0.098904483173461344,1.6463440591870884,2.1194945106549921,-0.035928113947447216,-0.061461355964544551,2.4810047704926226
828,830,309,0.9522296773184209,-0.087489127361610519,-0.10008326099020382,1.6703401700911533,2.0960550399150781,-0.039588695305043831,-0.061580079995423309,2.4833740889638536
310,829,832,0.91968297207852956,-0.063187516185065018,-0.072687382154252411,1.7213511555681174,2.0238017088590654,-0.03060016497665452,-0.046802175969873738,2.4804790997740995
829,831,832,0.93614456141164837,-0.090399732369106367,-0.072499964533768724,1.7210413404766283,2.2090634272255558,-0.052988546120002145,-0.020830446785405243,2.5647441980732779
829,309,831,0.93785956813989202,-0.088901522205943273,-0.10130780176723553,1.6958751450261242,2.0685716727926096,-0.041519143457967561,-0.062968741182400756,2.4849731535342117
832,831,164,0.92293725847829755,-0.088987262058547678,-0.10271005281628787,1.7242721933611085,2.0448838860943832,-0.041513530806940313,-0.065022967108068652,2.4902287657298015
133,833,835,1.1108592779095745,-0.046615856569857783,-0.047717557158333257,1.4155456015253289,2.2389324401138588,-0.023676959829695837,-0.025699187133633172,2.3984118451093766
833,834,835,1.1177102502449765,-0.042037219197977205,-0.044282092722266242,1.4178415888810898,2.3086002342844174,-0.018113435031109376,-0.022325802300211764,2.4492070366751406
833,311,834,1.1107791340676245,-0.038997339150545152,-0.038628603893646751,1.4153620563716434,2.2417209733428143,-0.020570249197217214,-0.019892636450231357,2.4004862452614706
835,834,312,1.1174363911876242,-0.041081431892090237,-0.041102088898376632,1.4067431526382563,2.2453635521252688,-0.021418157052754086,-0.021456142744597173,2.3962919220044281
311,836,834,1.1175653567978197,-0.034461975192670913,-0.036073018447565275,1.4170700035735315,2.3069152431089339,-0.015064379150063881,-0.018086454209940775,2.4476798214181157
836,837,834,1.1173891020699518,-0.033846813247603968,-0.033084369540107517,1.4066390602605399,2.2479102456407496,-0.018093174116004078,-0.016689695776849818,2.3982279786198211
836,276,837,1.1237345813614352,-0.029606006657807882,-0.030529383975505198,1.4083466065500279,2.3086003990784141,-0.013313545870360224,-0.01504625364846874,2.4428231901834745
834,837,312,1.1239536243618771,-0.036726115036509022,-0.038019039628450102,1.4088034834708179,2.30987392779749,-0.016370320630926097,-0.018797029667494622,2.4438948529349447
311,838,836,1.1112876878669549,-0.031708491758693391,-0.030426689223183701,1.4145934355745915,2.2448486107949179,-0.017305049056251555,-0.014946781273754699,2.4022822153745134
838,705,836,1.11778561335489,-0.027365802426113195,-0.028361292642470559,1.4159737800730419,2.3053727931406316,-0.01220465660252619,-0.014071415449268591,2.4459725093834379
838,161,705,1.1122681222987545,-0.024945744855779495,-0.02265149217941298,1.4134693725995842,2.2488603145327462,-0.014401057700642872,-0.010174292119926646,2.4043761922099063
836,705,276,1.1176646302262174,-0.026943548693375341,-0.025550216262831604,1.4061625980732639,2.2500763865719717,-0.014882595617135834,-0.012315668385924565,2.3995540226378265
312,837,839,1.1236716456575873,-0.035741989593672585,-0.035111438545955664,1.398655751889093,2.2517544692415536,-0.018992502462968346,-0.017830953756654312,2.3946673171132646
837,704,839,1.1297234883418632,-0.03169751109508967,-0.032132915199211354,1.4006463148071839,2.3112544525480914,-0.014660677849369398,-0.015478090730373734,2.4391758975994025
837,276,704,1.1235591517251797,-0.02899365290003697,-0.027775864159120367,1.3987351848846004,2.25406915525619,-0.015820767545421152,-0.013575397767593846,2.3965597132171581
839,704,145,1.1296439139227532,-0.031419790794745772,-0.029390155974576615,1.3910738928637372,2.2576753457012013,-0.017619352722343627,-0.013874657765552433,2.3930722492678305
134,840,842,1.2082966306374843,-0.042101616452965729,-0.04540483481254487,1.2989368288293175,2.2986405929890603,-0.019778190597140116,-0.025897326765819434,2.3459518241773929
840,841,842,1.2099688355135028,-0.039196231018210348,-0.040955429412932176,1.3066674830253087,2.354640188627974,-0.017220506633725763,-0.02054427238696957,2.4002013539892415
840,313,841,1.2019389798953322,-0.036760223054941754,-0.039235178346708643,1.3061456124593356,2.2992185395629776,-0.017399311528146125,-0.021990306332250978,2.3532304844900263
842,841,314,1.2077385836624872,-0.034600800535161902,-0.037510743503278654,1.2995697130463029,2.3019273762888157,-0.016007229392682093,-0.021405686222010327,2.3495712083582982
313,843,841,1.2036586595604852,-0.033772352176655751,-0.035419026747684157,1.3127760148888621,2.349171000960582,-0.014822598746396541,-0.017930844193349255,2.4008243879438371
843,844,841,1.2017324706718973,-0.029803186682917371,-0.032259786790024947,1.3062659855243073,2.3012273397431224,-0.013747451575638552,-0.018308470320431786,2.3552195673164835
843,275,844,1.203263721205909,-0.027142788147146435,-0.028643715201411624,1.3125485574130424,2.3476103434394786,-0.011825715012064517,-0.014657823405577752,2.3994911566188581
841,844,314,1.2091966673040488,-0.032067332370558477,-0.033449201457770528,1.3066267756030703,2.3522789314497174,-0.014193922591963642,-0.016803319543820756,2.3983751529954702
313,845,843,1.1963703841492244,-0.031561239825116161,-0.033873571961346549,1.312307155800255,2.2982751310401555,-0.014751014720947218,-0.019042998725807149,2.358151039798539
845,699,843,1.1981289498998047,-0.028505806013704671,-0.03043635158720015,1.318279181210726,2.3446682636991403,-0.012178088595314746,-0.015819452126894222,2.4017396559051618
845,146,699,1.1912829713492714,-0.026428949460053808,-0.029607965043886963,1.318027874548175,2.2972877360701691,-0.011473487448128789,-0.017376969440455733,2.3625420135042106
843,699,275,1.1964668575689923,-0.02508106734162574,-0.027484518367131727,1.312196933434894,2.3004675662229941,-0.011292798103013493,-0.015757828886694962,2.3600230923629337
314,844,846,1.2070158132190625,-0.027573685907868573,-0.03043626112009612,1.3004186167061036,2.3044547520525529,-0.012315394625863028,-0.01763213612885544,2.3526737812589866
844,698,846,1.2082911767307873,-0.025357699963610258,-0.026705607790889374,1.3069007492623639,2.3500267231636012,-0.011089857749381808,-0.013633742227504485,2.3968540134437069
844,275,698,1.2013800560294521,-0.023261248354013553,-0.025764336880021332,1.3066152197510945,2.3028645252963309,-0.010296942720207654,-0.014947743525135955,2.3570531428813779
846,698,162,1.2061450576699739,-0.020935339429759559,-0.024118382290732043,1.3015694309059,2.3069791617995428,-0.0086097287599443614,-0.014528432154268675,2.3559860899456484
147,714,774,1.128140709146038,-0.24821997048866606,-0.2396343693717089,1.4428576418677403,2.1752384029218153,-0.145884953961263,-0.13076098782142792,2.3537038897158311
714,847,774,1.1260028478203665,-0.24466023152690042,-0.26103039873011546,1.4784840309228615,2.3392183375554976,-0.094026701274096236,-0.12438931287268479,2.4914606977429106
714,279,847,1.1081716238223613,-0.26672976504549117,-0.26009973700122302,1.479635901945433,2.1534204475899532,-0.15586232404008521,-0.14428588097651535,2.3650531216776338
774,847,295,1.1060259409604196,-0.23915079497665381,-0.23202967273710762,1.4704859128513483,2.172091488175766,-0.13779066702271592,-0.12522166338817975,2.3755325752259946
279,848,847,1.1048954756342582,-0.26127500209846755,-0.28321075457230727,1.5181155784059044,2.3223617299441832,-0.097915261255155261,-0.13825713082429564,2.5015972359813134
848,849,847,1.0852540030987985,-0.25585762633337961,-0.24821378775360348,1.5084629558974374,2.1535480356623653,-0.14737266964423068,-0.13398324273821954,2.3897692093203804
848,315,849,1.0801372020773714,-0.24733767429679521,-0.26964610891547469,1.5441497741980088,2.2952233282510117,-0.094710242439776937,-0.13548889229375571,2.501835790916584
847,849,295,1.1029254770197721,-0.23398842027351829,-0.25201384623294487,1.5037602207268508,2.317526665432954,-0.090315862471277875,-0.12358755076938455,2.493945430803568
279,713,848,1.0850449307553456,-0.28584252109171038,-0.27835449310846272,1.5241258061591925,2.1352397584470832,-0.16639250507731379,-0.15342241215957159,2.3841326279470252
713,850,848,1.0788934686124669,-0.27560013377109982,-0.30309039269200166,1.5653118946652613,2.2959082772432455,-0.10239012442341966,-0.15235470045372529,2.5100340855905445
713,163,850,1.0577273341089741,-0.30179413202034633,-0.29308924125503211,1.5776887480386139,2.1236695577407749,-0.17299350621473142,-0.15800874739931903,2.4129840814522789
848,850,315,1.0612356287021347,-0.27073042695081728,-0.26175732888148495,1.5539129974182972,2.1407827086485689,-0.15463798453792299,-0.13901482540341414,2.4124811507880883
295,849,778,1.0858643117139604,-0.22928326531268572,-0.22141124557268377,1.4953205874585458,2.167721926376434,-0.1312685317962678,-0.11735755332476988,2.3935988971578883
849,851,778,1.0815655910492676,-0.2221254935469883,-0.24041051141444569,1.5269561412008752,2.295875673732557,-0.086965510797758494,-0.1205531483740766,2.4957019548951966
849,315,851,1.0646451581978935,-0.24306525410706037,-0.23437677936627921,1.5344231431080977,2.1553433773169859,-0.13820471565059805,-0.12293548177916047,2.412291670778155
778,851,191,1.0670664940254628,-0.21812645240123851,-0.20881815229767575,1.5182425541552926,2.1619886634517305,-0.12500677386281572,-0.1085498319280076,2.4088008916852064
134,852,523,1.2179726843939236,-0.05434097595403653,-0.050195743151238759,1.2972869663050943,2.3483588913290498,-0.029007767280490787,-0.021204632308217716,2.3864561307536438
852,853,523,1.2176151148354339,-0.054484579365748687,-0.06101659052558972,1.2929412087771226,2.3183476240157512,-0.023247616436411295,-0.035410987714100867,2.3566028514812971
852,316,853,1.2253826162744443,-0.058687043770729197,-0.054821998663225457,1.2895897382934205,2.3505435550802489,-0.030970512465902336,-0.023698291188946119,2.3814673164972358
523,853,225,1.2214382512686019,-0.064970519270106664,-0.061693766762066282,1.2947985396478572,2.349852124685714,-0.033495534021243931,-0.027329500083250136,2.3850802239579139
316,854,853,1.2253460352634349,-0.058701735060465943,-0.065506222661777969,1.2852988500417002,2.3227765225895367,-0.025174340724597094,-0.037847417960116425,2.353195924813944
854,855,853,1.2292920210082015,-0.069524242481490361,-0.06597431525374553,1.2865826700750098,2.3512308502692938,-0.036020845693935627,-0.029346621931236494,2.3788691123341734
854,317,855,1.2298133337712844,-0.069314878206566455,-0.077625847377330359,1.2819033014741272,2.3239157939633386,-0.029593349404426844,-0.045060034211819103,2.3503801545143417
853,855,225,1.2211148832915377,-0.065100386994141779,-0.072866605131807205,1.29031141911336,2.3184798310551313,-0.027891144173330246,-0.042339186881558216,2.3537034417444307
316,856,854,1.233218831960192,-0.06296094116344797,-0.058444856810587531,1.2814786304060046,2.3526567250154953,-0.03357621090880733,-0.025084176081877185,2.3759747090011465
856,857,854,1.2337824903135957,-0.062734570487680053,-0.069183375821527449,1.2771659367493466,2.3284237172077322,-0.027372179046982012,-0.039388630074723416,2.3503791377367187
856,172,857,1.2412598225861788,-0.0667800441791222,-0.060465445286072672,1.2724492600872299,2.3507928024252425,-0.037010585153101877,-0.025161617932920738,2.3660319755433163
854,857,317,1.2377465367025557,-0.073606992369393609,-0.069260460816318314,1.277377362273139,2.3505442853629774,-0.038858397286784474,-0.030700827781924345,2.3698397193757863
225,855,528,1.2251796428559025,-0.076248650924990002,-0.073595205509995765,1.2923097241022568,2.3512409052771361,-0.038473414925588173,-0.033482999978548839,2.3834773952716852
855,858,528,1.2253603267715008,-0.076176083527570881,-0.086094625228211541,1.2872896294513527,2.3189290763407118,-0.032175822624655043,-0.050608216830178882,2.3505229349968353
855,317,858,1.2340238576209459,-0.080863328235809995,-0.077991220052842536,1.2829054304813212,2.3513410298026289,-0.041142802337714945,-0.035749497129982294,2.375001772156712
528,858,144,1.2295535307451417,-0.087675926323219855,-0.086854012144542025,1.2893722446100142,2.3518601822271048,-0.042755703561582009,-0.04121151022706479,2.3806392603597741
134,859,840,1.2091960599445792,-0.043954889146489151,-0.049591177670183839,1.3075627818003799,2.3512966512694868,-0.016838939503611067,-0.027474765244908328,2.3978939483845032
859,860,840,1.2013605680295885,-0.044247746367691576,-0.044337990056489751,1.3077591235162167,2.3013959597029254,-0.022764489318854844,-0.02293200861310303,2.3562811090172211
859,318,860,1.2011195846148977,-0.043751200415145242,-0.048378895674622058,1.3160854032806455,2.3454655709189725,-0.017533210766635041,-0.026257601586877524,2.4001105436904586
840,860,313,1.2028098661107058,-0.038554682752204528,-0.042851707935618322,1.3135974660731566,2.3455002425007403,-0.015332531437679431,-0.023432986460312957,2.3982570181412362
318,861,860,1.194030582129137,-0.044016157049853177,-0.043226045400238888,1.3162779948152963,2.2998186934515434,-0.023136699170762762,-0.021669216876962411,2.3626026117392671
861,862,860,1.1955547419051751,-0.038029025293995156,-0.041963849828764666,1.3212360912740089,2.3396409275413221,-0.015419548574062428,-0.022829228950080716,2.3997357542813962
861,319,862,1.1894537334391933,-0.038257054932117285,-0.037266064243963726,1.3214116744342128,2.2999750770122707,-0.020227147456924582,-0.01838500764539322,2.3674402524481906
860,862,313,1.1959345659294898,-0.038811652107523464,-0.038338541441740759,1.3137661489602763,2.3010734716758177,-0.020248924792830136,-0.019369954364392289,2.3615834332745522
318,863,861,1.1933989792247914,-0.042714740244172766,-0.047026685409235824,1.3241092076644119,2.3387060916438598,-0.017383295272936097,-0.025501672515184121,2.4011689274568324
863,864,861,1.1872150966079644,-0.042945867364085899,-0.041669958021169684,1.324309419254778,2.2986920499483605,-0.022812591558850598,-0.020441417777203486,2.3687720743963472
863,194,864,1.186167889155016,-0.040788098030023257,-0.045110229754889097,1.3313980938311101,2.3308092931250677,-0.016623961212497512,-0.024747064827918441,2.4007562028548399
861,864,319,1.1887682878884172,-0.036844695436899499,-0.040638595244653963,1.3283607693351041,2.333704416607445,-0.015041624754367294,-0.022177562156153158,2.400757824026865
313,862,845,1.1972951882671061,-0.033466920319334292,-0.037045847661838494,1.318844047027083,2.3400678147750731,-0.013506679965896412,-0.020246409677243421,2.3982508877589934
862,865,845,1.1913705836682484,-0.03368836602357117,-0.033014134782981763,1.3189947415557786,2.3013840524395568,-0.017670915110149128,-0.016417191326980288,2.3666059830330752
862,319,865,1.1908761609520586,-0.032669543001567547,-0.036206629291879899,1.3255732962960423,2.3343620241062597,-0.013232619435778178,-0.019885949989254581,2.3991300894574632
845,865,146,1.1925526348164714,-0.029045089066765506,-0.032003633303336443,1.3229641452844714,2.3326590610168463,-0.011970279205135083,-0.017531363383623884,2.3956800976892096
135,866,868,0.98906828817617054,-0.18292339799595925,-0.16529830370648302,1.6528222258718268,2.2542484488072834,-0.092996232844553828,-0.060960478737456525,2.5477091178225511
866,867,868,0.97253834106547066,-0.15559761716419018,-0.16347057620882266,1.6498007956950227,2.0871672452582746,-0.08134464327308577,-0.095000899893105895,2.4614828865797902
866,320,867,0.96928099183740191,-0.16297578702796756,-0.14880875529741822,1.6830110527544835,2.2496983939824262,-0.081038973652903024,-0.055338212420060873,2.561889936890843
868,867,321,0.9823683022834091,-0.15355432658434132,-0.1412556031031631,1.6544184787430047,2.2514935801141434,-0.076495714944397608,-0.054103872513874329,2.5492090467875919
320,869,867,0.95380623587164859,-0.13739435067409289,-0.14386761362397538,1.6748428140104035,2.0568033518357187,-0.073774285085884156,-0.08490612962075697,2.4635927430826063
869,870,867,0.96625782227099144,-0.13480611979200674,-0.12383376822179315,1.679007120123202,2.2479604878616994,-0.066746547684399832,-0.046799907499863708,2.5608671969841268
869,309,870,0.95277400762062614,-0.11251592361384866,-0.11776688099666743,1.6689779028767937,2.0610197043657168,-0.060280850583993767,-0.069344088933672304,2.4641669856484727
867,870,321,0.9682696038429226,-0.13024926539070059,-0.1374595378330814,1.6481436063646964,2.0856683144873744,-0.067850253252761422,-0.080382985454477696,2.4621218494217958
320,871,869,0.95230242363328532,-0.14080061182725645,-0.12872056629936912,1.7091521496912654,2.2477013886416506,-0.069192604057478541,-0.047303637164336332,2.5748376414154164
871,831,869,0.93744984876937654,-0.11624770776769289,-0.12117440395157808,1.6966775315297093,2.0293335524082279,-0.063998795723167273,-0.072405683830262579,2.4655273684750822
871,164,831,0.9382843975222368,-0.11435738467763579,-0.10634150573623868,1.7302752930659369,2.2454203355989515,-0.054547715538973862,-0.040038447134864374,2.5848483206767852
869,831,309,0.95250838214574607,-0.11311758764696211,-0.10395799272892514,1.7002561957879019,2.2469575826305421,-0.05546431361901355,-0.038826030796730582,2.5717541293556581
321,870,872,0.97906896321140202,-0.1280045533938996,-0.11859127182207541,1.6520654892865083,2.2488339032341398,-0.063436969269707655,-0.046274664403343213,2.5482531990284656
870,830,872,0.96672206523726922,-0.10759520752034568,-0.11379848418122385,1.6441430410030948,2.0877417514730503,-0.055837170770444727,-0.066648358533375057,2.4625232826922572
870,309,830,0.96573954827879938,-0.10982086037787586,-0.10132651196655162,1.6723952562542597,2.2453078292532167,-0.054392664166881488,-0.038928021969868026,2.5576280575303123
872,830,150,0.97844661742536054,-0.10515810054629715,-0.099385362024668744,1.647139003660095,2.2482021864786446,-0.050908850965501545,-0.040366768931302477,2.5465999514654989
131,583,874,1.2703216179898251,-0.071995393074588243,-0.082428915189201035,1.2488559467431237,2.3859898489839724,-0.026255392415766854,-0.045977620974169769,2.3759491362489134
583,873,874,1.2586843287048217,-0.076669233541400317,-0.08132311359037292,1.249300065655552,2.3167857545132153,-0.0375073259951062,-0.046096285246887053,2.3118199552577021
583,244,873,1.2596243699852896,-0.078453969178820415,-0.087183225890020033,1.2604259081879796,2.3816717502530662,-0.03041725291599498,-0.046918397907383835,2.3820459867193322
874,873,322,1.2615146784138933,-0.07005088251594227,-0.078199507015209946,1.2566041541622113,2.3789607022052741,-0.027196248782643595,-0.042585387600805283,2.3766493125430497
244,875,873,1.2480468327850003,-0.08310381164191627,-0.085698195884098105,1.2610223351707734,2.3123136382642673,-0.042148533868318683,-0.046937491589491814,2.3191615185283023
875,876,873,1.2515586564735326,-0.074892200911210738,-0.082966846835088148,1.2674089812980824,2.3748020107387897,-0.029471489291863551,-0.044720403956850785,2.3822514767284133
875,317,876,1.2409034240947001,-0.079171445846532684,-0.081016850250746231,1.2681921188882121,2.3117750941550637,-0.040331507952154039,-0.043742597828610036,2.3260974427197523
873,876,322,1.2511921729255369,-0.074196501096599032,-0.077436466563883144,1.2569105986273055,2.3162101577876877,-0.036889314507893095,-0.042877357913999214,2.3192183412768039
244,589,875,1.2479187161802474,-0.082860584610055632,-0.091875421079002706,1.27274968426957,2.3746867227742881,-0.032381958648049047,-0.049409031312676405,2.386309681956055
589,858,875,1.2365249637174256,-0.087436614304375659,-0.089250550402860895,1.2738039011482503,2.3079600920170646,-0.044775784180247358,-0.048125360978814757,2.3275611534941398
589,144,858,1.2354117123817914,-0.085323126996438958,-0.095600613654381661,1.2858593801376585,2.3666524376365041,-0.032806910327407485,-0.052197953702097927,2.3903546733009184
875,858,317,1.2404377479037239,-0.078287447529274523,-0.086885829957789262,1.2793332686518859,2.3692363137589658,-0.030705105353880879,-0.046936900634810069,2.3875196965240657
322,876,877,1.2540409647218791,-0.067535241489298237,-0.074742081704803454,1.2632108123008159,2.3727805992933613,-0.026873951734730533,-0.040472822989348345,2.3771211339990233
876,857,877,1.2446366197593866,-0.071312117874529957,-0.073509593323128009,1.263705791619671,2.3164002483277013,-0.035814931066603772,-0.039882305693534043,2.3263675633469085
876,317,857,1.2444312866714311,-0.070922331779067704,-0.078711979946496591,1.2735815402834376,2.3686158901642509,-0.028023917616898958,-0.042721509590063142,2.3823978036919118
877,857,172,1.2476770693151975,-0.064202709654469281,-0.071699974533743216,1.2679371786104028,2.3624209230112099,-0.02558911243888401,-0.039699528025118752,2.3721540272500059
133,835,821,1.1187006084496627,-0.050055186356160686,-0.05145830474230273,1.4171863517172545,2.3083775169295597,-0.022486165336328315,-0.025118085943823726,2.4483509349678689
835,878,821,1.1180935044122453,-0.047051123571608677,-0.04926967364630741,1.4063566012636404,2.2445038815609619,-0.02312846345283591,-0.027205900229292729,2.3951415420885049
835,312,878,1.1247854099658383,-0.044304826066686953,-0.04459481997208492,1.4082751189233065,2.3098732501905932,-0.020651928110937301,-0.021196090964387196,2.4433212815014973
821,878,308,1.1261952250354241,-0.050604775012661918,-0.051056653645606076,1.4071404229164726,2.3108012396445865,-0.023489501096298826,-0.024337445948190761,2.4429728142407674
312,879,878,1.1241529585994643,-0.041175954128370496,-0.042617756797572071,1.3984941652944691,2.2515358857428094,-0.020458578138768252,-0.023113814022836646,2.3941922081817024
879,880,878,1.1314741900090031,-0.044387160329987019,-0.044226448865664736,1.3991997627078785,2.3109153718924329,-0.021109128796547041,-0.020807575152831131,2.4375570206454915
879,323,880,1.1308067349026762,-0.041084338320031222,-0.042455632946763799,1.3904370912756203,2.2580613825200881,-0.020369210301352178,-0.02289864965801687,2.39253174120467
878,880,308,1.1254392323712494,-0.046863983833755896,-0.049051676820548451,1.3972194276786913,2.2510919942762135,-0.022967051221463697,-0.026994191820142219,2.3926588280864842
312,839,879,1.1303045751783731,-0.038651386331261417,-0.038549446952659494,1.4001637628533183,2.3101701375789188,-0.018362672849939032,-0.018171398792335286,2.4378767241073809
839,881,879,1.129769552543463,-0.036003995624942942,-0.036795277835091511,1.3914838104248526,2.2584830960553512,-0.018094112997111444,-0.019554216960817404,2.3938292920695492
839,145,881,1.1351040009161579,-0.033814670048492257,-0.033452533886231706,1.3928557151301675,2.3082051902254088,-0.016392612229161829,-0.015713677193583173,2.4312287537407609
879,881,323,1.1362547714981179,-0.038848312066776636,-0.038298728850717723,1.3921432007204046,2.3108475706799827,-0.018856887556903068,-0.017825849177834668,2.4325202592367012
308,880,825,1.1331261118764147,-0.050235329954189112,-0.049923364392940428,1.3976017363272693,2.3113607421965878,-0.023994401526599235,-0.023409123541634491,2.4365328700414453
880,882,825,1.13231287666206,-0.046211292076043797,-0.048174199634077652,1.3889465463889774,2.2583630296265591,-0.022650581477167836,-0.026270603532410813,2.3913794817202372
880,323,882,1.1375734300279436,-0.044052408561096712,-0.043464211038296341,1.3908794831026263,2.3112327805185138,-0.021366299814630327,-0.020262939294999838,2.4317234747390173
825,882,171,1.1389677016836934,-0.049130292820211086,-0.047756034354520693,1.3887631268763307,2.3073485348562448,-0.024517469917571158,-0.021943459736666074,2.4271355885743078
130,548,884,1.0571381008599463,-0.090766908207728036,-0.10176050593394592,1.5058615983268142,2.2423484760463444,-0.037089080031776273,-0.057268819015783901,2.4622683594718286
548,883,884,1.062247294644207,-0.10673680986196299,-0.098552005246764995,1.4958327282945847,2.223567515332495,-0.059527287321245154,-0.044594650747269871,2.4434808878464533
548,233,883,1.070336437980008,-0.091877375157770946,-0.103128861785029,1.4874252247979189,2.255190662014483,-0.037082243687279914,-0.057816093020520765,2.4581638219965622
884,883,325,1.0688015099718475,-0.10592894275738729,-0.11828725096183046,1.4934001783985391,2.2553677774732348,-0.04298045091381883,-0.065730107449017278,2.4612331860288079
233,885,883,1.0752247470275376,-0.10715685329873104,-0.099616632715350928,1.4764469853342508,2.2284998532616656,-0.059631121344631499,-0.045855783376720943,2.4331861157037737
885,886,883,1.0827626805178459,-0.10622770416837035,-0.11829781983263743,1.4741442840983687,2.2689034453895429,-0.042849185106218768,-0.065159089589566482,2.4571780388393831
885,324,886,1.0876404848375287,-0.1214743474869131,-0.1141273240477032,1.4611084881690806,2.2288684557913401,-0.06743059539610935,-0.054025740728392752,2.4213970361232455
883,886,325,1.0740299717380708,-0.12227012751556643,-0.11441086591425487,1.4812848130982763,2.2237084759911401,-0.067789470029979454,-0.053469028629687582,2.4323568761841283
233,552,885,1.0833486979376632,-0.092232748643606088,-0.10336169218958524,1.4695671235340673,2.2676013038423699,-0.036968400373953991,-0.057552359468862085,2.4542408570789642
552,887,885,1.0879049415101791,-0.10647296332829637,-0.099603551830379722,1.4578213235831763,2.2335149774889143,-0.059130746252281069,-0.046564906258163091,2.4232433089652243
552,158,887,1.0961903165718079,-0.091251909230580353,-0.10268061704590448,1.4521684502057728,2.2795073173722131,-0.035938836839010252,-0.057151122075209948,2.4503811283341896
885,887,324,1.0963751653915814,-0.10542865943307489,-0.11709036563396946,1.455665353678977,2.2819813614212254,-0.042280251024456705,-0.063919123953158408,2.4534561079972304
325,886,889,1.0826874875164316,-0.12120300935495554,-0.1347596739102368,1.4787766360281769,2.2702123809417647,-0.048773951188555348,-0.073808295874794871,2.4599021327548232
886,888,889,1.0878835879557718,-0.13744455675083156,-0.13018424274661466,1.4644751260846949,2.2240401081741266,-0.075960002508968033,-0.062751991994061923,2.4192274851115823
886,324,888,1.0972203858717791,-0.12029323018635629,-0.13330404836224385,1.458744167204288,2.2831233559136184,-0.048260776219648222,-0.072380145338410473,2.45510691344517
889,888,152,1.0983528436779739,-0.13615412503863322,-0.15115511072113819,1.4618902744214362,2.2816702106730027,-0.054529690192739899,-0.082281515335324795,2.4547798359973148
136,797,891,1.3780315598276967,-0.1420204767382609,-0.16115875253839107,1.1703020880949113,2.4511873834967925,-0.04927298919885853,-0.085397407166356798,2.3589151972994205
797,890,891,1.3679211035218179,-0.13639652494052479,-0.13369970526843344,1.1550279645948489,2.3355258581257416,-0.078413280893503412,-0.073548353330846389,2.2157478468537395
797,303,890,1.3736317167067003,-0.11804107972608979,-0.12975968164662532,1.1676922591972465,2.4508905698451788,-0.043995793223792545,-0.066176772836730124,2.3593295981950462
891,890,326,1.3943754432848965,-0.12535924074909044,-0.13816889595170778,1.15316332808837,2.4632176201788867,-0.04581690033930505,-0.070054941555064726,2.3571580076268059
303,892,890,1.3621353133427987,-0.1116461934410542,-0.10820780988269751,1.155704008194089,2.340188444556297,-0.064323518581214045,-0.058088916128352125,2.2252496293357464
892,893,890,1.3854694644886676,-0.10191071488179393,-0.1099806255860365,1.154964353721061,2.4585514917421323,-0.03923096734432957,-0.054526583856196215,2.3565577308028653
892,298,893,1.3719204694879026,-0.094373510731973198,-0.091002355367872934,1.144406884548129,2.3439810528074694,-0.054874566205206532,-0.04876445212573724,2.2167838879542421
890,893,326,1.3805647270612749,-0.11767644304883351,-0.11461691064692037,1.1400615355668045,2.3389597912446045,-0.068647803751802849,-0.063135363474533995,2.2025190717882266
303,803,892,1.36682769180717,-0.096563628217376074,-0.10417024595922619,1.1686818235350511,2.4473770197977252,-0.037629782213188218,-0.052048646718950792,2.3588547898605645
803,787,892,1.3552731616193168,-0.090135929862169117,-0.086486228644975682,1.1588443375311854,2.3437268996441336,-0.051978657261563227,-0.045331065319728553,2.2355047233297602
803,151,787,1.3586385111057995,-0.079318391517578024,-0.082284908448835736,1.1723490099291611,2.4432494516654897,-0.033425920752641308,-0.039055351609399297,2.3596960831651015
892,787,298,1.375918504285472,-0.081522276439832564,-0.086514517859455964,1.1588325347002497,2.4526242837892487,-0.03272018516795408,-0.042190563630244843,2.355847428440248
326,893,894,1.4058552705655205,-0.10712471813291724,-0.11463166405790837,1.1400553801461326,2.4692464844130715,-0.041587948276331638,-0.05580551768948408,2.3525094943633249
893,786,894,1.3902463724667,-0.098442252389754126,-0.094721259673793412,1.1289801970740694,2.3450819058616172,-0.058141121497974874,-0.051432477512194735,2.1968765081052615
893,298,786,1.3944346008583475,-0.084980160964623797,-0.089760642993635287,1.1449249519987346,2.4633233930722596,-0.034083054167720284,-0.043150125677583473,2.3530433488753912
894,786,160,1.4122090679990991,-0.089278972777712462,-0.091066581783220357,1.1305050024129173,2.46532591555144,-0.038617958745541442,-0.041995837831875299,2.3394052390286206
134,681,852,1.2164108402210596,-0.05005736439418218,-0.047909110430338409,1.2910155043202316,2.3049708680051393,-0.027465826162830859,-0.023482986895909608,2.3437700499835383
681,895,852,1.2260079291969403,-0.047485151279119897,-0.049951139997007843,1.2904681992732652,2.3642165846635179,-0.020538350808449762,-0.025201571400671099,2.3944764365139384
681,272,895,1.2257788877459697,-0.046856945895275892,-0.046431276365303198,1.2808140634194203,2.3098196434069114,-0.02466613840933983,-0.023876768155823791,2.3384574213147302
852,895,316,1.2235485592711481,-0.05365666835673899,-0.052662040366471707,1.2836654943404184,2.307803596363752,-0.028613040070313525,-0.026769575822834471,2.3391191866638796
272,896,895,1.2352379201581307,-0.044321630945016288,-0.047461952188037948,1.2805378102353302,2.3688800187230385,-0.018568377901041253,-0.02450883359022589,2.3901408246185536
896,897,895,1.2329369139402231,-0.050096164115691399,-0.050198602259234448,1.2736699988884221,2.3136416562615998,-0.025994825170978272,-0.026184795592311974,2.3348335589095459
896,327,897,1.2424729229757485,-0.047539931330555341,-0.051032452685848995,1.2734464760508875,2.3728270329854793,-0.019801486946559019,-0.02640941372392315,2.3873474871557772
895,897,316,1.233283787876573,-0.051047431039054736,-0.053738223844942645,1.2833770554956345,2.368919580246331,-0.021987219052003196,-0.027077955991024999,2.3923754144149245
272,687,896,1.2349803337687448,-0.043615133689034913,-0.044012209863972807,1.2710760001932258,2.3153385489800939,-0.022409264149740329,-0.023145952604844922,2.3341037635945678
687,898,896,1.2442925278162456,-0.041119278152093486,-0.044915314413720431,1.2708339499868639,2.3726594919133563,-0.016624965281394927,-0.023805816907077754,2.3851322709055012
687,149,898,1.2440696317006874,-0.040507949317984959,-0.041722960002797294,1.2620783990200124,2.3231528505076229,-0.020130440707485625,-0.02238753989841924,2.3324643907294673
896,898,327,1.242119782716695,-0.046571386758556876,-0.047612338834309931,1.2640662577903079,2.3192751923395347,-0.02350461438133547,-0.025435987239591257,2.3306792187443111
316,897,856,1.2309815612487385,-0.05682486251449248,-0.056557469939501281,1.2763021650713888,2.3120820755921363,-0.029757088898185111,-0.029261422974327281,2.3356726521562745
897,899,856,1.2405885932527094,-0.054249879069464768,-0.057171066657424774,1.276137702062428,2.3724580775791804,-0.023315775500893476,-0.028842559393969514,2.3890993142013874
897,327,899,1.2402113322704831,-0.05321514330812338,-0.053725733527731911,1.2666879853756186,2.3185019509525957,-0.027288238055845224,-0.028235475044828928,2.3322486316828468
856,899,172,1.2385533321749453,-0.05935750655567773,-0.0595935923577251,1.2700582074029505,2.3232115605361758,-0.030330324933677641,-0.030769123439913934,2.3393940970162408
130,900,546,1.0479891965723076,-0.077659970514840637,-0.086536548310726324,1.5168762519250469,2.2372287894152194,-0.032097096831417815,-0.048377785978448412,2.4670365289487295
900,901,546,1.0484896388126481,-0.077888395085478734,-0.072828457556614712,1.5106192566269607,2.2136640774167495,-0.042973819075548148,-0.033754814770498992,2.4489302312216692
900,328,901,1.0443797985451453,-0.068281574130899081,-0.077077141625512269,1.5205506273094676,2.2341649298982711,-0.027626573434837542,-0.043751020835385609,2.4679859845353516
546,901,232,1.0534380407340729,-0.065893198859332536,-0.074224175875964971,1.5072359592750324,2.2451728854305602,-0.026472632845388311,-0.041801056323046176,2.4662907738742916
328,902,901,1.0451147901222182,-0.068617057673019843,-0.064269433810651755,1.5147046076839565,2.2138681506089273,-0.03768202385809799,-0.029757155029057597,2.4521824544674509
902,903,901,1.0497511727816349,-0.057379853332979902,-0.065731336085441683,1.5111613939775528,2.2409446249288503,-0.022424332443720871,-0.037776178514932618,2.4665709973874308
902,329,903,1.050051278382556,-0.057516835161271374,-0.053888955107281422,1.5057559933694291,2.217843193170133,-0.031579141073700884,-0.024954585004924687,2.4490940596439761
901,903,232,1.0533821687094687,-0.065867695288318373,-0.061583798912354659,1.5014660815264467,2.2177994207532024,-0.036346037121185393,-0.028526126685983796,2.4458718586161305
328,904,902,1.041161725222461,-0.059376344993857799,-0.068152865752416858,1.5237825458643099,2.2304698434102312,-0.023370674943589645,-0.039448211251985707,2.468201279448317
904,905,902,1.0421764553431032,-0.059839532821307273,-0.05620967045155556,1.518330906485847,2.2139405884546131,-0.03267979095755924,-0.026061003730033311,2.4549563823191773
904,185,905,1.0382625163663599,-0.05069001706232612,-0.05985708867489814,1.5268573834473838,2.2273653189555098,-0.018900790863265501,-0.035683000579973478,2.468614152628116
902,905,329,1.0465301082660607,-0.049286040615008631,-0.057711317956417485,1.5146908310090899,2.2373054645281396,-0.018500141284399807,-0.033974907239236823,2.4669069890031734
232,903,551,1.0581350337835396,-0.05434698214793432,-0.062663628271994121,1.4988486278223982,2.2503760730751887,-0.020766350367769984,-0.036101806232576195,2.464566645979291
903,906,551,1.0578304235742406,-0.05420794421175934,-0.051339841086574189,1.4936799369779479,2.2227556544971478,-0.029425319832562816,-0.024179385682460669,2.4441111736947718
903,329,906,1.0545650769041242,-0.046575141286919752,-0.055173711508006207,1.5026416737619694,2.2449362328122793,-0.016945552941427466,-0.032778981722526801,2.4639106945437597
551,906,148,1.0627339928046338,-0.042321424874599778,-0.052630934940574914,1.4905502550379977,2.2526433795728926,-0.013599866696475657,-0.032632136506322795,2.4609457624128952
135,868,908,0.99646392246005489,-0.16617166455372612,-0.18032083315921899,1.6187949336396157,2.1403697103736965,-0.078891273493176595,-0.10382660284963824,2.4685470922667121
868,907,908,1.0006639171714209,-0.16511978250330728,-0.15585066251955881,1.6249234492772544,2.251479022256619,-0.080782317050989094,-0.063892154929340417,2.532858256969849
868,321,907,0.98651473436389914,-0.14416159465341849,-0.15489869773760079,1.6235133709004215,2.115231632454126,-0.071665602995224398,-0.090489698356953946,2.4606225402295121
908,907,331,1.0057671714941527,-0.15356087069219981,-0.16802218139123815,1.5973548617941074,2.1464110283955673,-0.072378573902818211,-0.097967687969958306,2.4597818697992371
321,909,907,0.99387463145392374,-0.14231799634604858,-0.13326818520844785,1.6289316499603759,2.2502852247862699,-0.07027019795254405,-0.053755150751399694,2.5360875379605767
909,910,907,0.99764564103097619,-0.13377634260574789,-0.14515282282112629,1.6020119465646925,2.1333579300438403,-0.06480059354159351,-0.08489174015036946,2.4577019352384131
909,330,910,1.0039134003270016,-0.13220659217677344,-0.12504658796012791,1.6070475213702053,2.2485511969949594,-0.065297540279235983,-0.052209701388929303,2.5240487705605199
907,910,331,1.0102448016840304,-0.15243941583210763,-0.14577110496399337,1.6029278047892692,2.2506742244165245,-0.074206330972710455,-0.062028826877549958,2.5214368462973833
321,872,909,0.98110253238265566,-0.12339834824832785,-0.13056944106209789,1.624933928891207,2.109794813337821,-0.062916166759767245,-0.075492835566622618,2.4606741965033492
872,911,909,0.98947320862730059,-0.12130155744168825,-0.11227677095510957,1.6295161037822443,2.2446566556834586,-0.06117338604335118,-0.044703912376008681,2.5347778029518451
872,150,911,0.97849747256699038,-0.10504290937484839,-0.10918655296157853,1.624938482151169,2.1153269090786528,-0.054300031594961662,-0.061590149896964819,2.4650274829749081
909,911,330,0.99227195066583374,-0.11496217141968934,-0.12332329016742083,1.6044948090283464,2.1283095007174482,-0.056826231664820231,-0.071594147967571908,2.4582578381731945
331,910,913,1.015068972002994,-0.14151143299878299,-0.15667623416786203,1.5782248907427645,2.1591035909591136,-0.065059365225823063,-0.092046001729475885,2.4558120970732018
910,912,913,1.0189137422815717,-0.14054834725300314,-0.13589811893775527,1.5834296507550323,2.2495587085480939,-0.068209376570729369,-0.059702976006665021,2.5107613888181279
910,330,912,1.0076179191076808,-0.12381554568048081,-0.13564140403995761,1.5830493721883947,2.1483164033580895,-0.058557492005844952,-0.079569113467430092,2.4546577574140684
913,912,168,1.0239113906681836,-0.12922825347917133,-0.14583759409425001,1.5609159038624787,2.172856789613161,-0.057018290939148897,-0.086746057649515623,2.4535245086688455
133,673,833,1.1101290062126323,-0.044067071848145289,-0.050535673358987232,1.4253813538163023,2.2880351128334273,-0.016761841230005819,-0.02882387566716188,2.439944068937852
673,914,833,1.1055837752484274,-0.044164625574905969,-0.040685653939509514,1.4255927635577628,2.2552096922722313,-0.024723594328400322,-0.018301228970516656,2.4174758657588513
673,269,914,1.1035050371916908,-0.036909441207724214,-0.042781941009613966,1.4329091972617896,2.2806376297993118,-0.013856842247857909,-0.024787286467110023,2.4403730542179547
833,914,311,1.1098049471130231,-0.03559735839484901,-0.0412384879552814,1.4244707346825436,2.285029884562483,-0.013354629500362106,-0.023866582930658187,2.4374618896780165
269,915,914,1.0998320209700245,-0.03698827134762972,-0.033201458005448714,1.4331148132378679,2.2539891419711093,-0.021227487113193701,-0.01423620572320701,2.4223818495877598
915,916,914,1.1040031086313613,-0.028523220296252788,-0.034131360008785805,1.4312276153244829,2.279048602395255,-0.010028187237090862,-0.020463342936753837,2.4382959530418988
915,332,916,1.1009380928758703,-0.028589131812283952,-0.025271712884115782,1.4314181372728516,2.2567197000796422,-0.016630687969653522,-0.010499948988214831,2.4231882015837423
914,916,311,1.1060531596356875,-0.035678041996510146,-0.032250711497165074,1.4246640201977741,2.2578445396759945,-0.020329295612907645,-0.013995696408420674,2.4188413883480435
269,678,915,1.0976019327303659,-0.029204846552298491,-0.035059928174605126,1.4396012215058285,2.2732405700457226,-0.01024990348250869,-0.021127116214908523,2.4402203574333226
678,917,915,1.0948883749991385,-0.029263087304318702,-0.025615984162462357,1.4398039157013365,2.2537116005823075,-0.017171188972475784,-0.010435913985858795,2.4272225327025616
678,176,917,1.0924654851896212,-0.020805760987089528,-0.027108924897284226,1.445015166711217,2.2639214566533035,-0.0059819955219199139,-0.017661400872132242,2.4378863218081501
915,917,332,1.0988357942232949,-0.021251962157418092,-0.026917589339496395,1.437162361467303,2.2725699531096804,-0.0065286001398907334,-0.017052840787555479,2.4381979839241521
311,916,838,1.1100821293583638,-0.027500867225674241,-0.032921826107019214,1.4233019296799014,2.2841972861773847,-0.0096147134677633667,-0.019715548878116586,2.436239812066975
916,918,838,1.1067458012500087,-0.027572474420825444,-0.024481107385626366,1.4234830917757986,2.2598007674574259,-0.015980669356359105,-0.010263631539336043,2.4194929244420145
916,332,918,1.1047946166115268,-0.020762475325113883,-0.026209397055619199,1.4295151457688782,2.2785643514056608,-0.0063839120791387149,-0.016518711999425111,2.436892129987756
838,918,161,1.1107134696417962,-0.019519716493716643,-0.025138383435549194,1.4221490879229872,2.2853752537174463,-0.0055894523636674173,-0.016063755222540478,2.4363798890033816
134,842,679,1.2149521840395412,-0.044120703950713658,-0.040736985921292046,1.2975207489380773,2.3350964309085525,-0.024023803865319424,-0.017679488226817197,2.3756747330610861
842,919,679,1.2157101993112143,-0.035524534599471025,-0.040993416677530092,1.2946127307360005,2.3256939438934676,-0.014044551908786063,-0.024263924492623053,2.3651962529941861
842,314,919,1.2138084912605276,-0.036442010753725329,-0.033340669168996584,1.2983047871224009,2.3352450782780352,-0.020037951054587881,-0.014220762898963027,2.3767272115705969
679,919,270,1.219283956939206,-0.036608701296177548,-0.033477762308042003,1.2923327154077295,2.3375036392918052,-0.020158526140963196,-0.014285988127727273,2.3734039954231663
314,920,919,1.2145143834687691,-0.028437274327076434,-0.033585838124817968,1.2955245993707472,2.3257766368488162,-0.010697842886186242,-0.020322163029161677,2.3662927811882675
920,921,919,1.2178965254024456,-0.029463193451598535,-0.026268140410429908,1.2933048918067573,2.3364399191273932,-0.016703825024673422,-0.010711228158857694,2.3735343906247985
920,333,921,1.2185622209462794,-0.021914282574625243,-0.026468500858431554,1.2910328273784408,2.3291461911694276,-0.0078140723489096633,-0.016333216895828777,2.3653154350840579
919,921,270,1.2200036965449712,-0.028446591941445831,-0.033708570387990022,1.2897152676899832,2.3290183237392994,-0.010612807143035426,-0.020452085685327047,2.3638598784124016
314,846,920,1.2127187418712708,-0.029303578882444947,-0.026141805357116965,1.2991159616481402,2.3351429548527607,-0.016567838017818505,-0.010635754571205719,2.377532683048698
846,922,920,1.2133709696374329,-0.021907391054766912,-0.026375579085875955,1.2964649944602904,2.325658543336087,-0.0078886751866648203,-0.016243215371975962,2.3671890437850283
846,162,922,1.2118186138636657,-0.022656322734808443,-0.019008247271020906,1.3000193524797377,2.336157042010234,-0.013618881127807583,-0.006770344534036514,2.3793194882549162
920,922,333,1.2165670225222867,-0.022876863017167848,-0.019519564492949115,1.2943853311502247,2.3356498694951036,-0.01358029590830679,-0.0072832766973890684,2.3739447926162556
270,921,684,1.2231801233349469,-0.029410220843765211,-0.026216743051907798,1.2874424807411344,2.3378724367670145,-0.016709136752337324,-0.010721345269001072,2.3695611595739114
921,923,684,1.2238717035665712,-0.021567780585334262,-0.026388335544552888,1.285496641616712,2.3325644211610799,-0.0074421092148195117,-0.016462941478241899,2.363283073690309
921,333,923,1.2213811300955477,-0.022769353965252925,-0.019373839753960453,1.2888807744333484,2.3361407094499844,-0.013591185273680507,-0.0072261072340832413,2.3694832190308226
684,923,177,1.2262492911207783,-0.022288984068192796,-0.018536688486332054,1.2831149689861752,2.3353698201548592,-0.013659362523221676,-0.0066328602247453725,2.3636346576885856
135,924,926,0.99847091388243392,-0.18377175494549747,-0.20941737104033109,1.6208089931361647,2.1116134249115266,-0.085110448399454697,-0.12979085034422749,2.4517582881600988
924,925,926,1.0152111737628795,-0.21164483967896963,-0.2100431264308642,1.6218508964965261,2.2549948695916782,-0.096433012921339156,-0.093527725935259542,2.5282721248411928
924,334,925,1.0190402115372352,-0.19353644382164192,-0.21623530503798527,1.5925666668689111,2.1428168463623738,-0.089619867793932606,-0.12953457107434618,2.4495507020859986
926,925,335,1.007881086717707,-0.2124750535213793,-0.23848522682553419,1.618629512451651,2.1121417916767444,-0.10093394027025415,-0.14607966676380635,2.446679395553653
334,927,925,1.0343156196948406,-0.21897050213113722,-0.21495323205234018,1.5904319730697347,2.2514364596922167,-0.1037706858330103,-0.096486067416607146,2.5080853741965892
927,928,925,1.0307200071678233,-0.21937788448078166,-0.2448540202866516,1.5870442183337738,2.1473463095937202,-0.10168680987900613,-0.1463759080396777,2.4446186307085935
927,315,928,1.0474320082185682,-0.24720391733093017,-0.24197981001830793,1.5822585634560422,2.2475132369487145,-0.11903624944657865,-0.10960988500482638,2.4974929840667266
925,928,335,1.0258517887670964,-0.24239795239577155,-0.23825538593711171,1.618246805886125,2.2518630831825561,-0.11295273979951276,-0.10547488154847257,2.5210704810475306
334,929,927,1.0385625299677415,-0.19888837867988729,-0.22028603655949297,1.5652150432143039,2.16967220954291,-0.091135659736165997,-0.12906971113809379,2.4463391715164637
929,851,927,1.0529818548806242,-0.2228979026272242,-0.21697241847506321,1.5596975593354721,2.249109265025468,-0.10916780215041577,-0.098423608853987155,2.4882475360556038
929,191,851,1.0573956139073264,-0.20202353293787789,-0.22133202119676554,1.5390793157111737,2.1963897072041108,-0.091794642403470572,-0.12630656290751729,2.4445399792769926
927,851,315,1.0525614706221722,-0.22294551581767308,-0.24748101166182934,1.5562421220098295,2.1774014325285065,-0.10146347111837412,-0.1449007035798992,2.4411809193177927
335,928,930,1.0216683064804464,-0.24287175757460155,-0.27262216376992043,1.6143545562717758,2.1227074822310179,-0.11420113727440706,-0.16574795113430951,2.4445773791809229
928,850,930,1.0411809556176266,-0.27536017671823743,-0.26981389598597327,1.6096788108006717,2.2447111379842521,-0.13110039493598391,-0.12115700102563814,2.5077606770918273
928,315,850,1.0471271246449838,-0.2472384487848609,-0.27643693337264619,1.5783559111952843,2.1610146988181524,-0.11286602227491832,-0.16405623916463524,2.4419312397241235
930,850,163,1.041809241340717,-0.2752890194839096,-0.30959554881193085,1.6051732931864473,2.1454285052056408,-0.12581547565470885,-0.18531166398492743,2.4451078873053591
137,931,933,1.6166032976771589,-0.70735943961364889,-0.79961514622805918,1.4030657545407799,2.6710593529639497,-0.099747408389444736,-0.26139422202290929,2.6198857650301841
931,932,933,1.5560167506807625,-0.80188492547389045,-0.79506559721412273,1.4101638374041725,1.7856010383509786,-0.7514636596353792,-0.74356729001244304,1.6490566580794042
931,336,932,1.7343950858720598,-0.7654119789807039,-0.88459970022820666,1.3918568353512288,2.8005149131083047,-0.016926953628001451,-0.22852244458528115,2.7495602389597691
933,932,337,1.5506512598568563,-0.79146669195582398,-0.87728773746761934,1.5698154863641989,2.8013445976017337,-0.031142121430181247,-0.18529917681037533,2.8038302419792944
336,934,932,1.6746274551315494,-0.85866887238750311,-0.89257630150056144,1.3794107496458392,1.6516740921558861,-0.92719496207148522,-0.9603376358825586,1.3334826913323643
934,935,932,1.6789517556032663,-0.86706541495839318,-0.99105476017579441,1.5706274738282815,2.9484988750911105,0.07749292172708433,-0.14735462210105399,2.9444260930300454
934,245,935,1.5893543311324336,-1.0068581881057164,-0.96952317885924444,1.6042217370592251,1.4945123292218585,-1.0362883908340415,-1.0011655416888228,1.509839155905351
932,935,337,1.4755402286396517,-0.90866426771901843,-0.85952871471393166,1.5975253231342057,1.6476410950490683,-0.84013924206164603,-0.7856572856179993,1.759802462630697
336,936,934,1.8967216630009416,-0.81324765373351937,-0.98926984591721645,1.3596356340968523,2.9279733805074444,0.10320879490658497,-0.21158843399879212,2.8956801073573253
936,595,934,1.8344266366233715,-0.9104477354722682,-1.0100919744099226,1.3271464819260328,1.4279335249121066,-1.2393210316377969,-1.3081232899709925,0.75506644338332429
936,157,595,2.1387291935679076,-0.84821933645119429,-1.1277531082161873,1.3030853499484181,3.1112734114231313,0.33335894362054752,-0.17737505520286367,3.1772394001755746
934,595,245,1.855999753229669,-0.95233730583391285,-1.1353262874778718,1.5703200420884453,3.1763966380567554,0.28283943789501498,-0.058085868094252646,3.207152328343418
337,935,937,1.4653470510051205,-0.88887391534013105,-0.95707066484053271,1.7869058709812009,2.8617499661140142,-0.019464451760377255,-0.14006369386459117,2.8895393606662152
935,594,937,1.3650179960078823,-1.0454138498361751,-0.90775037633835787,1.8638586014905125,1.3755841419031409,-0.99176766727820276,-0.85436864954371816,1.8470896844199873
935,245,594,1.5859456630102349,-1.0002392196716343,-1.0846085947858271,1.827695160676015,3.0660755771503347,0.10183704350197553,-0.049571516839344021,3.0600151037055539
937,594,154,1.3132051654039723,-0.94480829739376038,-1.0265266969393787,2.0944879111009609,2.766132377068756,-0.062117649763398841,-0.1972495046396463,2.8689251967154106
31,938,940,1.7167762154036188,-0.068377503033807296,-0.075981809174027859,0.89682994016380846,2.3409542716687044,-0.049660273482174846,-0.061446207360798644,1.7098807113358581
938,939,940,1.7488631028492891,-0.087615080294036529,-0.15076730598741417,0.94166731416364158,2.6586138704678048,0.019083166561838505,-0.099343903744262829,2.3868398939544249
938,338,939,1.7561776293527507,-0.16639097807439573,-0.14653157315327547,0.89604937066323842,2.3801910750178994,-0.12893833176733061,-0.09796346708260012,1.7565075201809901
940,939,340,1.6741568390818753,-0.16972593576113693,-0.15033510833037766,0.94214234955640208,2.373639233556001,-0.12523590147915084,-0.093763481062170695,1.8727637781489941
338,941,939,1.7636584308071701,-0.17087587887144462,-0.23474035632865009,0.94893242662728738,2.6459561183440479,-0.012800374722769903,-0.13060977327355694,2.3579006444839976
941,942,939,1.6863702471288491,-0.25582043849396696,-0.22322555325686366,0.96158791715018666,2.3965387967798,-0.18112751355001649,-0.12788235042337692,1.9290160681614632
941,339,942,1.6749365810493675,-0.24896547295201987,-0.30440940930883587,1.0102610664209504,2.5660116269205728,-0.065211149788209077,-0.16545634936966291,2.2889498309741945
939,942,340,1.6786272660326791,-0.17240614545875443,-0.22560975648929471,0.98727267920959783,2.5929780149472261,-0.029101513800554424,-0.12718051893693977,2.3215157451176047
338,943,941,1.7728213325663658,-0.26955838579957847,-0.23182064219265008,0.91748772515323651,2.4043852477554131,-0.20013482120415749,-0.14084034993741512,1.8226945369597656
943,944,941,1.7640948001527506,-0.26432642486833968,-0.32633428375271034,0.97415303694877231,2.6204230001984481,-0.055787124547671763,-0.16769822823811376,2.321536666550124
943,175,944,1.7756062621968765,-0.38833949252555744,-0.32496251497618545,0.95937496154523316,2.4074738856638298,-0.28088559358110821,-0.18157291877635962,1.8782827309087553
941,944,339,1.6844845344121786,-0.35182425814508456,-0.30339770448171066,0.99936210980292906,2.4053001908273695,-0.24006708200624649,-0.16082976698550988,1.9861087765189864
340,942,946,1.6153880982920494,-0.24190995573045759,-0.21304000574627402,1.0010876233655477,2.3917319699449875,-0.16424099874422327,-0.11563040458400858,2.0138329688662231
942,945,946,1.6019139687925201,-0.23383147799684956,-0.28224517614114086,1.0425799088675536,2.5203785148028004,-0.071296077502854494,-0.15900933329520966,2.270768966663999
942,339,945,1.6099509033159425,-0.32038849160491845,-0.28157459784820382,1.0353578450000445,2.4038235121137572,-0.20807150475447916,-0.14243932159382411,2.0692496965210516
946,945,141,1.5461846496900238,-0.29508500983796671,-0.2588322690876339,1.0683136388106309,2.3959829908973624,-0.18779879313413594,-0.12509616998886608,2.1260447925138761
149,947,898,1.2517613226762401,-0.038446022007345704,-0.039270785017121668,1.2627357585771666,2.3752267444769117,-0.017521077870966448,-0.019080936981590885,2.3803953364613673
947,948,898,1.249910781335704,-0.042837041980713808,-0.042058704522425217,1.2561204995911783,2.3253056644153993,-0.022705671805031108,-0.021260259657750913,2.3285215622485529
947,341,948,1.2581766153913923,-0.04062163199353952,-0.043237751460148743,1.2558044912678081,2.3741751978379164,-0.017438502214789903,-0.022378597161196806,2.3730488945183472
898,948,327,1.2508837716556935,-0.044222461230639443,-0.047634835447340151,1.2640602282449684,2.3740366559237231,-0.01843168038500774,-0.024882481950004393,2.3802498496530013
341,949,948,1.256177633206863,-0.04536469324005088,-0.045721170262272182,1.2499119887881172,2.3274100102657753,-0.023301568138334894,-0.02396322738770798,2.3241587439231846
949,950,948,1.2573073639627605,-0.046973327065402692,-0.051085550011788605,1.2575503775564663,2.375233208953754,-0.019317755930270117,-0.027085769837927112,2.3753482081041994
949,342,950,1.2552118972679089,-0.051945056595904759,-0.053728210257911968,1.2512803700125499,2.3253182056543888,-0.025833143096083783,-0.029140215870105068,2.3232729460960448
948,950,327,1.2487587018493747,-0.049264890578175402,-0.050288261399096257,1.2577640995950432,2.3237399583757954,-0.024864363528700015,-0.026763757648417971,2.3284101446715306
341,951,949,1.2643148586601427,-0.043183663675250283,-0.046333309667952349,1.2497479163841714,2.375960830272247,-0.018324404949705456,-0.024268982189723343,2.369029682037159
951,952,949,1.2624233913835425,-0.047671620200384179,-0.048883614576006096,1.2436967106907,2.3290334564533808,-0.023998612879105818,-0.026246605729716502,2.3192885040703377
951,186,952,1.2705262142468285,-0.045499900495550527,-0.048905825445142881,1.2436907577304819,2.3779024553238606,-0.01928891790287561,-0.025714116994207684,2.3651100428504583
949,952,342,1.263806874945721,-0.049641429489592159,-0.054133633687799332,1.2511717083687834,2.3772299563556465,-0.02036263161932908,-0.028844250996851284,2.3712387563548862
327,950,899,1.2497395281745995,-0.050661394923687819,-0.05610754125455486,1.2660496129391543,2.374168654714178,-0.019979725449642827,-0.030275480978911154,2.3818456692658785
950,953,899,1.2475647751215968,-0.055821514411623196,-0.058838894842850209,1.2595688261390379,2.3220761905271283,-0.026975572461132247,-0.032572396453608432,2.3283103986682407
950,342,953,1.2562915521685065,-0.05348246667919776,-0.059436365572693717,1.2594086853965472,2.3752803870674462,-0.021053707159244275,-0.032300328385613544,2.3767532294067641
899,953,172,1.2482271810777137,-0.056764720234392385,-0.065158104649702508,1.2685668060486108,2.3743050382237336,-0.020695795588887067,-0.0365640335709283,2.3838573386409481
128,471,955,1.164832123623456,-0.14593876654524607,-0.140035009999254,1.3778822308519754,2.3319612202871403,-0.072104002042578136,-0.061044840018006308,2.4311569417310137
471,954,955,1.1517870045242302,-0.13984067299517733,-0.14885205837608861,1.3820038632746829,2.2550313825285078,-0.06762307364054998,-0.084093320782289288,2.3760170117096346
471,207,954,1.1491664878354868,-0.14970314334316281,-0.14444214735944705,1.3986008255553157,2.3246962909625672,-0.073208083062753337,-0.063368195190985854,2.4405125715261176
955,954,344,1.1536614166834411,-0.13890727932309499,-0.13373647816865564,1.3895309094721551,2.3256071553626367,-0.068422407417069731,-0.058741914075020496,2.4356195183343718
207,956,954,1.135756868999525,-0.14343466012653128,-0.15225833854969428,1.4022545955761814,2.2399679006820357,-0.070265928922283949,-0.086331597202591814,2.3811037574207474
956,957,954,1.1386515197968521,-0.14199322222087041,-0.13693130701745737,1.4098869373606258,2.3208441183234432,-0.069348231434003788,-0.059879299016875831,2.4465092338236656
956,343,957,1.1254581222954914,-0.13582581419687401,-0.14328602680286018,1.412857525474168,2.2333065591351118,-0.067241977235516198,-0.080817608252838236,2.3857624218166089
954,957,344,1.1410392400313198,-0.13300689516832698,-0.14138946666616103,1.3931083884848352,2.2478674022958147,-0.064599888648222387,-0.079910211227363165,2.380618935789335
207,470,956,1.1332542722994932,-0.15285333158665093,-0.14737100880293674,1.4206483516301835,2.3209030648699001,-0.074172691133113366,-0.063924603225404664,2.4530986913761446
470,958,956,1.1191399615705813,-0.14625543189980661,-0.15355946221104499,1.423541216580352,2.2243222020287114,-0.073369515940473806,-0.086615156867944521,2.3867542097167762
470,152,958,1.1163966112982724,-0.15658019374199839,-0.14813496066503617,1.4439566506357409,2.3137848729440749,-0.077652155746544937,-0.061893488966817678,2.4637924331543006
956,958,343,1.1232277809285769,-0.14421983652521142,-0.13844785142437921,1.4310662861409318,2.315901352872527,-0.070433942749521167,-0.0596472512605421,2.4575659365069935
344,957,960,1.1432271889668373,-0.13191737081733468,-0.12658664117183172,1.4004796934443489,2.3194677510548525,-0.065386716821757118,-0.055413183629829388,2.4396828173227876
957,959,960,1.131131180838264,-0.12626295029504053,-0.13291770133222114,1.4034392215893607,2.2415235029990042,-0.062275533044698878,-0.074423285591787181,2.3851460583177735
957,343,959,1.1290678886826981,-0.13402827298537456,-0.12845254704070186,1.4202440952192132,2.3179607828617281,-0.065835247154241994,-0.055401642691976394,2.4524517436648838
960,959,178,1.1334609440888519,-0.12510280722572364,-0.11779800727282996,1.4109683163455609,2.3150520195744302,-0.063549982487750151,-0.04988536139481814,2.444648720461883
50,51,693,1.1975601382739143,-0.0029450471666203626,0,1.3130305315610222,2.3163766029509754,-0.0034885355231621539,0.0020137439338226517,2.374200724332697
51,961,693,1.2013716250854296,-0.0014523928179945855,-0.0048354653091582378,1.3111368667844481,2.3313621908620417,0.0016382253155695853,-0.0047123539167072074,2.3850263261039935
51,52,961,1.2032896543557872,-0.003245761585171536,0,1.3066156779818421,2.3189711621689475,-0.0038457434311309989,0.0022189265597823285,2.3707594756582004
693,961,274,1.2013716250854296,-0.0078592173098233076,-0.0048354653091582378,1.3088825071829291,2.3185992672602969,-0.0060027760751853645,-0.00035216252249298946,2.3724190495122981
52,962,961,1.2073194717604476,-0.0016676046163324187,-0.0050143354661997819,1.3046519640798344,2.3347319052043849,0.0015097009464815018,-0.0047748510815108633,2.3822937205625005
962,963,961,1.2073194717604476,-0.0083569960646796559,-0.0050143354661997819,1.302254071751948,2.3211542416274047,-0.0064740340483944205,-0.00022727549780914534,2.3687326102976352
962,345,963,1.2113143178834864,-0.0067925345480785992,-0.010115079290152096,1.3002565186115209,2.3361945930505779,-0.0010162481796850802,-0.007254888304075972,2.379704758850806
961,963,274,1.205188445778802,-0.0063644741065473909,-0.0099579945962293692,1.3068764224200979,2.3327079975181748,-0.0006221936136850785,-0.0073672948864563752,2.3824820197431382
52,53,962,1.2093832349636582,-0.0035972354768647463,0,1.2999635306173154,2.3222336254437677,-0.0042630070903767175,0.0024600781499332595,2.3676323316219463
53,964,962,1.2134631127143392,-0.0019994738768458475,-0.0050930571207352671,1.2979689877433671,2.3378405137223037,0.0011720700445798761,-0.0046383087116313882,2.3791399499487422
53,54,964,1.2158070154552973,-0.0041910368701225664,0,1.2932069490659934,2.3266098572082363,-0.00496704316219775,0.0028703385594718188,2.3653317301197201
962,964,345,1.2134631127143392,-0.0088016704858251416,-0.0050930571207352671,1.2955608980358093,2.3242001491731759,-0.006949004062533945,-1.7316971667489384e-05,2.3653610517069024
274,963,697,1.205188445778802,-0.013056987806267628,-0.0099579945962293692,1.3046842443286586,2.3200935665569884,-0.0086615551030240837,-0.0028706605619251632,2.3699483518688731
963,965,697,1.2091239130834852,-0.011515947289270301,-0.015188034906524095,1.3026362781280216,2.3344640629805582,-0.003092298680701256,-0.0099850243754713575,2.3802584092495107
963,345,965,1.2113143178834864,-0.013564081782598159,-0.010115079290152096,1.2978928191194363,2.3226137866472025,-0.0091629410874538367,-0.002718184144738206,2.3660549378112776
697,965,162,1.2091239130834852,-0.018499145279234241,-0.015188034906524095,1.3001526562115053,2.3200048776847404,-0.011564755632813197,-0.0053816161029237031,2.3657969835000112
85,86,967,1.1026861076720369,0,-0.0051336710190934554,1.4287780847413671,2.2607204808528825,0.0034631444032062145,-0.0060377385195187908,2.4242592978937312
86,966,967,1.107716944376075,-0.0052359546223854636,-0.0015163061326490812,1.4250132321905316,2.2803304758932454,-0.0051092397657816653,0.0018159699831589837,2.4350849077357335
86,87,966,1.1100878801297203,0,-0.0043806018032910288,1.4186877456675351,2.264050497601771,0.002955610831473424,-0.0051570825404324856,2.4191373792397406
967,966,346,1.1054023669455759,-0.0052359546223854636,-0.010146699980076335,1.4250132321905316,2.261371280887825,0.00068062102552183049,-0.0084082021275001841,2.421929971574321
87,968,966,1.1149972459314581,-0.0051095310929012427,-0.0012045739891020091,1.4153822244405845,2.2846546696812151,-0.0051785976590303148,0.0020989924354839051,2.4311627079348463
968,969,966,1.1126801390853451,-0.0051095310929012427,-0.0095166542052851355,1.4153822244405845,2.2659757601635442,0.0004097295480073905,-0.0077557716536974953,2.4180087215383415
968,277,969,1.1174875150072494,-0.010112678408452425,-0.0062327771086003736,1.4119646175906553,2.284891903435363,-0.0076096248822254704,-0.00037931049334702371,2.4288192806608127
966,969,346,1.1103102484981693,-0.010343700472470019,-0.0067544571732622849,1.421482846639595,2.2810244088609997,-0.0075170474038943925,-0.00083411116705009447,2.4330087199110531
87,88,968,1.1173109348050652,0,-0.0039926432196590866,1.4092250757482088,2.268575524379961,0.0026978209482829306,-0.0047039508804396111,2.4152497107641495
88,701,968,1.1220234767572199,-0.0049046823161180697,-0.0010612163812506736,1.4061741283993463,2.2884956084040549,-0.0050400865017161765,0.0021288336167265415,2.4271560929895002
88,89,701,1.1242444063683816,0,-0.0036943122020129948,1.4003592216846847,2.273345004978875,0.002500843246689686,-0.0043552516348340951,2.4119444523494837
968,701,277,1.1198455550365711,-0.0049046823161180697,-0.0088545542874562955,1.4061741283993463,2.2712014708377501,0.00021342624688414254,-0.007113955071006246,2.4148009037558755
346,969,970,1.108078337324482,-0.010343700472470019,-0.015232840921344248,1.421482846639595,2.2625667608853428,-0.0019034158363334663,-0.010954116911207883,2.420117724469526
969,706,970,1.1129902519295762,-0.015455884288863686,-0.011809266572311738,1.4179196858787773,2.2818036553917462,-0.010062500361722144,-0.0032722292283681766,2.4309373083275143
969,277,706,1.1154097530090539,-0.010112678408452425,-0.014505830109996509,1.4119646175906553,2.2679499126678708,-0.0021072005534269536,-0.010250378256913613,2.4168094631118269
970,706,161,1.1106108712888769,-0.015455884288863686,-0.020557850905477792,1.4179196858787773,2.2619732597619735,-0.004363355697068444,-0.01380439964657933,2.4170005383346478
1,11,788,4.5515436778244522,-0.21990350733221575,-0.6880151612820522,0.5172171702277879,3.5061500583960541,0.85819561136596212,-0.10038593490231751,6.8734689286388413
11,971,788,4.1256286563253521,-0.25803136973553764,-1.4224129991959238,0.45147396254584038,2.1397873814864643,-3.2381740382467532,-1.6230244885890042,-8.488827117739552
11,10,971,4.8510645589507373,-1.1574384754916807,-1.8170857477811353,0.94079558729751867,4.5673199207758781,3.3023689975317838,1.5373914783561964,10.929603028450758
788,971,299,3.9982974252598833,-0.89817357715878643,-1.3445158539276196,0.84309234325858284,3.7191803449342982,1.3322932543032042,0.41933378543331612,6.1835173418185674
10,972,971,2.9546717684830419,-1.2752122339232876,-1.3498380605697609,0.96981358215489522,-0.87019284070833813,-6.4051782611056804,-6.1909766179858208,-10.39442221660695
972,973,971,3.0454753000142327,-1.0559828445011441,-1.2799527666484316,1.1385395122768662,4.0657305732666771,1.3785696361495723,0.8460783459803416,5.8818169550970065
972,246,973,2.5747069186039884,-1.085221863146832,-1.4628871541520887,1.1271776150501829,-0.038716285022912578,-4.2410230233717758,-3.7689051486425327,-4.5889948129967824
971,973,299,2.973857398037786,-0.96180066478860304,-1.0683330070125603,0.8602458219743383,1.7637826187440186,-1.8562912883720668,-1.8471725742143563,-2.0919655027826201
10,9,972,3.1995874391489814,-1.5972941621555945,-1.8870898478452887,1.676338775587606,5.6819756137030675,3.2304604498373237,2.4085407433328392,8.1471462167891708
9,591,972,2.7374671171707652,-1.6151950293664488,-1.9815151812888931,1.6726810802322536,-2.1555570750266329,-6.5223329415003306,-5.8597590088764644,-5.8212064725764296
9,8,591,3.0412622525220225,-2.0435021661492119,-2.5713775231767304,2.5043015420208921,6.3362813689416022,3.6572880826193543,2.384090536041727,7.0392212447060363
972,591,246,2.8498239347292689,-1.4470474905438406,-1.9329397364575946,1.7453766377701196,4.7272420599503073,2.2212303721969322,1.1065428258108332,5.8146278595390744
299,973,792,2.9890843453440872,-0.92503783955006202,-1.0172053602982452,0.98368466386474651,3.5498546418422534,0.62371353281693143,0.43367270843282579,4.6416242160997498
973,596,792,2.4333350267660405,-0.91967889628361377,-1.040267719654377,0.98390704807872353,1.3416657323113164,-1.9753424997972167,-1.9671473033712912,-1.5739009366650798
973,246,596,2.5768524004399378,-1.0800426764403781,-1.3697346215426931,1.3520475489173229,3.7951474415790405,1.0293931132036485,0.4164339589882271,4.5180115214859411
792,596,157,2.4662185566097516,-0.84028776173497111,-0.97855827127165629,1.1328929733355331,3.6873094606895283,0.74458941445667381,0.42824152245813463,4.5470663970471463
130,884,975,1.0500929230518521,-0.10370959719252326,-0.095448575492823373,1.5174572393196142,2.2387723276070304,-0.0562727319116679,-0.041130915344154417,2.467349384666226
884,974,975,1.0538623585020286,-0.10232744998558818,-0.11436111081506017,1.510522538296823,2.2223022394125134,-0.043566539388737613,-0.065501965825638692,2.4521585964675996
884,325,974,1.0606304637140553,-0.12093956392462246,-0.11220070278551475,1.5045814722020969,2.2382270492517264,-0.065569308118006708,-0.049572518450848646,2.4574827391662986
975,974,348,1.0464966708661345,-0.11585858703345231,-0.10623215052794466,1.5254558454283371,2.2343808866233945,-0.063204877713621072,-0.045600708250053995,2.4690301755272683
325,976,974,1.0667702850206635,-0.11868826210975669,-0.13243320678316017,1.4971627753549797,2.237506252584768,-0.049832058241025018,-0.074968735439246981,2.4514000491787016
976,977,974,1.0583326173411542,-0.13418833479696701,-0.12458876325347834,1.5115730898541009,2.2359791586021047,-0.072625129876219274,-0.055085138698658859,2.4596599360345399
976,347,977,1.0652386239373577,-0.13165609413276691,-0.14678830743549875,1.5034331340458724,2.2354480448434995,-0.055344611576878422,-0.082965210490085317,2.4531094680305987
974,977,348,1.0510598378030855,-0.11418555217775062,-0.12688343816266601,1.5178842784650035,2.2194166179754005,-0.049108362889328627,-0.072210039307832929,2.454346855861715
325,889,976,1.0736924081845691,-0.13772661246621354,-0.12935679131376432,1.4887015165530872,2.2377044319777681,-0.07439415673822064,-0.059098107041596931,2.4451321664655157
889,978,976,1.0827034288907651,-0.13442282105660386,-0.15111915648355412,1.4807225852594028,2.2555641305724303,-0.054554092469413784,-0.085205240629732254,2.4503757387778902
889,152,978,1.089348123309585,-0.15269624729598075,-0.1470280864657445,1.4694718246527358,2.2356243174535666,-0.081339243276064899,-0.07100678005760469,2.4288363051080029
976,978,347,1.0728360682593117,-0.15254965667671172,-0.14357179314280888,1.4945874696750785,2.2367307575801587,-0.082060112665833018,-0.065681335598609558,2.4471517280660873
348,977,980,1.0428647147139865,-0.12923966747526983,-0.11799385763570136,1.5342140844660275,2.2299565510124655,-0.070900329334620538,-0.05038637796981163,2.4710005080024571
977,979,980,1.0481765914727461,-0.12729212641674881,-0.14025137732154058,1.5260536102273319,2.2161874489325686,-0.055551642270652235,-0.079075773416915129,2.4566543156382608
977,347,979,1.0559610332601235,-0.14869994652861074,-0.13793808329566826,1.5196918718105792,2.2349514407629671,-0.080324388618267323,-0.060694515179879505,2.4630956774152724
980,979,168,1.0389487915766376,-0.1442440569379464,-0.13042104690802825,1.5441124194826719,2.2246028865943361,-0.08007939386516541,-0.054940975356376209,2.4729321377518305
145,981,881,1.1343246619373684,-0.02995820403607663,-0.031961507381327081,1.3854775482525019,2.2620631340342849,-0.01414338381254529,-0.017843320549506228,2.3918045837332915
981,982,881,1.1407458147895801,-0.032495839759754119,-0.033697668492559618,1.3861636780736326,2.3137736734250272,-0.014600559527506635,-0.016856948296950371,2.4304049648968724
981,349,982,1.1404986571611202,-0.031272809705054527,-0.032174979966267614,1.3786288354583425,2.2702908087469247,-0.01542893008479413,-0.017098760749932662,2.3923726788671607
881,982,323,1.1356783803818509,-0.035996782154644968,-0.036674372000314648,1.3841071605800002,2.2625233140929089,-0.018151952342293831,-0.019403295842127348,2.3909071908179187
349,983,982,1.1461675238320219,-0.033513142384860473,-0.03383947527005926,1.379286642995714,2.3157235483210132,-0.0157277688862952,-0.016340575304887812,2.4267176627471008
983,984,982,1.1418074431329375,-0.036525190643084571,-0.036942700146745722,1.377142860866484,2.2697765282569513,-0.018483611322357693,-0.019256067602628171,2.3906658447931877
983,350,984,1.1478518447139636,-0.038913844201054815,-0.038433582514024511,1.3777320344055646,2.3174238868691703,-0.018834941104300562,-0.017932804908595043,2.4266993571328666
982,984,323,1.1422234014753045,-0.038583025370209967,-0.03849591299029953,1.3848269364156991,2.3150894184032804,-0.018376513662143212,-0.018212932385895372,2.430253549378298
349,985,983,1.1458254453947259,-0.031820475165493356,-0.032463997247630161,1.3724805239724667,2.2756949639829718,-0.015819214278033435,-0.017011846004864432,2.3914511686911499
985,986,983,1.1512161015041034,-0.033950655432644083,-0.033716167413937903,1.3729753335327981,2.3178232645931822,-0.016348852388890625,-0.015908397570672729,2.4235374488487196
985,184,986,1.1508224099962323,-0.032002597217738682,-0.032454110951615434,1.3667304453146158,2.2806020576069286,-0.015985154260837048,-0.016822898646118536,2.3904978690273793
983,986,350,1.1473838080448813,-0.036598275028979721,-0.037011903488767928,1.3706984057586293,2.2754189823040574,-0.018448593878096858,-0.019214898443430301,2.3896804581711324
323,984,882,1.1371732116141748,-0.042072054011626392,-0.041782191942161262,1.382556542291514,2.2625722649709079,-0.021960207558916922,-0.021425043723271697,2.3895308624850253
984,987,882,1.1440436092370565,-0.044786971295679656,-0.043253066008829499,1.383137775233978,2.3166083732330742,-0.022311885953140889,-0.019430888447982922,2.4299710447789118
984,350,987,1.1434686674615602,-0.041942053316865291,-0.041703980081203795,1.3754726122661047,2.2705100432804848,-0.021708482490084849,-0.021268029984837927,2.3897113971650543
882,987,171,1.1388193567501643,-0.048396254720262988,-0.046206781777717865,1.3810971392975784,2.263997234037344,-0.026470054543684493,-0.0224270243946013,2.389222346219305
31,940,989,1.7148071567144629,-0.047164990704583909,-0.081356606415476929,0.95473220248804225,2.6630379067569705,0.011818458431599066,-0.053259230144277026,2.4179577539387891
940,988,989,1.6444490556631912,-0.099287442791549829,-0.10426991920336981,0.93775763907465404,2.3133929504263882,-0.073266996319757249,-0.081160097507941537,1.7772674051392019
940,340,988,1.669954217549777,-0.12446471615990617,-0.15453524066267832,0.98737676107657535,2.6432138678423369,-0.017602212745480461,-0.074863846744322449,2.4169943070386615
989,988,351,1.6432146822207865,-0.085989671976821169,-0.10941045839927321,0.99313610862282431,2.6221788048199901,-0.011955838202193952,-0.056521716278033041,2.3943601700304367
340,990,988,1.6016072965564989,-0.1750998532666268,-0.16437878333051614,0.98008412630447062,2.3197865952486563,-0.12954009816842871,-0.11211044119445129,1.8773687429106878
990,991,988,1.5985977274119698,-0.14268743242433279,-0.16865845194107543,1.0261752487905955,2.5901652646392148,-0.033299358433064086,-0.082450858907733515,2.3773536308955068
990,285,991,1.5422268891102029,-0.18445003247637493,-0.17071979472030563,1.0246480933206286,2.3299966777192167,-0.12893360040686441,-0.10583728238738016,1.987871808154182
988,991,351,1.5849152421040877,-0.12918078628506557,-0.12413699810968915,0.9822259582213011,2.3245953494290355,-0.093007533854700564,-0.084703751797213622,1.9017877374670729
340,946,990,1.6099510118062241,-0.18333634004727983,-0.21580240408905271,1.0308468812540621,2.5960533462299278,-0.042385088270568805,-0.10361283661983606,2.3842272516746998
946,731,990,1.5466581620003026,-0.23022538659661862,-0.21146189420004546,1.034062447796849,2.3247678430596981,-0.16191733896509747,-0.13058029200199944,1.9853126706626902
946,141,731,1.5395067538185514,-0.22316607136988775,-0.26011098796343957,1.0820850581195174,2.5322260032969832,-0.064964765683861669,-0.13368609042262702,2.3442029848287689
990,731,285,1.5424273755561602,-0.18464795365506426,-0.21461003469960005,1.0679767482238329,2.5432477791764123,-0.052475698480615174,-0.10866039471870492,2.351764771361462
351,991,992,1.5830001660720652,-0.10855587962230384,-0.12831534730813154,1.0272257706471457,2.5791540599832046,-0.026453931521395274,-0.063897644040038365,2.3671608477468697
991,730,992,1.5345263328781436,-0.14446794638686145,-0.13553917995925246,1.0218739603328029,2.3362746783205495,-0.099146502983669837,-0.083997783100693751,2.0009640953205441
991,285,730,1.5389179825610209,-0.14880315719831216,-0.17398515563822592,1.0598258511837724,2.5413960905372561,-0.042062952420852007,-0.089424452877370608,2.3462385251966227
992,730,183,1.5321106457651092,-0.11845150895982481,-0.13856508221035035,1.0544622852657852,2.523783209787827,-0.036076943055378813,-0.073740542585681301,2.3196946654187998
131,874,994,1.2691243951764752,-0.069722487451401527,-0.076150333382614122,1.2369361739700739,2.3154372216321573,-0.03318950803716475,-0.045023066181342317,2.2981788754531114
874,993,994,1.2708213680097789,-0.065696385115814548,-0.072017988585592718,1.2467402454980565,2.3834821903315215,-0.026442961530944914,-0.03838435650010795,2.3721463032657528
874,322,993,1.2603934044944776,-0.06792225497920068,-0.072903984021790436,1.2465511279836328,2.3186879573683048,-0.032620234599560802,-0.041820956160586981,2.3113708866746023
994,993,352,1.2692042139248867,-0.062626247650902744,-0.066883921699899318,1.2369933133779938,2.3221942572766121,-0.030384716530235625,-0.038245875337344235,2.3051249168518217
322,995,993,1.2624887537588361,-0.062950347424670317,-0.069553629713887233,1.2545009491314243,2.3789321715861589,-0.024999680552204626,-0.037471981603794224,2.3751661606117866
995,996,993,1.2613471474906017,-0.060783120936474866,-0.064650893628900974,1.2451935900149991,2.3223498236209483,-0.029402625244796046,-0.036556623620812634,2.3138555047450837
995,342,996,1.2632261153566873,-0.056324649651036784,-0.061471268870707974,1.252738298968652,2.3783862574334886,-0.022973877071527357,-0.03269412126616307,2.3734299248832444
993,996,352,1.2708346549767877,-0.058757993311011836,-0.063306622782778987,1.245480527340797,2.3818559930279055,-0.024548812741427395,-0.033138300321354119,2.3698737620231256
322,877,995,1.25272372590962,-0.065034712331856426,-0.070093194580474361,1.2543857779214278,2.317929973500509,-0.030830634088834824,-0.04018596290948255,2.3188034664791974
877,953,995,1.2550123526930346,-0.059604400301987548,-0.067068586570503186,1.2615623806690763,2.3751422544904712,-0.022834463613463418,-0.03693302216431292,2.3782327216339998
877,172,953,1.2462411443828265,-0.061476632422337474,-0.068213417676169286,1.2613180141584905,2.3187124355117512,-0.027584026290500163,-0.040064017218419554,2.3265767299721802
995,953,342,1.2542896861635149,-0.058232554353208066,-0.062324267116556697,1.2525561860319279,2.3222988120267254,-0.027700456536699072,-0.0352799627696843,2.3213932094749659
352,996,997,1.2691997799394119,-0.055654212941788295,-0.058850412427501553,1.2370204934509683,2.3271762545130055,-0.027118388056138643,-0.033032556857242004,2.3102720073467817
996,952,997,1.2706947553883277,-0.052107353482163221,-0.055657197179211693,1.2445964611487872,2.3804094541843437,-0.022197979292252715,-0.02889948349434536,2.3680347297456086
996,342,952,1.2619839780351754,-0.053966686492737281,-0.057028127145663632,1.2443038333799379,2.32578172560663,-0.02619504453012253,-0.031865651089256181,2.3165333520683982
997,952,186,1.2690541568632638,-0.048992707176202188,-0.051694642883370889,1.2370736242626439,2.3305570718515018,-0.023783492977541079,-0.028790784254648427,2.3138583168839388
151,802,999,1.3469895494197639,-0.067846236349202282,-0.083204399804584828,1.1797512237392205,2.4284202857094943,-0.020141601192166569,-0.049196077358948237,2.3516518750444892
802,998,999,1.328639446530534,-0.079137892175654367,-0.07766763026138257,1.183158250743352,2.3474183230969166,-0.043217606366953848,-0.040514991637566944,2.2697328035135329
802,302,998,1.3344654249046199,-0.082148374915610223,-0.094346627107347647,1.1917768601683214,2.4190245885073169,-0.029311878929223878,-0.052354155439068573,2.3530011368619204
999,998,354,1.3320834110594886,-0.065362034059835317,-0.075810852510388216,1.1905853617473365,2.4135577921412703,-0.023173476715042635,-0.042892969267814982,2.3473391756726545
302,1000,998,1.317540836882007,-0.092562310438185191,-0.088022341336639442,1.1956682815816198,2.3467438294494283,-0.051894368977188604,-0.043532188096967794,2.2823425736403395
1000,1001,998,1.3215584416244055,-0.076494429116863882,-0.086652268372791497,1.2011477080549007,2.4073394779211061,-0.028695190383246222,-0.047854315311806783,2.3508419681525816
1000,353,1001,1.3070155399903269,-0.085442596363595191,-0.080626796325486083,1.2048551478063638,2.3462573075754971,-0.047963300741549003,-0.039069381143845672,2.2927176831434353
998,1001,354,1.3174457452448183,-0.074369257914633113,-0.071429346402425153,1.1932815024322831,2.3474178994864445,-0.041246693470939622,-0.035826177708228379,2.2817815051178201
302,801,1000,1.3208602363435054,-0.094277630415162239,-0.10580583562683366,1.2048580110402884,2.4073564317364182,-0.03595307576487386,-0.0576812216566297,2.3530701527126543
801,1002,1000,1.3048258855269768,-0.10414429829783045,-0.097559615159568125,1.2099322868602904,2.3454395811477755,-0.058796919714220963,-0.046644135053818564,2.2958337953073151
801,165,1002,1.3061500794153698,-0.10482855467322194,-0.11600009863264793,1.2194611168091107,2.3962520536045071,-0.04160319192277398,-0.062620913486512553,2.3553376186286163
1000,1002,353,1.3092169278658636,-0.08658012894228273,-0.096746499163432809,1.213184750844837,2.3976832189231199,-0.033779478513894928,-0.052923826521242029,2.3522653370612385
354,1001,1004,1.320641941089161,-0.061584474537262235,-0.069910278439322848,1.199357774284687,2.4040634051919252,-0.023233657639612063,-0.03892975038403465,2.346726994596005
1001,1003,1004,1.3078704708708628,-0.069443343066410534,-0.065502209102220377,1.2020702605368996,2.347549899214981,-0.038994790867278875,-0.031709540917683673,2.2921161849935334
1001,353,1003,1.3106560605548103,-0.070882813575445791,-0.079512824442259156,1.209310331718827,2.3980228712772931,-0.027513889249797002,-0.043774168180954268,2.3499846420251225
1004,1003,190,1.3108821032994085,-0.057398335147290869,-0.06430288551189145,1.2068669488731487,2.3955342448496202,-0.022533035310226601,-0.03553572152868481,2.3459042520095723
129,815,1006,1.1635145306339165,-0.04781645068320195,-0.045970304631214987,1.3600829596641946,2.3293099003474009,-0.023881164377587735,-0.020405232786186472,2.4221301230825816
815,1005,1006,1.156614809383304,-0.045089945827640143,-0.046077391723504224,1.3601252763704039,2.2800723388305388,-0.022429042185280926,-0.024259111376977532,2.3842930848722927
815,307,1005,1.1573800886655006,-0.048720748210155485,-0.047594019554335176,1.3673207879563893,2.3245455345272221,-0.023859926362815226,-0.021740761232575623,2.4239429630226188
1006,1005,355,1.160538287087773,-0.042781611290164889,-0.041646887944999378,1.3627319140680498,2.3250161539507785,-0.021105311185450212,-0.018971014456263605,2.4209929593061652
307,1007,1005,1.1508659257826523,-0.046146601214227978,-0.046818409243549297,1.3670142965487546,2.2758344269925828,-0.023216396294773595,-0.024460426201210958,2.3866854606779078
1007,1008,1005,1.1550937320370984,-0.043659103063871552,-0.042779758304284599,1.3693905021118145,2.3220415663200193,-0.02134196818796337,-0.019688878315266375,2.4237640756162007
1007,350,1008,1.1490384557263151,-0.041266290417758533,-0.041753966247638274,1.3689851484864057,2.2759290106013865,-0.020799652216280384,-0.021703037264892464,2.3885319627034303
1005,1008,355,1.1543971627293983,-0.040354966519887903,-0.041351396905340287,1.3626151517710827,2.2801726171240038,-0.019952737638100043,-0.021800201246861717,2.3865745252099377
307,820,1007,1.1516308259557304,-0.0497748612975073,-0.048424749927050925,1.3746338814138541,2.3226935671391105,-0.024461050585918437,-0.021922124126434198,2.4280258546473505
820,987,1007,1.1450149645535006,-0.047160526952433557,-0.046803519023312923,1.373993233223807,2.2710684375774548,-0.02447727995449249,-0.023816863711472694,2.3887550408810418
820,171,987,1.1458620450616701,-0.051179254667663265,-0.048491178767809728,1.3819998452561659,2.3206236977794079,-0.026018722091893473,-0.020964947888631,2.4319367531344636
1007,987,350,1.1496999175282374,-0.044404404033064004,-0.043250205417260545,1.3760836211363801,2.319404579961208,-0.021876297591865407,-0.019707439888106748,2.4268020181520633
355,1008,1009,1.1580487733258717,-0.038206581976337972,-0.037338315846108472,1.3649762034472941,2.3215427298319566,-0.018819535043446078,-0.017187735989750777,2.4201713900771109
1008,986,1009,1.1525206544044182,-0.036022081685091578,-0.036760813431282013,1.3647479966718432,2.2803467556208026,-0.017874596198923814,-0.019244766440298849,2.3885829513229266
1008,350,986,1.1531200197329996,-0.038865136731400796,-0.038106451609994707,1.3711309541638075,2.3195544411208329,-0.01903256698961972,-0.017607052424641847,2.4233308843230121
1009,986,184,1.1559251373638508,-0.034018999104001857,-0.033014816403564851,1.3669520145754275,2.3188674082068959,-0.016965605233023789,-0.015079490763533439,2.4197474862226742
108,109,737,0.76958920233330552,-0.061695584984629903,0,2.0895735445873722,1.8088466865114374,-0.065552034433242243,0.029264208833149036,2.5852290097927932
109,1010,737,0.79783328359201278,-0.046769314337679724,-0.073495318114688679,2.0507331589003579,2.079721616326168,-0.005288683173436004,-0.049687192197060359,2.6524524848459885
109,110,1010,0.80136053957609654,-0.049178903024845511,0,2.0005260041353248,1.888115627457071,-0.053134659405005287,0.025131108472218895,2.5709468639866353
737,1010,287,0.79783328359201278,-0.12645942936208954,-0.073495318114688679,2.0088984350188142,1.7868450698270222,-0.10298057103304731,-0.0213353219488506,2.5397886616082825
110,1011,1010,0.82481816902988925,-0.036782149072891457,-0.060216635867524237,1.9687030605538116,2.08418349290194,-0.0031008733987886034,-0.042588748421848413,2.6229909442754065
1011,1012,1010,0.82481816902988925,-0.10333803557709231,-0.060216635867524237,1.9370385598142668,1.8689518499352504,-0.083210080742306347,-0.014477551477982797,2.5332567916601469
1011,356,1012,0.85332593848728955,-0.08827241249789175,-0.10362979855332655,1.9140958197069529,2.1630702364242582,-0.028807530396640052,-0.055397778241779994,2.6285284234516184
1010,1012,287,0.83213146584284203,-0.10833372202238145,-0.12531999366671909,1.9815104266642662,2.1774341783514348,-0.034282985164069274,-0.063477041566335574,2.6583309516036011
110,111,1011,0.82981100904325711,-0.040192739920795972,0,1.9275692956761947,1.9514242706128186,-0.044001423026126717,0.021747712539960815,2.559225459152322
111,1013,1011,0.84917111403604917,-0.029961422278388383,-0.049759416832716008,1.9012727234465503,2.0918045170559081,-0.0023057477505675911,-0.03606486755273719,2.5981938948497882
111,112,1013,0.85529112472125046,-0.034142210000892348,0,1.8672803711984873,2.0042336708209763,-0.037766312551845448,0.019347804163870073,2.5501658885741536
1011,1013,356,0.84917111403605006,-0.085434110418303177,-0.049759416832716008,1.8772951273407064,1.9326229021674659,-0.068258435845380577,-0.0099054903808576678,2.527046401290745
287,1012,741,0.83213146584284203,-0.16299566240246222,-0.12531999366671909,1.9297140741997472,1.818798498087816,-0.12004377412451103,-0.061018716477302726,2.5080813605580068
1012,1014,741,0.86630576373231793,-0.14493535668494939,-0.15969140736626786,1.9115495974527907,2.2268466167353465,-0.048593739121093382,-0.074495410089787883,2.6491935323495674
1012,356,1014,0.85332593848728955,-0.13606836259485,-0.10362979855332655,1.8732518588745146,1.8876034076715287,-0.09872691497915409,-0.046462701379269472,2.5053914306822334
741,1014,155,0.86630576373231882,-0.18220697373366512,-0.15969140736626786,1.8578953968320289,1.8658288016902975,-0.1246154390590638,-0.088660871054194901,2.4843827047936062
137,933,1016,1.5032375489257461,-0.73053928869081264,-0.6797620428160247,1.4275720704176571,2.4030685546792423,-0.34857366481178409,-0.26587690548584741,2.3701020563980104
933,1015,1016,1.4436942383083593,-0.69137235723445212,-0.76190224605198109,1.4816029880236155,2.135677107399613,-0.3972604381000735,-0.5008090217737875,2.1591032997408846
933,337,1015,1.4451971048903767,-0.81303346885043082,-0.76327994690355716,1.5931315954745875,2.4633219915757403,-0.3198634470247117,-0.23833038002512463,2.5157075886445632
1016,1015,358,1.40645623143467,-0.69898639753121916,-0.6575701475718585,1.5029357302611008,2.4209983641364836,-0.30341338023345421,-0.2339417650578457,2.4592155363558472
337,1017,1015,1.3682877502693711,-0.7624442903648454,-0.83006314301435236,1.6370600232261339,1.9201461153001858,-0.51646163282620439,-0.60713296378944492,2.109778557375209
1017,1018,1015,1.3433053779123245,-0.76755333233903844,-0.71616183549223678,1.6603535100387212,2.4643412715159467,-0.29131490311644237,-0.20517176738690157,2.5704331784544081
1017,357,1018,1.2558164114824319,-0.71000405743615769,-0.77187570540892458,1.6970014777376878,1.7433034414050201,-0.54383510581871719,-0.62417781939543349,2.0910441101946722
1015,1018,358,1.3419341359016967,-0.6565429529446476,-0.71468141214108438,1.5405042371886868,2.0397022739903958,-0.40787236623458867,-0.49278417919289752,2.1701283851389856
337,937,1017,1.3700840470669551,-0.90835230346215456,-0.83222219490667548,1.8124335874427899,2.6029597463852983,-0.26781866665638066,-0.14080190445472862,2.7068065636220795
937,1019,1017,1.2490154161351534,-0.82871183788707192,-0.89630849021131964,1.8545903571672175,1.3494409122899145,-0.79043721401805422,-0.86185231144482488,1.9294834286891809
937,154,1019,1.250607681671708,-0.95761003649165755,-0.899592589355521,2.1204470588338471,2.9034076141226519,-0.1046269374816009,-0.0038147840073765593,2.9541973761903941
1017,1019,357,1.2572619660670128,-0.82702560796231928,-0.77413098984128403,1.8795728479006475,2.6015947521842788,-0.22379187469114337,-0.13371052068395972,2.7405428296107477
358,1018,1021,1.3244861922776039,-0.66011128941778208,-0.62360650340621859,1.5591302670308109,2.4165042094598208,-0.2757225972610815,-0.21340790549252464,2.5059098209530672
1018,1020,1021,1.2549036819907109,-0.61434153813427272,-0.67151482310323762,1.5906432415973031,1.9368791762627522,-0.40998572006512868,-0.49255284729732862,2.1725337254556423
1018,357,1020,1.2560847130939035,-0.70994919791351085,-0.67307819676210556,1.7172025646167137,2.4640735914638987,-0.25287838817474251,-0.18993481478957919,2.6117128020557714
1021,1020,188,1.2543668297077488,-0.61445133156456144,-0.59119141331232505,1.6070704469447401,2.4133542934627958,-0.24235641015789944,-0.20206444486320052,2.5433669724322239
136,891,725,1.3744285266978056,-0.15360159335050261,-0.16651815921716295,1.1530755149600829,2.3214318054376371,-0.081059931338121782,-0.10413242649694521,2.1933769577476707
891,1022,725,1.4030532043638186,-0.15623140291265392,-0.15091869418524961,1.1516423591780622,2.4675750962889227,-0.072150781817030718,-0.062116262504310127,2.3576738088976255
891,326,1022,1.39246437256847,-0.13150216315201346,-0.14380819314036675,1.1350364399836153,2.3432313826160289,-0.066986273132604912,-0.0890934027554659,2.1972896577079042
725,1022,284,1.406034331004814,-0.14664776434360327,-0.15885306684394962,1.1261351704570437,2.3383492276576927,-0.077390943068743001,-0.099153434515929062,2.1765996740041325
326,1023,1022,1.4175435498426103,-0.13380612917055323,-0.12561316056929961,1.1333649044187979,2.4660280832977159,-0.065600847048423921,-0.050167454960595464,2.3392106855593706
1023,1024,1022,1.4220335344519723,-0.1193741121799807,-0.1327040251626137,1.110572960304969,2.3628633246391675,-0.058822152235866593,-0.082774322670481654,2.1879107490749283
1023,359,1024,1.4455211921872384,-0.12153197287715356,-0.10963385056562025,1.1084534546649891,2.4716031488050225,-0.063465077154798794,-0.041146934847479111,2.3190661791176015
1022,1024,284,1.4348446302725184,-0.14929462735413779,-0.13856941424307667,1.1242716684750249,2.4780871435619689,-0.073331888491716568,-0.053132467127200655,2.3416463110479349
326,894,1023,1.4059660069626214,-0.10676878159783199,-0.12045836970961243,1.1213267825493567,2.3611279107297194,-0.050855270272407216,-0.075576438083876762,2.2027514878387557
894,1025,1023,1.4275520699361939,-0.10875184328368981,-0.10037568554262766,1.1194818327977707,2.4622446945328567,-0.055543577218686385,-0.03981088047137421,2.3217760027367631
894,160,1025,1.4151567621368359,-0.079804046017230679,-0.096970195837370099,1.1115287083432186,2.3742617801170192,-0.03289440526387763,-0.064024613406170383,2.2077933359271791
1023,1025,359,1.4328108181402395,-0.091848375095703982,-0.10625880259015563,1.1005714233237924,2.3853896942675106,-0.040827514513672669,-0.066936721752276385,2.2046616406044093
284,1024,729,1.4395886754561142,-0.13404599141205553,-0.14638947783342893,1.0991358828493922,2.3623362322114598,-0.068921354460859702,-0.09094943880108064,2.1682507330814098
1024,1026,729,1.4658132172900311,-0.13645517942395324,-0.1190954355919871,1.0966284423083614,2.4825215195371215,-0.073500657251095308,-0.040984521123632767,2.3171289032275348
1024,359,1026,1.4513708788620727,-0.10272678061099239,-0.11574569162547199,1.0888055055320578,2.3936471063376992,-0.047564541641261393,-0.071091152815804359,2.1967323842303075
729,1026,183,1.4724312715024683,-0.11518242315084715,-0.12546375841680213,1.0761584106386088,2.4038873129704235,-0.055815145206502881,-0.074345660543093134,2.18955108485854
136,541,1028,1.3497966135621366,-0.18733691858832779,-0.17258448985950636,1.1952181601478955,2.3972007080175786,-0.10094454296332478,-0.073587823771126104,2.3222428347505071
541,1027,1028,1.3256232162444386,-0.17202684317802186,-0.19717460726313929,1.2107921627115434,2.3440340244296856,-0.074294313247387445,-0.12017534965686294,2.2835490067115853
541,231,1027,1.3325492044427532,-0.21051014893741327,-0.19900667994789689,1.2209718239067699,2.4008738459569581,-0.10714446012194395,-0.085749618507311776,2.3483177249473819
1028,1027,361,1.312179750993931,-0.18559960552388288,-0.17645553665161451,1.2317105060253493,2.3934970865754184,-0.09394502440672714,-0.076874538683230964,2.3555312640625345
231,1029,1027,1.3055033287985911,-0.19338135324930672,-0.21969733327573193,1.2340757062941918,2.316202071613894,-0.08805808460390907,-0.13565976960317844,2.277517833092114
1029,1030,1027,1.2945269695293007,-0.20446234269334096,-0.19684593669364858,1.2571449297129238,2.396146098850902,-0.099353498832043419,-0.085100420975126212,2.3789641364327552
1029,360,1030,1.2681035791402364,-0.18772640461985812,-0.21176002060561583,1.2665911506973728,2.2900093052913775,-0.087878163035941592,-0.13129738212208197,2.2891795215802286
1027,1030,361,1.2884252878617763,-0.17055485955355376,-0.1943030896449538,1.2430141460816593,2.3157284771087729,-0.076252254951034826,-0.11947287737822382,2.2913680328491348
231,545,1029,1.3125406141992577,-0.23248216930106169,-0.22266588770890561,1.2505696942771332,2.4049199320455155,-0.11292855247796568,-0.094615899014393212,2.3766616095378734
545,1031,1029,1.2826699651881195,-0.21356437751962165,-0.23941213870115563,1.2611754929416694,2.2873487074545298,-0.10251819879518331,-0.1488800331393591,2.2754194525690732
545,159,1031,1.2899323699715586,-0.25391693600327736,-0.24315490426839581,1.2819716577033793,2.3969800976480018,-0.12224610731364527,-0.10220100985297476,2.3933855288665367
1029,1031,360,1.2742784516387859,-0.22203623876667011,-0.21518698348030529,1.2856326010083707,2.3956740087360893,-0.10470738598222334,-0.091874076400372207,2.400778987551516
361,1030,1033,1.2792187162805495,-0.1798495829116975,-0.17385761511316389,1.2636553834871744,2.3886049440924526,-0.08741551882837556,-0.076175576989657823,2.3814068359384022
1030,1032,1033,1.2559542480056844,-0.16511564236136955,-0.18687257965647941,1.2718980697837292,2.292844046661767,-0.075717984136123961,-0.11526093515287922,2.3014947163775084
1030,360,1032,1.2612659680153151,-0.19462948780636413,-0.18989100973877804,1.2886695635322525,2.3897203511212401,-0.091411546984374925,-0.082507005517241883,2.4021149924890546
1033,1032,153,1.2500767655405629,-0.17104940098950472,-0.16728018998032468,1.2916780541523023,2.3812075146869289,-0.080932881022535375,-0.073842393776105575,2.4002388115309397
131,1034,581,1.275413877661157,-0.079637577694901651,-0.071008087265266973,1.2379006876742054,2.3561438221624664,-0.045656787907271873,-0.02954139603193609,2.3374182666575596
1034,1035,581,1.2835062950930456,-0.074657943902303958,-0.081949859100951983,1.2311677160693071,2.3634319911643438,-0.032001736088557109,-0.045633203691149621,2.3374862697332164
1034,362,1035,1.2843503254092816,-0.074851061503664607,-0.068206011057643234,1.2280230672142398,2.356052313622627,-0.042224212790223273,-0.029836072942046682,2.3276793136207528
581,1035,242,1.2808927879397194,-0.088924336161285478,-0.081405775668087266,1.2341377127900053,2.3589010142877944,-0.049481190064816161,-0.035447243815805995,2.3355884287103614
362,1036,1035,1.2928391828092618,-0.069627748918116517,-0.077489637534569056,1.2223107221091665,2.3714957190626511,-0.028858684456485345,-0.043575844597837171,2.3367704159634095
1036,1037,1035,1.2902171515225538,-0.083940671996939109,-0.077229410203216275,1.2237312291013929,2.3587079371571433,-0.046825551658947639,-0.034321255356517477,2.3252332361313353
1036,353,1037,1.2995862664150186,-0.078175610546958429,-0.08729612983763424,1.2175369132072831,2.3757621698229983,-0.03207500594951293,-0.049145706173689158,2.3354887860942024
1035,1037,242,1.2893238859315104,-0.083736296762428775,-0.09260170974485149,1.2272483435579287,2.3666134836611947,-0.035347064892489066,-0.051913124444845415,2.3358956384953942
362,1038,1036,1.2926706862088659,-0.069589189938537466,-0.063596879192134637,1.2191314853532784,2.3577917077245667,-0.039290326182755353,-0.028129347209044614,2.3205656754860651
1038,1003,1036,1.3015674449240013,-0.064114889973566846,-0.071870868388208109,1.2140403841762666,2.378860193045683,-0.026002010796823655,-0.040538695183226767,2.3360313521091292
1038,190,1003,1.3004007913453652,-0.06384796477112209,-0.057856198758376109,1.2108338894664019,2.3590712159711869,-0.036541128624664701,-0.025392467489759235,2.3134918358964249
1036,1003,353,1.299015963744873,-0.078045127806862347,-0.071876617371476659,1.2140089966414784,2.3590657317352908,-0.043790099458175274,-0.03231482204761188,2.3159135622407776
242,1037,586,1.2863558557208017,-0.099941387018724903,-0.092003916648891959,1.2305122224226519,2.360148808966366,-0.055327640196363687,-0.04052914448616099,2.3322607021428716
1037,1002,586,1.2957912062652484,-0.094135683974640338,-0.10406392014893839,1.2230915337368353,2.3698257036646142,-0.039695233635974658,-0.05823509930223722,2.3339048290156046
1037,353,1002,1.2966274373203266,-0.094327017073030373,-0.086994050660861522,1.2191858775208537,2.360974594858277,-0.052497574944027375,-0.038847988548035228,2.3219612413302197
586,1002,165,1.2922673229943191,-0.1133708087033507,-0.10329705330599559,1.2272774781170117,2.3630416770601634,-0.06339727520510488,-0.044630795651200927,2.330638497824272
143,1039,640,1.1497831535961109,-0.087597772036781762,-0.084462231427855361,1.3811046408189505,2.3155716222432292,-0.043907339110357935,-0.038033290495351535,2.4257345184578876
1039,1040,640,1.1495939076979624,-0.08770983515190256,-0.096686790743357065,1.3738657933126834,2.2669271838778191,-0.039484763454768895,-0.056026744607768547,2.3830927910687998
1039,363,1040,1.1589642345899172,-0.092262321402949432,-0.090341644623536332,1.3707830630296911,2.3200523068283445,-0.045300171438126785,-0.041700611901795248,2.4209723711698383
640,1040,261,1.1476592767894385,-0.095383539335962553,-0.093561713092826349,1.3862613987673047,2.3195739391993073,-0.046240480255014982,-0.042824183304616292,2.432045766066627
363,1041,1040,1.1590769757367871,-0.092195561043839636,-0.1026044879957464,1.3635215453852831,2.2732799635202894,-0.040760460634276519,-0.059956965447840183,2.3789838939503998
1041,1042,1040,1.1568342240033171,-0.10109142499654578,-0.099526296975515294,1.3757311752465577,2.3219881973963035,-0.048942345165883111,-0.046008336781750481,2.4255902849511513
1041,364,1042,1.1564404923600087,-0.10132457559533092,-0.1123517157601448,1.3681365251336306,2.2682954074074821,-0.045346149843363714,-0.06564189076109489,2.3782548593065869
1040,1042,261,1.1464994191828612,-0.096070356105899535,-0.10601820733976908,1.3788852095739692,2.2616262820869131,-0.043437833198530729,-0.061731959731946728,2.3825631873660131
363,1043,1041,1.1683824590728327,-0.096716543655777087,-0.095458817238873284,1.3600498876458804,2.3230435370252178,-0.047111624894251442,-0.044754929821572781,2.41466728229764
1043,1044,1041,1.1692785815598219,-0.096185899248658391,-0.10808643201363033,1.3525723683862365,2.2804928205346604,-0.041680132018295957,-0.063649275161948543,2.375005013091267
1043,180,1044,1.178215126702397,-0.10052763666748366,-0.10019972527906651,1.3487406852028059,2.3249188465119768,-0.04856157861557367,-0.047947551418072498,2.4069070375576911
1041,1044,364,1.1667234838527458,-0.10632068200182765,-0.10505616672759999,1.3645919010535508,2.3252442322222038,-0.051365454126715032,-0.048995377582125132,2.4191913179061428
261,1042,644,1.1445180669910155,-0.10392938003530361,-0.10260247414786905,1.3924336988340098,2.3201950442947141,-0.04966628774220111,-0.047178414798326268,2.4364449841208868
1042,1045,644,1.1429851876148946,-0.10483708392571511,-0.11567071959213315,1.3846952574306011,2.2559318465043954,-0.047708865255226302,-0.067588386932336209,2.3823151600707071
1042,364,1045,1.1541830136754219,-0.11027767293712731,-0.10899441183016112,1.3814514986465074,2.3229104725508853,-0.052811071734166631,-0.05040572280685135,2.4298913704787029
644,1045,178,1.1411251941724576,-0.11221376591121857,-0.11219758159757864,1.3984696256047382,2.316750851373909,-0.052721779687201542,-0.052691480974784238,2.4376338456236457
142,1046,772,0.88043516512080622,-0.45403672120022964,-0.45463546007440936,2.0060851603829439,1.365832576231981,-0.3885173320879437,-0.38928381076865137,2.3293614162403329
1046,1047,772,0.96488307663346939,-0.509585623798257,-0.56079488187493387,2.0759156544215793,2.6232158397890393,-0.051942580747744049,-0.14371648212566823,2.826305854825454
1046,365,1047,0.96539371923162776,-0.51517437281987988,-0.54422892054216643,1.8946088059041117,1.3932474556552576,-0.45460652098580046,-0.49134320641274376,2.2229510854627019
772,1047,294,0.89700214292700409,-0.54503482744474763,-0.56703170036298101,2.0726586242568938,1.0937055284032575,-0.52908001612819744,-0.55376208248378778,2.2384664753941417
365,1048,1047,1.0659803716000842,-0.58134153572250824,-0.61972086269543036,1.9442683533358469,2.6391690069521081,-0.076473589381951923,-0.14584274802293473,2.8017398838219711
1048,1049,1047,1.0113345634219018,-0.60987900974890152,-0.6677750207756743,1.9191732118456963,1.1389345577101793,-0.62601368433078863,-0.68948273107045366,2.0736621594177205
1048,357,1049,1.1468766226687674,-0.69903707786656533,-0.73611018015523233,1.9641233242214948,2.7467079186390908,-0.060899536240874186,-0.12764281849234971,2.8540736378344169
1047,1049,294,1.0123417815151481,-0.62090254980117621,-0.68913761867260925,2.1529770474962051,2.7839962101693403,-0.0066965955229105756,-0.12927850234956462,2.9023879936130976
365,1050,1048,1.0630080032949403,-0.54879897721627069,-0.60330033459712151,1.764490498950388,1.5118302819897842,-0.47664826270342764,-0.54694393890940984,2.1350682309741065
1050,1020,1048,1.169889275072882,-0.61910681980224247,-0.63716528284730367,1.7867672871205595,2.5932235313896435,-0.12602221400843772,-0.15855311647537151,2.7329609845866241
1050,188,1020,1.1640370459440978,-0.55503450800776255,-0.62264168436519807,1.6277577012268001,1.7050703196002428,-0.44642358505784285,-0.5383955281097963,2.0928517551515871
1048,1020,357,1.1409540776114921,-0.6342175386941773,-0.71613701369592775,1.7455261783686602,1.3992275465858406,-0.60983383482537468,-0.70597416181586192,1.9883326844286764
294,1049,773,0.93647901777660714,-0.66052469509083522,-0.72066455110873573,2.1365109363770958,0.60339734927763411,-0.80005068656551059,-0.85175486446177928,2.0385514311736657
1049,1019,773,1.1042747805353499,-0.77089683165546141,-0.85734113896893094,2.2264136059825406,3.021410765418767,0.081466117758455692,-0.075257533195650428,3.0171319720760938
1049,357,1019,1.0999496350426998,-0.72354358138736785,-0.82895546984812452,1.915637079230033,0.7741979250429214,-0.92104459394172999,-1.0106469149566664,1.7891141715924994
773,1019,154,1.027614858225979,-0.8109337206205387,-0.97069258816491288,2.1672139714306584,-0.61872068096284139,-1.5748530139372725,-1.6150032789383033,1.4216383913554651
128,955,456,1.1693145996224736,-0.12906870163943651,-0.1447538948772964,1.3601224270754386,2.2743204339904906,-0.056576234285402094,-0.085396108360455747,2.3732510357861996
955,1051,456,1.1693834512049461,-0.12902793075410424,-0.12934216673163057,1.36924857608214,2.3386160653104526,-0.059506567372690805,-0.060096975088617222,2.4311367446863001
955,344,1051,1.157126581772596,-0.12586592450576184,-0.13849801409196738,1.3716105859511387,2.2567755917777546,-0.058225869019625398,-0.081338565246157374,2.3700071424235025
456,1051,203,1.1718111976865817,-0.11989096254077669,-0.13363700515342769,1.3530846963532692,2.2685093151865776,-0.054041990856028399,-0.079261335526684934,2.3638217202717944
344,1052,1051,1.159360644938638,-0.12454301034902349,-0.12346398955604165,1.3805130754570847,2.3363345308831125,-0.058140457667790413,-0.056112073793327222,2.4382156271230717
1052,1053,1051,1.1616158448572618,-0.11605543138350072,-0.12791268859270133,1.3637701321571569,2.2613134807786528,-0.053438597342002014,-0.075173719096694597,2.3678828602950808
1052,364,1053,1.1639164025958451,-0.11469314205926739,-0.11429675165844344,1.3718328924234537,2.3342597170049655,-0.053628766370400371,-0.052883861732034021,2.4309702372721698
1051,1053,203,1.1732290340155656,-0.11905138209378729,-0.11933081408357182,1.3615561948242911,2.3375272046273321,-0.055312593482072625,-0.055837646641821642,2.4253383309673509
344,960,1052,1.1460958533015724,-0.12112098205127086,-0.13135124687278665,1.3825478166326732,2.2446218756958665,-0.057962290618520929,-0.076634649299374136,2.3706781585495249
960,1045,1052,1.1500337443178923,-0.11878913582043826,-0.11739755818905628,1.3908105786615157,2.3332432184280756,-0.055568408715745782,-0.05295206279540865,2.4438727172722516
960,178,1045,1.136094039881818,-0.11519299467116717,-0.12278476403021665,1.3922003608261111,2.2330914534141284,-0.057131854127066839,-0.070956479919779269,2.3709372427333917
1052,1045,364,1.151942819584943,-0.11160421755823879,-0.12191765637712404,1.3737989204105752,2.2533647708842057,-0.052372436489543567,-0.071254495115224581,2.3708158196474693
203,1053,451,1.1755954860428848,-0.11014509920323512,-0.12329524649902224,1.3466358177429658,2.2737830012178795,-0.049057751542602196,-0.073234540169201723,2.3633858249106985
1053,1044,451,1.1767104507896731,-0.10948486601457375,-0.10988867973817662,1.3545745981815607,2.3357655467986445,-0.05117264333480151,-0.051931224468430404,2.4193603187967985
1053,364,1044,1.1660322535130776,-0.10673001134477911,-0.11830542208893347,1.3567460229425823,2.2672872809275875,-0.048432709076215774,-0.069698321331988111,2.3674013551957023
451,1044,180,1.1792543317403812,-0.099912265053378135,-0.11353796682221784,1.3408423639594247,2.2803291771581931,-0.04300739777964166,-0.068120904328006437,2.3644565332337963
23,24,781,1.3975975190627501,0,-0.011760755318359628,1.1283449711870119,2.4215963667985987,0.0080855130302524628,-0.0138498774637031,2.2896261175606147
24,1054,781,1.406113203977402,-0.01810457943498589,-0.0069598028737516415,1.1181380147568358,2.4045708597316433,-0.016715804049579654,0.0038650764596247847,2.2569234665601337
24,25,1054,1.4213290658125035,0,-0.014090325694182226,1.1096537686316736,2.4288854062367435,0.0096217339566094552,-0.016566883537654346,2.2752600318757201
781,1054,297,1.4089721599498575,-0.01810457943498589,-0.032032175707493948,1.1181380147568358,2.4158751622624632,0.00034258856339909605,-0.025482781504544742,2.2700415018421314
25,1055,1054,1.4313583725590155,-0.021322580918612166,-0.0090876386745808446,1.0990179189680802,2.4146192779313638,-0.019069773451780174,0.0034556019327490681,2.2439785882389085
1055,1056,1054,1.433938519763934,-0.021322580918612166,-0.038767997604583826,1.0990179189680802,2.4233372754959581,0.000946999890914485,-0.031269841152279473,2.2543300124160499
1055,366,1056,1.4453742004316423,-0.04563515132447904,-0.035466396692481084,1.0919986249741296,2.4320093608788049,-0.029664850699401252,-0.010879835183273956,2.2553481003250822
1054,1056,297,1.4189008686650171,-0.039215116470419753,-0.028683176774212171,1.1110173339068972,2.4200115554295292,-0.026772354373466499,-0.0072660866818350656,2.265664884122137
25,26,1055,1.4492787802873726,0,-0.01815627670617026,1.0882276082128097,2.4356541348848704,0.012263168917834053,-0.021305280856186048,2.2558449611096152
26,1057,1055,1.4609501385947699,-0.02481362752476779,-0.013204319093160777,1.0776996106574863,2.4267182590873437,-0.020410301304757461,0.00088444956860263962,2.2298824577877152
26,27,1057,1.481804570999586,0,-0.025094384118055757,1.0635522275474631,2.438462394600124,0.016594265565154549,-0.029385011177163821,2.2252768746226241
1055,1057,366,1.4628734983562577,-0.02481362752476779,-0.04748389905985384,1.0776996106574863,2.4310884184753925,0.0024148605983053545,-0.039221949155932516,2.2349941665092423
297,1056,785,1.4180339744278267,-0.039215116470419753,-0.054949245590680817,1.1110173339068972,2.4111041495861123,-0.0095203143277464569,-0.03854599761610504,2.2543871359280487
1056,1058,785,1.4292962215559784,-0.063160940883232763,-0.052967105202915477,1.1068029009303419,2.4340781955890778,-0.037905053875157371,-0.018972412835536454,2.2761266608263342
1056,366,1058,1.4440264184365081,-0.04563515132447904,-0.065409905498883703,1.0919986249741296,2.419597893774597,-0.010312771026478998,-0.046638789081338936,2.2390537740044931
785,1058,160,1.4262975998170691,-0.063160940883232763,-0.078950654515992369,1.1068029009303419,2.4125528048238314,-0.021841162014192561,-0.050898398421051649,2.2490200269873371
3,39,1060,1.1643081462980964,-7.6815604927560344e-05,0,1.3524847121714387,2.3053417720546254,-9.0766454106568949e-05,5.2796235118721341e-05,2.3983580988977193
39,1059,1060,1.1644953871547443,-2.3104527370421124e-05,-0.00057538880351337696,1.3523196587039159,2.3057644368907644,0.00036831818760651688,-0.00066398688529371419,2.3985537043684535
39,40,1059,1.1648486312660102,-0.00037634863863722501,0,1.3517442699004043,2.3050861426595541,-0.00044474110839299338,0.00025852520194363148,2.3975614094381426
1060,1059,368,1.1644953871547443,-0.0010130356629360904,-0.00057538880351337696,1.3524015520149497,2.3062187009090311,-0.00080111636186013619,1.7038837280706175e-05,2.3989728756959074
40,1061,1059,1.1653362572191766,-0.00023647043118657507,-0.00096502230885775475,1.3514674479022357,2.3070361456678157,0.00038476513372336747,-0.0009774733741892516,2.3988565011711751
1061,1062,1059,1.1653362572191766,-0.0017143463754303312,-0.00096502230885775475,1.3512846513277674,2.3060064416540174,-0.0013623956041047569,3.819470820943258e-05,2.3979060863400257
1061,367,1062,1.1657342771609187,-0.0016001721490184195,-0.0024284066272830529,1.3508648714248661,2.3065008813659897,-0.00022087800782476935,-0.0017691538289746679,2.3979514392446388
1059,1062,368,1.1646038370524225,-0.0009819262086763203,-0.0017460984461141749,1.3520657274650247,2.3051145226709795,3.9304533796548618e-05,-0.001388721316240252,2.3978425046366754
40,41,1061,1.1658444507843004,-0.0007446639963113455,0,1.3505024255933762,2.3052882018567185,-0.00088007793529080623,0.00051138830618840492,2.3967139731849914
41,1063,1061,1.1665641794782751,-0.00053820583117136778,-0.0012998419378149606,1.3501295587288258,2.3083529882051925,0.00025942622485598203,-0.001165117732133414,2.3988041765924635
41,42,1063,1.1672870739717771,-0.0012611003246743024,0,1.348829716791009,2.306262003202193,-0.0014905324173701492,0.00086634252073738201,2.3961177277933685
1061,1063,367,1.1665641794782751,-0.0024300744663747764,-0.0012998419378149606,1.349736306735398,2.3061411259603055,-0.0019787941986541538,0.00013358034076248713,2.3967575663756135
368,1062,1065,1.1646038370524225,-0.0024956427908460199,-0.0017460984461141749,1.3523464946250066,2.3066677022041526,-0.0017468834281602385,-0.00034545975563076304,2.3992763852742014
1062,1064,1065,1.164683050664598,-0.00247291992713361,-0.0034213250099650594,1.3518659465998102,2.3045275911504888,-0.00057346605566353619,-0.002345401744751229,2.3972217586926026
1062,367,1064,1.1657342771609187,-0.0035241464234516684,-0.0024284066272830529,1.35087302821713,2.3065189007678359,-0.0024943407763945392,-0.00044598941792223148,2.397970258736243
1065,1064,179,1.164683050664598,-0.0045158736191464044,-0.0034213250099650594,1.3522457694346492,2.306608438641272,-0.0029811649129378717,-0.00093475196111687982,2.3991448673859628
3,1060,100,1.1642313306931689,0,-7.3811625910025214e-05,1.352558523797347,2.3052022285798963,5.0725725857842812e-05,-8.7217384536118431e-05,2.3983091282839166
1060,1066,100,1.1640694433733199,-0.00056435137456656292,1.6498095181560757e-05,1.3528733502783989,2.3057976123810002,-0.00067813986063046221,0.00040761946855938749,2.3990256879304388
1060,368,1066,1.1640467028663748,-0.00056435137456656292,-0.0010471870669643835,1.3528733502783989,2.3056306622651355,5.3263986264041581e-05,-0.00084923319140988384,2.3988957017935251
100,1066,99,1.1635050919987533,0,-0.0003981733222016004,1.3532880216957803,2.3040557541403266,0.00027339192710648278,-0.00047050547328659679,2.3980067653989159
368,1067,1066,1.1637203061710304,-0.0017021948069162463,-0.00095429786169631825,1.3531971690353117,2.3050866639295822,-0.0013553360262987505,4.2394623844923488e-05,2.3987334565599223
1067,1068,1066,1.1629541253458608,-0.00093601398174580908,-0.0017891088934143262,1.3540319800670293,2.3042352859721973,0.00012306168139740404,-0.0014709433331737509,2.3987449085609827
1067,369,1068,1.1625499839986189,-0.0023448811187583019,-0.0015837234221720564,1.3547479692693951,2.3053112109152583,-0.0016807083047972278,-0.00025791252381222353,2.4001537977882199
1066,1068,99,1.163236591200004,-0.00093601398174580908,-0.00018476473983497499,1.3540319800670293,2.3062785111175557,-0.00097855868978966357,0.00042607353494907561,2.4003306357085652
368,1065,1067,1.1638103890684928,-0.0017021948069162463,-0.0025967728564175729,1.3531971690353117,2.3057180798846404,-0.00022515218575873581,-0.0018973509348620653,2.3992228612563089
1065,1069,1067,1.1633495980917097,-0.0033085468138356333,-0.0024928403190145332,1.3535594856787885,2.3044046399097531,-0.0021969301662511471,-0.00067276531719366595,2.3984932505843206
1065,179,1069,1.1634757238592872,-0.0033085468138356333,-0.0047350412541060649,1.3535594856787885,2.3052682898486299,-0.00065349302627470095,-0.003319662275949823,2.3991607542265569
1067,1069,369,1.1623859323966323,-0.0023448811187583019,-0.0036813239096176176,1.3547479692693951,2.3040989337670479,-0.00024124705799936658,-0.0027384152329491852,2.3992125093558121
99,1068,98,1.1623005772182564,0,-0.0007871569322759342,1.3546343722594667,2.3029001020958004,0.00054011390740814271,-0.00093012679936940539,2.3981957878099829
1068,1070,98,1.1619404145365415,-0.0012555542008021447,-0.00047807375149133691,1.3557118594776867,2.3063180727318038,-0.0011536579148612675,0.00030023526178586646,2.4017070172934978
1068,369,1070,1.1614606570806618,-0.0012555542008021447,-0.0025476136304636299,1.3557118594776867,2.3028376319452573,0.00026523418009184035,-0.0021482160505914153,2.39901311214083
98,1070,97,1.1606848603357394,0,-0.001357886903209149,1.3565916726294045,2.302163000635824,0.00093172602116966489,-0.0016043159429050653,2.3991997621191423
142,1071,1046,0.9432113593784619,-0.42125334635723544,-0.46636673212868907,1.9999587824830343,2.5070552814715885,-0.068680098208275808,-0.14951906339016818,2.7668301641399173
1071,1072,1046,0.94480323014275225,-0.43252128802325895,-0.44541744905327674,1.851670802746213,1.5807806805279134,-0.3422063689057564,-0.3601317709853703,2.3062614654296181
1071,370,1072,0.9932753102657399,-0.40720789668307322,-0.43240356203545538,1.8584669958145379,2.4754489656752323,-0.093476119189557672,-0.1393378313516388,2.7153559990969134
1046,1072,365,1.0190157487131533,-0.48717042240403252,-0.52053221637749392,1.9069843413857579,2.5471671826758717,-0.088046978040311252,-0.14850847301894909,2.7556153923780045
370,1073,1072,0.99221761431881994,-0.3997225818271164,-0.41516069323588578,1.7364392028929383,1.7492996927410831,-0.29236736652402628,-0.31530155957313932,2.3042752915128175
1073,1074,1072,1.0564125698077669,-0.44699333475559655,-0.46557933899171389,1.7735655990148675,2.4869219274528902,-0.11205709312924261,-0.14605518692254849,2.6897616670591509
1073,371,1074,1.0525500891511088,-0.41965855681271691,-0.44901730249701721,1.6563560567265627,1.8138306055141078,-0.29956912469017738,-0.34373136157500417,2.2609809071925273
1072,1074,365,1.0162986976933119,-0.46794185069357486,-0.49919891765409385,1.7560085734196464,1.6366438215468662,-0.37019498324799127,-0.41386171320858689,2.2363233102826845
370,1075,1073,1.0308041270334671,-0.37957169302018734,-0.3943387189403138,1.7473129838918511,2.4379697509575271,-0.1077421324787079,-0.13485396169396013,2.6625722985232509
1075,1076,1073,1.0285750388043668,-0.36379325377915261,-0.38058821105852569,1.6499810118713474,1.8780212064804216,-0.2466282896862364,-0.27289860777736363,2.311719696438439
1075,163,1076,1.0586053196753333,-0.3481106536139924,-0.35626894985062929,1.6626811678064284,2.406050549988402,-0.11455656967909755,-0.12961080105201406,2.6154484525325006
1073,1076,371,1.082908703073814,-0.40380385815237929,-0.41404665610674041,1.674619376056186,2.442186555829597,-0.12294132624231235,-0.14179571645756972,2.6337224550779035
365,1074,1050,1.0999240753253199,-0.52952043633920365,-0.549132957309582,1.7927781238196294,2.5408678711290245,-0.11815459567862052,-0.1537931000970385,2.7155486936307653
1074,1077,1050,1.0935579120765375,-0.48446709517784026,-0.52941204804850184,1.6532132370534027,1.7491306024956401,-0.36760682617434504,-0.43207112454160101,2.1905481288100712
1074,371,1077,1.121057154568482,-0.47010626962649038,-0.47987779542501663,1.6790813227270602,2.4774776040446551,-0.13531968990008547,-0.15320221245420029,2.6469564410902549
1050,1077,188,1.178870036584466,-0.54728773783896578,-0.54787273949447357,1.6668069965253869,2.4993242687749042,-0.16159145675920494,-0.16264875454425654,2.6437860040807921
4,70,1079,0.99991133474233429,0,-0.00010840953024260358,1.5836838746167352,2.1914067725502022,7.0921139351640776e-05,-0.00012526382057091471,2.4840357044159491
70,1078,1079,1.0002668935323582,-0.0014065116727763893,0.00017989430237769222,1.5825434086311727,2.1886478511465657,-0.0017431570219404214,0.0011255327393282725,2.4818347271834789
70,71,1078,1.0016127162463313,0,-0.0009564806066992837,1.5813557896694266,2.1956946477360519,0.00062798551845906318,-0.0011052882969557727,2.4849979308564212
1079,1078,373,1.000479327078466,-0.0014065116727763893,-0.0026555209925260836,1.5825434086311727,2.1907846559394111,0.00011033208273629382,-0.0021496596975734104,2.4830076518928044
71,1080,1078,1.0022406873242895,-0.0024841142339884215,-0.00025829622219564197,1.5785939271754732,2.1866027117825078,-0.0027056260560154844,0.0013175919863587723,2.4783161317289988
1080,1081,1078,1.003222615144471,-0.0024841142339884215,-0.0045295449887683414,1.5785939271754732,2.1964779468634714,0.00010294350895380042,-0.0036049574840129753,2.4837685481865153
1080,372,1081,1.004215486357392,-0.0064117525696145705,-0.0037440245749946754,1.5754865351487941,2.1890302673199074,-0.0049794494948174782,-0.0001534181550934318,2.4777584113033075
1078,1081,373,1.0012680977102493,-0.0045267610375381295,-0.002257403434212546,1.5809685197999053,2.1899485526829934,-0.003759316487142117,0.00034619654795454546,2.4815964155301442
71,72,1080,1.0046176155964961,0,-0.0019827486647718828,1.5767917117243273,2.2005675118036212,0.0013067039945354447,-0.0022921878252564524,2.4849547012189062
72,1082,1080,1.0054763370347386,-0.0033969114544420975,-0.00096403527367949771,1.5727619076075445,2.1866413789591035,-0.0033067829255430132,0.0010918172594978305,2.4747710306145456
72,73,1082,1.0087266371912111,0,-0.0035065153877136268,1.5701047438361151,2.2043892297552254,0.0023165167748578986,-0.0040571455401061151,2.4830564456558055
1080,1082,372,1.0071002880882407,-0.0033969114544420975,-0.0063511305373480376,1.5727619076075445,2.2028318569109859,0.00026252059842429322,-0.0051041568793481129,2.4837834389925324
373,1081,1084,1.001445192790289,-0.0045267610375381295,-0.0066564769273411706,1.580968519799905,2.1916094814832499,-0.00087937991799901492,-0.0047341209307669718,2.482505078828547
1081,1083,1084,1.002612064549651,-0.0091426467819992752,-0.0061112018061919571,1.5788115324203318,2.1911958533854121,-0.0065789095302206148,-0.0010922459917486679,2.480966379437032
1081,372,1083,1.0052251245985868,-0.0064117525696136823,-0.0092927302204643958,1.5754865351487943,2.1989659335246081,-0.0013011208334915043,-0.0065281259491963284,2.483261658097085
1084,1083,181,1.0028985697778374,-0.0091426467819992752,-0.011767289979365714,1.578811532420332,2.1937383495523104,-0.002862549712718581,-0.007616405649106945,2.4823554934825647
2,1085,69,1.29934753312524,-0.00010158041493174563,0,1.2106020677918128,2.370976724690526,-0.00012033304914992305,6.9792007769570291e-05,2.3268216753264412
1085,1086,69,1.298955624354492,-2.5900050497629223e-06,-0.00095244594016286044,1.2108426416728939,2.3701161170321741,0.00065077311178676571,-0.0011265963986790807,2.3262159798199464
1085,374,1086,1.298955624354492,-0.0018111075669934307,-0.00095244594016286044,1.2107423635982091,2.3695479077614947,-0.0014924081748623481,0.00011395972091884921,2.3255475174698161
69,1086,68,1.2982900491799909,-0.00063946131636682946,0,1.2117540120456294,2.371457344218507,-0.00075744819770583215,0.00043991418381281037,2.3284865897500597
374,1087,1086,1.2986207675237988,-0.0017265309140984675,-0.0031194138351722245,1.2112896867366114,2.3706990038365157,9.81916178720392e-05,-0.0025089523322562213,2.3272535355946111
1087,1088,1086,1.2971884783336196,-0.0030969975827479512,-0.0017244570724681552,1.2126244323735964,2.3700796025827366,-0.0024837751592696219,8.5470448166749188e-05,2.3280154612978166
1087,375,1088,1.2961081813544317,-0.0028241409638667392,-0.0045137366997085593,1.2133289362487965,2.3678745419864207,-0.00025086188882949244,-0.00341160777021173,2.3265578987419211
1086,1088,68,1.2971884783336196,-0.0003612206702381382,-0.0017244570724681552,1.2121895846205994,2.3676784982371082,0.00075347224742688956,-0.0017959617132888709,2.3251932909151134
374,1089,1087,1.2986207675237988,-0.0045690885783102875,-0.0031194138351722245,1.2109505550705482,2.3687613254289266,-0.0032755941218493333,-0.00056421723591218789,2.3249768457719995
1089,1090,1087,1.2981856429588281,-0.0044591824923759793,-0.0064415057114874941,1.2117896667747239,2.3709186023503475,-0.0008535329657451407,-0.0045646162607881399,2.3279757823390765
1089,182,1090,1.2981856429588281,-0.0082180211147206972,-0.0064415057114874941,1.21137706321678,2.3684918243356945,-0.0053223345490927519,-0.0019997249761864264,2.3251331541881783
1087,1090,375,1.2961081813544317,-0.006447042610127296,-0.0045137366997085593,1.213634290582279,2.3694928652149825,-0.004535917567202224,-0.00091698637003846499,2.3284627348749383
68,1088,67,1.2961894393462008,-0.0013171746997006073,0,1.2138396720624502,2.371249784519879,-0.0015601509613782146,0.00090712064225495774,2.3304223264604
1088,1091,67,1.2945149090827983,-0.00089421290474533954,-0.0023922977534613921,1.2144439314025099,2.365139049096427,0.00057679255630771692,-0.0022236715319749484,2.3250152754602449
1088,375,1091,1.2945149090827981,-0.0043486174665672284,-0.0023922977534613921,1.2153587737618494,2.3701985229734883,-0.0035040247872600372,0.00016027048614733908,2.3309340226349486
67,1091,66,1.2930789634003752,-0.0022682480875084732,0,1.2167330857355285,2.3697758985117039,-0.0026868683386236636,0.0015623038000753884,2.3319247184934992
4,1079,127,0.99985656105137544,-5.7243673253104532e-05,0,1.5837971728009186,2.191482375378401,-6.6141680139833114e-05,3.7451959889803999e-05,2.4841451596069914
1079,1092,127,0.99947239987348446,4.0804122246385077e-05,-0.0014825253821539874,1.5841755513406026,2.1896790612534489,0.0010155308940572915,-0.0017397257098335744,2.4833828463302394
1079,373,1092,0.99947239987348446,-0.0024588413172441648,-0.0014825253821539874,1.5837692947205744,2.1873794538836586,-0.0018756175648062825,-0.00011090886747761649,2.4818765952159771
127,1092,126,0.99890634122028388,-0.00055078056044255419,0,1.5857249301952856,2.1925714064385158,-0.00063614200014361138,0.00036083145272746103,2.4858957511373716
373,1093,1092,0.99956726080872915,-0.002483052165421995,-0.004716745416881718,1.5845947473690649,2.1929119049114076,0.00022210628639120211,-0.0038217270844523006,2.4854030595566439
1093,1094,1092,0.99788565307394084,-0.0042404837463059231,-0.0026536839445270299,1.5867508324713251,2.1877850929479554,-0.0031673726511473876,-0.00029926718633517795,2.4838880572723774
1093,214,1094,0.99745996101313583,-0.0041318366427525177,-0.0070913000746540833,1.5878834214566955,2.1896318612793855,-0.00013679830964668897,-0.0054885371409913791,2.4855678466060476
1092,1094,126,0.99788565307393995,-0.00029027474048426427,-0.0026536839445270299,1.5864022184682554,2.1859062895796275,0.0013925506150206761,-0.0028769898467991342,2.4826553855063875
373,1084,1093,0.99956726080872915,-0.0064893770829597131,-0.004716745416881829,1.5829957221818987,2.1838292112979985,-0.0044394902714101538,-0.0012386840614805033,2.4794540819429391
1084,494,1093,1.0002691858694739,-0.0066685263795918104,-0.0095323629751680183,1.5842247914182948,2.1976400617739689,-0.0014285661017943464,-0.0066203852545186036,2.4877618051168922
1084,181,494,1.0002691858694739,-0.011890707336811523,-0.0095323629751677963,1.5811473323480585,2.180064782766888,-0.0075884818798128625,-0.0033345512902262196,2.4762385416789536
1093,494,214,0.99745996101313583,-0.0096044313177836571,-0.0070913000746540833,1.5867759323879764,2.1831598904735463,-0.0064922014626810388,-0.0019560244318911311,2.4813603305997542
126,1094,125,0.99710053338920446,-0.0011107988627498955,0,1.5891755684831388,2.1933901043878503,-0.0012821400805523152,0.00072867510568879867,2.4883965231055858
1094,489,125,0.99539737493066571,-0.00067610909746917969,-0.0039151051703489315,1.5901748038384982,2.1814373744725488,0.0017593624768371579,-0.0040832247398397102,2.4824864524066634
1094,214,489,0.99539737493066571,-0.0062874249197548693,-0.0039151051703489315,1.5912028312788524,2.187038451185455,-0.004703888573075252,-0.00041785085979287664,2.4861368388546503
125,489,124,0.99437523513688131,-0.0017443415891893466,0,1.5942664580103716,2.1938245448589999,-0.0020116228460324401,0.0011456500532107602,2.4916386203133336
2,12,1085,1.2994536917811452,0,-1.7654215344720114e-05,1.210585174939272,2.3714788876068145,1.2136413304975205e-05,-2.0912201115902505e-05,2.3273029652195678
12,1095,1085,1.2997149295275436,-0.0010243875766258459,0.00011247565296201856,1.2100748986783518,2.3700991633660968,-0.0012908053719694903,0.00083612386934188226,2.3254044260077533
12,13,1095,1.3007854863699604,0,-0.00038365714710764109,1.2096001623013457,2.3734560647569483,0.00026418006110405349,-0.00045437248800424973,2.3282522722222954
1085,1095,374,1.2997778337257071,-0.0010243875766258459,-0.0016500205776246446,1.2100748986783518,2.3704432670982909,-8.0998856968985886e-05,-0.0012516216024980275,2.3257455397419191
13,1096,1095,1.3012497118536959,-0.0018203602842561395,-7.2450980422189559e-05,1.2083798343230203,2.3692467133855408,-0.002107339710436423,0.0011605777142407485,2.3227942897983782
1096,1097,1095,1.3018669848116877,-0.0018203602842561395,-0.0028725609326571977,1.2083798343230203,2.3726753853206928,-0.00018146062535505728,-0.0021510557195057417,2.3262095921675106
1096,213,1097,1.3026597589780211,-0.004929546619309777,-0.0026043410474585471,1.2073279009512472,2.3711976142409799,-0.0040538887221893095,0.00029531875811051982,2.3236376459951358
1095,1097,374,1.3003507166772548,-0.0032711810774476713,-0.0015423508335352665,1.2096526279848359,2.371283618539012,-0.0028156117577746737,0.00041986271636128714,2.3261421583677184
13,14,1096,1.3031521159851411,0,-0.00076146898157958276,1.2077205311898389,2.376207300634456,0.00052536575914074546,-0.00090159324082398316,2.3290563520218175
14,482,1096,1.3038382052651265,-0.0026903513927961642,-0.00024928486072539613,1.2057121114358811,2.3688242164755038,-0.0030178534028056899,0.0015426077020572236,2.3195799952289398
14,15,482,1.3066498111043443,0,-0.0011136981075772212,1.2048849772230437,2.3798560155139836,0.00077021285879638529,-0.0013181980537697912,2.3297835389995041
1096,482,213,1.3049998749906995,-0.0026903513927961642,-0.0042929543819525406,1.2057121114358811,2.3752384797335742,-0.00023117070728306995,-0.0032320000201980555,2.3259995537247118
374,1097,1089,1.2999771718648678,-0.0032711810774476713,-0.0044758386437884212,1.2096526279848359,2.3691393473282667,-0.00080915588399660138,-0.0030619312680953579,2.3240053223852182
1097,488,1089,1.3008490712813323,-0.0066901469145357328,-0.0044344433276837236,1.2094903051653834,2.3730443820359715,-0.0048718087256863513,-0.0006478699822567574,2.3277149788728435
1097,213,488,1.3026890220341745,-0.004929546619309777,-0.0066943073482370608,1.2073279009512472,2.3712579838031118,-0.0012487200374540278,-0.0045496766842921445,2.3236884243942382
1089,488,182,1.2997824468813384,-0.0066901469145356218,-0.0084133844544709291,1.2094903051653851,2.36692645410794,-0.0021796079682751667,-0.0053994550000023931,2.321617194247684
136,1028,795,1.3426790030488813,-0.14778888965513826,-0.1718142600219128,1.1909384834438139,2.3691087634325183,-0.059757918288434186,-0.1039516621973961,2.2913830688254748
1028,1098,795,1.3286286539983205,-0.16914645955058183,-0.15907446075753917,1.2103039207196886,2.3946742017159015,-0.088080872788996289,-0.06930651070238425,2.3379355265712549
1028,361,1098,1.3062582411606718,-0.15269754635981858,-0.17466623920934587,1.2217685196121941,2.334019886236244,-0.066581826649249054,-0.10675857877670109,2.2892822480699588
795,1098,301,1.3227969574122944,-0.13674343540585898,-0.15804314608849834,1.2045735618732003,2.3565603482785846,-0.0565439991772273,-0.095749641836508831,2.2954833777177641
361,1099,1098,1.2964237185219893,-0.16764674825424475,-0.16103999756747456,1.2424814148741703,2.3933646667371553,-0.082871048379107415,-0.07048048944185431,2.3681974358610884
1099,1100,1098,1.291290359851099,-0.1391239431832596,-0.15914362130196569,1.2319444596309879,2.32856075029264,-0.060525353396656933,-0.097226536087682947,2.2971730668580395
1099,273,1100,1.2830491900593786,-0.15165236990039332,-0.14659047449277729,1.2510280586640237,2.3878593347249311,-0.074433452076875573,-0.064923698084670023,2.3728971195365514
1098,1100,301,1.3114705242078806,-0.15396215458703644,-0.14626677718008629,1.2224762842526395,2.3899046792764245,-0.078918298879392001,-0.064531565448391226,2.3473830889273781
361,1033,1099,1.2740635003934866,-0.15120533120970681,-0.17142055966552228,1.250114218348175,2.3083317998159441,-0.068466867189344249,-0.10533673367928487,2.2954299479329427
1033,692,1099,1.2674028759987377,-0.16132997299235852,-0.15769700391031449,1.2709750382609881,2.389227877339609,-0.076525323712755111,-0.069683974557666006,2.3908649907359196
1033,153,692,1.2454182433001388,-0.14516495957379316,-0.16444749793477209,1.275938588390904,2.2875651048621095,-0.066724943032962392,-0.10184116785145556,2.3041816709919081
1099,692,273,1.2630097530232933,-0.13691763345835817,-0.1552537582122766,1.2573980580856414,2.3072402307278073,-0.061473481720302203,-0.095022248897698502,2.3042344391811009
301,1100,800,1.3063825197281251,-0.1256913538733988,-0.1451435092109743,1.2162349994760255,2.3475394079242942,-0.052327635224896141,-0.088171245807935589,2.3007742847822308
1100,691,800,1.2969711509137785,-0.13999818412983345,-0.13410020905557118,1.2330226340816717,2.3858715860655928,-0.070803642749657364,-0.05975066063390097,2.3554126185014153
1100,273,691,1.2785083839814986,-0.12642200223506883,-0.1447607871446408,1.2408616512653552,2.3237439367659265,-0.054810161846507194,-0.088494949524002497,2.3038497198911645
800,691,165,1.2923092685291393,-0.11409507253255313,-0.13283877649436526,1.2260136566537838,2.337963140047457,-0.047219795216505933,-0.081764650061972699,2.3033340166776273
142,743,1071,0.8766907033315241,-0.37226839959306268,-0.38956796379435876,1.9434051673810302,1.494926099634893,-0.29625597999184972,-0.31988915091810954,2.357645385142527
743,1101,1071,0.93017516443518922,-0.35518748113079823,-0.37875197574525821,1.9468593857865859,2.4785440149032834,-0.075455302518798062,-0.11825438916911102,2.7468789371054556
743,288,1101,0.87567182659537424,-0.31505193134503884,-0.31399630780857407,1.899174153333095,1.635016825660653,-0.23522279943210977,-0.23368854792485261,2.3979660323849585
1071,1101,370,0.93009437646178161,-0.3606838312188998,-0.38061177278071207,1.8203294684194682,1.6512192589161503,-0.27053598262105383,-0.29942278584632209,2.3356928938885084
288,1102,1101,0.92379587129491103,-0.29968450957609605,-0.31395161590923415,1.8991884247699844,2.4157176466595192,-0.079907778059432943,-0.10581740626451308,2.710933254507061
1102,1103,1101,0.9236682687091573,-0.30836558399135194,-0.31547732690486452,1.7953910713606622,1.7504930229571418,-0.21837245709142772,-0.22916498994995826,2.3758565412600996
1102,376,1103,0.964820447933322,-0.29522491573641307,-0.30389838816547776,1.7990884452443088,2.3936847096793703,-0.090685768765415453,-0.10657106636991132,2.6683611639793368
1101,1103,370,0.97516936322330761,-0.34628905470306393,-0.35880268695723938,1.8272942384393578,2.437436147950212,-0.094639733062877984,-0.11755220205567718,2.6938765734315573
288,742,1102,0.88073667135935141,-0.26797627424145087,-0.25736165488136009,1.8575163127814749,1.7345926461193715,-0.19249077519125496,-0.17638406484227021,2.4204548578565301
742,1104,1102,0.92360268828992975,-0.25428789526500051,-0.26247121270937379,1.8558846808044429,2.3685035993012624,-0.078960589423684668,-0.093824966614846073,2.6802249796805264
742,155,1104,0.88913728114148916,-0.22890801727371013,-0.2116909724519131,1.8184907717015548,1.8090272433193402,-0.16136435274822608,-0.13439136349005965,2.4328634609427828
1102,1104,376,0.92344875423793915,-0.2647603551488773,-0.2637407136182921,1.7695178427375549,1.8240387185674103,-0.18076289789256661,-0.17916345392310479,2.4002391813555644
370,1103,1075,0.97528112716690196,-0.33868527736710341,-0.36034621649286935,1.7222813467775957,1.7989737095354286,-0.23431774294067975,-0.26751475434667094,2.3352428032374162
1103,1105,1075,1.0111142889508855,-0.32724151777698474,-0.33247577121368987,1.7311821152157028,2.4035674348391134,-0.10573272409043522,-0.1153687841183394,2.6448951748523286
1103,376,1105,0.96485060099392761,-0.29317353910150601,-0.3051918631522515,1.711090599837906,1.8602124601308601,-0.19447002054045215,-0.21346429613512397,2.3689599626732991
1075,1105,163,1.0113193397972671,-0.31329103492632004,-0.33372661562199812,1.6460818399677128,1.9133207449408336,-0.2016875573813931,-0.23440472572964899,2.341153011491854
128,455,472,1.1740405132656129,-0.1518170797706837,-0.14578890373318476,1.3607044967622421,2.2917623203325794,-0.080633161017235166,-0.069508579744219756,2.3859340002487097
455,1106,472,1.183739148392716,-0.14657533595652961,-0.15893430791134122,1.3535999052261776,2.3146624223488703,-0.063177364007271197,-0.086130410696369841,2.3976762718993907
455,202,1106,1.190408251298424,-0.15602916151329183,-0.15150383944515866,1.3430668014973115,2.3002659269538275,-0.081778465649611554,-0.073423330263457265,2.3773076788260235
472,1106,208,1.1795400257194104,-0.16346050868630257,-0.15779028223569114,1.3582001688153973,2.2959099880547225,-0.085942867043133253,-0.075482496228531315,2.3856849530241946
202,1107,1106,1.2007625053268347,-0.1504328095684544,-0.16413019381929939,1.3362424061652973,2.3280397720999284,-0.063461055395230392,-0.088953816745001579,2.3936837020646102
1107,1108,1106,1.1963709721521534,-0.16809406359653778,-0.16323440424516278,1.3398449674110511,2.3019245223819245,-0.088140191327475081,-0.079179897530597343,2.374378549021769
1107,377,1108,1.207655119564278,-0.16199456876571983,-0.17650193257292557,1.3326733825763828,2.3330911388353326,-0.068106244573258035,-0.095098211761408979,2.3933680916726754
1106,1108,208,1.1893582432334702,-0.15815365965368766,-0.1711060441077823,1.3510028605557061,2.318082213199105,-0.068205913054481426,-0.092245667459488034,2.3968532684926425
202,454,1107,1.207372496596272,-0.15980284108191434,-0.1558532450901895,1.3245093694235308,2.3056932092364169,-0.08379146081544897,-0.076505159937697464,2.3651777105729863
454,1109,1107,1.21906666417906,-0.1534825877900392,-0.16786889340278854,1.3180153680109417,2.3434383798929885,-0.063524446962603009,-0.090369678163658818,2.3908245756934918
454,153,1109,1.2254618690616346,-0.16254766367807338,-0.15819537462827693,1.3043033473008272,2.3083735308204623,-0.086457035542726879,-0.078444499693707537,2.3489077879959375
1107,1109,377,1.2145272179028117,-0.17173563165466454,-0.16742375803552534,1.3198052504965787,2.3058277400876053,-0.090467917486964922,-0.082530354356188773,2.3595279125003632
208,1108,466,1.1848283580390939,-0.17636886790167239,-0.16987409603336179,1.3559566705891584,2.2968479736116802,-0.093067993275005367,-0.081105507853359238,2.3829320834526135
1108,1110,466,1.1954613360489366,-0.17062163231797012,-0.18380545092206102,1.3484266278794443,2.3217764803475927,-0.073851889395126158,-0.098302379037192245,2.3960756215697745
1108,377,1110,1.2028912215878176,-0.18115334748364198,-0.17550900854072449,1.3366665856026962,2.3042986697983889,-0.09521521823336454,-0.084822214245536154,2.3718263263042063
466,1110,192,1.1903596176110049,-0.19113625019059377,-0.18230053058015727,1.3544780919338635,2.2995810275963438,-0.10184078511862293,-0.085586423963869951,2.3819517773059005
112,113,1112,0.87306361822560508,-0.027166292636449541,0,1.8297276561539695,2.0501678622930584,-0.030215648713287153,0.016021661152491332,2.5500107240310954
113,1111,1112,0.88481915928237331,-0.016897345042404588,-0.030187944649552323,1.8033572475031723,2.0611516411945745,-0.00093345393521096498,-0.023689364830006752,2.5414926781336278
113,114,1111,0.89318467174219762,-0.021326536674850516,0,1.7873739837778855,2.088333219335893,-0.023877286473370715,0.012985580478018083,2.5450059196137786
1112,1111,378,0.88481915928237242,-0.057309218432790132,-0.030187944649552323,1.8035749473059273,2.0521687053223507,-0.046262117305492373,3.9952025488815268e-05,2.5375202343315788
114,1113,1111,0.90243215122656029,-0.013248483802307476,-0.025989786548657245,1.7646708385326111,2.0801123374416286,0.00077449559025465076,-0.021249109741217655,2.5300303453129969
1113,1114,1111,0.90243215122656029,-0.048020548843486388,-0.025989786548657245,1.7662103126924427,2.0814040114702754,-0.038304255906885826,-0.00022614939853064786,2.5310942132360803
1113,310,1114,0.91341926923061489,-0.038422370751059809,-0.047385409054576666,1.7475194244054146,2.1132806464232341,-0.013882480468842759,-0.029540912899320648,2.535380591540592
1111,1114,378,0.89808591276885164,-0.045719585680635166,-0.055235755753559435,1.781693562969012,2.1013456555859991,-0.017211201716096941,-0.033718321334531287,2.5471043004410001
114,115,1113,0.91112749824973349,-0.017852309146089596,0,1.7509103252749698,2.1174467450480945,-0.020099926228273175,0.011130049387622732,2.5393948790215424
115,827,1113,0.91824757138831981,-0.011632633031411821,-0.02226632867617484,1.7314597733026482,2.0960817522424744,0.00043087071226109719,-0.018093364569259921,2.519792532668347
115,116,827,0.92730690126466353,-0.016428776760848862,0,1.7196716483402592,2.1437162373828595,-0.018580806663980098,0.010460441834555051,2.5353638273338284
1113,827,310,0.91824757138831892,-0.04097854559330294,-0.02226632867617484,1.7342210103405162,2.1063619675997791,-0.032587981887893532,8.9238095238378112e-05,2.5256546302925558
378,1114,1115,0.89808591276885164,-0.080589463861914012,-0.055235755753559435,1.7759115792562961,2.0531046203451089,-0.058055199717083519,-0.014665641928238354,2.5230926053861453
1114,832,1115,0.91237581198336137,-0.068106650399789359,-0.075408021120153546,1.7582902775312281,2.134669722527617,-0.028775636971552276,-0.041581406423186015,2.5493732516543779
1114,310,832,0.91341926923061489,-0.068659117702962291,-0.047385409054576666,1.7434534675358795,2.0790145916254783,-0.049065611039222926,-0.012259827934806358,2.5176583863550723
1115,832,164,0.91237581198336226,-0.098213580036990322,-0.075408021120153768,1.7481228302986485,2.0591672449086342,-0.066434918609824006,-0.027266620424232696,2.510210095206896
135,1116,866,0.97420853852706557,-0.18601219822657722,-0.18560881302752374,1.6486004114162536,2.0317112286920738,-0.11002339566818309,-0.10933722133102297,2.4297915655303739
1116,1117,866,0.97434000704329371,-0.18506227553221688,-0.17962590622191321,1.6918297648453573,2.2932144467117559,-0.079373700209474207,-0.069424969783342561,2.5859618595313827
1116,379,1117,0.9510857012096583,-0.18989599796482182,-0.19011530103884233,1.6896494020603408,1.9840514995685232,-0.11520204852968746,-0.1155688315818299,2.4325618352101168
866,1117,320,0.95242616937023072,-0.16647929016583873,-0.16520695898139026,1.6796024640153178,2.0088776801032568,-0.099611808724337392,-0.097460756251443847,2.4409320626522324
379,1118,1117,0.95152789550241224,-0.18670081124044446,-0.18317162528299225,1.7398226877789149,2.2952554313074431,-0.076590548303936745,-0.070160849241495737,2.6080209986249554
1118,1119,1117,0.92813213659447991,-0.16686018054140561,-0.16281061126322671,1.7225556539795903,1.9589905033027892,-0.1041522414949827,-0.097424474411398176,2.4447395828517777
1118,380,1119,0.92944604222414462,-0.15736622303499037,-0.15594018901801387,1.7721996279260703,2.2821750736680864,-0.063617029810077774,-0.061030810371663025,2.6174615862383788
1117,1119,320,0.95309148866234139,-0.16167204115522704,-0.15915717025851173,1.7233150711760021,2.2820569667372506,-0.067727343523356409,-0.06314347621655253,2.5962421719509416
379,1120,1118,0.92441637227094198,-0.1923363085527976,-0.1902292866963804,1.7383556572625158,1.9267695883232947,-0.12162462371440058,-0.11817165656873513,2.4369555939157932
1120,1121,1118,0.92553383289653546,-0.18426212289413635,-0.1822817730501054,1.7957802315472526,2.2987734345670288,-0.072136238406826703,-0.068547454291128185,2.6327838444359286
1120,155,1121,0.89384189121660906,-0.19084972221991325,-0.18561481337664132,1.795087413971427,1.8514172954926009,-0.1271652641723674,-0.11881003548279234,2.440275253045499
1118,1121,380,0.90083111323976084,-0.16331415911251668,-0.15476306821259866,1.7724443057762214,1.9021181741351079,-0.10712239657022149,-0.093197789434564415,2.4510468677151223
320,1119,871,0.93316902717537609,-0.14477774743096816,-0.13975169235189844,1.7068591807315165,1.9871510425561509,-0.089366299981489761,-0.080918544970319972,2.450188216985588
1119,1122,871,0.93463130582672171,-0.13421208717839583,-0.13378707363401832,1.7499563940097285,2.2694756661085909,-0.05529165445975559,-0.054520175465603504,2.6035526074169963
1119,380,1122,0.90853836799443677,-0.13963581851928453,-0.13051340286996593,1.7506368658997413,1.9382599266635649,-0.090534090445481219,-0.075460449829877929,2.4556915605861782
871,1122,164,0.91654613176563338,-0.11887594498841736,-0.10974405923144515,1.7295680313482409,1.9641680655090115,-0.076785304159746243,-0.061530887448778382,2.4560501876720755
132,1123,707,1.1878488857253693,-0.36419359401512619,-0.39419297978713796,1.4330236199998616,2.0778378847853927,-0.22304480375124547,-0.27244558724475343,2.2380223199329516
1123,1124,707,1.1925871939879293,-0.39773432044627466,-0.40364414387566594,1.4999249045055487,2.4351393949220532,-0.14028300243128278,-0.15121820699085076,2.5469334077455925
1123,381,1124,1.1853656054229713,-0.40590889489948445,-0.43539426273083848,1.4639849297831864,2.0327701475872901,-0.26049724999580415,-0.30783853575558739,2.2209892588548663
707,1124,278,1.1417358055836342,-0.3631743777398313,-0.38611392864508343,1.4880109085850481,2.0344558996314839,-0.22851501357677251,-0.26600208790885604,2.2629913762880891
381,1125,1124,1.1902901836122695,-0.4407601377231245,-0.446353776147288,1.5415454128588024,2.4527404325364164,-0.14760690390192865,-0.15789893089262841,2.5737063201851931
1125,1126,1124,1.1314710022788095,-0.40078507311402234,-0.42401450881716674,1.5263630584873802,1.9723820168004598,-0.26604308413079281,-0.3029010024672586,2.2447772812335054
1125,371,1126,1.1345432506055833,-0.42252799566048704,-0.43568936978798067,1.6089884099659715,2.4415838069782181,-0.13262666040963589,-0.15682000124188977,2.6015975436401759
1124,1126,278,1.1449019109469729,-0.38558090731078121,-0.39601237998841476,1.558062254727564,2.4244751767214012,-0.13002575134640837,-0.14930902742165797,2.5721351619094652
381,1127,1125,1.1809430995830228,-0.45134076580600535,-0.48117098345443132,1.5021333437847701,1.9638468637791426,-0.3085049213031571,-0.35471241739546211,2.192282526004723
1127,1077,1125,1.1863014871258808,-0.48926207768711283,-0.49433503048010152,1.5952953125459466,2.4768187674993274,-0.15270318941318572,-0.1619760487569496,2.6076669210073145
1127,188,1077,1.1728264675944837,-0.50451617822633654,-0.53177891949809464,1.5529077786110843,1.8603968163240521,-0.37568598476319892,-0.41580481166627214,2.1506914054088329
1125,1077,371,1.1171215921416762,-0.44224867663401302,-0.46524845584701957,1.5755286043311072,1.8848022176574233,-0.31421690466455254,-0.34927846917211314,2.2199558187387272
278,1126,712,1.097545369261808,-0.35339826107749417,-0.36949610145286993,1.5400422730911076,1.999914411821567,-0.22581939035652343,-0.25201647133328464,2.2924065106618929
1126,1076,712,1.0991089340436986,-0.36446584090155998,-0.37947326633331002,1.6106649105482393,2.4054471078988291,-0.11941848553945966,-0.14707734758014579,2.5886980417724406
1126,371,1076,1.0803503999696975,-0.38569874553749095,-0.4014885522760947,1.5857456676526134,1.9322844059710573,-0.25913315419266814,-0.28408636995925851,2.2810458476024027
712,1076,163,1.0568589569945628,-0.33575164386611966,-0.3456729585968219,1.5876933312956574,1.9777651570225554,-0.21517011178586642,-0.23131456061174749,2.3255797367289084
134,525,859,1.207328904272118,-0.051289361027631486,-0.049914616383814447,1.3062922652679969,2.329612996434137,-0.026215240034766066,-0.023640362261528464,2.3783648152253734
525,1128,859,1.2031701644847157,-0.048374504489175685,-0.055683449178856925,1.3103356343777506,2.3237178943618249,-0.018970744592733291,-0.032639434759242913,2.3768693251420503
525,227,1128,1.2008733734981689,-0.057396649324847004,-0.054624865219627949,1.3144939134100202,2.3290925846778796,-0.030032741370170438,-0.024838372521038099,2.3847469436752182
859,1128,318,1.1992217832210708,-0.051206053357677028,-0.048538150506086453,1.3154598260454318,2.3270508571830595,-0.026990544666301491,-0.021992304593940443,2.3841335778767654
227,1129,1128,1.1959566526970913,-0.053950706884071664,-0.060361735805797956,1.3185146676138739,2.317641407095512,-0.022467776235406259,-0.034441703899693116,2.3786558754349407
1129,1130,1128,1.1925581389940292,-0.056387833393309439,-0.05278086808181115,1.3239510245944297,2.3265318691297168,-0.030029146990958544,-0.023267869947572239,2.3906789071985255
1129,382,1130,1.1875242887149031,-0.052859799360231108,-0.057700485120662393,1.32739899689801,2.3108214234806272,-0.023122029888405352,-0.032152297328732579,2.3807514207288785
1128,1130,318,1.1946865063233709,-0.048027282336940758,-0.053972793098581384,1.319268961578004,2.3170175696957327,-0.019844209716797567,-0.030950439647376884,2.3790579368676887
227,531,1129,1.1936276055600565,-0.063099558792016452,-0.059003537747697621,1.3238498764628677,2.3290152801535089,-0.033527603314252599,-0.025845803911699647,2.3923366875486614
531,1131,1129,1.1881373431571893,-0.059251439390237692,-0.064054650421636161,1.3273901962608861,2.3107194898811452,-0.026355197459462951,-0.035312466284344077,2.3803624258761653
531,156,1131,1.1854835642281154,-0.069675887239521117,-0.062243292317939236,1.3345054867929917,2.3291202024294049,-0.038775050092722821,-0.024823877104964004,2.400964451581475
1129,1131,382,1.1853968317360071,-0.061216774421386511,-0.056284097308722636,1.3329627839633673,2.3249960045259179,-0.033178219134605461,-0.023929864548905722,2.3967163979540946
318,1130,863,1.1914569484368416,-0.050343332983713296,-0.046982743660993975,1.3242818175445805,2.3243372928652977,-0.026985575365971667,-0.020688841713165818,2.3894005156585139
1130,1132,863,1.1868537056428947,-0.047116924734587506,-0.051764432412134909,1.3276332983858072,2.3110167863159901,-0.020365281793087373,-0.029038155098666432,2.3813535608750334
1130,382,1132,1.1849154656814944,-0.054730626530031579,-0.050511711431534323,1.3325541772084204,2.3232835838061181,-0.029608035734579707,-0.021700436588320091,2.3952614293280821
863,1132,194,1.1840437434788038,-0.049132065789867063,-0.044796555678315642,1.3326302533818186,2.320899728167396,-0.027045779822703037,-0.018924010034978525,2.3936197418241671
147,475,735,1.1639196134364189,-0.22789710070343749,-0.2531468658462277,1.4214756640536446,2.3532923472453917,-0.0817851122754365,-0.12885248620463485,2.4660699554235888
475,1133,735,1.1684667327773224,-0.24108510769571101,-0.24234772846854558,1.3901549335933066,2.2006066604101773,-0.1364684536318021,-0.1387026204822206,2.3267920904710611
475,210,1133,1.1773930347322183,-0.21865686659734704,-0.23846607105001105,1.3999079924618101,2.3648857780198558,-0.080920163319201044,-0.11801760907950093,2.4617232507661155
735,1133,286,1.1956490510657378,-0.24085693194615548,-0.26161717577366517,1.3899931806281738,2.3798678289202613,-0.087988100176712603,-0.12687147438549778,2.4629700153909946
210,1134,1133,1.1802814371240014,-0.22703331456978137,-0.22812708155123484,1.3699246328473809,2.2137069068463715,-0.12802822575109635,-0.12997321968292214,2.3212035586428286
1134,1135,1133,1.2066417032579171,-0.22681204892293128,-0.24471261783810583,1.3697854153828786,2.3860092222192284,-0.084206638305401038,-0.11784751136733512,2.4559183199856207
1134,383,1135,1.2081347605927895,-0.23114181745347206,-0.23388577576921499,1.3383882821448445,2.2213929268971229,-0.13125279471111923,-0.13612073289148124,2.2962838453019518
1133,1135,286,1.1981569159951992,-0.24813025626318375,-0.25003690846157234,1.3564080226520581,2.2064036614694138,-0.1427478775376273,-0.14610995458870846,2.2981641684585687
210,479,1134,1.1884011192235233,-0.20663178785801023,-0.22385961722062753,1.380647070803118,2.3700374220335179,-0.077846118502510997,-0.11019580317014221,2.4540119166281569
479,1136,1134,1.1903632682186833,-0.2123226071939559,-0.21416734064608445,1.3525365679433534,2.2257542862779198,-0.11863703343857224,-0.12193271862732219,2.3172312148762568
479,192,1136,1.1981015735705842,-0.19287932833086888,-0.20973807550288726,1.3636655468891876,2.37611189565414,-0.07209518271401627,-0.10384524705841158,2.4484619638407943
1134,1136,383,1.2157096120284621,-0.21210984311195522,-0.22830188778868354,1.3524179187223917,2.3901657418733371,-0.079476192294686332,-0.10998698872856411,2.448977051475755
286,1135,736,1.2290849491603133,-0.24787063796739289,-0.26725077288349119,1.3562635248069683,2.4050036212611552,-0.089606657537177892,-0.12606229079979103,2.458250232803473
1135,1137,736,1.2295964958061845,-0.24935427634080032,-0.25520350305136308,1.32132283667619,2.2173486325367779,-0.14304527207485507,-0.1533375270735165,2.2712296958620541
1135,383,1137,1.2369411766580907,-0.23090001904932297,-0.24846025005124694,1.3382659453496444,2.4041593458095485,-0.085189312018395746,-0.1182702965675711,2.4471656170984231
736,1137,159,1.2626014370326297,-0.24907722391563736,-0.27134773696768555,1.3211873175995703,2.4197741136381614,-0.087904919036174756,-0.12982982340599925,2.4442852008741376
135,926,1116,0.99437963062547263,-0.2031173312882002,-0.20081318745283316,1.6614937563276175,2.2874994057182807,-0.086725757905943335,-0.082514154675020657,2.567008705157328
926,1138,1116,0.97600536200767429,-0.20898458237637385,-0.21898624646073728,1.6556907552690463,2.0084458479056915,-0.12080314799204422,-0.13762902539186639,2.4188770305054965
926,335,1138,1.0036602280608282,-0.23243712292234431,-0.22887556141292698,1.6640773285195669,2.3162571330708568,-0.095629494077333344,-0.089091807704811621,2.5807048941197728
1116,1138,379,0.97563876765684432,-0.21071807626647931,-0.20850646253470417,1.7052459144368672,2.3078674852279164,-0.085129529617109456,-0.08108311132275392,2.5971395089068978
335,1139,1138,0.98383245863555757,-0.23876871240942776,-0.25373491383636004,1.6561390067101898,1.9891784972510025,-0.13955873077838782,-0.16446510422726868,2.4041951674898092
1139,1140,1138,0.98261337925086156,-0.24453420925754932,-0.24149431946108191,1.7140295011076117,2.3297691579649884,-0.095549444417788343,-0.08998206648962398,2.6089723943426657
1139,376,1140,0.95777770168104226,-0.25246552668928324,-0.264988488875745,1.7065265966710892,1.9232339512487218,-0.15594945787595532,-0.17628854195631105,2.4039778004900478
1138,1140,379,0.95173554871463661,-0.21835082564370456,-0.2249454761202907,1.6999966268404569,1.9503350926171772,-0.13333285689467694,-0.14419853825381068,2.418793638563109
335,930,1139,1.0166510465732106,-0.26660031581658128,-0.26225866845537604,1.6633675248459179,2.335457400698687,-0.10688331858013539,-0.098908726530793523,2.5871106970001434
930,1105,1139,0.99686007222760331,-0.27292015555337379,-0.29382677731187457,1.6532868999467705,1.9740677517378677,-0.16118972128337544,-0.19559599143712186,2.3873098885635526
930,163,1105,1.035398911718028,-0.30560118116707002,-0.29857000286016233,1.6573091662548567,2.3519374284791139,-0.1215439421747746,-0.10864251205264108,2.5888823873321156
1139,1105,376,0.99458523154470613,-0.28367839770866432,-0.27989609555074324,1.7191682818392557,2.3509850137196633,-0.10731868650142939,-0.10039309520651352,2.6180383281832427
379,1140,1120,0.95224615904769072,-0.21593603253256433,-0.21278918603991759,1.7574865044296084,2.3187276295699366,-0.084216428812637634,-0.078476029031064987,2.6242998825419126
1140,1104,1120,0.92352839895391092,-0.22510645730413081,-0.22654916947972614,1.7530925373311756,1.8836997275917553,-0.14545468885204532,-0.14777563428478219,2.4222812174123165
1140,376,1104,0.95747539980535845,-0.25389500440294732,-0.25079293344649367,1.7736523135501141,2.3451489680104798,-0.094017566478045322,-0.088355240249806788,2.640080674086863
1120,1104,155,0.92515661724118137,-0.21740598470065287,-0.21279570049453511,1.8181379995711788,2.3261122915228016,-0.082521753652254726,-0.074156832395708472,2.6513343098585507
112,1112,1013,0.87077955209315938,-0.025956974420695111,-0.035496314865592349,1.8485214815819289,2.1164516549461929,-0.0064754775501658507,-0.022967893877689598,2.5849053231691168
1112,1141,1013,0.86481627775429892,-0.069046121688224993,-0.037030924259766618,1.8374327731935187,1.9546706006018832,-0.057067913323557054,-0.0041061944435987346,2.5155737231990551
1112,378,1141,0.88592125468093919,-0.057892684098267644,-0.065611472083055844,1.8223286886194452,2.156885197800499,-0.021733239474337543,-0.03525950585760125,2.589003695343516
1013,1141,356,0.87249154992600175,-0.073109859736899097,-0.081068727100200189,1.8607489619851689,2.1691676967020523,-0.027426881063845165,-0.04134315902081534,2.6099714635252558
378,1142,1141,0.88089951096277908,-0.094177176081196023,-0.068106507221918688,1.8043008704801431,1.964140387154153,-0.068822784024858127,-0.025473637040591274,2.5006912075272734
1142,1143,1141,0.89198935441821359,-0.10004830384398566,-0.10665997835694219,1.8247116504557304,2.1983896434650561,-0.039293401599374583,-0.050985308130786305,2.6057509960255203
1142,380,1143,0.88755140575208813,-0.13211459830944605,-0.11057651912561495,1.796412776578963,1.9440024062779637,-0.090097458185127072,-0.054550320519791362,2.4856982863341912
1141,1143,356,0.86693070437321573,-0.11329115600804585,-0.084430240690727798,1.8364594951732611,1.9206735145057052,-0.082649653696852121,-0.03545732994979664,2.4998122569576813
378,1115,1142,0.90234435045207029,-0.082844129866463945,-0.088499827996775693,1.7935235248661212,2.1867645921020396,-0.033565871640801243,-0.043582966781656629,2.5880243679921557
1115,1122,1142,0.8982232669892003,-0.11262206093969063,-0.091636413733340749,1.7708593311631204,1.9795287755340789,-0.077012619457439035,-0.041890561955652994,2.4875086985809522
1115,164,1122,0.91892586019312006,-0.10168127279986905,-0.10500733180111554,1.7637931447982766,2.2066619032905761,-0.043021014020918291,-0.048958835593764183,2.5826418269654656
1142,1122,380,0.91131737472460195,-0.11955484750769951,-0.12525175823158641,1.7886572608522431,2.2168138404435758,-0.047996555878893316,-0.058154140582427932,2.5972375617091989
356,1143,1014,0.88166451498468668,-0.12109209719219649,-0.12879864205773295,1.8599507221630633,2.2163036857872456,-0.045593155554289777,-0.059206257274126733,2.6265782737858547
1143,1121,1014,0.8769643500362605,-0.15505526649815771,-0.13370865910401797,1.824471171537084,1.9030015638838091,-0.10570032169807106,-0.071042831228442682,2.4829401510955256
1143,380,1121,0.90394797378609049,-0.14079522273642109,-0.14865528038401665,1.8165723260921971,2.2321103892009937,-0.053633552940952955,-0.06763616416673679,2.6144683254858716
1014,1121,155,0.89730519319384783,-0.16582475767039284,-0.17828224699968764,1.8480707272505987,2.2541895356213844,-0.057782212665786925,-0.079966567119131471,2.6347885655755716
150,1144,911,0.98538977552679841,-0.10331643984475036,-0.088311121913979829,1.6301676190364045,2.2365998225082482,-0.057577319011333783,-0.030220018977572261,2.5320154596682398
1144,1145,911,0.98896229968874216,-0.096423923000182654,-0.1010568890372241,1.6055770464855661,2.131243477135373,-0.04885225829162701,-0.057054098621343918,2.4619258395296288
1144,384,1145,0.995119850202828,-0.094881557623284429,-0.084970302312985968,1.6096064725274903,2.2309836984583442,-0.051064788217595608,-0.032993724148991849,2.5181802354309566
911,1145,330,0.99831446607655394,-0.113448832966494,-0.10322715655883385,1.6095278539911275,2.2381899444460052,-0.059463681781541822,-0.040809418725413993,2.5210466726502663
384,1146,1145,0.99809023009056297,-0.089150765476639471,-0.095286096246931962,1.5897040785248895,2.1465017681653933,-0.043495034314592812,-0.054417825662562758,2.4605745807310018
1146,1147,1145,1.0065942770240675,-0.10463295446533039,-0.096497522096536059,1.5919095607024927,2.23530025913908,-0.054640974873352788,-0.039784043180224882,2.5100890786811547
1146,385,1147,1.0103454659976716,-0.097395737300182805,-0.10638701430502273,1.5728296361053891,2.163659967662424,-0.045407221244228135,-0.061496433196932515,2.4587370184734429
1145,1147,330,1.002330443150111,-0.10570101245809438,-0.11472615139056774,1.5873434275485785,2.1512341140669688,-0.050227435439455903,-0.066299539520828205,2.4604963310922914
384,1148,1146,1.0031743697182862,-0.087877227124478097,-0.080195585335286701,1.5934841368645336,2.2305206844537069,-0.046682775974703494,-0.032661371073926831,2.5091952915077607
1148,1149,1146,1.0060467949856005,-0.082335067151320995,-0.08924826637426797,1.5760175705190353,2.1592388436197987,-0.038979143619336104,-0.05134472889070249,2.4592794513286593
1148,189,1149,1.0103827464003552,-0.081248944262467759,-0.075200048073765124,1.5795365424779622,2.2316258581594415,-0.042700675700912905,-0.031644824293743767,2.5020911574967952
1146,1149,385,1.0138392311355862,-0.09652060645530991,-0.089781868475823146,1.5769889526951104,2.2342408129427382,-0.050341754883731965,-0.038024489861345545,2.5013517364119315
330,1147,912,1.0117168186420558,-0.12278880248676227,-0.11518248416742427,1.5881741761885424,2.238092651823183,-0.062735104173847783,-0.048848650241518216,2.5083911282476552
1147,1150,912,1.0166749191125319,-0.11322339117981217,-0.12576755989621535,1.5677529274332902,2.1715217484505041,-0.051025641569013153,-0.073499380928686242,2.4586581486998149
1147,385,1150,1.0187539288271639,-0.11270270647619629,-0.10627938740531118,1.5726337094931404,2.2358079414091057,-0.057846265335146724,-0.046110631317855977,2.4987500938758616
912,1150,168,1.0252786182993905,-0.12888577334448303,-0.12489372824133005,1.5661621831465418,2.2354270507931675,-0.064191711192972123,-0.056906885646070715,2.4935260711907676
130,975,1152,1.0439011609785731,-0.086681770116325829,-0.097325240862432327,1.5226182149862177,2.2200390423566554,-0.036370959390464169,-0.055778365756802895,2.4597769372805867
975,1151,1152,1.0382308114772805,-0.09762128728767272,-0.091687218295801287,1.5334953654451176,2.2245394510927126,-0.052191058948691582,-0.041360400527570423,2.4692866255936545
975,348,1151,1.0397813490960797,-0.097390930087294159,-0.1082602153156631,1.5310331812651956,2.2145260095058967,-0.041755855564557742,-0.061524774089048107,2.4612389487676691
1152,1151,386,1.0332195659569927,-0.083839063318389861,-0.093168770967499093,1.5375700192733843,2.2074719672193845,-0.036215775473956324,-0.053162357598540322,2.4621381073568895
348,1153,1151,1.0339954003935468,-0.10855454630764538,-0.10206875651616354,1.5429792031598377,2.2232276953199626,-0.057758214489014276,-0.045936594415916521,2.4738124001268487
1153,1154,1151,1.0285408220961605,-0.093554031927043368,-0.10343594557172775,1.5467390793539026,2.2013520378056457,-0.040937084164155785,-0.058838370393004491,2.4638195365338085
1153,385,1154,1.0233026423540768,-0.10365978594133618,-0.096789924719830722,1.5595609096862102,2.2201996869477556,-0.055295372367009932,-0.042786945367352308,2.4825969415542128
1151,1154,386,1.0281541793134181,-0.093611456387677316,-0.087163392676990803,1.5491558904643039,2.2216545806469963,-0.050286613790846091,-0.038529677874942631,2.4776273565910589
348,980,1153,1.0352747389259696,-0.10836448007571775,-0.12020129014969383,1.5402853248347004,2.2069806819481066,-0.046963981008142253,-0.068421416413649905,2.4619219493995903
980,1150,1153,1.0293367762470957,-0.11982066789455481,-0.11323918755671691,1.5537173989706528,2.2219306417174196,-0.063104571012036009,-0.051126985886483706,2.4789496586782853
980,168,1150,1.0300303421204928,-0.11971762757425619,-0.13285402578813077,1.5508033005533797,2.1960627570391917,-0.05247804682996593,-0.076184192016092861,2.4613491178420186
1153,1150,385,1.0234527604317201,-0.10363748941830409,-0.11441217405494619,1.556943537452721,2.1942592212521173,-0.045702386418822377,-0.065159642522354538,2.4654995846623029
386,1154,1155,1.023123872300133,-0.079777721023056358,-0.088172569943361534,1.5519312064046833,2.1960235109388062,-0.035096304449808297,-0.050291136638964479,2.4648739239291109
1154,1149,1155,1.018532623468217,-0.088635676484541515,-0.081809835623840144,1.5642069116166937,2.2185576021684228,-0.047877052753406951,-0.035445347216640416,2.4853108344950514
1154,385,1149,1.0178755439624543,-0.088733296170472542,-0.097624877853480729,1.561857333762072,2.1890070663494856,-0.039527318030051439,-0.055573857966856766,2.4666085625102987
1155,1149,189,1.0135942063994046,-0.075053237666837802,-0.082360672654568479,1.5657219133194928,2.185421495709492,-0.033660420985794831,-0.046843382148523932,2.4677877753612929
137,1156,931,1.5897154734373826,-0.65515105068588309,-0.73916147436405311,1.2856821840204695,1.9875856439413884,-0.53767862951569856,-0.64627831984838213,1.7294209072871847
1156,1157,931,1.7241031707254497,-0.67811151875143416,-0.75165824373949963,1.2878172877536098,2.7492933119121568,-0.073146843119754612,-0.20533929622850611,2.6643148948352016
1156,387,1157,1.6832279919886419,-0.59874733409950442,-0.68670057929159434,1.1616939964281752,2.0323824262103853,-0.52607539769486533,-0.63715053015342815,1.5604365312656134
931,1157,336,1.7007479727494577,-0.70008197232652147,-0.80511586670147928,1.2375292009333698,1.8752399652781111,-0.69203681869201161,-0.80958509891948749,1.4131216693487902
387,1158,1157,1.8264133893981018,-0.62321091083321267,-0.66364323208429532,1.1577545920413712,2.7443442257441091,-0.10635209695715941,-0.17871114066561122,2.5962232885823315
1158,1159,1157,1.8267178080059443,-0.62292457614455032,-0.73685172483019556,1.0888950334016534,1.9827324463371183,-0.64302201837508299,-0.76805399638122496,1.217074139423884
1158,388,1159,2.0019711402876226,-0.65286577169115922,-0.67376403364960602,1.0781168024052459,2.7911120241504319,-0.11721160227782312,-0.15380619215728708,2.6023774095471683
1157,1159,336,1.8824425786535199,-0.73112494188943167,-0.81419980408433901,1.2390812139404943,2.8295384459101975,-0.03666017009616529,-0.18481442543934157,2.7373324559367433
387,1160,1158,1.7696030286601103,-0.51290159825789905,-0.60804627513242337,1.0498013591632187,2.1557052860345647,-0.42894309441273293,-0.55315570347451481,1.525063691441898
1160,1161,1158,1.8930588496340128,-0.53399432841236827,-0.53948402183299393,1.0380873298350046,2.6943884815805141,-0.15592361354516271,-0.16553665306263987,2.4383615457472505
1160,175,1161,1.8282114044201747,-0.40807992675495885,-0.50247980482270016,0.96623617473880152,2.3069244934527298,-0.28660990982855061,-0.41987876464409168,1.6381317538586799
1158,1161,388,1.9251873694860326,-0.50377458505149741,-0.61605583837426359,0.96606469526575189,2.2064319667164058,-0.44386196699037972,-0.58114148411925803,1.3285275710617472
336,1159,936,1.8635697111694087,-0.74887644890227634,-0.89031281032893084,1.1674905791174019,1.7002649501892444,-0.96509762248683306,-1.0831873520535638,0.83046396824409485
1159,1162,936,2.1134782059043609,-0.79157483194554512,-0.86440496495960861,1.16306406649894,2.9318163475676489,0.0035064611775035281,-0.1252754244878358,2.861929658921345
1159,388,1162,2.0289658001089292,-0.62747456481383113,-0.77272072317024154,0.98503803082055263,1.9595900057820623,-0.78244720022790326,-0.91048902879274018,0.69740668301608855
936,1162,157,2.1108366265299363,-0.79405950442606166,-0.99323461105824506,1.0418867589248908,1.2662308498042771,-1.7092372890190259,-1.7389402953689794,-0.79606485204861066
143,723,1039,1.1522152998727426,-0.077951627129814405,-0.087363575833510509,1.3695976073683553,2.2725009227879425,-0.033877380054412543,-0.051258125054924414,2.3844504121194103
723,1163,1039,1.1607925322528072,-0.083624877967583444,-0.082418586234756841,1.3663268359655554,2.3169079014538392,-0.041017426421201209,-0.038758390237305512,2.415657147675546
723,282,1163,1.1627403354208834,-0.075898926079434048,-0.08466561871242817,1.3574139924615904,2.2837623568813412,-0.032877440273906405,-0.049111982820258721,2.383168990226761
1039,1163,363,1.1612015921086485,-0.083387853577037596,-0.093012735316845507,1.3601881946550973,2.2802400025111389,-0.036306729983294678,-0.054104731457472077,2.382227584617115
282,1164,1163,1.1703506839273619,-0.080932649561201053,-0.079145891447382155,1.3537630715184346,2.3183932952796997,-0.040399756558362337,-0.037054669149579555,2.4071378644085955
1164,1165,1163,1.171668143757417,-0.080169218074476412,-0.089410345480892772,1.3478151046624891,2.2899217895109176,-0.034635781200635124,-0.051763207268218536,2.3796667972523244
1164,293,1165,1.1792307656535155,-0.085171008209787402,-0.083142537549564022,1.3436696825705674,2.3209335751042248,-0.042769996765879253,-0.03897361678949135,2.4007954258975639
1163,1165,363,1.1694767646934452,-0.088861312580958085,-0.087251634437234937,1.3563776216236754,2.3189242805261392,-0.044001287992505911,-0.040988196920903719,2.4091198500701214
282,722,1164,1.1725395498843021,-0.072250234551157533,-0.081161404257732883,1.3457682837964908,2.2922991912489183,-0.03071599484092441,-0.047250372797620968,2.3803369389623259
722,768,1164,1.1794853756690402,-0.076844421837472865,-0.075280526249090318,1.3418784864106943,2.320182229761317,-0.038492795260678003,-0.035565537229090144,2.3992393675984962
722,156,768,1.1820634143581525,-0.066618643789508436,-0.077178812959868281,1.3343489413120002,2.2997188042030419,-0.026610594254538794,-0.046235962744116926,2.3768653446919217
1164,768,293,1.1816455620131956,-0.075592730075559889,-0.085016357087360106,1.3362371863957181,2.2999400751831045,-0.031863237717498549,-0.049371758115168862,2.3781314788223051
363,1165,1043,1.1705144418880122,-0.088260044084154554,-0.097947056378750119,1.350180299077592,2.2862645762434686,-0.038677946441895233,-0.056603446802068746,2.3781988427071932
1165,767,1043,1.1788184621222442,-0.093752583829283864,-0.091439317478174242,1.345875876213233,2.321771358077426,-0.047008226859771518,-0.04267942308564765,2.4026765530130541
1165,293,767,1.1812815860632799,-0.083982614576287418,-0.09351014725924145,1.3376619398570009,2.2971038044719942,-0.036219706756189046,-0.053896929139082672,2.3765012472649634
1043,767,180,1.1801121882647969,-0.093002951113946519,-0.10254421193603314,1.3394412901658734,2.289078185801583,-0.041413384786840535,-0.059060351163529257,2.3709427849291438
31,32,938,1.7789905942576196,0,-0.069120349624252952,0.90437111440396123,2.5828819247438743,0.045806089526425994,-0.077068421771039536,2.1873016807862808
32,1166,938,1.8222003465823344,-0.08464952068128051,-0.053620944364009659,0.87400719988149689,2.518443904593882,-0.064908089017340548,-0.013098552037772326,1.9835114269936727
32,33,1166,1.8992200843003229,0,-0.078359006532242148,0.84681851854903378,2.5832104701403651,0.046499143017324412,-0.085846538822918858,2.0547548045238706
938,1166,338,1.8305514185772429,-0.08464952068128051,-0.16658699932322207,0.87400719988149689,2.5053292951441017,-0.0057258626778164956,-0.14064550852275085,1.9480429225181692
33,1167,1166,1.9555049808294833,-0.11026421713747625,-0.06735944207621003,0.82526996043861445,2.5761792116174487,-0.082769369913885477,-0.012640250744646614,1.9690793746483644
1167,1168,1166,1.9502265223429864,-0.11026421713747625,-0.21648562761392842,0.82526996043861445,2.5054928783170016,-0.022194795995765904,-0.18647595189467336,1.7870670522988132
1167,389,1168,2.0179544704915813,-0.24293431572322999,-0.22620691067697152,0.8443126690634859,2.6814325160157142,-0.10527800883919952,-0.076595847934310846,2.2264421018621512
1166,1168,338,1.8819391361390443,-0.18531998108619807,-0.1685840034390047,0.87791940562452453,2.6090843545097004,-0.093938328536121773,-0.065029819219597884,2.1580943576487757
33,34,1167,2.0558306650774005,0,-0.10410871316303627,0.78488020743430198,2.5981639945269217,0.053952728315361992,-0.11097464657009311,1.9020451885241496
34,1169,1167,2.1311304627417198,-0.14751511954481167,-0.098434764558385623,0.77376472993411483,2.6501675139055658,-0.099473375984061335,-0.021169705680804785,1.9843538846399855
34,35,1169,2.2653429656769966,0,-0.14991990747410711,0.71717658169239051,2.6228402490178704,0.063422783855970444,-0.15350021493145691,1.6926445658939064
1167,1169,389,2.1047689555877165,-0.14751511954481167,-0.29039297863187485,0.77376472993411305,2.5016024301151782,-0.056919004591824807,-0.25777916356384567,1.5450898801882231
338,1168,943,1.849463287470678,-0.18531998108619807,-0.2678207702966553,0.87791940562452453,2.4508655505633747,-0.084890400571029256,-0.2137922392060026,1.8104833064074937
1168,1170,943,1.9094078403835395,-0.30275360193630063,-0.28268778184519228,0.90704443721668326,2.6667623972908734,-0.12493549943472493,-0.08955316998303875,2.2995256446895844
1168,389,1170,1.9638353870196879,-0.24293431572322999,-0.33976529735690519,0.8443126690634859,2.4457934709837437,-0.13762375156946705,-0.27871402123196082,1.645896603830022
943,1170,175,1.8534779712448721,-0.30275360193630085,-0.37257629029341821,0.90704443721668326,2.3959853913177458,-0.18876430427442881,-0.29289560460570319,1.7209684921604758
27,28,1172,1.5041766779371206,0,-0.027935289091743698,1.0421318654999769,2.4120130894723899,0.017354293101624865,-0.03277196211462071,2.1570075313078592
28,1171,1172,1.535363779048883,-0.030786303025185369,-0.021972549572936373,1.0362457555653446,2.5012909425097276,-0.020288742996528726,-0.0039284595716297735,2.2721873573314917
28,29,1171,1.5479363684834526,0,-0.032444260534205682,1.0106038407852882,2.4096798340010834,0.019229067715062588,-0.037952019118425426,2.0995956885192588
1172,1171,390,1.5103675138348625,-0.030786303025185313,-0.058707022246046847,1.0362457555653446,2.3966068518322241,-0.00085825550441016862,-0.050431251184080067,2.1248829995982961
29,1173,1171,1.5859218255269418,-0.037498927463161968,-0.028871580760037041,1.007076921007874,2.5282101250770141,-0.022815598030655311,-0.006852940931788995,2.2694584134706601
1173,1174,1171,1.5522169984251128,-0.037498927463161968,-0.071874909830784262,1.007076921007874,2.3950492199580271,-0.0026481222343360533,-0.062618487029540038,2.0697479842406681
1173,351,1174,1.5909653766509997,-0.075749334563254167,-0.075433917602886424,1.0105901905274859,2.5477779816620365,-0.032338713885948417,-0.031750749479973389,2.3017458736301428
1171,1174,390,1.5421469408930457,-0.062157319775793529,-0.059602049967271142,1.0371292809222794,2.5201749190783072,-0.029085886028942923,-0.02431186371660031,2.2986986854126443
29,30,1173,1.6012373920024154,0,-0.042144116265735221,0.97458018985676098,2.406487290589622,0.02340932608658168,-0.049090169326138862,2.0246288771454104
30,989,1173,1.6481252219210327,-0.046287275970124941,-0.041806296880587013,0.97424669736765424,2.5602347562356185,-0.02312589707907306,-0.01487298432906986,2.2695594060441513
30,31,989,1.6670281384661254,0,-0.058849188150603027,0.93251403618480566,2.3976180725086698,0.029449917916604076,-0.068166464991517198,1.914385410991132
1173,989,351,1.6029971677460728,-0.046287275970124941,-0.090275966605750213,0.97424669736765424,2.3937175765070409,-0.0052034683939211346,-0.080204331570744261,2.0004917465628433
390,1174,1175,1.5108575478368929,-0.062157319775793529,-0.09190211046208141,1.0371292809222794,2.3863402900852737,-0.01877289518351874,-0.07125663999235736,2.1095020880736013
1174,992,1175,1.5425434629700454,-0.093435888042929127,-0.098118805981775914,1.0432660560285569,2.5333092034142743,-0.036011956746189316,-0.044806150494396069,2.3226609850427922
1174,351,992,1.5497663750086419,-0.075749334563254167,-0.11146311879944548,1.0105901905274859,2.3806012360266129,-0.02631627488138874,-0.088131439989524385,2.0509891770086366
1175,992,183,1.5067693536239091,-0.093435888042929127,-0.12722309246230346,1.0432660560285569,2.3764451128298711,-0.035620327376540362,-0.094960433535059896,2.1021548340183918
153,1032,1109,1.2314996071604263,-0.15928404517165129,-0.17385219631660398,1.2958402619238711,2.2889925671301996,-0.075744554635342798,-0.10233133113496107,2.3233854600705062
1032,1176,1109,1.2388714852349954,-0.18066269841137617,-0.17740574713949187,1.3061456590077398,2.3723562557547426,-0.085383801087229205,-0.07927222987222543,2.4032919569513536
1032,360,1176,1.2390566308526951,-0.18056262939289836,-0.1990300224599828,1.294457993733781,2.2843727229780435,-0.085741031956123814,-0.11926180295653344,2.3142927870077585
1109,1176,377,1.2200574745010426,-0.16874673806968454,-0.18444662391568656,1.310605038223704,2.2772887577650698,-0.08077916404416291,-0.10933751873418079,2.3260286388088312
360,1177,1176,1.2475731217563735,-0.20526300190721436,-0.20326934169632871,1.3067532883016009,2.3792898060987704,-0.094776631934472833,-0.091041535457249911,2.4062075037194095
1177,1178,1176,1.2260911063964732,-0.19165793114116791,-0.21051359353450838,1.3113412451228896,2.2696097784964357,-0.092645931873645171,-0.12672242240084824,2.316110292547418
1177,383,1178,1.2344532718493246,-0.21591071366014836,-0.21584442176737539,1.3268022424574584,2.3807767644285538,-0.096499011987568384,-0.096374702948678337,2.4220309095913946
1176,1178,377,1.2276639497692958,-0.19080779288342731,-0.1887553992344575,1.3231017762179968,2.3730531710046425,-0.087963793348478259,-0.084110174698047768,2.4163196569015764
360,1031,1177,1.2476922894431297,-0.20519859052884737,-0.2276922227748166,1.2935524661931703,2.2751763422077516,-0.098704105194162561,-0.13920429160454956,2.300380206074121
1031,1137,1177,1.2572862026463141,-0.23302381017257856,-0.23315903088203882,1.309407845860675,2.3886252862461896,-0.10415339965007808,-0.10440630719676242,2.411943335886479
1031,159,1137,1.2571008848631697,-0.23312397636840876,-0.26192528454667929,1.2938593855405127,2.2579297858425735,-0.11444462336504507,-0.16566521532386813,2.2787285598396179
1177,1137,383,1.2321936684438786,-0.21713211203326743,-0.24000415197973624,1.3137430237001881,2.2574567730665542,-0.10658006769967787,-0.14754816139219357,2.3027911621017685
377,1178,1110,1.2080321328208683,-0.17837449673431571,-0.19421145717114285,1.3265572273518256,2.2657737112618581,-0.086481755587459797,-0.11519725143131032,2.3299307819223229
1178,1136,1110,1.2154832325344707,-0.19998289494985722,-0.19926346765860892,1.3412081995033631,2.3724343955259553,-0.090053133048627887,-0.088702134886794348,2.4287254535330045
1178,383,1136,1.2121494861346367,-0.20178474548366898,-0.2204823483047651,1.3297396452602861,2.255566410920157,-0.099179406046216501,-0.13283761384320941,2.3201769824991159
1110,1136,192,1.1963788992287299,-0.18788305716168985,-0.20275810697228636,1.3434215491213237,2.2601678871776931,-0.091811539154263544,-0.11875034526398753,2.3394262457274819
54,55,1180,1.2211231839335754,-0.0042271695980815593,0,1.2885139349057759,2.3348727349553178,-0.0050074569972012204,0.0029143504831668325,2.3682416397443751
55,1179,1180,1.224405886046013,-0.001655439298538397,-0.0047595211278732563,1.2847852369378767,2.335132097742791,0.0013147896384792541,-0.0044998081678885027,2.3651103577165413
55,56,1179,1.2279674548531321,-0.0040491718503181673,0,1.2815863599059618,2.3400820961185689,-0.0047963469623964377,0.0027978111278380317,2.3665465948158633
1180,1179,391,1.224405886046013,-0.0089421361176817982,-0.0047595211278732563,1.2853897685466009,2.3383124860751043,-0.0073028294550917493,0.00054099677947845592,2.3684083206145368
56,1181,1179,1.2311006515997436,-0.0015945668536727631,-0.0049283114480953572,1.2777254284408031,2.338393836554451,0.0015028191317432915,-0.0047424980581811191,2.3615506854168471
1181,1182,1179,1.2311006515997436,-0.0092063663936938767,-0.0049283114480953572,1.278558765192745,2.3428380010117364,-0.0074939808872574142,0.00053322888836578215,2.3662091851840032
1181,305,1182,1.2340629006893775,-0.0068858229638584234,-0.0099813460846736035,1.2746003585997059,2.3393323383769697,-0.0012940711694241006,-0.0070921009441679735,2.359487119425606
1179,1182,391,1.22731593845177,-0.0066624821161713754,-0.0095306396916612357,1.2816522071528258,2.3359487747365417,-0.0013391789552438353,-0.0067107945728641163,2.3629605844326864
56,57,1181,1.2350826342293062,-0.0042708597900764644,0,1.2744131073324638,2.3450814215968228,-0.0050586997156906923,0.0029563426142164154,2.3644420898221981
57,810,1181,1.2381780921965007,-0.0018458200598372443,-0.0051980549856480707,1.2703408537293619,2.3417138285147012,0.0013898411951065769,-0.0048901702057948492,2.3576965435018846
57,58,810,1.2428002161321001,-0.0049523523556302962,0,1.2668472378261058,2.3510531782916471,-0.005864989101509302,0.00343706320126519,2.3628424013925096
1181,810,305,1.2381780921965002,-0.0096518373392324719,-0.0051980549856480707,1.2713852829662571,2.347321143428855,-0.0078303985212027204,0.00053026727683520847,2.3636456288576024
391,1182,1183,1.22731593845177,-0.014083510636941021,-0.0095306396916612357,1.2825844052269453,2.3407589922222654,-0.010086648439534628,-0.0015451560669069372,2.3679830079905111
1182,813,1183,1.2299985522893002,-0.011981900727893624,-0.014368543222335717,1.2787943010170739,2.3364696894794887,-0.0043256641121002005,-0.0087941956637693393,2.3607650441299133
1182,305,813,1.234062900689378,-0.014713551748532616,-0.0099813460846736035,1.2758456631644215,2.3458538873903771,-0.01050478387361738,-0.0016203135637117144,2.3663690589708581
1183,813,177,1.2299985522893007,-0.020106713957002142,-0.014368543222335717,1.280412628338329,2.3448564186563519,-0.013833715230124166,-0.0030577472346338119,2.3695572488444436
81,82,804,1.0725303406669582,0,-0.0062740247785111336,1.4735045411801053,2.2576490259070194,0.0042721446877702438,-0.0073373414562990825,2.453546375226701
82,1184,804,1.076400619435649,-0.0061835718700065101,-0.0013389512601564846,1.4656197391778871,2.246900989011384,-0.0063449889339045242,0.0025896702357343804,2.441203061967812
82,83,1184,1.0814760663712182,0,-0.0055767524126260071,1.4604566967247301,2.2614745116501829,0.0037988087725785505,-0.0065315247808949333,2.4471823141095728
804,1184,304,1.0780469526409604,-0.0061835718700065101,-0.01214959495989909,1.465619739177888,2.2606025694246288,0.0010422632002428205,-0.010006440630381263,2.4501099937471338
83,1185,1184,1.085062880288743,-0.0057306780645296485,-0.0012350454867560146,1.4535199207405798,2.2530207215398379,-0.0058896819489377512,0.0024155988083506821,2.4367848894457085
1185,1186,1184,1.0865404916339196,-0.0057306780645296485,-0.011524164774436407,1.4535199207405807,2.2650962058423851,0.0011470526552418217,-0.0095954459510539519,2.4447783146567392
1185,392,1186,1.0898016060637019,-0.010940742538146253,-0.0073727475833429423,1.4468874790743325,2.2552598577144352,-0.0078698799354850312,-0.0012747826499129623,2.4335672038855947
1184,1186,304,1.0815607632872402,-0.011797352192465915,-0.0075820567886406565,1.4583224888451047,2.2496880490536739,-0.0087309802581395073,-0.00095122663395849974,2.4379231484538417
83,84,1185,1.0897665941021817,0,-0.0052532657795811843,1.4486244003488542,2.26518682344574,0.0035800448533393195,-0.0061604825578325155,2.4414600699641094
84,1187,1185,1.0931438928229733,-0.0053959341470264377,-0.001368171898655568,1.4424171582688352,2.2585521640555779,-0.0054115399910870275,0.0020404359561228061,2.4326234317881874
84,85,1187,1.097572850390991,0,-0.0053864576532873798,1.4375215581229934,2.2677938321775999,0.0036687379736211473,-0.0063243961553470463,2.4353970373201599
1185,1187,392,1.0943529696180807,-0.0053959341470264377,-0.011042135911189632,1.4424171582688361,2.2682374742108409,0.0012030866115669038,-0.0092743327233653482,2.4391402456039786
304,1186,808,1.0835683897662971,-0.011797352192465915,-0.018324758143220876,1.4583224888451047,2.2659159542718825,-0.0012876615590165369,-0.013394159055123995,2.4485748847310274
1186,1188,808,1.0866779872234948,-0.016765578129811942,-0.01381110032238464,1.4511109856951165,2.2517346536478904,-0.010380433117667388,-0.0049251482106177739,2.4341566556170915
1186,392,1188,1.0914589850958265,-0.010940742538146253,-0.01727773484793893,1.4468874790743333,2.2683935342003885,-0.0010245960481568527,-0.012784943811856578,2.4423328962653699
808,1188,176,1.0892680314257586,-0.016765578129811942,-0.024858354582100617,1.4511109856951157,2.272286806506516,-0.0025760530177258503,-0.017612598299029253,2.4477897145505207
152,888,958,1.1028645259408809,-0.150255066524835,-0.1449392035202921,1.4424628993060793,2.2017815524096482,-0.085023512780147359,-0.075441225289951563,2.3863839297618497
888,1189,958,1.1101738575322164,-0.13560805306448698,-0.14183465535103323,1.4486840370743197,2.3142644639010617,-0.057401780969211835,-0.0690400214704599,2.4685371693901423
888,324,1189,1.1007039165595929,-0.13118144361841999,-0.12801937331385194,1.4422262504690355,2.2140839276201545,-0.072054458771695196,-0.06632142737770208,2.3964076415414652
958,1189,343,1.1111179251694097,-0.13855894276598058,-0.13580267617307307,1.4298297680213139,2.2174314272060101,-0.076051576074211868,-0.071055537020810938,2.3883182272345271
324,1190,1189,1.1069943910855207,-0.11857663825910736,-0.12548440741834277,1.447305795990391,2.3073650637004253,-0.049805323645747718,-0.062709535999488142,2.4642524106847064
1190,1191,1189,1.1082418076243621,-0.12247534978135644,-0.120179226391401,1.4307248306485576,2.224701225357991,-0.066376891260147508,-0.062198527918276597,2.3955753564674809
1190,262,1191,1.1139249518781904,-0.11108750823567393,-0.11758750192331924,1.4359181085690853,2.3109582740609347,-0.046716631491405397,-0.058877726324134572,2.4596437844633776
1189,1191,343,1.1170825679646441,-0.12660806663880519,-0.13248492757774244,1.436477274644103,2.3167793936067085,-0.053764635645635023,-0.064764763500927691,2.4628955122141756
324,887,1190,1.0994538361418904,-0.11505171762665256,-0.11246949882408597,1.4412218246943294,2.2224658156330706,-0.062358115972967948,-0.057657276968880566,2.4027453521129001
887,646,1190,1.10527138663186,-0.10339555854789229,-0.11049431563609069,1.4451793407465994,2.3027055396733305,-0.04309119798418326,-0.056349442527372312,2.4607338932879927
887,158,646,1.099161985031452,-0.10053964729013742,-0.09867691268945844,1.4396551574762686,2.230350856921846,-0.053674994110317426,-0.050271818618764286,2.4080126940466187
1190,646,262,1.1066432402970734,-0.10768358696147651,-0.10576301014917977,1.4303906115433946,2.2306708997265687,-0.057793189302579956,-0.054287187238129281,2.4006699897309924
343,1191,959,1.117766297216424,-0.12874521182650334,-0.12708733174188769,1.4196059093548445,2.2291096916039774,-0.069412845577654148,-0.066395221057523907,2.3893404956551927
1191,645,959,1.1230646320267974,-0.11812936353971804,-0.12394272444841725,1.4259065066450809,2.318150879595172,-0.050187628068986273,-0.061078967250203314,2.4573498454441749
1191,262,645,1.1149668778409927,-0.11434397360231152,-0.11270315807284881,1.4206524398405485,2.2341220555893142,-0.061238124581480174,-0.058242599527414451,2.3949852738465531
959,645,178,1.1238597267509824,-0.12061460584745198,-0.11940374602703052,1.4117189377132622,2.2455225065931645,-0.063621697964687945,-0.061405402451789853,2.3954702176482345
129,1192,716,1.1640397137140939,-0.046764162559381539,-0.050793742161088673,1.3513179163062468,2.2829637043411806,-0.021303186043878167,-0.028771753916553872,2.3790906637871627
1192,1193,716,1.1701902299171978,-0.051074825229569853,-0.050990181345918373,1.3514555930528864,2.3265157278942299,-0.024456895096158782,-0.024297800691059218,2.4131030699516058
1192,393,1193,1.1695261059444855,-0.046975039613766256,-0.049995358056982298,1.3453143266962577,2.2888806597314693,-0.021965196066612042,-0.027570927160699948,2.378679888921353
716,1193,281,1.168767836651802,-0.052672723551332901,-0.055596434882405177,1.3462809870036097,2.285484382599988,-0.025077441476837201,-0.030497055607228984,2.3766017811216322
393,1194,1193,1.1752369099755084,-0.050977736421126352,-0.050025011976174483,1.3453351110984286,2.328377815380021,-0.025056966851421669,-0.023266048713038667,2.4097583535413891
1194,1195,1193,1.1742538607144093,-0.052082159201910727,-0.05461223043535135,1.3401815254468907,2.2908574222770559,-0.02493016338496909,-0.029625740486709601,2.3757009998782155
1194,382,1195,1.1804169089543342,-0.056401833520894229,-0.054005955433726882,1.3397565879074094,2.330688457974889,-0.028677074095243948,-0.024173085973919609,2.4069614059052231
1193,1195,281,1.1750643901066129,-0.057085738171926081,-0.055600774450086377,1.3462840284414028,2.3288588979534359,-0.028313681198446461,-0.025522312804785396,2.4106590993098016
393,1196,1194,1.1745197712573292,-0.046550678940694645,-0.049131978176777835,1.3398222139954115,2.2939662126294369,-0.021945809924736492,-0.026742273635068925,2.3780802975339834
1196,1132,1194,1.1800254399434273,-0.050409392534135122,-0.048623123052653483,1.3394655768099071,2.3297489893526291,-0.025421976443985167,-0.02206428136827962,2.4062008031837063
1196,194,1132,1.1792773571564421,-0.04579131040559492,-0.047864161059402832,1.3347803349112173,2.2997718269882497,-0.02176942517354484,-0.02562665183472651,2.3784669741418822
1194,1132,382,1.1795353746801354,-0.05095992555535922,-0.053137330770098856,1.3343943738512944,2.2964356325607751,-0.024471836275376219,-0.02851816514843937,2.3752655544649079
281,1195,721,1.1737727200629058,-0.058536783705760875,-0.060416707889840993,1.3408738706824259,2.2872973248905653,-0.028832450132043233,-0.03231658828333818,2.3731970705930721
1195,1131,721,1.1806899350423747,-0.063384796361775742,-0.059521469485956491,1.3402464321648893,2.3311504013256092,-0.033017427228685586,-0.02575553847723322,2.4074492659022613
1195,382,1131,1.1796908931821006,-0.057217487822049939,-0.058605117133655682,1.3345895844265954,2.2948790642768713,-0.028265197151351132,-0.030841907707503974,2.3739276505989384
721,1131,156,1.1790830170578275,-0.065189987382558989,-0.063714190447370811,1.3355363832980665,2.2912789186025702,-0.034432668185164897,-0.031696120929484831,2.3715406435253099
35,794,1169,2.366338314858941,-0.19783654014253793,-0.14018475898090621,0.69810671252248824,2.6137627683341864,-0.15083405931354865,-0.073298244289152881,1.5076058695112322
794,1197,1169,2.308937503595728,-0.18802926316737811,-0.36404741879851166,0.73635500659554154,2.6110149640414591,-0.04632512456443183,-0.29239163763656983,1.6461851331905701
794,300,1197,2.4160080590479751,-0.39778448532187127,-0.38047171540410218,0.76853081785088584,2.781512596181634,-0.14707808673276956,-0.11990724515350226,2.2163359132258393
1169,1197,389,2.1918327946037137,-0.31807643602708513,-0.30485272830406096,0.80209192028048903,2.6921660974718078,-0.14262957594402159,-0.12145001402336042,2.1030105060070099
300,1198,1197,2.2921657881213133,-0.37662528172383869,-0.50240311990947895,0.78936353832361661,2.5308634277958477,-0.22523480649493288,-0.38897745770921088,1.4807954541282955
1198,1199,1197,2.199452662161574,-0.47958510308228064,-0.43513991323900925,0.86406070413587388,2.7470427656786085,-0.18456065268098232,-0.11111530667601477,2.3153903113762304
1198,388,1199,2.0925010679816585,-0.46131177411751079,-0.51901692974793878,0.87839160146380557,2.438921941767981,-0.31517006349853827,-0.39288236860838988,1.5620189629789412
1197,1199,389,2.1098606481886915,-0.30407099731552956,-0.41293387239513901,0.82055823970292074,2.5184204685241012,-0.1572795969340437,-0.3129806384307241,1.6728088420430391
300,793,1198,2.4100857830559823,-0.60763496155135943,-0.53774195056396756,0.8585936291109828,2.848025665504442,-0.18360458210143094,-0.069128158712235876,2.5056817084455814
793,1162,1198,2.2577940363435602,-0.58161554267894511,-0.62176252938625076,0.87294875131210858,2.4138303935593797,-0.45212837372385084,-0.49998518281544269,1.318139853573761
793,157,1162,2.3906399192085579,-0.84186559513230241,-0.68074410265649377,0.9884958590306141,2.9598487014373651,-0.19056178747591956,0.087156510207843096,2.8646246295540405
1198,1162,388,2.1914940041032831,-0.65524349486498945,-0.55441562735916783,0.94773928028738474,2.7707966902896883,-0.24741627454018711,-0.080248679563895475,2.4338961312738951
389,1199,1170,2.0365822550502815,-0.38544815064590709,-0.35849788745952793,0.88101051360074756,2.6711308525652839,-0.16865499356764024,-0.12349953899056265,2.2173270755864891
1199,1161,1170,1.9602393086665246,-0.37240449492383032,-0.44057876310199084,0.8950345293606965,2.4463733646606718,-0.22446885815745443,-0.32412867573619131,1.7275778553436245
1199,388,1161,2.037053958472641,-0.52288726646401829,-0.46353470897990867,0.94000608579888834,2.6849226664913934,-0.22509876434869547,-0.12582293323727956,2.2946455727166919
1170,1161,175,1.9147934930258452,-0.42287300206795297,-0.39326598943583768,0.94757633155119514,2.6383753499601887,-0.18503538295620447,-0.1343705048859194,2.2598431888785129
93,94,1201,1.1501375301877079,0,-0.0029958901335724875,1.3704754961850814,2.3026284523888094,0.0020673636610784615,-0.003534490889902495,2.4105308837349719
94,1200,1201,1.1517582020925898,-0.0021850349503731437,-0.00062262101225663002,1.3672757887297422,2.29669385436193,-0.0021535071766678551,0.00076177168449704721,2.4035244199661934
94,95,1200,1.1537934889711927,0,-0.0021527540701704595,1.3656330747490166,2.3024794462099591,0.0014826856850427748,-0.0025410677182580287,2.4066284591500473
1201,1200,395,1.152639091190423,-0.0021850349503731437,-0.0047203167665017531,1.3672757887297422,2.3031216112586321,0.00067656036055751059,-0.0040636958433560308,2.4084027908355554
95,1202,1200,1.1551610888387858,-0.001843836189060255,-0.00035544005072374318,1.3632098859854835,2.2989526276296881,-0.0019339417104367676,0.00084440648286849022,2.4020213051537067
1202,1203,1200,1.1558546666460066,-0.001843836189060255,-0.0038299234947949401,1.3632098859854835,2.3039845719289378,0.0004628179984847219,-0.0032505339571514795,2.4058654210086674
1202,394,1203,1.1569487804998104,-0.0033189784308769177,-0.0021080686148788885,1.3608883900471849,2.2989974831887205,-0.0024765933309733121,-0.00021659486732652708,2.4002031195077209
1200,1203,395,1.1539235483424921,-0.0039168081074656413,-0.0026466985173918545,1.3644800267877581,2.2969301251274366,-0.0028143706562252348,-0.00044481347361118289,2.4014843477717922
95,96,1202,1.1568785604981056,0,-0.0017257656765004015,1.361738737413166,2.3032773158181357,0.0011878413270596357,-0.0020377137814089575,2.4041629828145368
96,1204,1202,1.1580335041098717,-0.0015571271087120309,-0.00029259239956047622,1.3598064933293283,2.3008884128234346,-0.0016385888110309777,0.00072273619830449292,2.4007923812509802
96,97,1204,1.1594839158628449,0,-0.0015287100217449279,1.358479427235773,2.304010258362184,0.0010516975642075122,-0.0018055050517485122,2.4021350199757325
1202,1204,394,1.1585900682114723,-0.0015571271087120309,-0.0031159310638670945,1.3598064933293283,2.3049085376818188,0.00030802586817570751,-0.0026065584941215936,2.4038806670517237
395,1203,1206,1.1549793554302568,-0.0039168081074656413,-0.0062028624660470655,1.3644800267877581,2.3045809361357268,-0.00034353867393836258,-0.0046189205854665575,2.4073153620122705
1203,1205,1206,1.1560066936082674,-0.0053018940203148901,-0.0042285647559339168,1.3618182236886653,2.2972296280423925,-0.003371013686478754,-0.0013687973512652597,2.3995864804114677
1203,394,1205,1.1578537130712139,-0.0033189784308769177,-0.0050946736524828395,1.3608883900471849,2.3055291136129572,-0.00040485873230903212,-0.0037258967436479898,2.4052107495325576
1206,1205,196,1.1572251503929323,-0.0053018940203148901,-0.0073693148410178821,1.3618182236886653,2.3060179032025401,-0.0011720639169223515,-0.0050395518906082553,2.40631248299383
42,43,1208,1.1686481889895202,-0.0013795002454202177,0,1.347553416937096,2.3088413359700075,-0.0016302884473771394,0.0009497312180455702,2.3971017379881649
43,1207,1208,1.16960778865002,-0.00048837746896790435,-0.0015924081918967659,1.3460746427486292,2.3074059136363725,0.00051671546116985583,-0.0015468791435825607,2.394771829146606
43,44,1207,1.1710253032453668,-0.0015398447578096608,0,1.3448934449466776,2.3108775383042124,-0.0018198997666129544,0.0010612320199689244,2.3965408174164198
1208,1207,397,1.16960778865002,-0.0029265017550574868,-0.0015924081918967659,1.3466735806526522,2.3107294837283141,-0.0023601530070356388,0.00013627297035862483,2.3978684364039395
44,1209,1207,1.1720459194227022,-0.00059205959377006678,-0.0018519413360902348,1.3431736578592322,2.3084945341396308,0.00057228570459678767,-0.0017828369387715742,2.3932567338732142
1209,1210,1207,1.1720459194227022,-0.0035524989325397272,-0.0018519413360902348,1.3439139450857915,2.3125983494441371,-0.0029202235709968843,0.00026309842905739705,2.3970982845689015
1209,396,1210,1.1728610490071656,-0.0027955399791350644,-0.0038827954342330884,1.3420280201703623,2.3078031273323458,-0.00064145770400136828,-0.0026732102175842489,2.3917660159863088
1207,1210,397,1.170315815839273,-0.0022690019778783821,-0.0033596499046772976,1.3450324557777709,2.3065756692997308,-0.00037746615328679289,-0.00241530377888178,2.3932648781637562
44,45,1209,1.1738207092431487,-0.0019085422930604778,0,1.3417999466169341,2.3133663443000065,-0.0022557855164285399,0.0013170888529996567,2.3959851839355948
45,1211,1209,1.1748932125353537,-0.00091257267068112213,-0.0021385947697645236,1.339813961640715,2.3098181301060889,0.00039007217250552331,-0.0019020323038220811,2.3915421266881145
45,46,1211,1.1772159186567697,-0.0026354822733587469,0,1.3382276199890129,2.3172806356140643,-0.0031148783562236931,0.0018235071638653131,2.3961754454312003
1209,1211,396,1.1748932125353537,-0.0043031235277641855,-0.0021385947697645236,1.3407340651363384,2.3149159170496101,-0.0036082259309598375,0.00044549407795269752,2.3963398668134825
397,1210,1213,1.170315815839273,-0.0048409384565353264,-0.0033596499046772976,1.3460137936991323,2.3120077172534179,-0.0034010331002404335,-0.00062819468085791898,2.3983341053482183
1210,1212,1213,1.1708710598388921,-0.00432531658325086,-0.0053137116211861013,1.3441991735258956,2.305772723406426,-0.0014729734915278833,-0.0033191245961435526,2.3919437880119694
1210,396,1212,1.1728610490071656,-0.0058014273213391476,-0.0038827954342330884,1.3431377653622008,2.3139346501151072,-0.0041732019844414039,-0.00058037828393200756,2.3975163746848951
1213,1212,195,1.1708710598388921,-0.0070721095143682078,-0.0053137116211861013,1.3455097090184438,2.3130086652230348,-0.0046851405488179173,-0.0013926865378871573,2.3987053260057571
73,74,1215,1.0118688017043223,0,-0.0039827626056725407,1.5638832553432107,2.2008434013242368,0.0026195567027887216,-0.0046139933635252406,2.4772741034770025
74,1214,1215,1.0150152265467245,-0.0036180675248562721,0.00010457560075982641,1.5591832334553488,2.2056419747399483,-0.0042623154316331078,0.0025095775900711411,2.4771052023440303
74,75,1214,1.0179491786955435,0,-0.0041430134357502979,1.5539452257536515,2.2051193463660503,0.0027308991682863312,-0.0048059092312677139,2.4735706098272319
1215,1214,399,1.0145201118326721,-0.0036180675248562721,-0.0073266672977352343,1.5591832334553493,2.2005765724375932,0.00061873066736686626,-0.006117457138900253,2.4742198880118189
75,1216,1214,1.0214031323913222,-0.0039716943276850714,7.8619700854876129e-05,1.5490907783988086,2.2116106068275445,-0.0046607240502000349,0.0027228169809418593,2.4742846415122428
1216,1217,1214,1.0208287422687237,-0.0039716943276850714,-0.0083642775734693586,1.549090778398809,2.205799923462282,0.00090119316399410281,-0.0070924058225472451,2.4709255764167586
1216,398,1217,1.0245522158797105,-0.0082533090575296342,-0.0043843233146110272,1.544514237093789,2.2162072077051969,-0.0066656428448292953,0.00039788897281329769,2.47408731339257
1214,1217,399,1.0179330427242377,-0.0075425898134398039,-0.0036285369742996565,1.5549307609202989,2.2102928502905406,-0.0063409626436793289,0.00078993443085049846,2.4771315981241635
75,76,1216,1.0246238464954995,0,-0.004709256826111563,1.5431865033129983,2.2097076219886396,0.003111129684261007,-0.0054703268745144836,2.4694920440551624
76,1218,1216,1.0284389726009522,-0.0043870057467625401,-0.00028515948569074467,1.538099242782101,2.2178339939698875,-0.0049074491950087768,0.0025863088198467919,2.4710341638860225
76,77,1218,1.0319964697590827,0,-0.0059850735414483935,1.5310702685883992,2.2123471847525815,0.0039541219917605397,-0.0069641924082184175,2.4633461519468645
1216,1218,398,1.0276874666257729,-0.0043870057467625401,-0.0095863506997115877,1.5380992427821014,2.2103669700231467,0.0012307068914430078,-0.0082468628709250306,2.4666496068395061
399,1217,1220,1.0170800864010179,-0.0075425898134398039,-0.011465354746049705,1.5549307609202994,2.2015306490039031,-0.001217078652438322,-0.0083451885645691951,2.4721055055595258
1217,1219,1220,1.0207771737355458,-0.011793863017664385,-0.0078798199336329589,1.5508077617342932,2.2145059140486647,-0.0084417063881882404,-0.0013010877827173035,2.4769874705492638
1217,398,1219,1.0236482688237327,-0.0082533090575296342,-0.01298334550793534,1.5445142370937894,2.206996442216266,-0.0010296309224364746,-0.0096413578180554182,2.4687210403906814
1220,1219,197,1.0197790587483873,-0.011793863017664385,-0.015957001982541463,1.5508077617342932,2.2041327188755822,-0.0031871094277827611,-0.010758607797173365,2.4709920088516508
62,63,1222,1.2737077252697975,-0.0039890916221336781,0,1.234189113578374,2.3553169834441325,-0.0047296800942447084,0.0027316277018982135,2.3355229390571481
63,1221,1222,1.2775115087736795,-0.00090450056822177771,-0.0033693826239300506,1.231456789962067,2.3623176873830962,0.0012500754065079981,-0.0033691080716191707,2.339483311908463
63,64,1221,1.2799615894038152,-0.0030349481800362454,0,1.2285269708058522,2.3602460855542748,-0.0035973151305948221,0.0020828190430118377,2.334579245788988
1222,1221,401,1.2775115087736795,-0.0066500150286321613,-0.0033693826239300506,1.2307077862101323,2.3580355661579797,-0.005573851655394097,0.00056393685300727865,2.3346326959846455
64,1223,1221,1.2830374372767974,-0.00054065984251328025,-0.0029989142316235728,1.2260950700415538,2.3644869341900154,0.0014243709366296535,-0.003181025811888216,2.336227012256626
1223,1224,1221,1.2830374372767974,-0.005690397851117357,-0.0029989142316235728,1.2255126155523808,2.361156208605256,-0.0046884385463463619,0.0003474097821879428,2.3324178109759686
1223,400,1224,1.2860858292206505,-0.0032183742700619966,-0.0056026239664230815,1.2234011968171288,2.3669365219021041,4.9537069597052619e-05,-0.0044185910995955865,2.3358887268023611
1221,1224,401,1.2809418865313908,-0.0038682288065257087,-0.0062691880526628552,1.2283562554580705,2.364856636636719,-0.00025833051777189239,-0.0047589362152625761,2.338830663641374
64,65,1223,1.2853811485960354,-0.0025786148883333304,0,1.2234873886517192,2.3634586261424833,-0.0030559291038878482,0.0017706892280555638,2.3326093788564561
65,1225,1223,1.2879866298395872,-0.00046575958865857636,-0.0026661600785242712,1.2213253272415177,2.3663479377871184,0.0012825620282155403,-0.0028384705361602864,2.3332312237954378
65,66,1225,1.290237718759061,-0.0024231755828449941,0,1.2190069895092215,2.3662889682370496,-0.0028712686579802664,0.0016647275561460519,2.3308219541411694
1223,1225,400,1.2879866298395872,-0.0048711999319355215,-0.0026661600785242712,1.220847818613894,2.3636228654726992,-0.0039451192907822216,0.00018022975832188495,2.3300872233838685
401,1224,1227,1.2809418865313908,-0.0091293914421926026,-0.0062691880526628552,1.2274010078100872,2.3593529491196978,-0.0065274041868626648,-0.0011773240011353214,2.3325636002948906
1224,1226,1227,1.2843388170025252,-0.0063749112005149211,-0.0088359644270514792,1.2253196773653983,2.3673856320497357,-0.0014500022031603641,-0.0060644818311980323,2.3382289685292603
1224,400,1226,1.2860858292206505,-0.0078941053594365762,-0.0056026239664230815,1.2225079786888671,2.3618164569686821,-0.0055195988305350562,-0.0012338438583927303,2.3300036110943152
1227,1226,198,1.2843388170025252,-0.011274157471792723,-0.0088359644270514792,1.2241657433536481,2.3607200400324562,-0.0073135999803328276,-0.0027537774049008028,2.3305966502340327
54,1180,964,1.219132012083703,-0.0028889017921356341,-0.0044118862329227682,1.2914791663143053,2.3384945981619074,-0.00036233365120610147,-0.0032210247661433652,2.3740038860899646
1180,1228,964,1.2186308568968354,-0.0085719439519360563,-0.0045121758819952618,1.2903418932324753,2.3287490250040865,-0.0070659192935703758,0.00052835486840502842,2.3645799044205096
1180,391,1228,1.2219319717483463,-0.0072793015937113736,-0.0093239256685784255,1.2884577201966678,2.3394044535049088,-0.0021598460419375333,-0.0059971909005501131,2.3720880383975942
964,1228,345,1.2169443362308296,-0.0074383538387019499,-0.0096321774616328071,1.2937832878666509,2.3368340044944573,-0.0021349893027273643,-0.0062517329413185503,2.3745848473683804
391,1229,1228,1.2213819717814207,-0.013516237939646292,-0.0094062117717257365,1.2875246052542568,2.3303160224938524,-0.0095694832930077987,-0.0018804327316800686,2.3633547076453776
1229,1230,1228,1.2195159549845582,-0.012262086920610038,-0.014548037362558608,1.2909804293472078,2.3372731909773985,-0.0044522800779988152,-0.0087407433181298094,2.3724402223682373
1229,333,1230,1.2189607428273597,-0.018558128904566207,-0.014608545068675483,1.2902942789214045,2.3293273848230793,-0.011972927313761955,-0.0045841234600026495,2.3649376175504893
1228,1230,345,1.2164117792411275,-0.013477744130371061,-0.0097123427834304721,1.2928741839104845,2.327959920631153,-0.0093111436372389812,-0.0022672450350520561,2.3661362087740372
391,1183,1229,1.2245979948381001,-0.0122567790884891,-0.014129095042051176,1.2856750298522872,2.3404217421021722,-0.0047286265956793805,-0.008242281617529202,2.3704463155229551
1183,923,1229,1.2240140545124403,-0.018878595197539205,-0.014197019986450954,1.2849047687977544,2.331842610991397,-0.012637092484362705,-0.0038780486284737126,2.3622462401692488
1183,177,923,1.2266407460382069,-0.017849930342503928,-0.018528440698531767,1.2832084979508807,2.338854935842444,-0.0083491805283455109,-0.009621302650452055,2.3667987333550484
1229,923,333,1.2218523551763365,-0.017425715764843641,-0.019415186951153629,1.2884119019743085,2.3371349548002303,-0.0072214489498274789,-0.010951991097340713,2.3699684589796588
345,1230,965,1.2146164711015972,-0.012271032823358397,-0.014578580986569278,1.2961450122062192,2.3342513959097095,-0.0044485835207465733,-0.0087761385949049198,2.3744081113185707
1230,922,965,1.2140714473605572,-0.01845153934028021,-0.014628365740747995,1.2955804588216671,2.3270261476246947,-0.011828820954032902,-0.0046769369624352769,2.3676963976720353
1230,333,922,1.2170604925612736,-0.017280969550137026,-0.019585361533469126,1.2936392002808326,2.3352978089126002,-0.0069213806615263801,-0.011242817170854218,2.373028463303231
965,922,162,1.2122947145155303,-0.017257396119333634,-0.019132720666622305,1.2986078384947088,2.3319604540982413,-0.0072218435533265013,-0.010737012740638964,2.3745567721849019
85,967,1187,1.100539687389821,-0.0047401365393255901,-0.0029425574881809524,1.4336169214760659,2.2701962243392524,-0.0035605527136238256,-0.00022349946622585333,2.4342508683469117
967,1231,1187,1.0998611246434544,-0.0047546998281884356,-0.010153875993931472,1.4334621524218658,2.2635579292369146,0.0012912822002830275,-0.0087110375179826807,2.4295857262164504
967,346,1231,1.1032028595976291,-0.010093813492769499,-0.007930003405735242,1.4299090553968892,2.2707467812089845,-0.0064551518410420929,-0.0024380615795368162,2.4319483702746889
1187,1231,392,1.0973805193032495,-0.010232847845225379,-0.0081738856166717611,1.4378347465557031,2.2674478350959486,-0.0064487125920044391,-0.0026293531887564663,2.4353573599844212
346,1232,1231,1.1028224503022095,-0.010101978170155235,-0.015491603362292494,1.4297467617176842,2.266259866077057,-0.0013632777947882417,-0.011354776354139149,2.4287162651516248
1232,1233,1231,1.1002996426868616,-0.015673881971224296,-0.013669867759617205,1.4337702692841461,2.2678359681656071,-0.0091111984824327266,-0.0053939005775478395,2.4326759942957192
1232,332,1233,1.1001525191513801,-0.015677039531164283,-0.021566015866308241,1.4336008024420774,2.2648970076519892,-0.0037915555456515954,-0.014704644862342756,2.4304990563460116
1231,1233,392,1.0969003277916221,-0.010243174105529107,-0.016107212717519914,1.4376641446214471,2.2620189708227403,-0.0011238325513131878,-0.011982924829778144,2.4315158628963101
346,970,1232,1.1059355537719098,-0.015075805688571364,-0.013170233225361372,1.4260378921668106,2.2705039579182955,-0.0087588497923813159,-0.0052220278806870309,2.42894428470531
970,918,1232,1.1059439202012724,-0.015075626128570718,-0.020822238186684494,1.4258736651160024,2.2689232829694284,-0.0035770800325795465,-0.014237250166705313,2.4276885528593697
970,161,918,1.108751814788195,-0.019561819247810419,-0.018579150457866511,1.4222898679244214,2.2712140401805789,-0.01036628478087475,-0.0085423531714111031,2.4266526034044991
1232,918,332,1.1033548186734743,-0.020793376215836545,-0.019104258978566158,1.4296676359826002,2.2686505579896625,-0.011444154164597625,-0.0083107649868995187,2.4302211195687962
392,1233,1188,1.0944331165745078,-0.015692533519729324,-0.014175427900312343,1.4419309012358941,2.2651639613379597,-0.0087766386322373977,-0.0059642766927637605,2.4366666409912745
1233,917,1188,1.0941241691256645,-0.015699177550887455,-0.022660666318691902,1.4417484229903401,2.2607258324099457,-0.0030888430734012165,-0.01597542502226643,2.4334898820959818
1233,332,917,1.0976162167296017,-0.021278188515760021,-0.019884794344467771,1.4373135979427598,2.2643383457545569,-0.01149485715999312,-0.0089129707151157297,2.432753878442341
1188,917,176,1.0918056336973327,-0.020819923297581866,-0.021123406823607027,1.4451436331410346,2.2599499629860604,-0.010129833954098243,-0.010691511323472076,2.43535264238339
145,604,981,1.1395190224005578,-0.02636957213742086,-0.029038466427284249,1.3874969918554427,2.3139482568270924,-0.010642124204757089,-0.015654148278034852,2.4316368887193773
604,1234,981,1.1394469581229165,-0.02595855638658584,-0.027711906317556156,1.3799310088555448,2.2713570169815935,-0.012096947977810635,-0.015344000426099326,2.3943131104383402
604,248,1234,1.1434201107012569,-0.023213621339835733,-0.024391201364618809,1.3822251868981708,2.3150078733295811,-0.010214436114917361,-0.012426131018854397,2.4285821301457036
981,1234,349,1.1448111206016236,-0.028293454696089348,-0.029293611052619184,1.3806194890659587,2.3148683545345059,-0.012775433396179418,-0.014653447517434713,2.4271845417364371
248,1235,1234,1.1432377495986845,-0.022173532020255848,-0.023186316288636988,1.3753531726299348,2.2755146867826568,-0.010621085930516978,-0.012498735913164166,2.3938234428240888
1235,1236,1234,1.1481978285289205,-0.024332541922582607,-0.024891539029996412,1.3760954174280613,2.3161238532561397,-0.01121238795424865,-0.012262252695031901,2.4248067153983222
1235,402,1236,1.147920817869462,-0.022752622607292494,-0.023791896137318247,1.3698236477804269,2.2793720333172209,-0.010875230861772986,-0.01280358593320069,2.3922617268293349
1234,1236,349,1.1445575936623493,-0.02684747384795827,-0.028110479552843515,1.3738715454572894,2.275669142255909,-0.012848343238628566,-0.01518953438539794,2.3926581514902789
248,603,1235,1.1469619664631896,-0.019600579385915307,-0.020235453872130549,1.3773918372685277,2.3154315127997926,-0.0089039791854375328,-0.010096281719223353,2.4253377285409004
603,1237,1235,1.1467550948531011,-0.018420953708235821,-0.019138083961921737,1.3711344019276925,2.2791618667173092,-0.0088817185584427472,-0.010212481724259696,2.3932314407623427
603,167,1237,1.1503315190821457,-0.015950274123789132,-0.016309599744113612,1.3730883866242278,2.3171640552641684,-0.0073581456054674609,-0.0080331903528965999,2.4234423934688394
1235,1237,402,1.1513166027539175,-0.020406574033327018,-0.020829150947614394,1.3718705218798855,2.3166456478361601,-0.0094580564803825595,-0.010251683666468003,2.4220654127693937
349,1236,985,1.1497513359124323,-0.029108192095745444,-0.02954607819974342,1.3744964290000752,2.3171891382156802,-0.01356721761153315,-0.014389734838123162,2.4243115667974582
1236,1238,985,1.1494058969603733,-0.02713799472617584,-0.028429483683659384,1.36812797644032,2.2795323427839511,-0.012951905469776336,-0.015347838826426687,2.3909244573507462
1236,402,1238,1.1527260204975782,-0.024844218366695259,-0.025131242530944675,1.3704066348996156,2.3176644815532801,-0.011667274731687043,-0.012206405492502272,2.421652264475052
985,1238,184,1.1545945838591773,-0.029396512494168636,-0.029657533762321719,1.3686625187969392,2.3201805692058093,-0.01381958532349549,-0.01431016117563616,2.4221494794687537
138,1239,1241,1.1643928571884192,-0.015953492184525686,-0.015658150824606309,1.3505457754218853,2.2936670228960083,-0.0082507805404369791,-0.0077010364236507131,2.3876032121074706
1239,1240,1241,1.1677086392764773,-0.016630930703490421,-0.01766160800305272,1.3509550963687182,2.3194499905967274,-0.0073211338404194637,-0.0092556940556431516,2.4080303377030123
1239,403,1240,1.1674921459234833,-0.015995218254238885,-0.016231999443780509,1.3467571847648827,2.2946467602770255,-0.0079219944078924541,-0.0083627251781425785,2.3852310892273731
1241,1240,405,1.1660177078826122,-0.01921625984402997,-0.019254789553057705,1.3485192206718448,2.2932994201735406,-0.0096921290458773443,-0.0097638227527420268,2.3855958532485175
403,1242,1240,1.1711023035042576,-0.016732830387521602,-0.017801827708958662,1.3470779254388425,2.3219149278440585,-0.0073335773066398949,-0.0093410077332362687,2.4068823384000182
1242,1243,1240,1.1694985762133996,-0.019184995857234544,-0.019596889613641366,1.3443332014176486,2.2947295069137068,-0.009432725021056243,-0.010199213724100674,2.3832332661009663
1242,404,1243,1.1734929832964873,-0.020001116224234394,-0.021086433065414134,1.3446375386379792,2.3244840769010313,-0.0088755336059746365,-0.010914772711126411,2.4069178855187068
1240,1243,405,1.169770319964309,-0.019982945923924689,-0.021154634331860933,1.3489073728480214,2.3219525614964498,-0.0088165848121131291,-0.011017106772025616,2.4083200395079309
403,1244,1242,1.1707235052267189,-0.015620524732603336,-0.016368323572091725,1.3428685748363449,2.2959528786730297,-0.0073936125714476192,-0.0087856166521501633,2.3830199251136346
1244,1245,1242,1.1745271843675051,-0.016397644185968119,-0.017666100629762482,1.343133720175981,2.3241389865071009,-0.0070264153479307062,-0.0094093137994647712,2.4054915027973545
1244,166,1245,1.1738868542348175,-0.014517374739580369,-0.016356049720823052,1.3392868784117873,2.2984299464554052,-0.0060858802257724998,-0.0095101397029630427,2.381983427106241
1242,1245,404,1.1730401082915956,-0.01867129119920552,-0.01957853264857512,1.3402097303290361,2.2968652084608276,-0.0088346521284778309,-0.010523453141874854,2.3814691834826265
405,1243,1247,1.1679493903132725,-0.022767034330339442,-0.022964510078399059,1.3461401851754395,2.2929283340959286,-0.011409100723223972,-0.011776404929792691,2.3832695577525445
1243,1246,1247,1.172170915612599,-0.023629347967791148,-0.024773058538675841,1.3465096099427249,2.3246502332065768,-0.010562238909202881,-0.012711511081418672,2.4084790235165916
1243,404,1246,1.1718110919248739,-0.022572797811739598,-0.02309142340429915,1.3415718253436104,2.2948753707949687,-0.011098237082887853,-0.01206307934091843,2.3809795888970786
1247,1246,187,1.1702057741727678,-0.026633927247655897,-0.026836901424751147,1.3433541222782175,2.2923166171236855,-0.013409606021147255,-0.013786934432671802,2.3803840021012412
148,906,630,1.0587426253214245,-0.040499672013852184,-0.043730019738393189,1.4864876705225223,2.1974472650642105,-0.019340973328092648,-0.025205990106564324,2.4236708507325151
906,1248,630,1.0587432493508926,-0.040512338429855355,-0.04438474625052713,1.4997771685452941,2.2717016551659714,-0.016356485217688038,-0.023546828496086455,2.4789963449928911
906,329,1248,1.0510724067681867,-0.044980927985421637,-0.046367511538087491,1.4986221240818489,2.194043360515463,-0.022819705985383826,-0.025334351495745949,2.4299678593421676
630,1248,257,1.0516164641433914,-0.037259349933232322,-0.038283915301296823,1.496992472175211,2.1942584141724728,-0.018995276758956015,-0.020853949681316125,2.429195166509361
329,1249,1248,1.0510011557601411,-0.043534690338125515,-0.047003641774264082,1.5115341588921334,2.2660131684435676,-0.018089222806519423,-0.02451769487183697,2.4827378561510174
1249,1250,1248,1.0442223702875952,-0.040440418420990554,-0.040783013025929404,1.5086946654576776,2.1905174446196134,-0.021059405418347318,-0.021680126881129622,2.4349214091899465
1249,406,1250,1.0441407324777758,-0.038783284732621048,-0.041395634619663113,1.5211300294571339,2.2597240635111815,-0.016514368859195827,-0.021346128173769421,2.4849584768573711
1248,1250,257,1.0515624584515537,-0.036164008262058012,-0.038914562777552675,1.5097832436116629,2.2655174234376578,-0.015148422503482251,-0.020246147161918582,2.4815381504960805
329,905,1249,1.0435015941241694,-0.047903689193071308,-0.048669451782461515,1.5105637125685147,2.1897383371983521,-0.024713894171123976,-0.0261006367265679,2.4354955136667513
905,1251,1249,1.0433937002326674,-0.045715477260753978,-0.049287971568356959,1.523108003603272,2.259588356879489,-0.019106379012883951,-0.025711952419285977,2.4858958741980417
905,185,1251,1.0363520702187392,-0.049818002660225069,-0.050322416001975512,1.5225053257353829,2.1886603674089793,-0.02572582168586604,-0.026638810671666013,2.4428757664919436
1249,1251,406,1.0371405273601404,-0.042861500369262728,-0.042958811494624882,1.5202193458032722,2.1877800279633206,-0.022408125395876333,-0.02258425848961966,2.4410402081502331
257,1250,631,1.0448217683153178,-0.033087251093988357,-0.032917358342084313,1.5070458470896031,2.1905786228775947,-0.017535386002132045,-0.017227499434982543,2.4340198436345917
1250,1252,631,1.0447598538977765,-0.031831504907381181,-0.033531722895509652,1.5195063688190773,2.2599190449972943,-0.013869469015245307,-0.017015048767490958,2.4842396251650092
1250,406,1252,1.0377974017759346,-0.0358879004601107,-0.03542361959248197,1.5184041305252234,2.1876327844682026,-0.019137289724995996,-0.018296790744234563,2.4399212077802566
631,1252,169,1.0383230057352311,-0.028893435017855573,-0.026948148698088481,1.5165013265023353,2.1852457309015625,-0.016481554845542423,-0.012961815074240386,2.4373729137118612
149,622,947,1.2501032411617388,-0.036085064765551955,-0.033725094515183685,1.2548391997911139,2.3225187870291579,-0.020369943788000097,-0.015991411243646309,2.3249855608470691
622,1253,947,1.2586749623571114,-0.034821996901529761,-0.035003231977558613,1.2546508625461552,2.3736127191032201,-0.01643768969287436,-0.016779872471207893,2.3716983568050831
622,254,1253,1.2561296458005704,-0.031197697671201841,-0.030832732353621495,1.2487124504699487,2.3264300513381682,-0.016472470408508737,-0.015795092618770754,2.3225717060434365
947,1253,341,1.2566021175182183,-0.038379855783683414,-0.038369467766347753,1.2488730099660401,2.3274302606915862,-0.019937213925402764,-0.019917930924974847,2.3234166135764371
254,1254,1253,1.2641525274375338,-0.030015502900567093,-0.030866550753188449,1.2487074672311493,2.374887045726406,-0.013719608603499675,-0.015325752253482899,2.3675185796476579
1254,1255,1253,1.2620626650788092,-0.033602835397167907,-0.034110122176532087,1.2431397468865781,2.3301097962559276,-0.01711841526597551,-0.018060087957440907,2.3202788870404008
1254,407,1255,1.2697774195071192,-0.032466044060268651,-0.033374573370638316,1.2432481321265954,2.3770345854627899,-0.014863001500178823,-0.016577151089219012,2.3643663439444453
1253,1255,341,1.2645910164218592,-0.037202711895940599,-0.038158660719560089,1.248904071846983,2.3759907010065651,-0.017036538823828579,-0.01884100301239007,2.3685225646027996
254,621,1254,1.2617527453816324,-0.02659868385405062,-0.026940028979113961,1.2431168702220461,2.330426305169409,-0.013581638040775598,-0.014215466069854736,2.320750626868775
621,1256,1254,1.2693437525405291,-0.02548016830057076,-0.026555768168391225,1.2431734900729285,2.3761987964068623,-0.011428421145189063,-0.013457547999844527,2.3636829777538315
621,170,1256,1.2668742727517359,-0.021964113350252834,-0.022838755144787726,1.2378811924394988,2.3329472042632124,-0.010822433332359181,-0.012446470506762612,2.3178893023822185
1254,1256,407,1.267315816438106,-0.028960945220803946,-0.029623833990253701,1.2379074204518332,2.3338113515893584,-0.014576093472297387,-0.015807123264962183,2.3185595800340355
341,1255,951,1.262561232782998,-0.040686659952673399,-0.041596559785046949,1.2430032154507025,2.3294115479983692,-0.020561172631840791,-0.022249336549103493,2.3192358562445201
1255,1257,951,1.2705594368587905,-0.0395081014919203,-0.040579355141133533,1.2431531034915722,2.3783904496076866,-0.018066628240859542,-0.020088232415929538,2.3653336630058739
1255,407,1257,1.2678895446823835,-0.035706417911484767,-0.036671681337342221,1.2375889314741215,2.3330366578908222,-0.017905282902204625,-0.019696874760351223,2.3172947629398069
951,1257,186,1.268636289284645,-0.042809017966699336,-0.044183438927055008,1.2369670053962558,2.3309038803847932,-0.021422709377063309,-0.02397082763883393,2.3143785302362128
27,1172,1057,1.4937795830205112,-0.025459203639007999,-0.021932680544230365,1.0568303591274919,2.4487973622183663,-0.015154998016867482,-0.0086874224646523723,2.2289722317202676
1172,1258,1057,1.4862138759638919,-0.024764159628028803,-0.05119063424130843,1.059518219672249,2.4288481239164055,0.0042071780460720548,-0.0439041202168379,2.2058403066420258
1172,390,1258,1.5004588780705648,-0.055049424380845702,-0.0501266978286381,1.057256261709961,2.4691892822162291,-0.029868222710931591,-0.020774261000987421,2.2557864602770699
1057,1258,366,1.4753559787094712,-0.051351722741462824,-0.045493660757920829,1.0734683095005053,2.456247330201351,-0.02893458297545029,-0.018092532008683618,2.2610948412784699
390,1259,1258,1.4863131556604237,-0.053749889576158782,-0.080053057192600363,1.0600055271375943,2.4184531910952756,-0.011914087477898211,-0.059527475892007298,2.190834261963448
1259,1260,1258,1.4765137558193269,-0.07774542052435951,-0.072672951486152826,1.0780769965899772,2.4723115341066646,-0.039829418793634774,-0.030380512133802551,2.2863354663528561
1259,359,1260,1.4591496703285196,-0.076150222146177837,-0.097364697197955152,1.0803453701668531,2.4012612040443893,-0.027615551234670216,-0.06602714164562612,2.1968277473949223
1258,1260,366,1.46359075503785,-0.050270878850786849,-0.071634784475323343,1.0758698340829511,2.4130413999081304,-0.01283866569710293,-0.051712228277163444,2.2077373034674843
390,1175,1259,1.5012887277270064,-0.085588236240863758,-0.081394834186480303,1.0628581701543638,2.4857000111366876,-0.042429166955044062,-0.034629830357952279,2.2833739964606914
1175,1026,1259,1.4811160234946881,-0.083735016554058239,-0.10966435912508921,1.0654552260349028,2.4050109144740786,-0.029419403248491266,-0.076086483168589347,2.1782539214340346
1175,183,1026,1.4969679030310459,-0.11743654674642379,-0.11421254198576225,1.075124787404441,2.508743509766449,-0.053029972602263886,-0.046969031414413248,2.3266409526408216
1259,1026,359,1.4725649388827708,-0.10467392364448047,-0.10069326363224107,1.0874226071975492,2.4860631199656025,-0.049761695580777837,-0.042298734077803518,2.3134144655976887
366,1260,1058,1.4555114059565994,-0.070054567042325155,-0.065216218406063398,1.0915868068828658,2.4614137445260789,-0.036330264915467758,-0.027304293080830433,2.2902150564333503
1260,1025,1058,1.4402793710887376,-0.068655167845104392,-0.087161228534045065,1.0936029412879194,2.3979131077288742,-0.024823590500303166,-0.058495732390758878,2.2125356630919875
1260,359,1025,1.4520174671622206,-0.093612845524416954,-0.089724232596628539,1.099052430616025,2.4704658619426008,-0.045607711397679107,-0.038322520480985056,2.3088813223285007
1058,1025,160,1.4349825560877669,-0.081625395858743621,-0.080460070816237739,1.1100119613385306,2.4634229743021496,-0.038286632735431647,-0.036098972821422742,2.314284775952351
139,1261,659,1.0130406784434938,-0.041914433592399547,-0.038444555587465068,1.5699936227509435,2.2356913413482413,-0.022258072502169893,-0.015896279701355695,2.500131934924319
1261,1262,659,1.0063369450440351,-0.043561635096341256,-0.043487657836309701,1.5687544616575888,2.1597356319765257,-0.023048173265075148,-0.02291555215330901,2.4567030562164369
1261,408,1262,1.0121647478028437,-0.049498581254455942,-0.047396322565420035,1.5727363280671511,2.2373236903336062,-0.024839825976579827,-0.020985054463973252,2.5024369690643131
659,1262,266,1.0064980693791468,-0.042491368787473505,-0.041542336423930792,1.5816762339408501,2.234759268464698,-0.020706216676306566,-0.018967759447659827,2.5063122686619455
408,1263,1262,1.0047163998598787,-0.051328670491681549,-0.052103571846578323,1.5715797378658922,2.1537559640965629,-0.026784401420818379,-0.028170609901724653,2.4549384624569583
1263,1264,1262,1.0048335322367787,-0.050550812117015731,-0.049983151002742421,1.5856611315407161,2.2350222939655975,-0.024188959468528878,-0.02314949673628261,2.5085167531409716
1263,409,1264,0.99650892754473919,-0.052595862206888278,-0.05373218137503244,1.5847401322640642,2.1426035503472116,-0.027416932208722683,-0.029441842887051567,2.4571593782053984
1262,1264,266,0.99878306760485636,-0.044386738975372708,-0.045191676533579805,1.5807796883985805,2.1495830426464564,-0.02307133778712743,-0.02450933122258217,2.4587176530480903
408,1265,1263,1.0112315513238654,-0.057965838057997487,-0.056293033214735333,1.5758476596888578,2.2391706760225234,-0.028432374828391727,-0.025364787280572967,2.5050121286178375
1265,1266,1263,1.0031136258580391,-0.05996044520274868,-0.061146455573171998,1.5746551541708675,2.1477789162393179,-0.031309081947217529,-0.033425993469522602,2.4532840831792866
1265,189,1266,1.0102840513945439,-0.067264802608578478,-0.065456753692102021,1.5790459616377381,2.2397823509733907,-0.03281969628655021,-0.029505257231055321,2.5068682758715592
1263,1266,409,1.0031966238379104,-0.059409132196552861,-0.058844163273746419,1.5899481009473568,2.2357357648470719,-0.028262290626591677,-0.027228103375688067,2.5110690696546358
266,1264,664,0.99913653490930621,-0.042038836984161776,-0.043146366601586494,1.5943656331281923,2.2307935410792368,-0.01906043745425369,-0.021085507092066413,2.5113121448224036
1264,1267,664,0.99092330709401644,-0.044056942479027583,-0.04606468802179231,1.59364856054402,2.1402062656587697,-0.022250536518641353,-0.025825412822052071,2.4617338344587525
1264,409,1267,0.99688083994023646,-0.050126048316517569,-0.051549355909121242,1.5992359455825755,2.2295267430398402,-0.022636477494705792,-0.025236620599686677,2.5131411066088254
664,1267,173,0.9917588121535621,-0.038507110943591272,-0.04412196258888551,1.6065530890672677,2.2236626357954679,-0.014411438198370513,-0.024649983066086359,2.5142956686354716
140,654,1269,1.2980349048111919,-0.028290707979837126,-0.031203632433729922,1.2162460766850831,2.3905854453903377,-0.01144489966697472,-0.016938926337580013,2.3515652654789303
654,1268,1269,1.2972234684778541,-0.031603847908784344,-0.032811504538592828,1.2096810449599849,2.3485511255585165,-0.015588044919762449,-0.017828912622084206,2.3031364637013629
654,265,1268,1.3052961043833298,-0.030388544687445229,-0.031482971432517104,1.2098810503339852,2.3953707798366519,-0.013679481818771932,-0.015744328466248229,2.3499949005186238
1269,1268,411,1.3010124760113855,-0.035313864943864237,-0.03730845483116596,1.2140842460736589,2.393033838846383,-0.015397987577715294,-0.0191607585755647,2.3516673465437674
265,1270,1268,1.3047357396444246,-0.03267654525503616,-0.033294779700927535,1.2024833358479197,2.3502622306297125,-0.016604318815564463,-0.017750252352052576,2.2970142856228208
1270,1271,1268,1.3091382114523527,-0.036987237503422143,-0.037853240517876863,1.2069467651588806,2.3980611979567472,-0.016937693503394607,-0.018571766643604493,2.3495745609728207
1270,410,1271,1.3085809062651781,-0.039262838510708442,-0.039838652908724015,1.1988398848705524,2.3488534145202307,-0.020189625097325595,-0.021255221626231002,2.2913551331430799
1268,1271,411,1.3002758278269064,-0.038321763289677457,-0.039102528732993136,1.2067586433839734,2.3470469332091186,-0.019471315850921656,-0.020918004027039291,2.2982625610453296
265,658,1270,1.3131725264169898,-0.031406420569306759,-0.03084755733801714,1.2028517554392142,2.399648440091775,-0.015306250193123733,-0.014251857659346591,2.3472682813205044
658,1272,1270,1.3127433417057559,-0.033158805747616649,-0.032774834135086195,1.1949825764929858,2.3527440077371287,-0.017570634245493717,-0.016859566964633282,2.2912499532886366
658,174,1272,1.320844846117182,-0.031938855562492208,-0.02768953836955923,1.1957483364303414,2.4023062738938625,-0.018184752178025301,-0.010172522139136581,2.3428145484358271
1270,1272,410,1.3175917951782019,-0.037905950328054994,-0.037130904360019201,1.1992476262202469,2.4015027005311795,-0.018544020410356382,-0.017082265745146374,2.3453148013227474
411,1271,1274,1.3043214906786864,-0.042283085077893912,-0.044354264238993579,1.2119008944928886,2.3965146885755675,-0.01856666552072532,-0.022475915234942648,2.3527324190076406
1271,1273,1274,1.3035732301178735,-0.045338399338523461,-0.046366403302958048,1.2036848832550135,2.345256713445945,-0.023118428879599764,-0.025020093371696986,2.2928224104476422
1271,410,1273,1.313291289603687,-0.043875023171987104,-0.04499735218943357,1.203891039306356,2.4009983034692999,-0.01996892812496899,-0.022086898349627543,2.3492283589384906
1274,1273,190,1.3078563974070043,-0.049532274242741536,-0.052523994649179784,1.2097141055744114,2.4002881451375226,-0.021226494518937114,-0.026876223597855992,2.3540302224188432
138,1241,1276,1.1646528351886807,-0.016716811779873275,-0.017126888283368835,1.3548581252421297,2.319424928120231,-0.0077706013381723914,-0.0085405425056375925,2.4110953376829558
1241,1275,1276,1.1623989351147133,-0.018819259245236086,-0.019513712478794076,1.3526316855973999,2.2902814768302346,-0.00906359393605638,-0.010354993502088468,2.3866489415141983
1241,405,1275,1.1663713663008379,-0.020254744657260737,-0.020815500530326325,1.3531021022440246,2.3211479572407563,-0.0093552817988273307,-0.010408511123102801,2.4110063834684179
1276,1275,413,1.1629471680462973,-0.020429035391659411,-0.021086996438469008,1.357251318683856,2.3196845294003117,-0.00936410447139948,-0.010599721741416657,2.4131196224176068
405,1277,1275,1.1640635633858443,-0.022407596682055164,-0.023449550131100949,1.3506449084431171,2.2902425361399783,-0.010665581836826359,-0.012602703775537752,2.3849154132908561
1277,1278,1275,1.1647121108941505,-0.024311995682118948,-0.025102413629259246,1.3554983872597202,2.3215416319650974,-0.011117678699123473,-0.01260262013309215,2.4131243818460097
1277,412,1278,1.162151290993866,-0.026700739251889427,-0.027865466871173084,1.3529209995785987,2.2878977429284943,-0.012790052879410742,-0.014954018444045161,2.3848941950804563
1275,1278,413,1.1604397429511089,-0.022767972062744057,-0.023562725945563301,1.3549419477906071,2.2880337951488472,-0.011018346432550771,-0.012495378940445605,2.3867474261892907
405,1247,1277,1.1683551291738099,-0.023958405190679599,-0.024645889897960238,1.351077220093762,2.3230277042419605,-0.011030287135087281,-0.01232202513286107,2.4108179564744727
1247,1279,1277,1.1660198651963798,-0.026136749247278601,-0.02757517385194852,1.3483447717055093,2.2902902915225538,-0.012314143561469724,-0.014987632849180317,2.3829660615263384
1247,187,1279,1.170600180434954,-0.027792064287280205,-0.028671396018342676,1.3487409437907711,2.3247547830274291,-0.012723198648796161,-0.014375869404203052,2.4102516449459643
1277,1279,412,1.1667818136150534,-0.028374139396862397,-0.029311594402704699,1.3534436079791803,2.3236101514823937,-0.012938469641624567,-0.014700375966151903,2.4130450286259575
413,1278,1281,1.1609767837739469,-0.024344942127245695,-0.025292689414051495,1.3600218234471111,2.3198575403614381,-0.011016153438294048,-0.012796311109212657,2.4153446295596996
1278,1280,1281,1.1582471708591235,-0.026890999990846876,-0.0278869318278403,1.3576020329845688,2.2857235655757804,-0.012999045892124618,-0.01484883283438522,2.3870711309125863
1278,412,1280,1.16277316731128,-0.028526625974948594,-0.029680537061460122,1.3582502145190336,2.3215841751465467,-0.012856601608805827,-0.015024708625270618,2.4152179465336099
1281,1280,184,1.1586992576363047,-0.028218510459055324,-0.029751423268193022,1.3630769374274365,2.3190988744854644,-0.012451323264391252,-0.015330284487498042,2.4170451747160886
137,1282,1156,1.5722096481873038,-0.67161694630988311,-0.66971489091348779,1.3510033087435325,2.5899859905845593,-0.20785411419967303,-0.20452789797520965,2.5219778267326554
1282,1283,1156,1.5550662908167512,-0.56430111919493342,-0.65489293096358558,1.2582192141752095,2.2113640262146905,-0.33420687903762447,-0.47031729406876921,2.0154799921324735
1282,414,1283,1.5222316507595961,-0.59518522481744851,-0.59125860479067782,1.3180733574617136,2.5460006021080894,-0.2074206680996793,-0.2004781931782762,2.4758110716149666
1156,1283,387,1.6537391278799305,-0.62648778487831747,-0.61249573201133423,1.2314991915668871,2.5377440813865264,-0.25024517475077657,-0.2264192195561765,2.3752990280414066
414,1284,1283,1.5075381874464995,-0.50322179521315435,-0.57938081337502645,1.2437326515687523,2.2449150278962589,-0.28129166814250373,-0.40097432748802586,2.0786623834257312
1284,1285,1283,1.587318272882708,-0.55350302255433537,-0.54263028508681765,1.220570710118519,2.5089808134527032,-0.23158897078515506,-0.21273402073145387,2.360317897105892
1284,415,1285,1.5715954136534527,-0.45509681109165401,-0.53415309445599135,1.1675136801176222,2.3429756397338561,-0.22220106348609903,-0.35069313249503764,2.1089639117099672
1283,1285,387,1.634923668957343,-0.50872561436555985,-0.60184989326648619,1.1648690294921664,2.3387550320493142,-0.25611406693918615,-0.40242255357778045,2.0600272989015402
414,1286,1284,1.4796643262296243,-0.52943981595073142,-0.52442995092499523,1.2954191703489455,2.5130434819250818,-0.20008806912113708,-0.1911379392427226,2.4446465137595883
1286,1287,1284,1.4671076387870752,-0.45083347032071641,-0.51483037239631457,1.2353246755882559,2.2670549181694897,-0.24174015489031275,-0.34577394749340651,2.1260371503420816
1286,193,1287,1.4441674233519848,-0.47241092739858725,-0.46726794996724585,1.2800616629712502,2.4914773305694471,-0.18732692728055877,-0.17804024088080661,2.4276695145234415
1284,1287,415,1.5323874377179694,-0.49197781521848372,-0.48323434390281683,1.2154104308291318,2.4851577807063725,-0.21326354926668023,-0.19787326447735742,2.3515243806062109
387,1285,1160,1.7182259087211449,-0.56122667190005515,-0.53230801163515373,1.1210404080897192,2.4848389151232322,-0.28424572711007434,-0.23652492041946904,2.2004431071606687
1285,1288,1160,1.6988230483778346,-0.43978807411804333,-0.52659551151569062,1.0852870195654187,2.4595651184624905,-0.17557319050905495,-0.31915640449403093,2.1454720030924519
1285,415,1288,1.638030466833813,-0.49696928597853063,-0.47728322615864194,1.1316699196612845,2.467842549208803,-0.24972504592457756,-0.21636573425133399,2.2255953088458083
1160,1288,175,1.7561127138648693,-0.47589476263440389,-0.43636705815471899,1.0284207308007378,2.4300051242598064,-0.29608796823238859,-0.23309003686292351,2.0078910083926873
152,780,978,1.0932453516203653,-0.15126737149663949,-0.16856047467956703,1.4615772118748218,2.2045971863927445,-0.069895992954817132,-0.10107375042439942,2.4014956252841446
780,1289,978,1.0899462492014766,-0.16221709459396116,-0.16175346616034147,1.4841696776254798,2.3006853733541339,-0.074224935195851161,-0.073363827559800532,2.4802786916943012
780,296,1289,1.0839950715091078,-0.16439902829250208,-0.18062724246913398,1.4772498155955338,2.1860261398242309,-0.079150921517357309,-0.10820556765615824,2.3995716998194685
978,1289,347,1.0739790777766407,-0.15213058483706288,-0.16551137900845525,1.4865435623668377,2.1796658800282929,-0.074411581082378775,-0.098365318631769283,2.404074556126035
296,1290,1289,1.0811781368051481,-0.17374843642696458,-0.17304472807463256,1.5024161858561014,2.3033093912977556,-0.078427642445255075,-0.077121448615640575,2.492249665666511
1290,1291,1289,1.0634896599614327,-0.16257457290901467,-0.17621528978002177,1.5044190391308216,2.1631547278276413,-0.080998586667365979,-0.1052676653059062,2.4055771609869483
1290,416,1291,1.0614049320555896,-0.16949406032508829,-0.16807444602052968,1.5314395753802739,2.3002172876016025,-0.075980084132057091,-0.073347447744439076,2.5081428252767952
1289,1291,347,1.0717442959014836,-0.15954782735000217,-0.15812727399641169,1.5110514117565774,2.2995820532255435,-0.072531860169637807,-0.069893963786414048,2.496540132975047
296,779,1290,1.0737786251197292,-0.17646138581845605,-0.19359529043338064,1.4948815487048659,2.1658763464785933,-0.086867182664458142,-0.11731137536782338,2.3982196420830717
779,1292,1290,1.071270567046442,-0.18478563221264466,-0.18512419337831076,1.522997125400074,2.3050174383829165,-0.081388781708490787,-0.082016449289061044,2.5045646726246158
779,191,1292,1.0633496229626687,-0.18768975904502128,-0.20779384197458839,1.5146855486394379,2.1508726959011648,-0.092150037189669076,-0.12765212490976219,2.401716503434876
1290,1292,416,1.0523307673325242,-0.17282130430977016,-0.18731854031599049,1.5243833008977887,2.1477058361939712,-0.086946604470897138,-0.11258512745535598,2.4092416284369254
347,1291,979,1.0550813161844923,-0.14902251432823377,-0.15936698841637043,1.5118344879259831,2.1604714066672521,-0.075390859241399766,-0.093813857764719066,2.4110791299468941
1291,1293,979,1.0533229018182624,-0.15485869276584019,-0.15154107495311031,1.5378086998557885,2.2945189639899399,-0.071134951333184759,-0.064983686370862936,2.5097526350425814
1291,416,1293,1.0437771495567691,-0.15835853760562379,-0.16838230268856513,1.5316340493546088,2.146511654282607,-0.08127956438078926,-0.0990363221220254,2.4157413878364471
979,1293,168,1.0374117755696517,-0.14480758691372664,-0.15009897805174166,1.5368977229470424,2.1489999992046509,-0.076084086258147388,-0.085480919558043489,2.4226441278207194
135,908,924,1.0076441186782334,-0.18273283290857023,-0.18365056138821245,1.6237272432968082,2.2632273670287431,-0.080450028167720955,-0.082124036708367376,2.5365998490514166
908,1294,924,1.010802775282718,-0.17224883422212833,-0.19187362906177174,1.5964337950106828,2.1419908055350509,-0.079834578480759588,-0.11443210961056138,2.4544367821442759
908,331,1294,1.0178442718974043,-0.17145099888455029,-0.1691393152997227,1.5990097017940652,2.2590835223274719,-0.079197068095401946,-0.074973407312397211,2.5221519270539488
924,1294,334,1.0247377835441798,-0.19289113045508444,-0.1911788428049972,1.5954045897556988,2.2537966954566908,-0.089471128019361246,-0.086354644665799785,2.5150457884181114
331,1295,1294,1.0212025770292161,-0.16030434035237628,-0.17641208902060335,1.5748704047181297,2.1593199108706931,-0.074630230708997825,-0.10324063205966016,2.4517956132938385
1295,1296,1294,1.0335546703542353,-0.17860143398994133,-0.17563181305121223,1.5737145858541171,2.2556567721785434,-0.084557261792109484,-0.079134678224260568,2.5052658227851956
1295,416,1296,1.0374995228673018,-0.16550794718720541,-0.18215254766862188,1.5520714059445018,2.1782333388963195,-0.075984127418966374,-0.10571411137875408,2.4471646850612796
1294,1296,334,1.0288838187906499,-0.17913043674619111,-0.1984940861208484,1.5711252923808878,2.1643892996249892,-0.082222745687322851,-0.11658756046310276,2.4498665047425456
331,913,1295,1.0272908286064544,-0.15961480829997221,-0.15597426570188144,1.5771851142994997,2.2578540291350695,-0.075781609062876898,-0.069116629966206322,2.5103301767998318
913,1293,1295,1.0306316280246417,-0.14852669283456565,-0.16243065152793257,1.5557563654979996,2.1734322426507622,-0.069100808166727201,-0.093948994797422136,2.4487802494719761
913,168,1293,1.0364911833623145,-0.1478630330551205,-0.14378051661798263,1.5578687005998386,2.262911143666372,-0.07093772995342229,-0.063437817948165387,2.5031372334286548
1295,1293,416,1.0417687522769183,-0.1650244094978941,-0.16152055062521065,1.554408208964225,2.2575432911181146,-0.079279569194618038,-0.072863552240541751,2.4963911578309492
334,1296,929,1.0419627164427121,-0.19850328658424843,-0.19633528578345949,1.5679276135031124,2.2531648958905368,-0.09397748972588682,-0.090030526537159372,2.4982821769902923
1296,1292,929,1.0465542125766145,-0.18326410789708836,-0.20287488946579391,1.5462226645818975,2.1845399908681289,-0.083011488348002982,-0.11802518275260121,2.4446838326742251
1296,416,1292,1.0492774490785166,-0.18295567109052513,-0.17995664306234893,1.5488184107566214,2.2552735400984338,-0.087953921673605495,-0.082476521555708171,2.4898673639777016
929,1292,191,1.0590886978297478,-0.2018317723625831,-0.19970612429402212,1.5415286889386044,2.2570907419836557,-0.096510352115125042,-0.092634878575852175,2.4843450663516378
138,1297,1239,1.1660930766784094,-0.013353786144695734,-0.014737844605750894,1.3519529617585544,2.3140279917158382,-0.0055496240315270513,-0.0081432575581092681,2.4046228532699465
1297,1298,1239,1.166303346375507,-0.013845836456619409,-0.013391535059287918,1.3488024743539135,2.2979989431137477,-0.0072565452717221375,-0.0064098340811394525,2.3895680694908177
1297,417,1298,1.1678735780366871,-0.011445049715192557,-0.012736245650071254,1.3498043711850261,2.3150500418886479,-0.0046830789863986678,-0.0071031116684420297,2.4037248205406194
1239,1298,403,1.1691036556530143,-0.013531153113367944,-0.015013580495345735,1.3486201978158121,2.3168693111503202,-0.0055518642483740784,-0.0083316033560115813,2.4041818127042927
417,1299,1298,1.1679830671284854,-0.011701251367121301,-0.011443468092380726,1.3467793050307613,2.299001111425965,-0.0060463125020061709,-0.0055657849747345368,2.3887062101042456
1299,1300,1298,1.1706798768598494,-0.011398198733186149,-0.012656564098065815,1.3466429839787217,2.3173696499073984,-0.0046740299527177134,-0.0070336659427279943,2.4030126704359143
1299,418,1300,1.1706583470988221,-0.011347823027987758,-0.01131305793182058,1.3434994251402443,2.2997484869516125,-0.0057247295896261444,-0.0056599282668005832,2.3865825575478765
1298,1300,403,1.1691752925810839,-0.013698770429943607,-0.013570987190529848,1.345244793186037,2.298622475034497,-0.0069724476062152131,-0.0067343173390266922,2.3871213642584461
417,1301,1299,1.1693824433326121,-0.0095617867393280598,-0.010662837092535682,1.3479727885319095,2.3158241109440243,-0.0038974718440616569,-0.0059613569079683439,2.4028809405158973
1301,1302,1299,1.1693920816815213,-0.0095843402272812739,-0.0094312561018483621,1.3450909207666406,2.2998614742032624,-0.0049124697183973963,-0.0046270679838076936,2.3880041582756308
1301,195,1302,1.1706835205050865,-0.0076096767620874584,-0.0085480369007484569,1.3464413995166611,2.3167292281209244,-0.0030572363247238568,-0.0048164739440506449,2.4023766560719766
1299,1302,418,1.1720036904170499,-0.0092907373572057583,-0.010338950513787637,1.3449888757394253,2.3177918472182508,-0.0037969170895692066,-0.0057625101532987576,2.4020335990000943
403,1300,1244,1.1722029546263126,-0.01335853843404311,-0.014912780503330225,1.3450940098389927,2.3191925327882461,-0.0054093775845538601,-0.0083250912752981798,2.4031846103855332
1300,1303,1244,1.1720933664068767,-0.013102091983123287,-0.013473797946836896,1.3417266591196579,2.2997369084448271,-0.0063389064958079312,-0.0070316269897254917,2.3850807154238218
1300,418,1303,1.1734456027302578,-0.011034606581634132,-0.012393751747151072,1.3433779827175907,2.3187492694951546,-0.0044281855952645853,-0.0069772204892889038,2.4014758427134275
1244,1303,166,1.1750281422879461,-0.012772298023092099,-0.014862481213455681,1.341570606537692,2.3194985933340151,-0.0047675380358997467,-0.0086878475624476911,2.4005881890133489
138,1304,1306,1.1624357535640168,-0.014272793432666298,-0.013919449172760778,1.3564963889160548,2.3131212908587231,-0.0071883551204864164,-0.0065261645067823115,2.4075248624250172
1304,1305,1306,1.1595223326531825,-0.013140559436971344,-0.014577414124681276,1.3567520918540552,2.2935178259932596,-0.0056235924707360892,-0.0082994747308006538,2.3925886756493027
1304,419,1305,1.1593287367184537,-0.014634112276259437,-0.014097387821891516,1.3604553961019583,2.3127233718205176,-0.0074748334053456392,-0.0064688030927852573,2.4103318161741583
1306,1305,421,1.1606618683410783,-0.012367183342474775,-0.011914223813331404,1.3585595365385643,2.3121345619477851,-0.0063306837580762582,-0.0054819233652974413,2.4084093531923148
419,1307,1305,1.1561716433099312,-0.013407025538466399,-0.014426109140702525,1.3605831622205216,2.2905316605171482,-0.0060552616469197532,-0.0079518789075001192,2.3934026058607931
1307,1308,1305,1.1576849212542974,-0.012379999356721072,-0.011872137437354269,1.3623164828022034,2.3115241997295231,-0.0063640517452008306,-0.0054123324083427647,2.4108894597554498
1307,420,1308,1.1546986899149254,-0.01121932262076264,-0.011922059337698521,1.3623358862514863,2.2899087852303039,-0.005167029109907316,-0.0064748426595180458,2.3943660565657958
1305,1308,421,1.1578292837771054,-0.011266225435193178,-0.012337759356247258,1.358724154679507,2.2925468361057377,-0.0049308797286803999,-0.0069261555465714199,2.3934627446675298
419,1309,1307,1.1560077313914441,-0.014671625357621565,-0.013903586594256723,1.3646144854082483,2.3118023958654841,-0.0076422981541006546,-0.0062026794162332241,2.4128744661355692
1309,1310,1307,1.15279696133057,-0.0134236757881947,-0.013706076601653905,1.3645377179955815,2.2879651054103296,-0.0065714024821282371,-0.0070967088081576556,2.3946412071748866
1309,167,1310,1.1526070581768693,-0.014888801058173584,-0.013185786817089706,1.3685518151615721,2.3089254242114379,-0.008408426106125428,-0.0052183191881882626,2.413739935261332
1307,1310,420,1.1545688321335117,-0.012221148709764762,-0.011437047236679376,1.3660776549078033,2.3098309323310033,-0.0064781684894132628,-0.0050091762346093985,2.4125300039288815
421,1308,1312,1.159137033323864,-0.010378686547385385,-0.0099608454472956964,1.3603373102966465,2.3112749326926507,-0.0053391848671835301,-0.0045563260874097733,2.409162118364967
1308,1311,1312,1.1564051851449193,-0.0093168303210759973,-0.010115234776567839,1.3603973206851521,2.2917828026364582,-0.0041370977650584083,-0.0056236458950830008,2.394248234575262
1308,420,1311,1.1562993502824064,-0.010133060291471097,-0.0096652931875382819,1.3638674041829191,2.3103791785239025,-0.0052484614330466119,-0.0043720832888146967,2.4112419976212975
1312,1311,196,1.1578458753809322,-0.0083391291401451184,-0.0079600193228799299,1.3618599228751016,2.3106173319721135,-0.0043196994968606184,-0.0036094652331826703,2.4098655223603314
139,1313,1261,1.0133999513809293,-0.039527967759272808,-0.040401101606941658,1.5569972911604351,2.166496608536336,-0.020281267933572836,-0.02185046853279389,2.4530344106778053
1313,1314,1261,1.018358821272457,-0.045759860021652443,-0.044027269406875735,1.5615543550779831,2.238048222512476,-0.02294260298996241,-0.019763086129302818,2.4964097465451349
1313,422,1314,1.0185622515270687,-0.044408910511374966,-0.045820002549932681,1.5496490857939789,2.1731348022762944,-0.02240969182804689,-0.02495089557783095,2.4518989320992763
1261,1314,408,1.0123988692666526,-0.047943816072246292,-0.049375237530482785,1.5595946535014336,2.165754746855753,-0.024350300037646364,-0.02692140820314054,2.4540401499835074
422,1315,1314,1.023691172873864,-0.050854509197083786,-0.048889360549021155,1.5535063977992154,2.241680183757027,-0.025518242617524542,-0.021907530535935832,2.4935943789303145
1315,1316,1314,1.017914307336568,-0.052971375311335223,-0.054725454204556545,1.5513678282203953,2.1704480823932899,-0.026762126015720422,-0.029917377753790608,2.4511980448917892
1315,423,1316,1.023462155100044,-0.059943445622991476,-0.057886867247544771,1.5553408272931168,2.2430604547093398,-0.029817772730233491,-0.026039045530640681,2.4951946433214487
1314,1316,408,1.0176732480556776,-0.054572213486007826,-0.052832398582085993,1.5639393238958128,2.2387493050838048,-0.027078699503381723,-0.023886508775340529,2.4979613053388965
422,1317,1315,1.0239662453493263,-0.049027794548742509,-0.050658976916258425,1.5417546435222664,2.1784296134999135,-0.024636270614952965,-0.027578612633428715,2.4496417348339752
1317,1318,1315,1.029380851225183,-0.055832417618049135,-0.05328200445658493,1.5450510447971828,2.2457514052667635,-0.028268158222075096,-0.023575833249540878,2.4907639399015253
1317,185,1318,1.0296744141715806,-0.053882429549242161,-0.055068318756944734,1.5331854751958236,2.1820265598147643,-0.027480790293820001,-0.029622241198903124,2.445925692419153
1315,1318,423,1.0237715990890415,-0.057887967934417528,-0.059795281852757398,1.5426642079983812,2.1749417222685326,-0.029235037851506079,-0.032670622191426871,2.4478980648578483
408,1316,1265,1.0113962104216636,-0.056872361928018922,-0.058393062640408999,1.5619016823336547,2.1620718123415785,-0.029108747475769012,-0.031836127403716732,2.4531433737553061
1316,1319,1265,1.0171103467337024,-0.064053409757084623,-0.062044456658897684,1.5664904484494171,2.2400522150032889,-0.031662004522145445,-0.027976331537048107,2.4998830595813462
1316,423,1319,1.0173943318049137,-0.062167042600135503,-0.064063758585866992,1.5530772615562793,2.1674286499088797,-0.031617003726868334,-0.035024313356318046,2.4502329705834249
1265,1319,189,1.0103971560816589,-0.066513506189500582,-0.067656547801794531,1.5644338577588441,2.1580723937287258,-0.034584561118036955,-0.036631170635780363,2.4521479191881701
140,1269,1321,1.2899500785465912,-0.029507846411247374,-0.031616210374039611,1.2161839647174704,2.3440810248798711,-0.013926921971961971,-0.017838734466501985,2.3057453980917537
1269,1320,1321,1.2936246291863533,-0.033935411755471101,-0.035336163720327995,1.2206662370094712,2.3886688522522945,-0.015196977329037346,-0.017839124656694454,2.3538744814282531
1269,411,1320,1.2926080064659438,-0.03657943657811219,-0.037901249412001903,1.2139949811887796,2.3446550269851358,-0.018150267877358642,-0.020601523896575102,2.3037532073286417
1321,1320,425,1.2856043441794742,-0.035143131665503646,-0.036262990075297097,1.2205266725624377,2.341598903639555,-0.017523349195307271,-0.019600905811873341,2.3077648286683048
411,1322,1320,1.2961854810438991,-0.040890032352681072,-0.042031076374867027,1.2189711212752883,2.3910491712203257,-0.018640522334328918,-0.020793344793746657,2.3543291990658379
1322,1323,1320,1.2876824587877025,-0.04217012852697577,-0.043037462405765226,1.2188196138619016,2.3411899349435243,-0.021400130707028592,-0.023007972349202446,2.3053003119564819
1322,424,1323,1.2910607393905316,-0.046240944958436447,-0.047593350686321756,1.2243094434683766,2.3892243111756382,-0.021005984655207352,-0.023558105099326848,2.3575225679881773
1320,1323,425,1.2888710455904253,-0.039079307078976111,-0.040443780319063372,1.2255642691151021,2.3869144609579287,-0.017654738247226173,-0.020228919175636212,2.356756021302127
411,1274,1322,1.2951168743167432,-0.043669145353182282,-0.044773976561689466,1.2118376928824515,2.3439069027759216,-0.022065299152382312,-0.024112086776537117,2.3004256821035303
1274,1324,1322,1.2988968569806196,-0.048223530511689372,-0.049312079449356006,1.2173055138428204,2.3936743329014112,-0.022088247015129153,-0.02414259901818766,2.3550009004621035
1274,190,1324,1.2978121987810729,-0.051044388388454931,-0.052213081284566698,1.209760912344592,2.3438746509579866,-0.025933766750079912,-0.028097090685257106,2.297800633073249
1322,1324,424,1.289769805786656,-0.049597910778398313,-0.050346646699711783,1.2171497254306325,2.3402682139639159,-0.025438356205272392,-0.026824939495334654,2.3022935124972559
425,1323,1326,1.2806689977060763,-0.040314397418592551,-0.040942523045234935,1.225489166856284,2.3387672219537179,-0.02054999443352902,-0.02171514483870364,2.3100658729169559
1323,1325,1326,1.283681963124671,-0.043944836479400617,-0.045443400945290868,1.2309124494586801,2.3847324937054202,-0.019863800920184679,-0.022691176928357482,2.3596105587637397
1323,424,1325,1.2822912965215605,-0.047561149696120353,-0.048006531578032252,1.2242472407288281,2.33792083990327,-0.024510957498309643,-0.02533641900583343,2.3076455013750943
1326,1325,186,1.2753711470780411,-0.045196305473272802,-0.045282044375955621,1.2309367470417754,2.3361480767749865,-0.023443255049772321,-0.023602300395652587,2.3130437536515673
138,1276,1304,1.160856188267517,-0.015344761575601495,-0.016609157175741629,1.35467102512807,2.2911869766864537,-0.0068925546299920815,-0.0092450215551566559,2.389068608044044
1276,1327,1304,1.1612063459772148,-0.017341948880383207,-0.017347954603607718,1.3588848887754672,2.3170019735246923,-0.0083620977543513511,-0.0083733684922693563,2.4123681247222026
1276,413,1327,1.1588429528554665,-0.01894592825696062,-0.020217769195388868,1.3569372130471038,2.2885015214088567,-0.0087327843713092823,-0.011097374699409003,2.3888046323542911
1304,1327,419,1.1573775716745835,-0.015958238948251768,-0.016736975632971607,1.3586640824277536,2.288175263543756,-0.0075466022970312394,-0.0089945411609903062,2.3900100149952697
413,1328,1327,1.1591939803631348,-0.020947999731919076,-0.021062565238425535,1.3617554737901409,2.3176440380928489,-0.0099931367719161418,-0.010208215783502818,2.4150484920857842
1328,1329,1327,1.1549956224482165,-0.019430723160789753,-0.020283531826268408,1.3614739329667209,2.2857332406340598,-0.0092716395244588357,-0.010856331993632923,2.3903805405664009
1328,402,1329,1.1552874266833246,-0.021095080956434309,-0.021188003196243699,1.3666327476597377,2.3163982744874767,-0.010062457262256352,-0.010236894984592654,2.4178613820680965
1327,1329,419,1.1576683694566086,-0.017616792570565032,-0.017554384441917037,1.3633261411668078,2.3161030794784554,-0.008526355660656678,-0.0084092322493087117,2.4151311919277374
413,1281,1328,1.1565472349062507,-0.02274417082694935,-0.024199386677324242,1.3596267205380421,2.2858273578762245,-0.010559654405711549,-0.013263250109255886,2.3888860831275953
1281,1238,1328,1.1568838231855958,-0.024663468390050625,-0.025143856807911646,1.3650122889945386,2.3179861066970924,-0.011488025726200508,-0.012390124745997017,2.4177650609850625
1281,184,1238,1.1540964135386176,-0.026555217818736931,-0.028605604536297236,1.3626628821556386,2.2836219110407923,-0.012110122904559956,-0.01591736145945561,2.3895955566183944
1328,1238,402,1.1524109450770528,-0.023047198195583984,-0.024120611389868429,1.3646425402487248,2.2835117909416343,-0.010969775429599725,-0.012963335002132807,2.3911988395662744
419,1329,1309,1.1537529341137489,-0.016201903286633623,-0.0164108050979479,1.3629128951245635,2.2854277259682472,-0.0080649786053128038,-0.0084531869641970153,2.3913661480626929
1329,1237,1309,1.1540129313821597,-0.017684787400511937,-0.017279415717064595,1.3678669813582642,2.3147918181528588,-0.0087877010676324883,-0.0080270016625631282,2.4176367840714139
1329,402,1237,1.1511768383284178,-0.019609577113401055,-0.019824205813593565,1.366139892117384,2.2837807740634437,-0.0097889985713896302,-0.01018771773119146,2.392678668770345
1309,1237,167,1.1504071805506673,-0.016381806310220348,-0.015266590163227178,1.3671396228253894,2.2845094519281113,-0.0090369745661816395,-0.0069644613558171344,2.3940894203851824
139,1330,1332,1.0155460047472216,-0.033217758456347113,-0.036285508552386242,1.5545762173811006,2.1768059789344889,-0.015327151227281621,-0.020858686151588819,2.457444004399056
1330,1331,1332,1.0212546818515111,-0.031505513304909805,-0.033110060221584803,1.5555286527542567,2.2391906417857133,-0.013921710198188754,-0.016868903299537004,2.4937828777149704
1330,426,1331,1.016866097939978,-0.027835438476294883,-0.029325405899307322,1.5523636307692161,2.1800838218769276,-0.013488888681298383,-0.016178651702490894,2.4580169919371637
1332,1331,428,1.0212541841618812,-0.031450059464734892,-0.033015468829942524,1.5449890400882627,2.1801490382601814,-0.01539278041688727,-0.018219137989882138,2.4532210770668832
426,1333,1331,1.0223631656077732,-0.026186583350470194,-0.026919799450007886,1.5530851966593153,2.2385659470336132,-0.012009794440204939,-0.013356579671576559,2.4920664281263813
1333,1334,1331,1.0223577398608867,-0.025584857879313638,-0.026831453609887923,1.5432874778575012,2.1837413561015344,-0.012485258187771957,-0.014738790991154459,2.4543024925696488
1333,427,1334,1.0279058217964607,-0.023921048830378489,-0.02396117326366376,1.5441482435182259,2.2428133528767682,-0.01139002378325514,-0.01146384410298866,2.4892124460544376
1331,1334,428,1.0272284430975205,-0.029658156418003401,-0.029961455053499897,1.5459050527100331,2.244035695509969,-0.013908402899838079,-0.014466514926071025,2.4908908126891669
426,1335,1333,1.0179999014979975,-0.022537682907254108,-0.023667373533708888,1.5503652654177191,2.1819602691698341,-0.010954156921576121,-0.012994989711996426,2.4578975181468832
1335,1336,1333,1.0232850336581265,-0.02095247467940009,-0.021318807876128609,1.5510696878410868,2.2379577736168721,-0.0097802617089203445,-0.010453137977380463,2.4905850233898552
1335,197,1336,1.018948156438739,-0.017325641003999692,-0.01853278130759841,1.5487397959700111,2.1835921822187663,-0.0081906096033358064,-0.010372681397190619,2.4578562390365719
1333,1336,427,1.0232769322093063,-0.020049790713084548,-0.021236235901421499,1.5418693090817737,2.1864819504078006,-0.0096172441964554184,-0.011764071323778727,2.4550519278442464
428,1334,1338,1.0272190798909475,-0.028619715554546232,-0.029868529298624179,1.5355989785688724,2.1864214672279947,-0.014077645483572807,-0.016337271700650254,2.4507879660899388
1334,1337,1338,1.0328452036432711,-0.026932149828932772,-0.026231536721952331,1.53668990089602,2.2471796322262705,-0.013309859159063818,-0.012018969130118927,2.487226864633965
1334,427,1337,1.0278956976283979,-0.022792988357844379,-0.023876560607921538,1.5347204869045532,2.1900912018795204,-0.011098162940187346,-0.013061210780472468,2.4524586291713328
1338,1337,169,1.0328335045626942,-0.025634699925685567,-0.026148903193699308,1.5275256881575823,2.1959529477055915,-0.012889930449353118,-0.013823218707520325,2.4511454273915558
140,1339,1341,1.2883766388532902,-0.026795834225181725,-0.025595111680930316,1.218442110478577,2.3489492452989222,-0.014584007004085894,-0.012351016965056485,2.3129947847434806
1339,1340,1341,1.289080104277875,-0.024450195130498675,-0.024056072493536362,1.2235738914588969,2.3821348416570314,-0.012048550583957124,-0.011306197693601451,2.3505949771005312
1339,429,1340,1.2828803900916399,-0.02439429007252425,-0.024390763431437534,1.2235769094877469,2.3464473555337189,-0.012539436633661048,-0.012532876509932372,2.3159692617444998
1341,1340,431,1.2865601430024447,-0.021436888310480295,-0.021348685447698301,1.2203364655789066,2.3502873099369235,-0.011034332759762976,-0.010870140219051076,2.3163834814904418
429,1342,1340,1.2835512577498269,-0.022157345154685849,-0.022843781129100904,1.2287351760355067,2.3795834343089592,-0.010187159195847589,-0.011480302380690081,2.3531901983523453
1342,1343,1340,1.2814642182762763,-0.019661738750626601,-0.019807677077193553,1.2251047124954759,2.3478488261709289,-0.0099665151965147789,-0.010238229966564476,2.3189978936720621
1342,430,1343,1.2820872092619924,-0.01758443408054423,-0.018408659167043595,1.2297696057361607,2.3778400093645735,-0.0079087001155155739,-0.0094609148379448879,2.3525924813935677
1340,1343,431,1.2870772667353068,-0.019712588007723634,-0.019918370667120655,1.2251057152815457,2.3802191959492962,-0.0093674142341011735,-0.0097549108419741626,2.3503173164088511
429,1344,1342,1.2775670335642699,-0.022103133373625905,-0.022513920233244278,1.2287321877873865,2.3448611756132389,-0.011060254722172931,-0.011824802995023559,2.319812720507672
1344,1345,1342,1.2783721579763734,-0.019418651479062472,-0.021085743050022643,1.2334940801520395,2.3765991276775185,-0.0081927881425277391,-0.011333063023280639,2.3549648660524927
1344,170,1345,1.2731118179631076,-0.019370995440681327,-0.020820099984295126,1.2334916735592891,2.3458115180502479,-0.0088948707955652934,-0.011595489947337098,2.3256122414956804
1342,1345,430,1.2767983595742516,-0.017536742616142575,-0.017967723071469877,1.2297656296564199,2.3470955774044389,-0.008659069303895206,-0.009462064537025635,2.323090529666394
431,1343,1347,1.2849557769451814,-0.017175787159688483,-0.017246755318607754,1.2219110941651614,2.3506873557195402,-0.0087258627477407869,-0.0088580446336373603,2.3184825334409069
1343,1346,1347,1.2854551663979237,-0.015510352256960326,-0.015914488615599964,1.2263541264613886,2.3786195372316583,-0.0072147393366746373,-0.0079755565255174334,2.3500509826273581
1343,430,1346,1.2803139307519347,-0.015463991881591976,-0.015549618547451516,1.2263508362964401,2.3489090761352065,-0.007833962615068208,-0.0079934974665350871,2.3213695955149722
1347,1346,198,1.2836401080822744,-0.013340074718540151,-0.013265153845553712,1.2231862989080753,2.3508401603894198,-0.0068550251568952995,-0.0067154288249469674,2.3200046562534875
46,750,1211,1.1768752911311466,-0.0029518026711914391,-0.0019298969725305426,1.3364354401673442,2.3048553457298757,-0.0021761737914623306,-0.00026937640394585419,2.3847890536868279
750,1348,1211,1.1776288052574273,-0.0047150946052818554,-0.0028617151132728225,1.3386159797940191,2.3222734298075949,-0.003579432187741957,-0.00010082223127396046,2.4004691061543668
750,290,1348,1.1766335428956047,-0.0056392819983539511,-0.0054171574362378294,1.3362430300380552,2.3019471035352939,-0.0029901964237852557,-0.0025761343901000797,2.3823020145105067
1211,1348,396,1.1747454726723543,-0.0044403201333146347,-0.0042744718915237456,1.3387506120247101,2.3027480380093803,-0.0023411430066584641,-0.0020318280150475355,2.3850437164093479
290,1349,1348,1.1775384119547718,-0.0077566522672372074,-0.006556816115461217,1.3389098019644656,2.3230686495559056,-0.0045970336075443902,-0.0023444533966010036,2.4013276275089477
1349,1350,1348,1.174271927348971,-0.0074454728416846194,-0.0074784483267569257,1.3389976006277653,2.300582862541547,-0.0037262174219612459,-0.0037876754257333105,2.3835189116074273
1349,418,1350,1.1750545665779537,-0.0092769201784106414,-0.0086805406958561093,1.3418106066545157,2.3216647168536957,-0.0049145235160370625,-0.003795106760301481,2.4025438269674435
1348,1350,396,1.1755303496823366,-0.0062767888625554491,-0.0052603926270844426,1.3410574863213736,2.3210769388613448,-0.0037559411212824741,-0.0018485981891674698,2.401486815838036
290,753,1349,1.1761265038055786,-0.0090678014823873943,-0.0090563552313369655,1.3365886391098636,2.3000237146880398,-0.0045861494727243261,-0.0045648256662617209,2.3810418295781082
753,1303,1349,1.1770359052793395,-0.011195634694014522,-0.010404908346746566,1.3397440068868143,2.3238314501344872,-0.005970040806770105,-0.0044850867476215681,2.4025856718792351
753,166,1303,1.175116233172437,-0.012978414589945864,-0.01303709057203406,1.3372995261149163,2.2963963576813464,-0.0065484997437454638,-0.0066576844353224279,2.3787250468238597
1349,1303,418,1.1733649788053917,-0.010845939227625445,-0.01085932995461647,1.3397872954618459,2.2982401426400698,-0.0054692467700171096,-0.0054941859060127912,2.3823008308136462
396,1350,1212,1.1726451279606511,-0.0060019402752139461,-0.0060426821178616308,1.3411320078598115,2.301132939071092,-0.0029862917679412786,-0.0030622539421715014,2.3857433619939585
1350,1302,1212,1.1733334362085559,-0.0076126444934478954,-0.0070976772193098725,1.3436007928340992,2.3196847851549802,-0.0040573733166359618,-0.0030912243825977938,2.4024275597587712
1350,418,1302,1.1718680623479223,-0.0089733711722473908,-0.0089934390517178997,1.3418404136084949,2.2993366959028205,-0.0045033839493039199,-0.0045407799526938821,2.3848976710812679
1212,1302,195,1.1705723329349631,-0.0073495181728943093,-0.007344041666748069,1.3436242707572883,2.3002684504126742,-0.0036925118241707324,-0.0036823015897329298,2.3871245810088091
93,1201,747,1.148227623436755,-0.0020504298665020571,-0.0030647288352625424,1.3704015926136908,2.2880509411392693,-0.00033867975797870382,-0.0022264298697429281,2.399464998960835
1201,1351,747,1.1503940646981414,-0.0028925151478382816,-0.0050284378480238701,1.3711648768466631,2.3083005037819637,8.0187561231291268e-05,-0.0039210501552656759,2.4153520611739614
1201,395,1351,1.150563653740468,-0.004412927226229435,-0.0046080816037310512,1.3673962683193448,2.2884583023050715,-0.0020840048388380012,-0.0024471798946570315,2.3973716900894311
747,1351,289,1.1479360946885855,-0.0055311912355824333,-0.0059037690882615124,1.3702251926342921,2.2847529234144299,-0.0025363982794408668,-0.0032290680587362623,2.3968302962477539
395,1352,1351,1.152831494442969,-0.0052943826947178252,-0.006603293219727302,1.3681717593790879,2.3094082917578871,-0.0016596778195239314,-0.004112015621360654,2.4138722226657001
1352,1353,1351,1.1506933144365394,-0.0075898812278030192,-0.0077634497928951163,1.3669262432373941,2.2865636884874228,-0.0037076833663771177,-0.0040304752249958331,2.3955462078822265
1352,420,1353,1.1533903954805813,-0.008638172156086199,-0.0096771730858384863,1.3676700617339428,2.3104237577895383,-0.0034631477609573386,-0.0054103158517648832,2.4142384987256289
1351,1353,289,1.1505781949270562,-0.0065581124390536871,-0.0082325195307082488,1.3711303222626547,2.3092354117617178,-0.0020117709121735515,-0.0051493259712114166,2.4160188916641179
395,1206,1352,1.1529239916539291,-0.0061233971314624824,-0.0061926158688194732,1.3644910272876363,2.2895022019313949,-0.0030303866609582928,-0.0031592143154445008,2.3958284562397543
1206,1311,1352,1.1552777426117027,-0.0070382438624960741,-0.007884804746778773,1.3651487406528453,2.3103267177020985,-0.0028293857861642971,-0.0044155937823201451,2.4122168296113036
1206,196,1311,1.1553130489512045,-0.0073546800539512347,-0.0074978108355843176,1.361680273485149,2.2912050867671101,-0.0035967452418295947,-0.0038632218184567555,2.3948572424085994
1352,1311,420,1.1534328572999115,-0.0090188682786811469,-0.0092343518777351363,1.3636998993718805,2.2885519009845363,-0.0043961052643110461,-0.0047970020426852007,2.3944514334685527
289,1353,748,1.1480833900059917,-0.009236474887218904,-0.0095102824272448316,1.3697585468060485,2.2829139187028114,-0.0044872745039626592,-0.0049959887355182468,2.3950508515240529
1353,1310,748,1.1511990105854377,-0.010447501596756226,-0.011750527785866716,1.3706293193844239,2.3106107975816657,-0.0041423027997805513,-0.0065848738988514843,2.4166502867159925
1353,420,1310,1.1512531160604951,-0.010932571956579373,-0.011234027813749492,1.3659987560808027,2.2851342717213083,-0.0053227023140986901,-0.005883019670238708,2.3936930928462892
748,1310,167,1.1485358731064359,-0.013306428742692056,-0.01355285645450266,1.3686944863548565,2.2797819974961677,-0.0066043948534499734,-0.0070617257339344389,2.3917996530262737
77,760,1218,1.0356013135541486,-0.0041452025458674768,-0.0048118889621793226,1.5297212260275499,2.2387346946924231,-0.0015569695316293812,-0.0027828099304825892,2.478139578079646
760,1354,1218,1.0322413254008458,-0.0051529882936485194,-0.0095706330282503416,1.5282939012191559,2.1988347173285714,0.00023309929094943518,-0.0077935829622241843,2.453554484807924
760,292,1354,1.0368241608444664,-0.010422781446461471,-0.0099547188839903544,1.5287355607632467,2.2441556473223501,-0.0053311873253709501,-0.0044691747491252369,2.4807356865616104
1218,1354,398,1.0315630889912453,-0.0088435760198386504,-0.0080857665330669182,1.5363737241018249,2.237491422587599,-0.0047878368122879385,-0.0033952416129700604,2.4815000132404705
292,1355,1354,1.0330059968570646,-0.01156786227181783,-0.015632584526643178,1.5270327488626032,2.1981290147586088,-0.0033044243995045165,-0.010688130061278382,2.4522680840077324
1355,1356,1354,1.0323959990939855,-0.01488772726360521,-0.014024018121973292,1.5357872453821593,2.2411922668552884,-0.0077465980974441365,-0.0061577030616345937,2.4832843092376926
1355,427,1356,1.0284616489431393,-0.016067595812529589,-0.019347432354832605,1.5341908117182896,2.1941106769371643,-0.006143828104754924,-0.012093450892264677,2.4545403395897951
1354,1356,398,1.0280546225808038,-0.0098958959339867647,-0.013200005210394217,1.5348397732024157,2.1950748575114205,-0.0029383345756751264,-0.008934012838394581,2.4555855574342615
292,763,1355,1.0377301259302349,-0.017000128681790017,-0.016443606722571946,1.5279653416356727,2.2471655856323829,-0.0085232686065244839,-0.0074974696785773919,2.4820056833067867
763,1337,1355,1.0335362746802028,-0.01825802106868224,-0.022397195220504429,1.5261796384240514,2.196828525919984,-0.0067242651629625116,-0.014239787482550115,2.4508623832121272
763,169,1337,1.0384788306389887,-0.023941456110026849,-0.024101752238668395,1.5281397050713066,2.2531869081585416,-0.011255048624876224,-0.011551007581124366,2.4856283667541375
1355,1337,427,1.0329832955280134,-0.021267028021156875,-0.020649738696044695,1.5356883311304976,2.2446627412489493,-0.010596929700413975,-0.0094602727795639815,2.4852074558451203
398,1356,1219,1.0275352065563688,-0.012722890848285928,-0.011694727714167241,1.5430324581144355,2.235857219960053,-0.0068349906975406181,-0.0049469278265857758,2.4845934593985501
1356,1336,1219,1.0238167338319037,-0.013838253289231162,-0.016572192003727171,1.5415694541128682,2.1913453402166749,-0.0053460647180358888,-0.010300604405038646,2.4577375427564996
1356,427,1336,1.0279895238622121,-0.018636536055515407,-0.017743778355368889,1.5429166588750212,2.2383353882874473,-0.0095662959422698444,-0.0079257795014144664,2.485918303374886
1219,1336,197,1.0234225724726027,-0.015983532036388581,-0.015063560271280529,1.5497803949282281,2.2334465637523451,-0.0083293466596314203,-0.0066416002924247902,2.4872569676282819
62,1222,757,1.2733608951950517,-0.0036875083618275184,-0.0032218332834013097,1.2369906324099862,2.3688653238452209,-0.0021217037486387777,-0.001246134109844887,2.3511372747459083
1222,1357,757,1.2723653009012863,-0.0070072236119081976,-0.0040462654747273064,1.2342416410433819,2.3475846845492589,-0.0055683070284001865,-4.4953966191802266e-05,2.3282244580023121
1222,401,1357,1.2769529084036604,-0.0061642886367616612,-0.006842546501193425,1.2337278475080105,2.3715409065122719,-0.0025259233325711974,-0.0038015814093814004,2.3505129796655408
757,1357,291,1.2730443603554598,-0.0075977624897474172,-0.0082076824691341699,1.2378605856100151,2.3716012398128568,-0.0032556287579339274,-0.0044036510458273243,2.3545512689940069
401,1358,1357,1.2759030092304471,-0.0096654726717578798,-0.007716856599973454,1.2308122146190774,2.3489646250091103,-0.0062337537822402447,-0.0025995916998987553,2.3260504021428945
1358,1359,1357,1.2769628326815379,-0.010587033502266863,-0.011578755358417681,1.2341702971596256,2.3736511626738905,-0.0044350921213204518,-0.0063017581307032444,2.3529229563063692
1358,430,1359,1.2758745633553827,-0.01421576490506582,-0.012607239110980828,1.2307409151119186,2.3478507211462118,-0.0083288572847903981,-0.0053303171051248127,2.3248671518248281
1357,1359,291,1.2718670130880114,-0.01152351588434386,-0.0091823350819453253,1.2346106984194769,2.3463031866114901,-0.0074505071484533072,-0.0030850749024117982,2.327346372871149
401,1227,1358,1.2805718523322986,-0.0088076113263864109,-0.009760191143296737,1.2304367687790396,2.3740142462259719,-0.0036133188132926458,-0.0054052997587760564,2.3496629964545526
1227,1346,1358,1.2795903939988293,-0.012080718027292825,-0.010707710056387043,1.2272768480794944,2.3504518259927822,-0.0070739041101197456,-0.0045137945141656317,2.3238508861712641
1227,198,1346,1.2842760524703747,-0.011219578150207354,-0.012116004544395764,1.2270180288442312,2.3761038315711009,-0.0048198077728094021,-0.0065062260699378927,2.3483133828882616
1358,1346,430,1.2809690598603869,-0.013279525673097758,-0.014327849296492445,1.2304247106043622,2.3757093704743237,-0.0056971646111356536,-0.0076703192621417546,2.3512358095396295
291,1359,758,1.2729756323010228,-0.012487506671308157,-0.013483453758233566,1.2383507010542161,2.3733788655650017,-0.0053314690512616392,-0.0072073185961559413,2.3566619381572536
1359,1345,758,1.2717489327288054,-0.016577820670354737,-0.014606010455793239,1.2346076416460647,2.3448716189678716,-0.0097912258642273223,-0.0061165995129394517,2.3259247111797725
1359,430,1345,1.2773972486542506,-0.015539803476947167,-0.016626971188383521,1.2342362403265721,2.3758485543411547,-0.0067347003708799411,-0.0087824736743767201,2.3550277886549011
758,1345,170,1.2734943367839469,-0.018095522518689844,-0.019269324454349146,1.2386625882666671,2.377233149394975,-0.0078462959814433603,-0.010060014457775969,2.3605407726660865
139,1332,1313,1.0201384997120329,-0.037058578825122979,-0.039552318597824154,1.5573083337273523,2.2353836591587086,-0.01604959760471357,-0.020623960487599499,2.4925263082578475
1332,1360,1313,1.0201845142461838,-0.037991844098060668,-0.039044112534698527,1.547000915017535,2.1779431694411517,-0.019169892874319833,-0.021068125557635611,2.4531139983768915
1332,428,1360,1.0263674571402408,-0.035726175594220422,-0.036525026766752511,1.5479240051027414,2.2442601388024905,-0.016432356685563101,-0.017902141339027955,2.4921090559217411
1313,1360,422,1.0250256969752218,-0.042040455064012328,-0.04331035963984764,1.5505687156522345,2.242646161579724,-0.019129419350027738,-0.02146414614895982,2.4925988424676797
428,1361,1360,1.0263533478860829,-0.035439788985861753,-0.035979927811737866,1.536859703672095,2.1823132352512173,-0.018172480706877596,-0.019148441922240841,2.4490822601124771
1361,1362,1360,1.0315950637817379,-0.039823319061891738,-0.040078934500855534,1.5402876115292337,2.2495006873182071,-0.018692574082952482,-0.019163676416322453,2.4905100663530666
1361,406,1362,1.0315596008090857,-0.039104089281334353,-0.039514683320642341,1.5288439500931514,2.1853551055522185,-0.020190570126000548,-0.020933183795495025,2.445473631091942
1360,1362,422,1.0250349110032193,-0.042227333677746337,-0.042755097763391703,1.5393069124792633,2.1796973273112452,-0.021774111032237059,-0.022726736520206015,2.44899463441438
428,1338,1361,1.0326256567718595,-0.033141373339402591,-0.032778640575116924,1.5380327786605004,2.2500839468391898,-0.015957329163319212,-0.015288529674774877,2.4896451764041245
1338,1252,1361,1.0325895549833,-0.032408557378638125,-0.032234143880430111,1.5269802551056593,2.1880856037929055,-0.0170201430651215,-0.016704367640796927,2.4460123942028908
1338,169,1252,1.03839149631286,-0.030282502527937183,-0.027549474241125083,1.5286968985608116,2.2537719417513045,-0.016233223410537317,-0.01118680911585139,2.4862417764102336
1361,1252,406,1.0378424561734807,-0.036801692273940922,-0.036001824435865082,1.5301312622012007,2.253386335636657,-0.017993335667447263,-0.016516889507446314,2.4867404140503973
422,1362,1317,1.0303633551243117,-0.04668364704792527,-0.047198211322561967,1.5430228013783491,2.2490041647418608,-0.021746596245507122,-0.022694525634399221,2.4916832225418406
1362,1251,1317,1.0303453192874539,-0.046317544712253689,-0.046610693276795345,1.5310970043935392,2.1822463962223799,-0.024110069388933023,-0.024639635306639707,2.4449383110051475
1362,406,1251,1.0371872757067493,-0.043810388261115385,-0.04354997083446932,1.5322185710253846,2.2550470138838552,-0.02086866080525128,-0.02038785394917772,2.4888288589981977
1317,1251,185,1.036430398343926,-0.05140665112713183,-0.050923881715103647,1.5347042336088461,2.2571257626432435,-0.024498319241822858,-0.023606718918144046,2.4913616372524978
140,1321,1339,1.2901688754993825,-0.028938823738526409,-0.029125001179838961,1.2226628232934456,2.3819477266566831,-0.013820733599830375,-0.014171282704840353,2.3494037026164261
1321,1363,1339,1.2838298092004077,-0.029872903458065814,-0.030062697781655601,1.2225246509921099,2.3444772684445523,-0.015295121256574847,-0.015647796818814112,2.3128272899876592
1321,425,1363,1.2864336708913162,-0.03298653630159265,-0.033783628419668865,1.2269740470116695,2.3832034960303012,-0.015242434784284907,-0.016745000443297131,2.3547183054448575
1339,1363,429,1.2849739350850951,-0.026897698941660941,-0.02799888863691713,1.2278914155855851,2.3817999868557198,-0.012134301560892929,-0.014209805605137418,2.3544068814309136
425,1364,1363,1.2791700329658737,-0.034056854319457042,-0.034326290974989959,1.226894084117518,2.3404213311131805,-0.017457818261030995,-0.017958162949088141,2.3133473494444128
1364,1365,1363,1.280455447061887,-0.030714241522128094,-0.032138410602790657,1.2325834856526448,2.3806237950704809,-0.013707884236281977,-0.016393147170501908,2.357697230078124
1364,407,1365,1.2731947041117784,-0.031784093486370235,-0.032025362706976424,1.2326001429719078,2.3380927168516172,-0.016279726005744927,-0.01672794833895546,2.3170937594210637
1363,1365,429,1.2781095123295974,-0.027909191451730653,-0.028190677899297967,1.2278631548840941,2.3416620246637669,-0.014219732829756686,-0.01474287912413829,2.3157213982483125
425,1326,1364,1.2818452075195697,-0.037255761305046597,-0.038488368427995745,1.2318709924918156,2.3823806117927173,-0.016929123549723327,-0.019253830292103355,2.3585079404450671
1326,1257,1364,1.2740633205726097,-0.038402444812376313,-0.038470916834784319,1.2318735640344549,2.3367132654786693,-0.019882567478203148,-0.020009665595097592,2.3148195487858718
1326,186,1257,1.2767488119872441,-0.041613658427329003,-0.042889885556410157,1.237157607187827,2.3803685711520597,-0.01896116472115067,-0.021368441097486937,2.3614735330486556
1364,1257,407,1.2755329921603396,-0.0345801338595777,-0.036249445925296442,1.2376511490810458,2.3787902686692282,-0.015367970552872229,-0.018516022798784108,2.3606680643169526
429,1365,1344,1.279468014920242,-0.024376149674122605,-0.026173824962973491,1.2331083606955531,2.3796390815147319,-0.010425411669005201,-0.013814631314479089,2.3574084074308468
1365,1256,1344,1.2726184144027912,-0.025385458084625334,-0.026054800372651954,1.2331258993125545,2.339521104256109,-0.012641693264418934,-0.013886133384472789,2.319154748688268
1365,407,1256,1.2746986445675355,-0.027873064182289742,-0.030006175964739867,1.2378510812580998,2.3772021225356426,-0.011870832585841415,-0.015892234981054063,2.3595273675244051
1344,1256,170,1.2743581076231247,-0.020861348676711522,-0.024309547408391197,1.2376644669533956,2.3758882814209246,-0.0076118834107491429,-0.014110322001712042,2.3582426983344789
146,1366,612,1.1891743073692718,-0.026349501231268668,-0.024585581137301915,1.327637339146948,2.3373157684280099,-0.013822820724350357,-0.010500240942076522,2.4034361063923009
1366,1367,612,1.1835157437039112,-0.025193601794657461,-0.02480976906175858,1.3276831349903659,2.2986906524311181,-0.013099568181359156,-0.012385634843925915,2.3721684035033661
1366,432,1367,1.1840929399888251,-0.026839059804810717,-0.026766142704490292,1.3332603203697975,2.3333236348558795,-0.012899319761486755,-0.012762078293929828,2.4047316950003346
612,1367,251,1.1852926813066129,-0.022425580738093309,-0.022157133540464002,1.3318152727577068,2.3348165080911176,-0.010907974108749968,-0.010402492695613198,2.4048540747071456
432,1368,1367,1.1789244618092476,-0.025783058195306019,-0.025920535035007575,1.3330875493859686,2.2966821010821521,-0.013034471242588497,-0.01329015152388055,2.3751734567388794
1368,1369,1367,1.1806645493964218,-0.023072560233694084,-0.023451588502224396,1.3369333756499846,2.3310569753706742,-0.010789973983624711,-0.011503135729779984,2.40593675679838
1368,404,1369,1.1758377554528585,-0.022086370102663011,-0.022403774219635686,1.33671929066589,2.296337851286324,-0.01100401303778141,-0.011594515886724777,2.3780567596493261
1367,1369,251,1.1800627890358446,-0.021357075516651669,-0.02161758453502749,1.3317050389517924,2.2980993663412033,-0.010684105516476174,-0.011168799741001476,2.3752104759220334
432,1370,1368,1.1794524162180569,-0.027288138587674204,-0.027846320505618749,1.3385775347016704,2.3305304144924426,-0.012679894118948876,-0.013730026921364831,2.4067528329906773
1370,1246,1368,1.1745422279583417,-0.026284951232727671,-0.026434880638166902,1.3382891672191199,2.2948283472558311,-0.013266775673892221,-0.013545588823401261,2.3781071147512947
1370,187,1246,1.175008900456878,-0.027615241058363438,-0.028317834373464024,1.3436566877052627,2.3276171735476092,-0.012749275893840152,-0.014070432805179507,2.4084831815726595
1368,1246,404,1.1763323597947455,-0.023496376884560632,-0.024184261849958588,1.3417950642109915,2.3277575533615367,-0.01079802369143365,-0.012091484368481689,2.407189373212749
251,1369,613,1.1816628767244235,-0.018864824413165948,-0.019107268441478809,1.3356150359468959,2.3316771828909291,-0.0088688588871368712,-0.0093251002176406028,2.4054418631709429
1369,1245,613,1.1768589441015904,-0.017883345861563704,-0.018395242957922164,1.3354695639356997,2.2974885716147289,-0.0087289636063730344,-0.0096816092237790793,2.3779799154931047
1369,404,1245,1.1774515586121419,-0.019572582747405143,-0.02009521083629906,1.3403152914597065,2.3283520153769666,-0.0090310062022829068,-0.010013857271547258,2.4065443542166651
613,1245,166,1.1784246276484889,-0.015444513417913086,-0.015992310901202345,1.3392125608340368,2.3298510045586163,-0.0070181051193492633,-0.0080487489039474044,2.4069124880412582
150,560,1144,0.97576889635998754,-0.085800982714440366,-0.083847040892326197,1.6220404595112421,2.100641431715994,-0.04849047629758807,-0.045062424743454343,2.4570297839509303
560,1371,1144,0.98559637309774484,-0.083386633764695794,-0.07422327048633548,1.6244047632478278,2.2272073273842445,-0.045048177987549703,-0.028364670475436476,2.5247567978050753
560,235,1371,0.97753871486688126,-0.068717125410383773,-0.070132216420254689,1.6169567243659562,2.1086229218646335,-0.036769428119869232,-0.039260567093428664,2.45875024375579
1144,1371,384,0.98695819270357443,-0.080023878841846141,-0.082233661113241485,1.6046246246749472,2.1274427998706762,-0.041768493449497651,-0.045680384487357395,2.4603347963234037
235,1372,1371,0.9866926471215054,-0.066468248377677952,-0.061118260494409826,1.6191712129476485,2.2245518352254039,-0.034780405283676319,-0.02503734383256058,2.5210835336506312
1372,1373,1371,0.98719470823050059,-0.065228503804596105,-0.068186479856324311,1.601717587406269,2.1289791850509396,-0.033313171864959634,-0.038556355367744072,2.4600174806616533
1372,409,1373,0.99466394138484127,-0.063393587133037776,-0.058803469289983035,1.6040226490052079,2.2253771983165,-0.033048869433369141,-0.024678930885149775,2.5132477806821178
1371,1373,384,0.99432764509099147,-0.078213474645524528,-0.071263752474754583,1.6073195289349025,2.2273972757461622,-0.041481735122640723,-0.02881170122315499,2.5156639689247755
235,559,1372,0.9798983974480997,-0.054098860214311983,-0.056953728937788384,1.6115894033559166,2.116550214709207,-0.027676366775502767,-0.032718141973011747,2.4600871666519075
559,1267,1372,0.98859603431334797,-0.051961728608459268,-0.049471490885251157,1.6134278943934623,2.2229659256691612,-0.026174879061695064,-0.021638074043910785,2.517495238393495
559,173,1267,0.98246044300642144,-0.040791472268866258,-0.045508234136988124,1.6062125191177739,2.1226528290473405,-0.019184031657782,-0.027534566931110324,2.460322840643784
1372,1267,409,0.98850612523021653,-0.052183749617936925,-0.055624059460987807,1.5982347744272714,2.1343463556096043,-0.025839006724052538,-0.031950970239489243,2.4611891408600983
384,1373,1148,0.99582914579414883,-0.074505803776641955,-0.078279365695537173,1.5899958042697522,2.143655156584833,-0.037323178236114279,-0.044041521304870018,2.4600745565249635
1373,1266,1148,1.0019434855067555,-0.073003734736568404,-0.067462345981851524,1.592653149327683,2.2280958088748175,-0.038335654247138515,-0.028220600629276005,2.5079884544312843
1373,409,1266,0.99551309194262227,-0.061296771074438539,-0.065128490874774014,1.5884042092497963,2.1445377622258266,-0.030234953706526527,-0.037063286828628292,2.4601434284393067
1148,1266,189,1.0036029376019817,-0.068906379309625621,-0.073803979007886156,1.5769950145917475,2.1558258541953279,-0.033317792771718313,-0.042075580801967674,2.4587468444748155
151,999,568,1.337786525199159,-0.063090906207405539,-0.06782175024047099,1.1718027955508941,2.3423234201427596,-0.031318132553889919,-0.039978784182588406,2.2519262922145344
999,1374,568,1.339467703214047,-0.056226562352007514,-0.065061513633164481,1.1830729959859605,2.4172939099279902,-0.020028331367034358,-0.036704784640422941,2.3441394881428832
999,354,1374,1.3255621426837951,-0.06199227114156336,-0.062959428626038871,1.1839445904805244,2.3466327365476567,-0.032472163465118609,-0.03425179089135745,2.2710092507778619
568,1374,238,1.3316515672304208,-0.052187696952760265,-0.053036293462575657,1.1768591525002465,2.3455528951861244,-0.027557565927677136,-0.029116302424944868,2.2621813665092976
354,1375,1374,1.3275698060151186,-0.053794869480327856,-0.060846558744984236,1.1925715563680308,2.4088733517331633,-0.020359773020703756,-0.033662463272191384,2.3452584137961634
1375,1376,1374,1.3212262906749919,-0.050516957648892857,-0.050112428702370426,1.1870248634099063,2.3473361610681329,-0.027116804396796326,-0.026371155491225262,2.2760035134316503
1375,410,1376,1.3229292070176082,-0.043562413996977023,-0.048087611061834679,1.1952940204529696,2.4049648715007033,-0.017429213303814237,-0.025963968215744954,2.3445339352807939
1374,1376,238,1.3332854327988442,-0.045516260513916551,-0.050595748613055491,1.1868244398252292,2.4122348693861158,-0.017822344503350893,-0.027407537123369546,2.3433109811509101
354,1004,1375,1.3153625204076316,-0.058856416893003694,-0.05858892895693657,1.1935076449121942,2.3468166154947534,-0.031300000846455484,-0.030806450472589425,2.2823783541215419
1004,1273,1375,1.3173825258148106,-0.050608621845814827,-0.056798862070305489,1.2008165881205599,2.4016726671911868,-0.019625395436520282,-0.031297133445044256,2.3464080607371551
1004,190,1273,1.3064862307963625,-0.055126741141152458,-0.054466241533413395,1.2017838029250942,2.346239197063865,-0.029383964161846382,-0.028162777182506399,2.2912604622234634
1375,1273,410,1.3122870615735385,-0.047975509529443849,-0.046991481864946394,1.1957485644062729,2.3485313102257623,-0.025881080260890033,-0.024062234223072576,2.2872435013981471
238,1376,569,1.3259023151734401,-0.041700989317389081,-0.040930972271157273,1.1818301075297146,2.3478334400801275,-0.022757737561538455,-0.02133950789842598,2.2709480874600465
1376,1272,569,1.3272460248540672,-0.03621454754384601,-0.038702907038537404,1.1909274224800024,2.407359487206004,-0.015376457158858547,-0.020070437225078758,2.3428608850063548
1376,410,1272,1.3169616707864236,-0.040478783459666379,-0.039221284852576588,1.1907124857637017,2.3494946276130793,-0.022181299803986143,-0.019858337799305764,2.282901585744245
569,1272,174,1.320634412939274,-0.032798101021952575,-0.029974755357155658,1.1864172873058996,2.3486270007920025,-0.019252620837404609,-0.014042925215440108,2.2774364776044398
141,945,516,1.5231529952099461,-0.28127694398254155,-0.32570321564383065,1.1084044813795515,2.4634050474538784,-0.10366919960225296,-0.18353119638204551,2.2671615038769177
945,1377,516,1.5326462558174461,-0.34070387489757659,-0.32556681147050881,1.1075506039058531,2.411992489819017,-0.18945479411918853,-0.1630869900781835,2.1870629189318711
945,339,1377,1.5805211139470319,-0.30274408979726575,-0.35847137146247476,1.0814607088144781,2.4778730507189075,-0.1079806902018986,-0.20675381404877902,2.2403233586695328
516,1377,223,1.5035789643823003,-0.32327729033664143,-0.3763560995368298,1.1380000809495661,2.4080504811940617,-0.13418875880662018,-0.22716746678340771,2.2192312976262785
339,1378,1377,1.5926452424705202,-0.37862657006924794,-0.35885074447335619,1.0838351281352665,2.4215300738512715,-0.2153029653489833,-0.18154185005140022,2.1477336438926695
1378,1379,1377,1.5563924500180086,-0.3568905851816826,-0.42069630822326731,1.120915698984863,2.4198063666631766,-0.1466982411204224,-0.25665265431649809,2.1939152939599933
1378,415,1379,1.5695072110003041,-0.43897323463420124,-0.42408667301853065,1.1421353098783769,2.44814308688367,-0.22206903692258018,-0.19632647035216766,2.2409610804211129
1377,1379,223,1.5142842816050264,-0.39027971623348279,-0.37891924385103515,1.154042285342249,2.4351350369865155,-0.19677729910002018,-0.17678685899345314,2.260182254901332
339,944,1378,1.6514348349729611,-0.33201011814253079,-0.39563988208346679,1.054663654208893,2.5097783449033493,-0.11225312822720435,-0.22379980288933143,2.2341695983365191
944,1288,1378,1.6660735473842228,-0.42362778779000143,-0.39610003913839797,1.0575435876251795,2.4274627670260571,-0.25019191044214328,-0.20453473979695624,2.0898936604504743
944,175,1288,1.738576164557506,-0.36613776916333318,-0.4359690887338612,1.0259299370669828,2.5522081227470248,-0.11516621084944834,-0.23621758284158534,2.240014887506891
1378,1288,415,1.6221038579849654,-0.39726683454659906,-0.47278635848435258,1.1035189971926931,2.4373404975132398,-0.16106088502110749,-0.2886973402545554,2.1692674549533444
223,1379,521,1.4725568199037098,-0.36526129929016937,-0.42210719803249397,1.1799363656573796,2.3485996370731939,-0.16982290942401901,-0.26700989004187714,2.1862535276669095
1379,1287,521,1.483953885007089,-0.4366082721907012,-0.42732821206162619,1.2126205297883157,2.4575015506216684,-0.19904857914920926,-0.18254640337096251,2.3376554174519915
1379,415,1287,1.519089338491181,-0.4087476885931518,-0.47655223340239417,1.17358844607854,2.3500620939421655,-0.19221332485874743,-0.3056746628737167,2.1557542217632655
521,1287,193,1.4336258084916595,-0.40643530326643296,-0.45958182888635868,1.2319573979050542,2.2897889352121661,-0.20858442480218053,-0.29754234629235399,2.1719277778604233
138,1380,1297,1.1643299825896722,-0.013551921455504434,-0.012372694314645827,1.3522187557346292,2.3030295031348493,-0.0075343532959117783,-0.0053323080742087824,2.3962806911461714
1380,1381,1297,1.1651073493893378,-0.010646136626700553,-0.012439798943606917,1.3519679196906198,2.3074152683217339,-0.0040115623500751145,-0.0073657029379469927,2.399504335871725
1380,433,1381,1.1643111781336506,-0.010735605970158879,-0.0096457839028243342,1.3522818957221876,2.3036230760940861,-0.0060702689375845414,-0.0040347215633017713,2.3968180116462867
1297,1381,417,1.1660806941297874,-0.011646601068323825,-0.010571640998794152,1.3500477104189734,2.303719257311708,-0.0065202935472284465,-0.0045128384974585552,2.395073576724295
433,1382,1381,1.164991600255517,-0.0081920767900669489,-0.0097211795787650601,1.3520000543539532,2.3070738232895667,-0.0029867795503785675,-0.0058459490456376842,2.399284579737293
1382,1383,1381,1.1658636060751375,-0.009088478508301634,-0.0080767593445481012,1.3503096285674694,2.3039188027227873,-0.0052044204586406823,-0.0033148634122145207,2.3954612583492585
1382,434,1383,1.1664893329814721,-0.0067498284032940781,-0.0080752326468527258,1.350315334589832,2.3085403845896311,-0.0024113081960158537,-0.0048904436666405253,2.399079765514152
1381,1383,417,1.1667929577712641,-0.0089840430799927873,-0.01057672759353423,1.3500286958958796,2.3088735343042832,-0.0033259227586187462,-0.0063051984851188337,2.399093170305246
433,1384,1382,1.1643353139141883,-0.0082658298013500442,-0.0072472998785215736,1.3522780672668429,2.3040310189288582,-0.0047943950321861009,-0.0028917219910957002,2.3971489149147724
1384,1385,1382,1.1649194274804664,-0.0060824225090385653,-0.0073195928439986346,1.352007837302815,2.3068053680631619,-0.0021490107891824935,-0.0044621490409249912,2.3990953220077302
1384,179,1385,1.1643975536064026,-0.0061410678225275461,-0.0051302075340320386,1.3522538683732179,2.3045093844638922,-0.0037343888603093064,-0.0018457335883646786,2.3975122795218509
1382,1385,434,1.1656595007557353,-0.006843115987239301,-0.0059098023066468386,1.3505587666455821,2.3040413592766713,-0.0040350534476016053,-0.0022918024787617532,2.395771815727274
417,1383,1301,1.1675548107181015,-0.0097671660329607946,-0.0087822498984628794,1.3481841185697263,2.3040670556224914,-0.0055292664306271309,-0.0036900268862073843,2.3938420963492377
1383,1386,1301,1.1682197222647392,-0.0072816179199497455,-0.0087208357902035516,1.3484136945511862,2.3102234708163776,-0.002589125935633858,-0.005282165453726605,2.3988573321081019
1383,434,1386,1.1671262265105646,-0.0074045042267600891,-0.0064711914994148856,1.3486665080417453,2.3039221615244005,-0.0043191425240081283,-0.0025762492421899704,2.3941368352392485
1301,1386,195,1.1687501964703753,-0.0078269330757789746,-0.0069742570845239271,1.3466182522300691,2.3040270171731634,-0.0044789442017464931,-0.0028868702587535756,2.3925430812860085
138,1306,1380,1.16274100779505,-0.011918581918180848,-0.014226957789625239,1.3541247909068339,2.30223086356999,-0.0043320079296954028,-0.0086421523114060157,2.3972009386722894
1306,1387,1380,1.1625952500979713,-0.011957837569629426,-0.01107017249979414,1.3549749804029734,2.3061505084928644,-0.0065028546514062611,-0.0048431919702093262,2.4009372218264944
1306,421,1387,1.160935995650461,-0.010252258759370747,-0.012224978526528041,1.3561620272071018,2.300841408648036,-0.0037395798754234245,-0.007422024552407841,2.3977855175051133
1380,1387,433,1.1629367866000937,-0.0093228430993708145,-0.011210733370974779,1.3538905366729566,2.3027155023357255,-0.0033286721859834591,-0.0068542721179468587,2.3974126635646416
421,1388,1387,1.1610212132397191,-0.010229307848041991,-0.00935214633393322,1.3569357420879289,2.3059564455385857,-0.0056382643295761412,-0.0039980608374944569,2.4023689023147834
1388,1389,1387,1.1613322994800885,-0.0078301181411584153,-0.009516428022447343,1.3556687527937941,2.3012499835564482,-0.0027315498115466942,-0.0058797111409702608,2.3977234772587295
1388,435,1389,1.1614583396561278,-0.0077961728379714046,-0.0070036233403438786,1.3563455045999575,2.3060597212415703,-0.0043836008381645409,-0.0029016089521592698,2.4019930614680742
1387,1389,433,1.1628160997456396,-0.0093553466390678963,-0.0084974169430243052,1.3546212905617807,2.3060766430353112,-0.0052017836404473234,-0.003597766826846701,2.4006165975199263
421,1312,1388,1.1593757102454976,-0.0085378618236386927,-0.010278431483656369,1.3578878894492306,2.2994039299014268,-0.0030525323035599863,-0.0063006219132602913,2.398079848462376
1312,1390,1388,1.1596911755800763,-0.0084528851390563986,-0.0075939009033003657,1.3586110196425469,2.3058718434422083,-0.004747064412551143,-0.0031406626692256426,2.4036500176493552
1312,196,1390,1.1580498132334873,-0.0067657905308067257,-0.0082885903676057637,1.3593250648087931,2.2979902375552044,-0.0023256847926493088,-0.0051664598474646869,2.3981593051145711
1388,1390,435,1.1599740536533825,-0.0062704473782968506,-0.0077836241836690689,1.3571472821165749,2.299833943801044,-0.0020804812685078777,-0.0049044996589720623,2.3978305445834289
433,1389,1384,1.1631194271889356,-0.0070159950852897168,-0.0086184897246579517,1.3536875412222855,2.3031558736224786,-0.002377940001242751,-0.0053709974683314749,2.3976073644960088
1389,1391,1384,1.1630116884607542,-0.0070450114188753687,-0.0062886275623217358,1.3543150227124698,2.3059812195392371,-0.0039943713150162458,-0.0025802668482775362,2.4003103223378304
1389,435,1391,1.1617268822512536,-0.0057243349852527103,-0.0071518011768167966,1.3552022950827052,2.3016919870540407,-0.00186221030810527,-0.0045274527866892809,2.3977023654438705
1384,1391,179,1.1632780147297261,-0.0049902727843171846,-0.0063881802281411382,1.3535469621323948,2.3036803054438031,-0.001511924343483519,-0.0041233060450563998,2.3979118633915362
139,661,1330,1.0155340707694531,-0.03188798836992035,-0.036376178231759759,1.5646792886029042,2.2336372644165436,-0.012192572842173177,-0.020419579843295038,2.4959829222047167
661,1392,1330,1.0114832283960926,-0.030530771525869582,-0.028494599021638693,1.562038600302599,2.1806878474122224,-0.017051152907166196,-0.013375881308109169,2.4644940646882292
661,267,1392,1.0114402723912246,-0.025744302889481929,-0.028563837207574494,1.5697536195747999,2.2244374708835322,-0.010528221345311804,-0.015682229948680397,2.4938932977078063
1330,1392,426,1.016853075277238,-0.026391200837064588,-0.029406307520141617,1.5613357717377139,2.2304986571585372,-0.010654330439330902,-0.016177521323649031,2.4923289687453507
267,1393,1392,1.0081937157342953,-0.024656558422078589,-0.021997786793673972,1.5675536933867931,2.1810211007146889,-0.01437771352053157,-0.009578588377216854,2.46824400422329
1393,1394,1392,1.0130184504857596,-0.020937210179852173,-0.023256062588484561,1.5665836989504685,2.2240504339701457,-0.0085709378498108682,-0.012810166818465002,2.4918703028490157
1393,436,1394,1.0097774116781146,-0.019851514671822557,-0.017563445763915331,1.5646767645130293,2.1820906526885269,-0.011674804272277295,-0.0075427898233152574,2.4671058017758565
1392,1394,426,1.0130561602706101,-0.025119295805462016,-0.023189965405491821,1.5592533978104601,2.1826912590446068,-0.014181132531579536,-0.010695967906851865,2.4639583121286575
267,665,1393,1.0081521655285517,-0.020026734088045117,-0.022055715738745096,1.5740085552756611,2.2174749704388712,-0.0083793971684394952,-0.012080416148111797,2.4925852871113876
665,1395,1393,1.0054932494418174,-0.01913591722233754,-0.016351849047065069,1.5720975883692394,2.1809392660542812,-0.011598921285029668,-0.0065742365140733922,2.4710953154042379
665,181,1395,1.0054559303896013,-0.014996990188188342,-0.016402054917002307,1.5776657477948439,2.2122249220161359,-0.0063933656283056625,-0.0089521180906016878,2.4918778989577666
1393,1395,436,1.0097415965425469,-0.015860901468016664,-0.017621263892050543,1.5711190069309704,2.2183015493354832,-0.0065375305237325675,-0.0097499297273388706,2.4913846118919998
426,1394,1335,1.0179889429553413,-0.021316654302285798,-0.023743314724144149,1.5588268253828175,2.2294270194128547,-0.0086449999080924697,-0.013089701016459267,2.4903004704428406
1394,1396,1335,1.0143407326244651,-0.020094506373865784,-0.018280057360666208,1.5569966379584015,2.1842448100894751,-0.011513024144807538,-0.0082333850347108412,2.4634793995569608
1394,436,1396,1.0143072132365738,-0.016359691196323745,-0.018343588040514724,1.5640753873708961,2.2240289318997255,-0.0065940471107957394,-0.010221507640149827,2.4904203806556584
1335,1396,197,1.0189411452423105,-0.016548086215016689,-0.018604974554324194,1.5567461619726002,2.2284379886419456,-0.0066174007119698813,-0.010384282352479072,2.4885459350001677
140,1341,652,1.2939095134924843,-0.026845724048330643,-0.023150900266912799,1.2184200710717354,2.3806977681790849,-0.015601218885869746,-0.0086526040161344769,2.3440771444365804
1341,1397,652,1.2918935546469847,-0.020832082350709769,-0.022425673004345725,1.2162567050307125,2.3579573735036625,-0.0094774567005603272,-0.012449423865036106,2.3196178860688352
1341,431,1397,1.2913937722726558,-0.021480474888258626,-0.019295257284611012,1.2203179490768454,2.3780565218916778,-0.011975307252481637,-0.0078675269545607635,2.3434686506101925
652,1397,264,1.295709894246805,-0.020866495660770919,-0.018737553841141619,1.2162234479305589,2.3798302912288927,-0.011641632924963341,-0.0076404714201278381,2.3411305630150814
431,1398,1397,1.2898133780417929,-0.016766130313907279,-0.018557621227611065,1.2181175673776217,2.3572919128451377,-0.0072765149630220696,-0.010618339728325408,2.320971135526066
1398,1399,1397,1.2934018876345685,-0.016798639038571039,-0.015212084873394538,1.2180872597757109,2.3778523142020398,-0.0092981515512375358,-0.0063170939319952719,2.3411128638313223
1398,437,1399,1.2920032348416006,-0.012626432460513426,-0.014562217689190859,1.2161486942114585,2.3594519117031658,-0.0050661648121266625,-0.0086786065645550123,2.3211049061290088
1397,1399,264,1.2940601815457216,-0.015944693310646407,-0.01810459638497619,1.2143350636723547,2.3604705126373511,-0.0065903226104429592,-0.010620681585565638,2.3201716003689343
431,1347,1398,1.2894660805483431,-0.01721664824491893,-0.015644438820324069,1.2218965779824862,2.3766187211562735,-0.0094826680168468395,-0.0065275684240304541,2.3436982121626424
1347,1400,1398,1.2880985885662646,-0.013136831652155845,-0.014893355042996603,1.219655772114919,2.3566688917421081,-0.0054590068578049683,-0.0087361241502069559,2.3220078758648151
1347,198,1400,1.2879122245422137,-0.013378596309675608,-0.012179399081293951,1.223176508678459,2.3754213324900153,-0.0073592658353123022,-0.0051055277605893436,2.3438493205156434
1398,1400,437,1.2915855561875818,-0.013168274896339077,-0.011879738209458424,1.219628597245443,2.3766395985254203,-0.007324755515034552,-0.0049038115882967144,2.3415098460273294
264,1399,657,1.2972271378276357,-0.015973384343876067,-0.014475122845112764,1.2143021824650808,2.3785003999745391,-0.0088506908961111207,-0.0060370735194084819,2.3379543333991744
1399,1401,657,1.2958165388311831,-0.011764766211268318,-0.013974186020959678,1.2128076033488782,2.3625354023894851,-0.0044275755128375775,-0.0085522181840147274,2.3206751569593482
1399,437,1401,1.2951305869582133,-0.012654631733802027,-0.011420546659138608,1.216120365824805,2.3772485511225367,-0.0070481206494262365,-0.0047306503621354912,2.3385928333075374
657,1401,182,1.2984780540503258,-0.011788878202339998,-0.010709838313765374,1.2127780299982533,2.377582811473415,-0.0065301460850143295,-0.0045050013820661754,2.3355487513229178
129,1006,1403,1.1623587250983658,-0.042334190287423468,-0.04470088511292758,1.3540618011416914,2.2890006737561075,-0.019874444053300674,-0.024271506929626249,2.3862363521232091
1006,1402,1403,1.1647775168335439,-0.040077931187207039,-0.041611686754009725,1.3569434183592053,2.3239175826500191,-0.018069090137363616,-0.020951816013169977,2.4157100012920227
1006,355,1402,1.1597068634884931,-0.038837801151613505,-0.040362146827947587,1.3566378182939793,2.2861109488924258,-0.018722459194585192,-0.021552875063038754,2.3862557120242252
1403,1402,438,1.164428411162276,-0.038421968466209933,-0.040332964629086199,1.3508778733289191,2.2881513191816198,-0.01827393434424554,-0.021822887192149976,2.3830790972422853
355,1404,1402,1.1623740013120987,-0.036349883775961267,-0.037420464819309274,1.3593818316397339,2.3220229311932021,-0.016635757233668752,-0.018647333212059566,2.4162483920772551
1404,1405,1402,1.1620406194059028,-0.034768505832385443,-0.036188736131560262,1.3535391972823607,2.2875230740158301,-0.016724187661506448,-0.019362122012623328,2.3849123861161594
1404,412,1405,1.164644166764278,-0.032339766287208249,-0.033363451045961057,1.3561747866031117,2.3220959044935037,-0.014786645479517947,-0.016709900685893828,2.4139110888132271
1402,1405,438,1.1670356471294312,-0.035989927794108034,-0.037211752621381322,1.3537893530126262,2.3244016509939458,-0.016361874578074032,-0.018658419024465869,2.4137461793472594
355,1009,1404,1.1574010799823278,-0.035133656066031804,-0.036090614364454598,1.3590565900229841,2.2846249085190093,-0.017229534241933242,-0.019006142277356072,2.3872180805655683
1009,1280,1404,1.1602041554725115,-0.032519075677986731,-0.033403572698141204,1.3615629393764754,2.3201152318306111,-0.014957791674153897,-0.016619158628783957,2.4165660946072038
1009,184,1280,1.1553591650644333,-0.031334341975531643,-0.031795825434210556,1.3611698008543769,2.2831303147986302,-0.015641855576910925,-0.01649843552055083,2.3879108661047823
1404,1280,412,1.1599230103784313,-0.031185264345197083,-0.032208298553532799,1.3558923079714269,2.2868387351044559,-0.015157139091732337,-0.017057480422414381,2.3864241830544
438,1405,1406,1.1666296885662442,-0.034064369830570485,-0.036008734274124432,1.3480831510282236,2.2902285440446279,-0.016009917169823168,-0.019622848820349349,2.3824991641152615
1405,1279,1406,1.1690094226787142,-0.031844543845031215,-0.032969615155920451,1.3509180541194485,2.3241310110700568,-0.014487396964887378,-0.016601661976193151,2.4113861456259067
1405,412,1279,1.1642968584770927,-0.030691991695752208,-0.032216653261578188,1.3507339021774207,2.2896946471814066,-0.014557948173449374,-0.017391465255975042,2.3843804283134213
1406,1279,187,1.1685569028865679,-0.029698042175231976,-0.031879721181979459,1.3457482045889542,2.2925904876105845,-0.013596102360039414,-0.017652717338191654,2.3825096197309348
42,1208,1063,1.168153505391281,-0.0010125596695820249,-0.0012407839395081055,1.3484737910406146,2.3104513570438416,-0.00034039744861693233,-0.00076749121842147744,2.3991084087700507
1208,1407,1063,1.1677417075998306,-0.0025518533150559186,-0.0013362729398664897,1.3481168546642701,2.305505994209724,-0.0020995181418571422,0.00017158579101980969,2.3949452403947769
1208,397,1407,1.1687232345548644,-0.0022702852728553324,-0.002923951854487683,1.3476614014122337,2.3099413743703647,-0.00066732252114066418,-0.0018902898905126201,2.3980494959776268
1063,1407,367,1.1672949537761887,-0.0022204478085239288,-0.0029004401899257459,1.3492771662550709,2.3087810066482275,-0.00062563159393121213,-0.0018975521670337669,2.3984479869551989
397,1408,1407,1.1682083443696438,-0.0041950289996792733,-0.0029295706236496244,1.347640397534124,2.3061209148087283,-0.0029475644346266504,-0.00058290812334910614,2.3950353764220056
1408,1409,1407,1.1675373548105754,-0.0036972743973269218,-0.0045735767488048751,1.348859956920748,2.3081197360367081,-0.0012211771526691312,-0.0028598785144796583,2.3975890808295919
1408,434,1409,1.167020013264457,-0.0056311817121299512,-0.0044812983612914081,1.3492049086261542,2.3063024403555437,-0.0035762826348794538,-0.0014271861914780127,2.3964441699764798
1407,1409,367,1.1668467928426338,-0.0038953659254414852,-0.0028822573418487707,1.349345121267187,2.305929669176678,-0.0026242041575991505,-0.00073093009434596797,2.3962720161134015
397,1213,1408,1.1691001630755782,-0.0039392058607576885,-0.0048210522685927515,1.3470978155402715,2.3094043429490285,-0.0013348820384220788,-0.0029843836382389185,2.397166500121215
1213,1386,1408,1.1685224338462277,-0.0060987486023891258,-0.0047535038859756185,1.3473503103284621,2.3066414840610991,-0.0039441715881127874,-0.001430082469585283,2.3952006510952781
1213,195,1386,1.1692699611003432,-0.0058843162661945669,-0.0069467193533334637,1.3467211743152205,2.308380652593546,-0.0021762692574023249,-0.0041627627531277602,2.3960484725756315
1408,1386,434,1.1676488933082112,-0.0054507839858572993,-0.0064805830042722334,1.3486314027447897,2.3075313501977917,-0.0019843723049680351,-0.0039096968363817736,2.3969363131728354
367,1409,1064,1.1661756784850965,-0.0033975280070395186,-0.0042410276906323929,1.3503530678182152,2.3067410940633675,-0.001098216997199003,-0.0026750765198624857,2.3977210353854916
1409,1385,1064,1.1657159281955369,-0.0051157591860353513,-0.0041083561006800551,1.3508489032045032,2.3061797709138632,-0.0032210031995749348,-0.0013380060492028632,2.397681548491946
1409,434,1385,1.1661553041641017,-0.0049897217541046146,-0.0059754638671947191,1.3503133129927818,2.3062828715060113,-0.0017891970982016701,-0.0036316777320978908,2.3973253352941599
1064,1385,179,1.164844719246334,-0.0044694895229078213,-0.0052746164287960084,1.3517140443053393,2.3047509038935661,-0.0016599136350613775,-0.003164238162397289,2.3972669330543179
97,1070,1204,1.1603499316531569,-0.0011675865816549447,-0.0010150358012541716,1.3577868773609367,2.3064111749489813,-0.00067894740192977403,-0.00039362112936478996,2.4034342131709328
1070,1410,1204,1.1599336869420016,-0.0012796901454894538,-0.0026579147221124089,1.3573444150856488,2.3009098410244779,0.00030993954612003761,-0.0022631989404155836,2.3988359591207673
1070,369,1410,1.1610298111969062,-0.0027575153608800917,-0.0022406728792763175,1.3567818780251812,2.3056852328220168,-0.0017137062700172414,-0.00074732416331213872,2.4020705169897925
1204,1410,394,1.1595015741820123,-0.0027860677314208715,-0.0022763609082918634,1.3586745403820615,2.3051923752540553,-0.0017220432737417943,-0.00076901257052309439,2.4031988888827316
369,1411,1410,1.1609486109716727,-0.0027793843105392568,-0.0040449195146265993,1.3562959559883652,2.3023526072678364,-0.00050815423913297061,-0.0028717940241295313,2.3991044425374306
1411,1412,1410,1.1604905176827263,-0.0043760370068897103,-0.00375287396049373,1.3573138607093354,2.3046953937230534,-0.0025861550009525823,-0.0014213033759597465,2.4017270081605488
1411,435,1412,1.1606172502035861,-0.0043419052404995995,-0.0058537955083828308,1.3567480378014647,2.3023975492444393,-0.0011118664853919658,-0.0039357506781504811,2.3994966260182125
1410,1412,394,1.1593429331797056,-0.0028288028040019952,-0.0043481461373762187,1.3581164381837372,2.3008873306614692,-0.00036070739424516867,-0.0031974573754590379,2.3994346226142182
369,1069,1411,1.1618951969794744,-0.0040556216973222092,-0.0034625204216407468,1.355510734687428,2.3047886327013996,-0.0024097390940953159,-0.0013012059623252982,2.400357007325669
1069,1391,1411,1.16216131805011,-0.0039839334004536653,-0.0053273384183558647,1.3550083857910131,2.3038597183144711,-0.0010474209085641114,-0.0035574450305204119,2.3992317481480869
1069,179,1391,1.1629693734300788,-0.0050733964582274638,-0.0046004992215955554,1.354028422692636,2.3041982344953937,-0.002834376452770607,-0.0019507880894450609,2.3987050410870223
1411,1391,435,1.1616566481843695,-0.0057432505149606072,-0.0051143050387603139,1.3557510361771854,2.3043186705045766,-0.0032689082833054581,-0.0020935431282397832,2.4001801855311697
394,1412,1205,1.1588262126543354,-0.0046301294244504021,-0.0039829512617348684,1.3593895349910987,2.3042143956765071,-0.0027262418924384997,-0.0015164912979927971,2.4030102499666213
1412,1390,1205,1.15886637982313,-0.0046193115506145688,-0.0063215007631800546,1.3587597138155054,2.3009226171218393,-0.0011214523236767176,-0.0042997677214980726,2.399970632758663
1412,435,1390,1.1600715710345524,-0.0062441838711038145,-0.0055681074236080264,1.3577439679551659,2.3039565826417632,-0.0035460004880901869,-0.0022825068140071639,2.4014935447881904
1205,1390,196,1.1582674654353147,-0.0067071721583751298,-0.005981055042711958,1.3599465332062515,2.3031385436784459,-0.0038077158288536885,-0.0024508294208444945,2.4026179706746151
73,1215,1082,1.0094734096263931,-0.0029539303461181277,-0.0024206712335890224,1.565809582623793,2.1877630192345277,-0.0018509836463678842,-0.00088628083876157639,2.4711029516098679
1215,1413,1082,1.0110748761061346,-0.0034903956791509927,-0.0062743560707024804,1.5671005046291553,2.2108332940283497,0.00012908769924188657,-0.0049414032875595686,2.4848567273107798
1215,399,1413,1.0119182824117674,-0.0068265706140309135,-0.0049986023597847762,1.5620541378602297,2.1908727626782949,-0.0046605855987188367,-0.0013501936329919466,2.4705088561097517
1082,1413,372,1.0080628000644252,-0.0072048033982010651,-0.0052419256541460513,1.5683736688705414,2.1878036321885492,-0.0049397084665109975,-0.0013890650580825181,2.4727042335536478
399,1414,1413,1.0132588623760981,-0.0072756431897769147,-0.009909392208353629,1.5636991729233394,2.2131013652106075,-0.0018295273963442812,-0.0066302136170502003,2.484068655220883
1414,1415,1413,1.0101172381883501,-0.011149806050121835,-0.0086073416941854219,1.5653048251092236,2.1907316506079342,-0.0073140322192570776,-0.0027105468071222105,2.4724282756259224
1414,436,1415,1.0110880698055293,-0.011475033967968784,-0.013894918673699963,1.5670761597269629,2.2098748081544137,-0.0040571949311383262,-0.0084631466337424591,2.48426084624219
1413,1415,372,1.0092178775471217,-0.0075917535531022651,-0.0097661433372336903,1.569889278653867,2.2075826348438938,-0.0023115961790721694,-0.0062675543839005848,2.484694798652499
399,1220,1414,1.0142184683200304,-0.011071456994020679,-0.008589301934422533,1.5584774286059697,2.1931867752027707,-0.0072413068744686861,-0.002742648699413635,2.4695676260111816
1220,1396,1414,1.0154926609491217,-0.011498290887683282,-0.014140616155623453,1.5603370289598466,2.2156958292583138,-0.0038903067598732542,-0.0087107905248577887,2.4834777933936873
1220,197,1396,1.016568337744844,-0.015753234133843108,-0.012735783512249021,1.5547800780321297,2.194889855432737,-0.0099692294285601661,-0.0044971567565224337,2.4681874110404243
1414,1396,436,1.0121393549761901,-0.015633493790174313,-0.012654519586572821,1.5621696415801463,2.1925723324414221,-0.0098709148238432937,-0.0044736935427771782,2.4714879616880965
372,1415,1083,1.0064014638679666,-0.011064875932829565,-0.0083265169733843791,1.5716645855200895,2.1891805312534278,-0.0073881510134299177,-0.0024334595511143128,2.4754825145207917
1415,1395,1083,1.0069881836247858,-0.011261417548729113,-0.013123656746916623,1.5732715496487613,2.2036854421128664,-0.0043549889838217157,-0.0077385929047952308,2.4845291326484107
1415,436,1395,1.008003787521397,-0.015278736652241776,-0.012112984223050294,1.5692737370654566,2.191218237034533,-0.0097936017303799291,-0.0040617867190267457,2.4751220199080839
1083,1395,181,1.0042787635508645,-0.014602598414473533,-0.011022007187293292,1.5758632449575494,2.1908171728719337,-0.009698522498675699,-0.0032180743339032813,2.4789358045038616
66,1091,1225,1.2910581706480859,-0.0017578489273011311,-0.0021381307404162442,1.217273121388903,2.3612803143567858,-0.00062526283595247447,-0.0013356082342605197,2.3241438349995045
1091,1416,1225,1.291927893749002,-0.0043526069110608745,-0.0024871222552427241,1.2183143131411107,2.3720020100498198,-0.0034353318247410357,6.3200125425153138e-05,2.3357089518552119
1091,375,1416,1.2925461271742971,-0.0038512979295577399,-0.0052437303647856481,1.2160790532097412,2.3629983628219478,-0.0009832636001780512,-0.0035851464703755258,2.3245891419311548
1225,1416,400,1.2894103712819975,-0.0037166494398112038,-0.0050057800587417489,1.2189505574124695,2.3611577221936684,-0.000987711742373042,-0.0033964665104717247,2.3257423160023634
375,1417,1416,1.2935556555270873,-0.0068627392646916086,-0.0054260564231896069,1.2166229351395863,2.3716760857678731,-0.0043825020736806934,-0.001689434547552748,2.3336633614817455
1417,1418,1416,1.2913804684142631,-0.0063133654074103429,-0.0081646624771076759,1.2173146083122326,2.3630954745689681,-0.0019011822679897671,-0.0053614675497448278,2.3259416294692787
1417,437,1418,1.2925594098718205,-0.0098301690981441592,-0.0082719186203590311,1.2176345553274253,2.371433801632604,-0.0059306079785624716,-0.0030093531243451967,2.3344311478125563
1416,1418,400,1.2905157412750707,-0.0070145960623377857,-0.0052497319313076218,1.2196784044313222,2.3714332449383995,-0.0046776767866598731,-0.0013676175460223886,2.336516325626905
375,1090,1417,1.2945527376265897,-0.0060541783881324363,-0.0080195820113928562,1.2145197750046055,2.3655345124365157,-0.0016861661130187482,-0.0053607111436227376,2.325461181068623
1090,1401,1417,1.2956224284000823,-0.0092455259236303711,-0.008017263601280078,1.2145128581903428,2.3714175589359745,-0.0054258919908506068,-0.003124781115006723,2.3312420461882066
1090,182,1401,1.2971973282647284,-0.0079683969733798099,-0.010591584453383263,1.212425271695948,2.3686071999502381,-0.0021759038538830613,-0.0070832808787812916,2.326316202244477
1417,1401,437,1.2938365367693034,-0.0087944566155392367,-0.011146625038708891,1.2153032526767795,2.3655884682639909,-0.0027890747843111706,-0.0071874379067216748,2.3262983074290777
400,1418,1226,1.2879650835268985,-0.0063702682071506977,-0.0081794609151621955,1.2204184903929933,2.3609026177581307,-0.0019627256673362525,-0.0053439016994603229,2.3269818635106034
1418,1400,1226,1.2892180212196405,-0.010108320097428347,-0.008365599371483512,1.2209738214462043,2.3710024883718148,-0.0061856669212467866,-0.0029168368182214272,2.3373770801480713
1418,437,1400,1.2902731196076043,-0.0092527122414108876,-0.011483231997523546,1.218445648720853,2.3628073701248615,-0.0031134456756046931,-0.007283004592362665,2.3267949889020252
1226,1400,198,1.2865937262774234,-0.0094454921388821278,-0.011725472373061763,1.221822437097889,2.3605626319515047,-0.0031814587810398802,-0.007443096566056101,2.3280574455958014
146,865,1366,1.187318278239319,-0.029240726958884633,-0.027476937907088939,1.3231333338241766,2.2985042502184636,-0.016150853145227947,-0.012872266368614389,2.3680024673847218
865,1419,1366,1.1874405721388563,-0.02952453517710385,-0.030193502986167076,1.3294376834089743,2.3340689087384798,-0.013690067974984767,-0.014948924661403309,2.402166494478569
865,319,1419,1.185287530931487,-0.032878430884289156,-0.032587414298863138,1.3257085727688471,2.297350764157152,-0.017018060766563828,-0.016477222550239111,2.3691965116125511
1366,1419,432,1.1822442328631269,-0.02971875214487385,-0.029196274143483691,1.3294749555637977,2.2984773630764748,-0.015484016164652468,-0.014512182413257163,2.3734389182709466
319,1420,1419,1.1855007605825474,-0.033373327228737537,-0.035285915295752091,1.3319716711335321,2.3332199377155725,-0.014656204862526112,-0.018254757941572941,2.4034289658344972
1420,1421,1419,1.1801599767201059,-0.033572718882648012,-0.033615908636834391,1.3320340187960333,2.2967588184035939,-0.017078144447255333,-0.017158446885141489,2.3741476519683973
1420,439,1421,1.1802465512738469,-0.0337736329914744,-0.036155639672697859,1.3379279885097635,2.329780345276911,-0.014540762876579058,-0.019019945306465849,2.4054553880643788
1419,1421,432,1.1824008396316792,-0.030082173694667702,-0.031631229692774099,1.3351255115875436,2.330666418748784,-0.013361571792241442,-0.016274858955599589,2.4040089005349654
319,864,1420,1.183136924088374,-0.037055171763332451,-0.037529600863983603,1.3284769702660684,2.2960878209321907,-0.01863792203151278,-0.019519402331026267,2.3704433105249496
864,1422,1420,1.1832375735451524,-0.037288763813813297,-0.040308802365400354,1.3349270734081546,2.3322014227478176,-0.015747570026718852,-0.021428752182038519,2.4048745489843828
864,194,1422,1.1808637992644853,-0.040986342255555641,-0.042511996099936056,1.3314952047076773,2.2951082672529641,-0.019925727721133407,-0.022759942378261289,2.3721134221577427
1420,1422,439,1.177860996842087,-0.037489725716759625,-0.038027341776718515,1.3350123482376117,2.2956021057580371,-0.018732372668479227,-0.019731761707172571,2.3756461394847812
432,1421,1370,1.1775419817265433,-0.030263777050239138,-0.030024039501466149,1.3351855814923408,2.2973286025167821,-0.015529718555781592,-0.015083708113617103,2.3773781225917263
1421,1423,1370,1.177591600145024,-0.030378933837821975,-0.032349019054757733,1.3405815047150256,2.3274130809981166,-0.013229717036307868,-0.016932721220323049,2.4057860025800735
1421,439,1423,1.1752934206551604,-0.033958759858425391,-0.034000821670364445,1.3380085264031347,2.2958753304202029,-0.017218559683591754,-0.017296788777464711,2.3785151649870153
1370,1423,187,1.1731276309463059,-0.030545784939258747,-0.030241383763840446,1.34066028242474,2.2967495206672699,-0.015664623014676388,-0.015098117475416527,2.3815332602459396
129,1403,1192,1.1669777069738245,-0.043463658673936312,-0.047698698096663605,1.3547948490481581,2.3253262139865232,-0.017778152856003107,-0.025738979274483847,2.4149823360697455
1403,1424,1192,1.1667137830068128,-0.042851131367787509,-0.044908990025914974,1.3483203617598214,2.2880679455113659,-0.020480112322192448,-0.024300233422194256,2.3807342415107979
1403,438,1424,1.1695429865014368,-0.039672840506908003,-0.042221281408831857,1.3513396990929607,2.326661368017616,-0.017156524386792868,-0.021948475272668036,2.4134705335313167
1192,1424,393,1.1720379721842065,-0.044153042378012763,-0.046888770991550643,1.348804472776747,2.3279302416839873,-0.019161907438189935,-0.024306243122347249,2.4123278670984281
438,1425,1424,1.1689201557417528,-0.038227278575692303,-0.039710877660873223,1.3455131659078123,2.2905305985894286,-0.01846952752589294,-0.021225574115877513,2.3804721346259101
1425,1426,1424,1.1740509882293315,-0.039482126628291425,-0.041490130478306853,1.345948317891132,2.3287186179570973,-0.017456982640935884,-0.021233603947096585,2.4108554973672365
1425,439,1426,1.1731959743549325,-0.037497890577561144,-0.039117649335073779,1.3404424860502218,2.2928603289821963,-0.018009944532075675,-0.021019829881742419,2.3780596714446856
1424,1426,393,1.171338403651756,-0.042529624165630331,-0.04429841792743261,1.3427933013964903,2.2904028199768982,-0.020522773124330401,-0.023807141076466712,2.3779388362581839
438,1406,1425,1.1715539649547537,-0.035268491140684866,-0.037170323648524572,1.3483671916484008,2.3264549540587298,-0.015552001940171561,-0.019127527141899567,2.4111029353248532
1406,1423,1425,1.1708261430279912,-0.033579327366740408,-0.034930195115650875,1.3431681947130585,2.2930063144613637,-0.016151939205826589,-0.018663244250029624,2.3805871343118659
1406,187,1423,1.173257722701079,-0.030847721998953581,-0.032498785389563523,1.3458996091645687,2.3265156701206653,-0.013637994677904712,-0.016741870343443543,2.409311666680098
1425,1423,439,1.175636828847205,-0.034755672651644698,-0.036376660094656899,1.3435218952708929,2.3284970884361544,-0.015507600799021082,-0.018555939922957156,2.4088931555401487
393,1426,1196,1.1768906227892693,-0.043887294786538966,-0.04609595110513709,1.3432328478057816,2.3313258211599024,-0.019371383636856823,-0.0235272697059664,2.4106278887453234
1426,1422,1196,1.1759030786439233,-0.041595355324213656,-0.04356435776788814,1.3373574054779169,2.2927137281432368,-0.019922357921220629,-0.0235794047782108,2.3751887337263669
1426,439,1422,1.178414405760023,-0.038774162703413051,-0.040514107152805678,1.3407840178342676,2.3309311025053931,-0.017310603488922688,-0.020584027503354183,2.408533206133967
1196,1422,194,1.1817414404411331,-0.04302299571267465,-0.045211743594457232,1.3377602367211816,2.335120775296057,-0.018923924630087352,-0.023045537835075139,2.4093321920889674
130,1152,900,1.0442907457524964,-0.086623908709074993,-0.083308536872669592,1.524699985815468,2.2436760379412934,-0.044091454378777373,-0.038000863345168445,2.4757559555683102
1152,1427,900,1.0372438060838647,-0.077767905273812943,-0.085130511543166865,1.5269896909498426,2.1943431277706029,-0.03549848352684673,-0.048827515645264136,2.4478649967286836
1152,386,1427,1.0348384796584913,-0.083598547755650232,-0.079956000521669957,1.5395329879703348,2.2417221525791011,-0.042590085423489382,-0.035903623513135169,2.483937023731273
900,1427,328,1.0406767848785226,-0.077257881283095298,-0.073721589349617922,1.5286846690941842,2.2424858527676421,-0.039679436556078973,-0.033182490858574304,2.47799598463186
386,1428,1427,1.0276366348474513,-0.074547872514209246,-0.080942870431269132,1.5407732034000885,2.184027998052867,-0.034689532490028485,-0.046230314241596515,2.4510724001381479
1428,1429,1427,1.0318461903658891,-0.073922475611672311,-0.070279934864927007,1.5423573532814574,2.2391314242753659,-0.038007919054987307,-0.031323785707515844,2.4845823089605985
1428,423,1429,1.0251517038296889,-0.065509405747341987,-0.070980976630751869,1.5432383638446732,2.1833322052643345,-0.030548780969439401,-0.040425225539021184,2.4527335018186305
1427,1429,328,1.033955027401829,-0.06881053958530714,-0.075169635496345588,1.5305044521848385,2.1927359768218939,-0.031501295483844949,-0.043013195746550714,2.4497166877945569
386,1155,1428,1.0256329244472511,-0.07940497584017292,-0.075567314107943595,1.5538038452005876,2.2382060372276378,-0.04056379745828198,-0.03352814065274029,2.4907234852539868
1155,1319,1428,1.0185115366655597,-0.070455983307459391,-0.075716399940745749,1.5539911918309599,2.1741552281496443,-0.033492099788011931,-0.042956479762161506,2.4542126378034226
1155,189,1319,1.01681211754922,-0.074575292364100321,-0.070127301457445057,1.5675388939718735,2.2343210004624852,-0.038563710829772571,-0.030420739391357143,2.4968704329932176
1428,1319,423,1.0234110173480921,-0.06972830895756843,-0.065945710854718342,1.5554423415117857,2.2353819957764145,-0.035993027314108819,-0.029061242255549291,2.4904854358420465
328,1429,904,1.0374860732276492,-0.068285946166235956,-0.064740538105631629,1.5320538616595092,2.2399773240289313,-0.035398416454440057,-0.028887278902698474,2.4789796125928181
1429,1318,904,1.0311986815881409,-0.060384880276577846,-0.065957639853844618,1.5335833355110555,2.1918500396383056,-0.02761851699707546,-0.037707833079648825,2.4516118026731379
1429,423,1318,1.0293410598256525,-0.064887199620130787,-0.061386090575183516,1.5446634031345841,2.2363055375188328,-0.033642981628734414,-0.027221572719705447,2.4846942880042118
904,1318,185,1.0344627221557143,-0.059899973894822045,-0.056502612819540055,1.5349879758191889,2.2348456354562001,-0.031397651794645765,-0.02516617718640185,2.4780672480341881
131,994,1034,1.2775596408269352,-0.067921967238986136,-0.07098271588911409,1.2380392123559893,2.37403028444903,-0.030665364483540625,-0.036419143900808915,2.3549437536323028
994,1430,1034,1.2767595544035384,-0.066957921490838679,-0.065295374114733296,1.231186380592419,2.3333667142890935,-0.036100963520297902,-0.033023120291868047,2.3095472406670425
994,352,1430,1.277892587388533,-0.060771696795770769,-0.06412390832574566,1.2375824438043761,2.3783165068792083,-0.026767449060159113,-0.033080566286832425,2.3590005182219866
1034,1430,362,1.2861641126955359,-0.064950499538325657,-0.067721357538685467,1.2306685495332186,2.3851767974110301,-0.028970408277124354,-0.034193148876045146,2.3587559930838871
352,1431,1430,1.2766065644119395,-0.059222132965726537,-0.058470915507235599,1.2307710000257686,2.3349652957362448,-0.03137261304188009,-0.029980647257889292,2.3110712650414955
1431,1432,1430,1.2854818254787892,-0.05732769057442022,-0.060180502929050306,1.2304060851394194,2.3847155723254074,-0.025306874791584999,-0.030685264141652235,2.3584722235597595
1431,424,1432,1.2837474866533416,-0.055237818293698115,-0.054432809385099645,1.2234801343163468,2.3382618489645344,-0.02935595136885373,-0.027864531050445882,2.3068174499686904
1430,1432,362,1.284461260163027,-0.062898666380645452,-0.06150467186749875,1.223177823502926,2.336174544377835,-0.033877747052979759,-0.031298240233238628,2.3040676206822073
352,997,1431,1.2775879774141252,-0.05386373525746313,-0.057264285542217408,1.2373590554365643,2.379564025093166,-0.023358193796472485,-0.029767178083179566,2.3603323639423941
997,1325,1431,1.2761972611098829,-0.052188023608348288,-0.051776212116861231,1.2307463274905324,2.3364539451016695,-0.027405551212052709,-0.026641821725013615,2.3128255930772701
997,186,1325,1.2770969406623496,-0.047275880768003931,-0.050573508877555184,1.2373129434481869,2.3800821319906782,-0.020253536681148931,-0.026471538104416256,2.3610844637187141
1431,1325,424,1.2846361751816384,-0.050386720364002047,-0.053155631026903905,1.2304518877395365,2.3841110814779394,-0.022080247546417145,-0.02730122899015032,2.3582694805964688
362,1432,1038,1.2942803837833656,-0.060802308683238326,-0.062910605114872453,1.2228776603621871,2.3911729071809735,-0.027331233614837469,-0.031308436350067359,2.3573281612489021
1432,1324,1038,1.2919739526071703,-0.058023200173910716,-0.056836973954587755,1.2155593062685242,2.3398030412419546,-0.031204271653918939,-0.029009464430456641,2.2997438006694249
1432,424,1324,1.2928397856217475,-0.053297048724166296,-0.05542466063931073,1.2232684216638776,2.3896538440155108,-0.023819665855015715,-0.027833081699806056,2.3566010883092283
1038,1324,190,1.3018538732603395,-0.055914311165785935,-0.05699697400566528,1.2155251539346286,2.396215944010605,-0.025657125119361843,-0.027700686980328251,2.35542009638923
137,1016,1282,1.5019628037074269,-0.62734521801057674,-0.67888760836452666,1.3567842382324748,2.2637371839157825,-0.33120905739771067,-0.41135012732017318,2.1812069679842505
1016,1433,1282,1.4635696870503727,-0.64570410833931557,-0.60864512365424872,1.3903729172848438,2.4335279256768647,-0.29216590316829638,-0.22936144560085303,2.4030945214058619
1016,358,1433,1.4053485009692437,-0.60900864359049045,-0.65655613136435576,1.420570115467255,2.1565182804564662,-0.35649088389855521,-0.42921887493931132,2.165968425793185
1282,1433,414,1.4624804924970922,-0.55752718577087279,-0.60788146218671868,1.3285498776010485,2.284306922899324,-0.28378390527156561,-0.36486351592874589,2.2097633298649493
358,1434,1433,1.382071282477578,-0.62013778222507554,-0.58896846877773434,1.4528846494045276,2.4286375542283438,-0.26721658038749441,-0.2135030553860815,2.4567917184540189
1434,1435,1433,1.3811171851834407,-0.54290102762338366,-0.58812373335808132,1.384501034115023,2.2044484630124339,-0.29942286200048618,-0.3715488802930168,2.206455905370559
1434,440,1435,1.3601605778862096,-0.55292162904278985,-0.52895629678858214,1.4127925075611749,2.4092771652417988,-0.24734872115321094,-0.2055138122732707,2.431308328317257
1433,1435,414,1.4294144273646499,-0.5733380398132697,-0.5461664705582816,1.3580594887675623,2.4149428676271394,-0.26664244203800624,-0.21986424179031538,2.3839339219462321
358,1021,1434,1.3235366895932126,-0.58324648089279663,-0.62255555108013461,1.4740528358227341,2.0903928291989562,-0.35751065089685663,-0.41761460576406018,2.1871490656160377
1021,1436,1434,1.3115545144573888,-0.58897531349701016,-0.56161524441416866,1.5031891830870165,2.4125952840247149,-0.24965926118869075,-0.20202585290712616,2.487824935936537
1021,188,1436,1.2536009363650154,-0.55245019548836183,-0.59013017897695952,1.5211606592960383,2.0329770391652371,-0.34842711604853216,-0.40604005909205476,2.2096517246862724
1434,1436,440,1.3107242769978054,-0.52176534725875712,-0.56074607296454826,1.4328274051281564,2.1468872924017708,-0.30097782934815231,-0.3630484992421642,2.2217869104261831
414,1435,1286,1.4284735995679918,-0.49717548689599234,-0.54555717255533986,1.3087351686780888,2.301301486711421,-0.24393596807281626,-0.32413651113491893,2.2360689396385585
1435,1437,1286,1.3997913186520003,-0.51088949496473024,-0.49142165606645527,1.3346192645806516,2.4003500719678876,-0.24204957812417016,-0.2080790143356096,2.3710819101434204
1435,440,1437,1.3593291498757309,-0.48538712739149581,-0.52827989275970089,1.3578501572559762,2.2366246161301406,-0.25557775131002869,-0.32617803203670803,2.2357758043478051
1286,1437,193,1.3989640975009712,-0.44392370705609707,-0.49093193163652282,1.2949747483980882,2.313991775799666,-0.21006427685889018,-0.28985051215605451,2.2583833894724781
132,503,1123,1.2340671886143162,-0.39560476979525561,-0.3898866963156134,1.4300969563487058,2.3730007838350518,-0.17363350329841598,-0.16326674365577265,2.4570786892094767
503,1438,1123,1.23571098585525,-0.39481881247576922,-0.42758442887576287,1.4120723435218112,2.1790671406789865,-0.21374017291017544,-0.268951856471636,2.2825786753571635
503,217,1438,1.2735517146520421,-0.42053636828348218,-0.40863280416124848,1.3991923202838983,2.3765224746625502,-0.19217620749338271,-0.17076270628468815,2.4315171204475563
1123,1438,381,1.237589914830465,-0.44139800903223225,-0.42951740155503038,1.4599912992426045,2.3754985334276122,-0.19398228045156785,-0.17264574351541362,2.4691225284830698
217,1439,1438,1.2824431529273363,-0.41628525686902851,-0.45091485241232121,1.3789767272176983,2.2161126111922238,-0.21976950965235198,-0.27816150292850184,2.2715404875035889
1439,1440,1438,1.2846113263823895,-0.47008714316767763,-0.45277790667019424,1.4252072689286415,2.3847702442037715,-0.21226084313201976,-0.18141183170635378,2.444745189384899
1439,440,1440,1.2953133648143833,-0.46497036044619389,-0.50161492534209629,1.4018576598894823,2.1856924552518198,-0.25608501086461533,-0.31633318595730209,2.2487886912128419
1438,1440,381,1.2404124190187931,-0.44004840176638549,-0.47321501771516949,1.439096867796307,2.1414281914443638,-0.25015186552765079,-0.30465852888832434,2.2621296178226924
217,498,1439,1.3193768160771442,-0.44138634697591517,-0.42615406997916083,1.3621486474128126,2.3801123354404101,-0.20842699643071594,-0.18127762745624287,2.3993257116910831
498,1437,1439,1.33688888198356,-0.43301239546066395,-0.4728521235494263,1.3398184872510317,2.2604746940077178,-0.21889386361123209,-0.2862073381268897,2.2621082132704391
498,193,1437,1.3719512612473195,-0.4568401520448484,-0.44158546321951986,1.3185702323640207,2.3828300844104575,-0.22223083410608369,-0.19535122101184377,2.3580189488343217
1439,1437,440,1.3393862187070795,-0.49492210021633642,-0.47461449847632931,1.3835082750020167,2.3934702696458618,-0.22903401034798132,-0.1931892551415636,2.4126849735715123
381,1440,1127,1.2425548561067719,-0.49321373805555524,-0.47560273899090844,1.4983490182103161,2.3879470987834694,-0.2115870041337311,-0.1802359733164578,2.4913991277119374
1440,1436,1127,1.245036244253046,-0.49202723867480813,-0.52538769969938848,1.4745438649779796,2.0885074038433311,-0.29685449120320218,-0.34988257101592612,2.2343978156960747
1440,440,1436,1.2978526636717529,-0.52792031872194123,-0.50395955395228764,1.4599816860376578,2.3996314066073858,-0.23226160937430862,-0.18998798353722801,2.4659752858767141
1127,1436,188,1.2475871133791401,-0.55532548188727837,-0.52845465718700768,1.550648522401616,2.4111173790753799,-0.22888796345610563,-0.18147919035006876,2.5258698490323126
