id,x,y,ux,uy,fintx,finty,bcx,bcy,ux_orig,uy_orig
0,0.1,0.0,0.22895332763437182,0.0,4.615017135806143e-13,-0.0493257978461175,0,3,0.2253388060663661,0.0
1,1.6684e-15,0.1,0.0,0.2714290051662829,-0.0476611160987129,1.183940098736791e-12,1,0,0.0,0.2700091507755214
2,0.0,1.0,0.0,0.3499999999999999,-0.0321031704473042,0.031596631280884,1,4,0.0,0.3499999999999999
3,1.0,1.0,0.1749999999999999,0.3499999999999999,0.0303949520389108,0.032470058104804,2,4,0.1749999999999999,0.3499999999999999
4,1.0,0.0,0.1749999999999999,0.0,0.0292911851678401,-0.0344550238413535,2,3,0.1749999999999999,0.0
5,0.0980784999999999,0.0195089999999999,0.22384339509881102,0.05598325136816129,1.7939751247031401e-12,3.665401315799954e-13,0,0,0.220816344853418,0.0546351188021197
6,0.0923879999999999,0.0382682999999999,0.2094159954576753,0.10892620822414756,-1.68589101012806e-14,1.829092433069945e-14,0,0,0.2068153973599655,0.1069007620998185
7,0.0831469999999999,0.055557,0.1867308818764286,0.15641830704407766,-1.806267808934781e-13,-1.0582507092848915e-13,0,0,0.1831472252848993,0.1528875935924299
8,0.0707107,0.0707107,0.15727163958945312,0.19682187406579033,-5.876722719566628e-14,-1.07032438467769e-13,0,0,0.1540931204098581,0.1870069321122469
9,0.055557,0.0831469999999999,0.1225234756275313,0.22913604299537838,1.885048513767737e-13,2.974402408401078e-13,0,0,0.1208414263748067,0.2218518877121554
10,0.0382682999999999,0.0923879999999999,0.08384346321690828,0.25267007792717777,3.4986943897585837e-13,5.271278205598584e-13,0,0,0.0846780714319808,0.2470191618483896
11,0.0195089999999999,0.0980784999999999,0.04254238880821504,0.2668494869431015,8.024443197592047e-13,3.304015047667086e-12,0,0,0.0426593175821901,0.2634082643836384
12,0.0,0.967857,0.0,0.34245335559535306,-0.0642055035920109,-6.93889390390723e-18,1,0,0.0,0.3423099730818966
13,0.0,0.935714,0.0,0.3349571877333801,-0.0642237623513964,-3.122502256758253e-17,1,0,0.0,0.3346366474037663
14,0.0,0.903571,0.0,0.3274541742284782,-0.0642562478433307,1.006139616066548e-16,1,0,0.0,0.3269953965079496
15,0.0,0.871429,0.0,0.3199613235919969,-0.0642722963585524,1.3530843112619095e-16,1,0,0.0,0.3194028862286034
16,0.0,0.8392859999999999,0.0,0.31256143626524135,-0.0643401995431682,-3.261280134836397e-16,1,0,0.0,0.3118872665640016
17,0.0,0.807143,0.0,0.30527212971355766,-0.064398952281867,1.8041124150158796e-16,1,0,0.0,0.3044615363882899
18,0.0,0.775,0.0,0.29806093039223924,-0.0644525747258134,3.469446951953615e-18,1,0,0.0,0.297149057902995
19,0.0,0.7428569999999999,0.0,0.29095276714360807,-0.0644758250543969,1.006139616066548e-16,1,0,0.0,0.2899708874338413
20,0.0,0.7107139999999998,0.0,0.2840203505184036,-0.0646940642655193,-3.0878077872387166e-16,1,0,0.0,0.2828639943609477
21,0.0,0.678571,0.0,0.27728827101236675,-0.0648140724067662,2.949029909160572e-16,1,0,0.0,0.2759332570386109
22,0.0,0.646429,0.0,0.27075556409545243,-0.0649697563945344,6.245004513516506e-17,1,0,0.0,0.2692065357432846
23,0.0,0.614286,0.0,0.26445774867261207,-0.0654027882701026,-1.214306433183765e-16,1,0,0.0,0.2627152981893846
24,0.0,0.5821429999999999,0.0,0.2584284310214571,-0.065451778911549,-1.1449174941446927e-16,1,0,0.0,0.2565148935967177
25,0.0,0.55,0.0,0.2527131970055052,-0.0657263274689089,1.769417945496343e-16,1,0,0.0,0.2506671487569447
26,0.0,0.517857,0.0,0.24741858178458642,-0.0660197484452824,-2.706168622523819e-16,1,0,0.0,0.2452339689125057
27,0.0,0.4857139999999999,0.0,0.24260424032399897,-0.0662280881847534,5.681219383824043e-17,1,0,0.0,0.240292535446932
28,0.0,0.453571,0.0,0.238286705702194,-0.0668211285982724,-2.4286128663675294e-16,1,0,0.0,0.2357986710320372
29,0.0,0.421429,0.0,0.23461910901824012,-0.067264189747421,5.551115123125784e-17,1,0,0.0,0.2319693712018625
30,0.0,0.389286,0.0,0.23173935792874545,-0.0677568155626505,-4.510281037539698e-17,1,0,0.0,0.2289216341325739
31,0.0,0.3571429999999999,0.0,0.2296271814557258,-0.0683569570227136,-2.8449465006019636e-16,1,0,0.0,0.2268299538487713
32,0.0,0.325,0.0,0.22852719051297754,-0.0697118020063705,3.920475055707584e-16,1,0,0.0,0.2254815965826104
33,0.0,0.2928569999999999,0.0,0.22888434937340207,-0.0707605372915576,3.1571967262777884e-16,1,0,0.0,0.2255202954522886
34,0.0,0.260714,0.0,0.23063758210628293,-0.0721348580192826,-2.324529457808921e-16,1,0,0.0,0.2271525622987412
35,0.0,0.228571,0.0,0.23382158135063946,-0.0731181701271971,-5.2007009809784685e-15,1,0,0.0,0.230673829735733
36,0.0,0.1964289999999999,0.0,0.23935854193405248,-0.0763281636045542,-1.7487747361322192e-14,1,0,0.0,0.2363065261055229
37,0.0,0.1642859999999999,0.0,0.24750828341348097,-0.0798443022665033,-7.892644870999278e-14,1,0,0.0,0.2445965030952061
38,0.0,0.132143,0.0,0.2579150169622153,-0.0845717584101613,-5.317083578981753e-13,1,0,0.0,0.2558210655095161
39,0.96875,1.0,0.1703993870250997,0.3499999999999999,-1.4454183140509167e-16,0.064940006696227,0,4,0.1704280312562865,0.3499999999999999
40,0.9375,1.0,0.16590598483162466,0.3499999999999999,9.364817440667226e-17,0.0649323168633757,0,4,0.1658479648033127,0.3499999999999999
41,0.90625,1.0,0.16138336354924832,0.3499999999999999,3.905668919789579e-17,0.0649199244547316,0,4,0.1612528836934914,0.3499999999999999
42,0.875,1.0,0.15679339646885637,0.3499999999999999,-1.1675502144953276e-17,0.0649027937602713,0,4,0.1566359454474395,0.3499999999999999
43,0.84375,1.0,0.15216931424220093,0.3499999999999999,6.33648407181997e-17,0.0648709933712426,0,4,0.1519980318537075,0.3499999999999999
44,0.8125,1.0,0.14752305432921275,0.3499999999999999,1.6520361196658423e-16,0.0648417589195586,0,4,0.147324156569595,0.3499999999999999
45,0.78125,1.0,0.14284197153756395,0.3499999999999999,-3.4430025833403344e-16,0.0648118900395231,0,4,0.1426079927603252,0.3499999999999999
46,0.75,1.0,0.13811571299447678,0.3499999999999999,6.223659283245697e-17,0.0647890426963533,0,4,0.137840497353712,0.3499999999999999
47,0.71875,1.0,0.13333858389523812,0.3499999999999999,1.1175075079715435e-16,0.0647031386843006,0,4,0.1330412336418584,0.3499999999999999
48,0.6875,1.0,0.12850327842170373,0.3499999999999999,2.2016080365033774e-17,0.0646516157333379,0,4,0.1281822186193996,0.3499999999999999
49,0.65625,1.0,0.1236084895208478,0.3499999999999999,7.247213896707794e-18,0.0645922509516745,0,4,0.1232589704367339,0.3499999999999999
50,0.625,1.0,0.11865114553074818,0.3499999999999999,-7.99531339572279e-17,0.0644928997568857,0,4,0.1182660190993317,0.3499999999999999
51,0.59375,1.0,0.11360269482793228,0.3499999999999999,3.287843088062292e-17,0.0644541238836525,0,4,0.113191748138286,0.3499999999999999
52,0.5625,1.0,0.10843137942720205,0.3499999999999999,-2.2532770462858898e-17,0.0643775812874907,0,4,0.1080322621929602,0.3499999999999999
53,0.53125,1.0,0.10315317288041115,0.3499999999999999,1.7113453666325884e-17,0.0643005270686536,0,4,0.1027823887465522,0.3499999999999999
54,0.5,1.0,0.09780956723261625,0.3499999999999999,-7.288040884765451e-17,0.0642094582194485,0,4,0.0974374643058768,0.3499999999999999
55,0.46875,1.0,0.09239562082802877,0.3499999999999999,1.4408708059153452e-16,0.0641318922706812,0,4,0.092013191255413,0.3499999999999999
56,0.4375,1.0,0.08687149980687536,0.3499999999999999,-1.8362996670115428e-16,0.0640564847409543,0,4,0.0864882643287113,0.3499999999999999
57,0.40625,1.0,0.08123640611302108,0.3499999999999999,1.832233908864722e-16,0.0639785819470013,0,4,0.0808593979198384,0.3499999999999999
58,0.375,1.0,0.07551885073189624,0.3499999999999999,-2.8662578495548813e-16,0.0639008040218807,0,4,0.0751188153333117,0.3499999999999999
59,0.34375,1.0,0.06970542154158466,0.3499999999999999,8.859710518395805e-17,0.0637623752882925,0,4,0.0693010399972135,0.3499999999999999
60,0.3125,1.0,0.06375652615679428,0.3499999999999999,-9.030980580330625e-17,0.0636846076544696,0,4,0.0633765639551067,0.3499999999999999
61,0.28125,1.0,0.05768261069897562,0.3499999999999999,1.8258811617603147e-16,0.0636102037532048,0,4,0.057351993295687,0.3499999999999999
62,0.25,1.0,0.05153220381907886,0.3499999999999999,-1.900335357823968e-16,0.0634940228648375,0,4,0.0512314441069795,0.3499999999999999
63,0.21875,1.0,0.045318537966522854,0.3499999999999999,2.902781910240488e-17,0.0634418500439079,0,4,0.0450485605439427,0.3499999999999999
64,0.1875,1.0,0.03902226271748077,0.3499999999999999,-8.019707944603716e-17,0.0633818328358909,0,4,0.0387777941875717,0.3499999999999999
65,0.15625,1.0,0.03264196266536601,0.3499999999999999,1.4208130657243634e-16,0.0633235973306389,0,4,0.0324310893956891,0.3499999999999999
66,0.125,1.0,0.026189614814938977,0.3499999999999999,-2.1230033789981784e-17,0.0632600647068324,0,4,0.0260168182550056,0.3499999999999999
67,0.09375,1.0,0.019682014390127733,0.3499999999999999,5.340119215964737e-17,0.0632226015189102,0,4,0.019562896330318,0.3499999999999999
68,0.0625,1.0,0.013154662607121281,0.3499999999999999,-1.1275363780670344e-16,0.0631999794567415,0,4,0.0130660713209006,0.3499999999999999
69,0.03125,1.0,0.006591053461306728,0.3499999999999999,8.660763654909451e-17,0.0631882883020585,0,4,0.0065403351963226,0.3499999999999999
70,1.0,0.03125,0.1749999999999999,0.012611814410774969,0.0585721212504025,-6.93889390390723e-18,2,0,0.1749999999999999,0.0125847575006849
71,1.0,0.0625,0.1749999999999999,0.02524321901728399,0.0585916930203065,6.591949208711867e-17,2,0,0.1749999999999999,0.0251443623648606
72,1.0,0.09375,0.1749999999999999,0.03783046986791305,0.0586289450231584,1.3877787807814457e-17,2,0,0.1749999999999999,0.037653964277528
73,1.0,0.125,0.1749999999999999,0.05032395948364865,0.0586920035723056,1.474514954580286e-17,2,0,0.1749999999999999,0.0500895513329528
74,1.0,0.15625,0.1749999999999999,0.0627183323376812,0.0587861020214348,7.632783294297951e-17,2,0,0.1749999999999999,0.0624550798721908
75,1.0,0.1875,0.1749999999999999,0.07501251163193956,0.0588731270924653,-1.8041124150158796e-16,2,0,0.1749999999999999,0.074707604734647
76,1.0,0.21875,0.1749999999999999,0.0872157638950739,0.0589599025393375,6.245004513516506e-17,2,0,0.1749999999999999,0.086835833699062
77,1.0,0.25,0.1749999999999999,0.09930455207359046,0.0590248879935765,2.3418766925686896e-17,2,0,0.1749999999999999,0.0988225865507053
78,1.0,0.28125,0.1749999999999999,0.11122373034595512,0.0591849253804846,-4.510281037539698e-17,2,0,0.1749999999999999,0.1107050401031295
79,1.0,0.3125,0.1749999999999999,0.12295693147461861,0.0592824144971989,2.4286128663675296e-17,2,0,0.1749999999999999,0.1224373691261406
80,1.0,0.34375,0.1749999999999999,0.1345390357892029,0.0593862177958029,3.122502256758253e-17,2,0,0.1749999999999999,0.1340159545165382
81,1.0,0.375,0.1749999999999999,0.14599254133645445,0.0595636546571537,-4.510281037539698e-17,2,0,0.1749999999999999,0.145433515867012
82,1.0,0.40625,0.1749999999999999,0.15729756065411493,0.059662840416556,1.0408340855860844e-16,2,0,0.1749999999999999,0.1567203994332416
83,1.0,0.4375,0.1749999999999999,0.16842858621384948,0.0597655161985542,-5.898059818321144e-17,2,0,0.1749999999999999,0.1678415379252737
84,1.0,0.46875,0.1749999999999999,0.1793942352232989,0.0598597562903372,0.0,2,0,0.1749999999999999,0.1788102255481039
85,1.0,0.5,0.1749999999999999,0.1902280890935799,0.0599463015969005,-3.5670251474773096e-17,2,0,0.1749999999999999,0.1896339095767165
86,1.0,0.53125,0.1749999999999999,0.20094162274472183,0.060053094008907,2.775557561562892e-17,2,0,0.1749999999999999,0.2003406907008214
87,1.0,0.5625,0.1749999999999999,0.21150820563707384,0.0601437105568496,3.469446951953615e-18,2,0,0.1749999999999999,0.2109131124383745
88,1.0,0.59375,0.1749999999999999,0.22191303565341514,0.0602342943762849,2.775557561562892e-17,2,0,0.1749999999999999,0.2213581856297312
89,1.0,0.625,0.1749999999999999,0.2321905123826582,0.060291015964441,-2.0816681711721685e-17,2,0,0.1749999999999999,0.2316825670974166
90,1.0,0.65625,0.1749999999999999,0.242383626580704,0.0604080169769341,5.898059818321144e-17,2,0,0.1749999999999999,0.241904083298733
91,1.0,0.6875,0.1749999999999999,0.25249875424196944,0.0604733905068361,3.122502256758253e-17,2,0,0.1749999999999999,0.2520283256882149
92,1.0,0.71875,0.1749999999999999,0.26252371570444666,0.0605301874926009,1.2836953722228372e-16,2,0,0.1749999999999999,0.2620647711867791
93,1.0,0.75,0.1749999999999999,0.2724555949389469,0.0606276211129588,-1.43982048506075e-16,2,0,0.1749999999999999,0.2720206451675895
94,1.0,0.78125,0.1749999999999999,0.2823008574778214,0.0606485090288226,2.3939183968479933e-16,2,0,0.1749999999999999,0.2819288785590117
95,1.0,0.8125,0.1749999999999999,0.29207983016385697,0.0606827358351224,-1.8388068845354155e-16,2,0,0.1749999999999999,0.2917687341703726
96,1.0,0.84375,0.1749999999999999,0.3018223859835416,0.0607157618733445,-5.204170427930421e-17,2,0,0.1749999999999999,0.3015532452537779
97,1.0,0.875,0.1749999999999999,0.3115337898780126,0.0607501648955739,4.683753385137379e-17,2,0,0.1749999999999999,0.3112912837563266
98,1.0,0.90625,0.1749999999999999,0.321193202980794,0.0607681010957071,0.0,2,0,0.1749999999999999,0.3210017094599224
99,1.0,0.9375,0.1749999999999999,0.3308105827309191,0.0607815109552312,-2.775557561562892e-17,2,0,0.1749999999999999,0.3306840919036744
100,1.0,0.96875,0.1749999999999999,0.3404400965664536,0.0607902940686631,1.7347234759768074e-17,2,0,0.1749999999999999,0.3403472231766863
101,0.132143,0.0,0.21295961551368237,0.0,-8.97548094874745e-14,-0.0900920833269994,0,3,0.210192001124948,0.0
102,0.1642859999999999,0.0,0.19999335569445975,0.0,-9.840327337695687e-14,-0.0854929852104132,0,3,0.1971789630902037,0.0
103,0.1964289999999999,0.0,0.18880474059551489,0.0,-3.5503175919993086e-14,-0.0818859582330395,0,3,0.1862623102412988,0.0
104,0.228571,0.0,0.179585255755228,0.0,-1.682833560001651e-14,-0.0789646309189276,0,3,0.1772437648827316,0.0
105,0.260714,0.0,0.17249932370032184,0.0,-5.347773005676126e-15,-0.0774694588558163,0,3,0.1700117767369243,0.0
106,0.2928569999999999,0.0,0.16673867712233914,0.0,-2.514319048102509e-15,-0.0758881093068768,0,3,0.1642419535368835,0.0
107,0.325,0.0,0.16203148757995223,0.0,-1.1398759540426353e-15,-0.0746638670838165,0,3,0.1597227534026001,0.0
108,0.3571429999999999,0.0,0.1585094964611926,0.0,-5.862552197172244e-16,-0.0736909219340122,0,3,0.1562696083033526,0.0
109,0.389286,0.0,0.15590883771074004,0.0,5.713745448998608e-17,-0.0728720702429174,0,3,0.153708915704108,0.0
110,0.421429,0.0,0.1539487650297815,0.0,-9.036825107666681e-17,-0.0722176230605561,0,3,0.1519225969253044,0.0
111,0.453571,0.0,0.15266027479083277,0.0,9.47050597666088e-17,-0.0716730940503436,0,3,0.1507979616235084,0.0
112,0.4857139999999999,0.0,0.15201591346703935,0.0,-2.0477868532819965e-17,-0.0712088875787866,0,3,0.1502432463343645,0.0
113,0.517857,0.0,0.15181740422849543,0.0,-1.1419359381703575e-16,-0.0707509752088435,0,3,0.1500878912801852,0.0
114,0.55,0.0,0.15194770030211657,0.0,1.9933056941146e-16,-0.0704641428119524,0,3,0.1503538074449794,0.0
115,0.5821429999999999,0.0,0.15241266185694258,0.0,-1.630369016875077e-16,-0.0702086918183896,0,3,0.1509825690298502,0.0
116,0.614286,0.0,0.1532155825989321,0.0,7.312266027056924e-17,-0.0701364282768861,0,3,0.1519289098841233,0.0
117,0.646429,0.0,0.15430853284487966,0.0,-7.234593105793705e-17,-0.0697192768640295,0,3,0.1531159030203946,0.0
118,0.678571,0.0,0.15560999195440672,0.0,-1.0440189294677603e-16,-0.0695629528362159,0,3,0.1545248869756543,0.0
119,0.7107139999999998,0.0,0.15706218138802797,0.0,2.705037833539234e-16,-0.0694364853899779,0,3,0.1561261414097941,0.0
120,0.7428569999999999,0.0,0.1586645133793354,0.0,-3.2759168641649516e-16,-0.0691944855914538,0,3,0.157893149731288,0.0
121,0.775,0.0,0.16041979141300544,0.0,2.038164559001188e-16,-0.0691702555081462,0,3,0.1597218908333576,0.0
122,0.807143,0.0,0.1622976795770228,0.0,1.26648366273463e-17,-0.0691131782466444,0,3,0.1616768086798181,0.0
123,0.8392859999999999,0.0,0.16427184265921824,0.0,-1.9481757786848908e-18,-0.069051435958405,0,3,0.16373924630366,0.0
124,0.871429,0.0,0.16633065536734648,0.0,-9.00531548202882e-17,-0.0689845705897914,0,3,0.1658876507942226,0.0
125,0.903571,0.0,0.1684545336465817,0.0,1.4314645050360862e-16,-0.0689624790267635,0,3,0.1681107858569339,0.0
126,0.935714,0.0,0.1706112353131175,0.0,-1.529514921427876e-16,-0.0689284932392572,0,3,0.1703810351265343,0.0
127,0.967857,0.0,0.17276911916269455,0.0,7.659316601370692e-17,-0.0689098356520379,0,3,0.1726823748489828,0.0
128,0.4998989999999999,0.4998989999999999,0.11330269441532437,0.20742092648288235,-4.228388472693467e-17,2.0816681711721685e-17,0,0,0.1121776056765656,0.206180349674284
129,0.6968739999999999,0.70035,0.13331869634566829,0.26029039424611256,-8.413408858487514e-17,-2.9837243786801077e-16,0,0,0.1328387833333856,0.259673077464226
130,0.707937,0.302074,0.14900966233108193,0.12501269005588256,-2.8568727244993037e-16,-1.3183898417423734e-16,0,0,0.1480304052420417,0.1243237291756502
131,0.3030149999999999,0.704253,0.06688269220467191,0.2754426046158187,-2.3700659490533127e-16,-5.620504062164855e-16,0,0,0.0663492717612647,0.2744717835229988
132,0.3114509999999999,0.297877,0.10925199720077217,0.16740195226157084,-8.164042358815848e-17,1.0408340855860844e-16,0,0,0.1070938062899088,0.1651707046451256
133,0.792073,0.5057979999999999,0.15079985599732026,0.19492571515002055,-2.2046319441250755e-16,1.8875959822972632e-16,0,0,0.1503051462682626,0.1942515736270329
134,0.5019259999999999,0.7904839999999999,0.10053829070238862,0.2918205840542214,-1.0028870095490916e-18,6.071532165918825e-17,0,0,0.1000745015340948,0.2912567283696171
135,0.511224,0.202329,0.14108133551781066,0.09802153188502416,-4.153578522791968e-16,2.4286128663675296e-17,0,0,0.1389929768040425,0.0970470837527889
136,0.206036,0.498265,0.05777919679530896,0.23370133590651676,-1.6111244283134596e-16,3.816391647148976e-17,0,0,0.0569763956804838,0.2315527173647649
137,0.1544919999999999,0.206773,0.10035533116024453,0.1880810416478198,8.699638232023686e-16,-5.950101522600447e-16,0,0,0.0978474988332908,0.1828728196061293
138,0.829967,0.8319469999999999,0.15072599722770974,0.2987906482303515,-2.6410487295389085e-17,-3.6082248300317592e-16,0,0,0.1505192094382433,0.2984887680996472
139,0.830687,0.1844619999999999,0.16211926157120615,0.07527392674819566,2.5455034130886234e-16,9.540979117872439e-17,0,0,0.1614858671492008,0.0749574334871394
140,0.1844619999999999,0.830687,0.03951456493632577,0.30917795053392183,-8.370040771588095e-17,-1.1449174941446927e-16,0,0,0.0392748716468098,0.308508259822016
141,0.148149,0.3708969999999999,0.0558943255309714,0.21741211685002781,-1.3660947373317357e-17,-4.0939474033052647e-16,0,0,0.0549069960716817,0.2143736950608822
142,0.302549,0.107985,0.152228996361373,0.08053702170582255,-1.1205229452637688e-15,1.717376241217039e-15,0,0,0.1487798690099734,0.0794181502185122
143,0.64566,0.5683409999999999,0.1301376425253693,0.22067272383719683,1.7401444868392346e-17,-1.3530843112619095e-16,0,0,0.129441557233261,0.219802193965077
144,0.4266639999999999,0.6513729999999999,0.09236433435580693,0.2559928858463536,5.637851296924624e-18,-4.440892098500625e-16,0,0,0.0916744724007875,0.2549288109414242
145,0.848493,0.634429,0.15540707230684347,0.2363929128041491,-2.0629656836967936e-16,-3.78169717762944e-16,0,0,0.1551036452793128,0.2358343111843495
146,0.6295779999999999,0.852435,0.12030002882238477,0.30712969906744547,-1.2677033901786758e-16,4.163336342344337e-17,0,0,0.119900937895549,0.3067524533243173
147,0.425746,0.354594,0.1165010959666688,0.167829399171751,-7.41594285980085e-17,1.6653345369377348e-16,0,0,0.1147641218104631,0.1661308300893317
148,0.8465019999999999,0.3613509999999999,0.16004811046877876,0.14262203805265017,9.421716878899032e-17,1.873501354054952e-16,0,0,0.1596219426816049,0.1420036593784329
149,0.3613509999999999,0.8465019999999999,0.07428223741590045,0.3100455157691613,3.0346818807869264e-16,-6.245004513516506e-17,0,0,0.0738739186532737,0.3095768554708278
150,0.6303039999999999,0.149758,0.15034667652798817,0.0669837731984444,-1.9670137914318262e-16,8.673617379884035e-18,0,0,0.1489554073776149,0.0664670280690444
151,0.151765,0.628345,0.03716941984021105,0.26407269775518216,-4.336808689942018e-19,3.122502256758253e-16,0,0,0.0367082314122523,0.26254660566206
152,0.55768,0.383867,0.12942543972167186,0.16453621254186146,1.5276408610320755e-16,2.2204460492503126e-16,0,0,0.1282101916857449,0.1633876916642721
153,0.380328,0.529633,0.09162590902997181,0.22565594693878666,-1.6675029412827058e-16,1.734723475976807e-16,0,0,0.0906030028356683,0.2241159159915171
154,0.177038,0.0965184,0.16239007379772374,0.118481318524573,-2.4496030204268493e-14,-5.783568068906675e-15,0,0,0.1581764025849309,0.1183438866382928
155,0.429634,0.106117,0.14832166334963404,0.05991125135915354,-2.0317948712378356e-16,3.41740524767431e-16,0,0,0.1459137448229271,0.05925115416112
156,0.580126,0.6814379999999999,0.11638220649911091,0.2580271977931261,1.9569849213363358e-17,-1.3530843112619095e-16,0,0,0.1158594564146574,0.2572055316748613
157,0.0716109,0.164088,0.07473131241567899,0.22469805995933712,7.265889279128857e-15,-4.666406150377611e-15,0,0,0.075310293923878,0.2198759322084477
158,0.692535,0.4270129999999999,0.14200828364118934,0.17135379208775703,-5.5077470362263625e-17,1.9775847626135598e-16,0,0,0.1411732679934938,0.1705019672991633
159,0.300931,0.40427,0.08972518930750084,0.20054875811911188,-2.4557179206796675e-16,-3.920475055707584e-16,0,0,0.0882957330116541,0.1984627295923881
160,0.0980863,0.531849,0.027473744296003133,0.24746193233295344,-5.648693318649478e-17,-1.5959455978986623e-16,0,0,0.0271934057008534,0.2452557540246994
161,0.911576,0.540038,0.16443997252099507,0.2043427523731225,2.526733162977468e-16,6.93889390390723e-17,0,0,0.1642772204540345,0.2037852656453501
162,0.536899,0.905776,0.10457669256720692,0.32355657263542525,-2.6881437614062482e-17,-6.83481049534862e-16,0,0,0.1041928702276203,0.3233189808239777
163,0.3907769999999999,0.227799,0.13094788911985233,0.12495593592757359,-6.591949208711867e-17,-6.93889390390723e-17,0,0,0.1284064156559642,0.1233448993329601
164,0.534232,0.0916407999999999,0.14959862684918335,0.045118838432244956,1.5189672436521915e-16,1.231653667943533e-16,0,0,0.1477823461463991,0.0447763295404376
165,0.2784019999999999,0.5966829999999999,0.0670173040998634,0.2503879270516336,-1.6154612370034016e-17,-4.0939474033052647e-16,0,0,0.0663612680587776,0.2488938393334672
166,0.739619,0.891036,0.13692061050096527,0.3174350187764503,-1.6608622029762319e-16,-1.214306433183765e-16,0,0,0.1366526018626476,0.3172199860069708
167,0.893634,0.7381339999999998,0.16041235349257477,0.2690765159204602,1.4440895311149116e-16,2.636779683484747e-16,0,0,0.1602770800902066,0.2686675293720312
168,0.601817,0.263487,0.1422995104076108,0.11598148688790388,-6.106768736524604e-17,1.3010426069826053e-18,0,0,0.1408884424966903,0.1151310754830176
169,0.900749,0.268239,0.16648405868909322,0.10684580326778814,1.3974010750622543e-16,-8.847089727481716e-17,0,0,0.166129288645138,0.1064301325589575
170,0.268239,0.900749,0.05562246705812868,0.32519541718647815,2.4475864043860266e-17,2.324529457808921e-16,0,0,0.055333538438042,0.3248171792426919
171,0.7476479999999999,0.614048,0.14246235598693602,0.23187373345717788,2.534593628727988e-16,3.573530360512222e-16,0,0,0.1420290780759095,0.2311622355818406
172,0.387544,0.7487789999999999,0.08151781279593706,0.28379149007378146,-8.029872339970767e-18,-9.8879238130678e-16,0,0,0.0810078736555046,0.2829303171570622
173,0.747133,0.102446,0.15799736959161237,0.043353894805477466,3.342324247229689e-16,1.006139616066548e-16,0,0,0.1570234283269567,0.0431680925714123
174,0.10255,0.747031,0.023099549624021165,0.29111011618806515,-9.039535613097892e-18,6.83481049534862e-16,0,0,0.0229384024447204,0.2899856649342408
175,0.0905231999999999,0.27478,0.050194373394333525,0.2185077778995037,1.4500119854821136e-15,8.916478666520786e-16,0,0,0.0496314581051567,0.2143638817191134
176,0.913597,0.4459199999999999,0.16564910925808363,0.17187899706186727,3.384066030870381e-17,6.591949208711867e-17,0,0,0.165401112573611,0.171328865621683
177,0.4422789999999999,0.91412,0.08814219187479466,0.32682868745177984,-8.910786605115238e-17,-3.469446951953614e-16,0,0,0.0877776450043657,0.3265402905813789
178,0.599543,0.4734229999999999,0.12860492183244787,0.19217532948823646,-1.5829351718288362e-16,8.326672684688674e-17,0,0,0.1275876177780832,0.1911947165725294
179,0.902865,0.902865,0.16096893392386846,0.3202155777835287,-1.3658236867886142e-16,1.0755285551056204e-16,0,0,0.1608696260640607,0.3200736989370607
180,0.525379,0.598666,0.11129332217387855,0.23578579787863418,9.107298248878237e-18,1.4918621893400539e-16,0,0,0.1105694105515746,0.2347551830287755
181,0.8966629999999999,0.0988773,0.16770116850966588,0.04016025745659135,-2.078347802018932e-16,3.469446951953615e-17,0,0,0.1673504270197707,0.0400040336133593
182,0.0988947,0.896646,0.020996118262701202,0.32554622667157673,2.9643442648469293e-16,-3.2959746043559335e-17,0,0,0.0208591284499052,0.3251338863427693
183,0.0904543,0.448774,0.029514034002204426,0.23457105917623267,1.0191500421363743e-17,-2.636779683484747e-16,0,0,0.0291544163461452,0.2316934641418864
184,0.7894649999999999,0.7198689999999999,0.14614746283041313,0.26451080362312496,-2.2473478156551097e-16,-1.0928757898653883e-16,0,0,0.1458124175447709,0.2640264179294858
185,0.801775,0.2633599999999999,0.1582391663978342,0.10687128058634698,-4.1315556661633557e-16,5.984795992119986e-17,0,0,0.1575267108985621,0.1063651014327818
186,0.284215,0.792328,0.06052510427252855,0.2979262369335629,-4.838252194716564e-17,3.4000580129145414e-16,0,0,0.0601416691913591,0.2972016048080788
187,0.7198879999999999,0.794458,0.13495685870293528,0.2885549805359915,-1.755594367797153e-16,2.706168622523819e-16,0,0,0.1346232390563846,0.2881433848092133
188,0.25034,0.207956,0.1222685941902455,0.15058450143442315,-4.527628272299467e-16,2.8102520310824275e-16,0,0,0.1194071951788752,0.147950136378607
189,0.722999,0.2006759999999999,0.1540295259328559,0.08453071008034385,4.597017211338539e-17,-6.93889390390723e-18,0,0,0.1530032848602666,0.0840645426451332
190,0.2006759999999999,0.722999,0.045103602242306806,0.2835041159123648,-2.662055146630815e-16,-6.93889390390723e-18,0,0,0.0447301881184946,0.2823860168349955
191,0.5008519999999999,0.2939069999999999,0.13147692498750985,0.13677198701770976,-1.940721888749053e-17,-7.28583859910259e-17,0,0,0.1297186430924261,0.1355566325969563
192,0.42497,0.447039,0.1063666516529338,0.19768188003217801,2.5532961162033624e-16,2.1857515797307767e-16,0,0,0.1051081019879956,0.1960433746307673
193,0.209314,0.2937589999999999,0.08933019818505272,0.19034872126940172,2.0903417885520523e-16,1.9081958235744878e-16,0,0,0.0873305092932852,0.1869541238264376
194,0.6331419999999999,0.7570799999999999,0.12250397691968828,0.2789866238599643,2.4184484710004783e-16,-1.9081958235744878e-16,0,0,0.1220362581048415,0.2784304344413755
195,0.81949,0.92517,0.14868963486514986,0.32731427310500294,2.0872585886240466e-16,4.336808689942017e-16,0,0,0.1485065415998636,0.3271764585973042
196,0.925293,0.819589,0.1644428608706221,0.2944270677980967,1.2543541509299483e-16,9.020562075079397e-17,0,0,0.1643453093489519,0.2941314601998886
197,0.92562,0.185316,0.16925944649847224,0.07443904754472896,-2.576199887097119e-16,-6.245004513516506e-17,0,0,0.1689810995713665,0.0741271986201587
198,0.185319,0.925617,0.038778620852099266,0.33196610621962463,-2.2362178027281877e-16,1.448494102440634e-16,0,0,0.0385499884690287,0.3316736018285746
199,0.403496,0.590503,0.09155214470229112,0.24062361585674807,-2.1835831753858054e-16,9.714451465470121e-17,0,0,0.0907341319731257,0.2393419748879197
200,0.452853,0.56415,0.10166290498455055,0.2299730837403331,-2.2638141361497333e-16,1.0408340855860844e-16,0,0,0.1007546699526206,0.2287146880999885
201,0.476022,0.62502,0.10207084525609389,0.24607439621468075,2.0914259907245378e-16,-1.474514954580286e-16,0,0,0.1013496201260793,0.2450126099889844
202,0.440114,0.514766,0.10298025092924945,0.21654104540357366,-2.172199052574708e-16,-2.931682674400804e-16,0,0,0.1019100826599665,0.2151435838885178
203,0.5126389999999998,0.5492829999999999,0.11202402613707818,0.22168598184362054,-1.1053441148489718e-16,6.245004513516506e-17,0,0,0.1111163664284071,0.2205392528960455
204,0.138519,0.0482592,0.19403196884377394,0.08673666743561625,-1.890388887093586e-13,-4.315645063535101e-14,0,0,0.1897581934175642,0.0867842208730074
205,0.123874,0.0836144999999999,0.1676732048363192,0.14556842524325475,-5.3186621773448906e-15,-1.5681900222830336e-15,0,0,0.1630895352206803,0.1433987532459375
206,0.491325,0.415453,0.11876988258154597,0.18112510681385174,-3.3750620706410675e-16,-1.3387186324764766e-16,0,0,0.1174473041178433,0.1797155944920128
207,0.528789,0.441883,0.12154881936839956,0.18662896793102846,-9.584347204771859e-17,1.5092094240998222e-16,0,0,0.1203488311667495,0.1854047657688556
208,0.4624349999999999,0.4734689999999999,0.10973705849028192,0.2022537068114616,1.0110185258427328e-16,1.8214596497756474e-16,0,0,0.1085505545612106,0.2008342648880087
209,0.491713,0.3692309999999999,0.12305361274047755,0.16535949613898993,-2.2876665839444147e-17,1.0755285551056204e-16,0,0,0.1215820777038813,0.1639791440286916
210,0.425358,0.4008169999999999,0.11114741610072087,0.18319610104663298,-6.678685382510707e-17,9.020562075079397e-17,0,0,0.1096704104107782,0.1815016106639754
211,0.051275,0.80923,0.011228770883462857,0.3055925381195266,4.4260520812647303e-16,-1.4224732503009818e-16,0,0,0.0111727458012388,0.3047908709006668
212,0.100722,0.8218389999999999,0.02187882961516152,0.30811831230676034,-9.864884516902483e-17,1.1796119636642288e-16,0,0,0.0217339282651581,0.3073694577898089
213,0.0494474,0.8840379999999999,0.010566577715508174,0.32281223477912135,1.517713634890255e-16,6.591949208711867e-17,0,0,0.0104946145430735,0.3223175780573997
214,0.884046,0.0494387,0.16708955619833432,0.020176515652565286,-3.04118709382184e-16,-1.6653345369377348e-16,0,0,0.1666800020998503,0.0201019944053614
215,0.821898,0.100661,0.16268533910624683,0.04153076733928174,3.713392440762853e-17,3.469446951953615e-17,0,0,0.1620193105722025,0.0413667671831051
216,0.809281,0.0512227999999999,0.1622755917487666,0.021284466289216653,3.6250638450231742e-16,1.0711917464156784e-16,0,0,0.1616203348924348,0.021211893942895
217,0.2603829999999999,0.295818,0.10061079356819391,0.17813918401952833,-1.174190952801801e-16,3.573530360512222e-16,0,0,0.0984222762380015,0.175428413592462
218,0.3061909999999999,0.351074,0.09876493804040365,0.184944175707642,-1.3270634591222574e-16,-2.498001805406602e-16,0,0,0.0969240879834768,0.1827141041017131
219,0.2551229999999999,0.349015,0.08879148159758188,0.1937853806448402,2.2204460492503126e-16,-1.873501354054952e-16,0,0,0.0870445373262896,0.1911123302550108
220,0.718866,0.53707,0.14092367998091504,0.20767916974727996,5.838428698834441e-17,2.3592239273284576e-16,0,0,0.1403031402709152,0.206889566621569
221,0.6690979999999999,0.4976769999999999,0.13615495880367234,0.19659366080304608,-2.0502263081700886e-16,-3.4000580129145414e-16,0,0,0.1353696375597452,0.1957016894702368
222,0.7423039999999999,0.466405,0.14612360420869663,0.18300634350453038,-4.109126233720062e-17,-1.457167719820518e-16,0,0,0.1454733125723239,0.1822436924948506
223,0.178732,0.332328,0.07209488881198922,0.20556776013108902,3.2482697087665713e-16,2.4286128663675296e-17,0,0,0.0706807252136333,0.2022084643349619
224,0.2245399999999999,0.3875839999999999,0.0751203949257615,0.20824484521654085,9.77950359581925e-17,-1.3530843112619095e-16,0,0,0.0738105122839406,0.2055450864941688
225,0.464295,0.720928,0.0961132552329218,0.2735897870879853,-1.3338397227002918e-16,2.2724877535296173e-16,0,0,0.0955611765520813,0.2727587742265945
226,0.503395,0.666405,0.10473189695039764,0.25664004604914226,1.508396272470458e-16,-9.055256544598933e-16,0,0,0.1040961586580522,0.2557211670796042
227,0.541026,0.7359609999999999,0.1084726386325201,0.27525678067468107,9.486769009248164e-19,2.307182223049153e-16,0,0,0.1079511029281965,0.2745547074797349
228,0.769519,0.3941819999999999,0.15149597072741017,0.15663381724152714,2.827328215299074e-16,1.734723475976807e-16,0,0,0.1508340258410549,0.1559455505838366
229,0.819288,0.4335749999999999,0.15566790715092793,0.16923029022291303,-1.0823048186836548e-16,-1.700029006457271e-16,0,0,0.1551762968949214,0.1685709941198693
230,0.177093,0.434581,0.05646379728568718,0.22417499813309405,-3.3068166260807885e-17,7.632783294297951e-17,0,0,0.0556142992423095,0.2216053014975324
231,0.2534839999999999,0.451268,0.0736860022880137,0.21847786515718326,-5.496905014501508e-17,1.769417945496343e-16,0,0,0.0725888273944786,0.2162711460683477
232,0.77722,0.331712,0.1541880914446665,0.13351733895251527,2.337675409150308e-16,-1.3183898417423734e-16,0,0,0.1534846552825854,0.132898165615031
233,0.7002359999999999,0.364543,0.14557503690593876,0.1486726642033318,-9.194034422677075e-17,-1.3877787807814454e-16,0,0,0.1446631624708937,0.1478833696151653
234,0.680709,0.0512227999999999,0.15534265036694705,0.022502775755128823,9.261712355162696e-17,-3.751339516799845e-17,0,0,0.154204231943122,0.0223613213990031
235,0.688718,0.1261019999999999,0.15420432441169396,0.05469899000308942,-4.880265028900377e-17,1.4918621893400539e-16,0,0,0.1530340403358616,0.0543877542346875
236,0.622295,0.074879,0.1525445087463595,0.03412005363497883,1.0023449084628487e-16,6.93889390390723e-17,0,0,0.1511603103842496,0.0338991052663299
237,0.0758823,0.621315,0.019019380342797376,0.2649526067834813,-3.878733272066892e-17,2.949029909160572e-17,0,0,0.0187904485420149,0.2632727224495014
238,0.1271569999999999,0.6876879999999999,0.02972589767887257,0.2775764895704924,-1.4842727741326556e-16,-5.48172618408671e-16,0,0,0.0294543602816923,0.2762414980797257
239,0.051275,0.6806579999999999,0.012168341359938495,0.27743503574311035,-1.723068302622588e-16,2.012279232133096e-16,0,0,0.0120404244561465,0.2760461251066114
240,0.051275,0.744944,0.01162337462301366,0.2912136681989068,1.7551200293466904e-16,-2.8102520310824275e-16,0,0,0.0115290269155921,0.2901477571831754
241,0.7449949999999999,0.0512227999999999,0.15856311365496367,0.021785167864436517,3.3477452580921163e-16,6.93889390390723e-18,0,0,0.1576606669734023,0.021683524672552
242,0.290709,0.650468,0.06668117693334352,0.2627184582524933,9.8879238130678e-17,1.1102230246251563e-16,0,0,0.0660869712581222,0.2614923133711258
243,0.3525329999999999,0.624028,0.08021657386416337,0.25268845053506084,3.307900828253274e-16,-4.163336342344337e-16,0,0,0.0795148345428922,0.2514502905324231
244,0.36484,0.677813,0.07993301094393246,0.26605325093260035,-3.546425306200085e-16,6.591949208711867e-17,0,0,0.0792995527938196,0.2649983689615813
245,0.124324,0.130303,0.13052415921993088,0.17988054815214127,-7.3324592925194655e-16,-1.9272777818102327e-15,0,0,0.1261128425074718,0.1742931274844869
246,0.0711607999999999,0.117399,0.10535429920128081,0.22156795737100765,-6.45300870030785e-14,-6.774789063079822e-14,0,0,0.103836973712313,0.2147722871669299
247,0.946817,0.681567,0.16793544564279728,0.25070122798206285,1.3387863951122567e-16,-2.4286128663675294e-16,0,0,0.1678514911021461,0.2502389444117735
248,0.871063,0.686281,0.15779224882135168,0.25280480389483273,-8.565197162635485e-17,2.5326962749261384e-16,0,0,0.1575683745266849,0.25231658249502
249,0.924246,0.629714,0.16527942432730924,0.23403516988037154,7.338693455011258e-17,2.949029909160572e-16,0,0,0.1651326513443172,0.2335078632286021
250,0.6272889999999999,0.926217,0.11921371867356356,0.32863148755495786,-3.573801411055344e-17,2.0816681711721685e-17,0,0,0.118863725004243,0.3284439932115068
251,0.6845989999999998,0.871736,0.1286697430186905,0.31216769391903654,-1.7076184216646698e-17,2.949029909160572e-17,0,0,0.1283385705655592,0.3118710385196303
252,0.6823099999999999,0.945518,0.12780157985980622,0.33395542632206343,1.5145542019969968e-16,-1.4181364416110398e-16,0,0,0.1274868764991262,0.3338387848910889
253,0.3216189999999999,0.950375,0.06559136736905202,0.33729656832292676,3.5080547136894647e-16,-3.469446951953614e-16,0,0,0.0652595995914908,0.3371338249017544
254,0.3147949999999999,0.873626,0.06502301986620296,0.3177900199953001,1.122589705655069e-16,3.122502256758253e-17,0,0,0.0646632995195345,0.317356644537572
255,0.368176,0.923251,0.07456689607352018,0.32995365757960826,2.1324901480074263e-16,2.2551405187698487e-16,0,0,0.0742076805292292,0.3297101844534515
256,0.923251,0.368176,0.16746145694924053,0.1439108089543879,-1.5788694136820158e-17,-2.0816681711721685e-17,0,0,0.167239030380133,0.1433654507916148
257,0.873626,0.3147949999999999,0.1634375447210914,0.124853647837881,-5.946848916082992e-17,6.591949208711867e-17,0,0,0.1630426803028436,0.1243311363236681
258,0.950375,0.3216189999999999,0.17040832443399268,0.12651267510955222,-4.907370083212514e-17,-3.261280134836397e-16,0,0,0.1702617115847852,0.1260037485599092
259,0.3298459999999999,0.0539924,0.15864100858016172,0.038959934334343416,-1.3032110113275763e-16,5.620504062164855e-16,0,0,0.1557738019500354,0.0385406961426894
260,0.26556,0.0539924,0.16670984598749783,0.0481574600271415,-3.548160029676062e-15,1.1379786002407857e-15,0,0,0.1633009591179313,0.0476472005083722
261,0.6226009999999998,0.5208819999999998,0.1291173511526722,0.20647157251369208,-3.442341897641477e-17,-1.52655665885959e-16,0,0,0.1282910748170005,0.205516410147775
262,0.646039,0.450218,0.13556248288659845,0.18172269339265767,-3.224688311515012e-16,1.4051260155412135e-16,0,0,0.1346308272827207,0.1807799659868656
263,0.202805,0.0482592,0.17960567951377016,0.05752117227530107,-2.8759980508219485e-14,-3.622102617839573e-15,0,0,0.175569898964983,0.0572884126715133
264,0.141678,0.8636669999999999,0.03020134032885835,0.3175112865756091,1.8108886785939135e-16,-3.261280134836397e-16,0,0,0.030014920926268,0.3169388326017333
265,0.1435059999999999,0.7888589999999999,0.0314600994461216,0.2999885501485551,2.0635077847830363e-16,2.775557561562892e-17,0,0,0.0312309324436909,0.2991150143912291
266,0.78891,0.143454,0.1599117893492803,0.05951985165302176,-3.851221641940072e-16,7.632783294297951e-17,0,0,0.1591219284465167,0.0592401894866411
267,0.8636749999999999,0.1416699999999999,0.1650674506672658,0.0576869351498317,-7.101185416601152e-17,-7.806255641895632e-18,0,0,0.1645686197991223,0.0574408074986889
268,0.88005,0.4036359999999999,0.16265112537075765,0.15732553505222313,5.22748077463886e-16,5.551115123125784e-17,0,0,0.1623225370923238,0.1567314707743292
269,0.852835,0.4758589999999999,0.15851492484216578,0.18326297403837088,-1.3871858577183674e-16,-7.990570011218166e-17,0,0,0.1581198010240783,0.182646749478271
270,0.472102,0.852302,0.09417915265657939,0.30958258736063726,3.1712913545201005e-18,3.1571967262777884e-16,0,0,0.093767238349065,0.3091489895248152
271,0.4018149999999999,0.880311,0.08123637092649005,0.31826989544788375,-9.784924606681678e-18,-3.9551695252271197e-16,0,0,0.0808512342318885,0.3178867582207688
272,0.4316389999999999,0.818493,0.08767786098178476,0.3011788394942414,2.499153770214868e-16,-8.153200337090995e-17,0,0,0.0872382962201829,0.3006256344674667
273,0.329365,0.563158,0.07953485954203643,0.2385502546239877,-5.654114329511906e-17,-3.5041414214731503e-16,0,0,0.0787043955230531,0.2370490763813341
274,0.5809499999999999,0.952888,0.11155395636887988,0.3365763544861693,1.7741952113188575e-16,-2.2377932840100807e-16,0,0,0.1111937543171898,0.3364514519788827
275,0.583239,0.879105,0.11251903025549836,0.31546016145148315,2.2625266460699067e-16,-4.614364446098306e-16,0,0,0.1121337173293049,0.3151471844469629
276,0.8800339999999999,0.587233,0.16004911116760923,0.22050123164081015,3.039831841106233e-17,2.4286128663675294e-16,0,0,0.1598228244807611,0.2199301328981822
277,0.955788,0.582519,0.16954813282063697,0.21826737422088627,3.1741373852228744e-16,5.898059818321144e-17,0,0,0.1694461651408584,0.2177236847466591
278,0.3511139999999999,0.262838,0.12124765146290883,0.1466867109411396,-6.114900252818245e-17,2.636779683484747e-16,0,0,0.1188434187977321,0.1447385552125904
279,0.408262,0.291196,0.12278101331321523,0.14759171300102025,-3.274290560906224e-17,-2.2204460492503126e-16,0,0,0.1207418706106693,0.1458853095165313
280,0.368599,0.326235,0.11272408743388951,0.16644202423049137,6.418476861114186e-17,2.7755575615628914e-16,0,0,0.1107852440369462,0.1645101610525871
281,0.6384999999999998,0.690894,0.12495579401729628,0.258961622370407,1.8892222855559915e-16,2.0643209364124002e-16,0,0,0.1244577437545526,0.2582829892603685
282,0.612893,0.62489,0.12332665451685898,0.23971025558421388,-1.6154612370034016e-17,-1.3183898417423734e-16,0,0,0.122711051033924,0.2388645994440472
283,0.671267,0.6343459999999999,0.13139500815304928,0.24053618864854798,-2.6291902682773486e-17,9.367506770274758e-17,0,0,0.1308598169540122,0.2397879450442659
284,0.1482449999999999,0.47352,0.044782724435208365,0.23404247479629703,4.040889259489256e-16,-3.801212816734178e-16,0,0,0.0441691156044141,0.231626551851335
285,0.119302,0.409835,0.041824653118965216,0.2266933103383053,1.577514160966409e-16,-6.349087922075114e-16,0,0,0.0412622590432253,0.2237663353253704
286,0.363339,0.3794319999999999,0.10429913751431741,0.18440400273539126,-8.955509944730267e-17,5.551115123125784e-17,0,0,0.1026772150384462,0.1824716119344778
287,0.3933889999999999,0.0530583999999999,0.15384085924597457,0.03276979722431861,-1.9699953474061616e-16,5.447031714567174e-16,0,0,0.151418137207703,0.0324553853810447
288,0.3660919999999999,0.1070509999999999,0.14964274343219586,0.0682254433631897,-3.419573652019281e-16,6.505213034913026e-16,0,0,0.1467506669562465,0.0672621613438365
289,0.946817,0.744067,0.1677122482797131,0.2706620623357594,-1.2617233375710607e-16,2.7582103268031233e-16,0,0,0.1676314193710712,0.2702518988453993
290,0.7448099999999999,0.945518,0.13742696808185428,0.33370025095064193,-4.535692025957327e-16,-4.1980308118638727e-16,0,0,0.1371589457468661,0.3336080706095613
291,0.2591189999999999,0.950375,0.0534690169733949,0.3376323479023995,-6.240938755369685e-18,2.8102520310824275e-16,0,0,0.0531667798132148,0.3374444178984545
292,0.950375,0.2591189999999999,0.17078963314997964,0.1029094208497554,1.230467821817377e-16,1.5352302762394743e-16,0,0,0.1706087411312337,0.1024795907631432
293,0.552752,0.640052,0.11367279282421805,0.24680083931889385,-2.028000163634136e-16,-2.9837243786801077e-16,0,0,0.1130305332391823,0.2458893661938983
294,0.239794,0.102252,0.15739705133455573,0.0944419754378032,-5.069729358542219e-15,2.8727020762175925e-15,0,0,0.1535096217182715,0.0929505589842744
295,0.463299,0.324251,0.12451613674056716,0.15242326020961627,-1.5395670849294166e-17,-8.326672684688674e-17,0,0,0.1227660904498758,0.1509745718125794
296,0.529266,0.3388869999999999,0.1299846616020659,0.1508360436419025,1.713039432527097e-17,-4.163336342344337e-17,0,0,0.1285342305185498,0.1496345953827144
297,0.0490432,0.5730669999999999,0.013065809798717964,0.2563374851742992,-4.128099771738559e-17,-6.93889390390723e-18,0,0,0.0129248859091715,0.2543546848381399
298,0.1249249999999999,0.5800969999999999,0.032496712388820015,0.25530017202254385,-1.4799359654427136e-17,-8.326672684688674e-17,0,0,0.0321018327823016,0.2534573375204608
299,0.0358054,0.1320439999999999,0.052765529122552834,0.2478943711030297,-6.16073185034146e-14,-1.3552749417514165e-13,0,0,0.0546112730883795,0.242464827346664
300,0.0358054,0.19633,0.0321600923925871,0.23530045201187022,-3.1344284806555933e-15,-9.656338229024897e-15,0,0,0.0324751396087525,0.2308220246382699
301,0.2422189999999999,0.547474,0.06242005931562744,0.2414033848181134,-1.1969591984239966e-16,4.8572257327350605e-17,0,0,0.0616718775204737,0.2396243091673009
302,0.215083,0.612514,0.052405060199816944,0.2577492726268247,5.540273101400928e-17,-1.4224732503009818e-16,0,0,0.0518509849815139,0.2561805019514228
303,0.1789,0.563305,0.04662180289597018,0.24915961001534015,3.106239224170971e-17,1.301042606982605e-16,0,0,0.0460603488227427,0.2473143339758554
304,0.956799,0.4104599999999999,0.17053314378426876,0.15891657042084262,-1.8611007917071487e-16,-1.006139616066548e-16,0,0,0.1703978004023783,0.1583636954348972
305,0.4086389999999999,0.95706,0.08178233227226883,0.3385784210404381,-2.9802007216195303e-17,-5.39499001028787e-16,0,0,0.0814107973393434,0.3384434034584338
306,0.696654,0.591195,0.1362564946321072,0.22605251224013045,1.706534219492184e-16,9.714451465470121e-17,0,0,0.1356898352142636,0.2252702805444995
307,0.722261,0.6571989999999999,0.13794157578377053,0.24624490860151127,1.7306577178299865e-17,1.1796119636642288e-16,0,0,0.1374837885219596,0.2455713811991618
308,0.769861,0.559923,0.14670136733911932,0.21364255910157226,-7.071708670036704e-17,7.28583859910259e-17,0,0,0.1462336042002176,0.2129454697549252
309,0.582268,0.120699,0.14955431103589945,0.05635566223645583,3.262364337008883e-16,1.6653345369377348e-16,0,0,0.1479341969370473,0.0559311483922215
310,0.5742589999999999,0.0458203999999999,0.1518300631105376,0.021830609999597073,-5.200646770869843e-16,1.457167719820518e-16,0,0,0.1502854400270996,0.0216685919774749
311,0.851824,0.5229179999999999,0.15755652434017975,0.19940915870574827,1.0046064864320177e-16,-7.643625316022806e-17,0,0,0.1572165116190535,0.1987859021601321
312,0.8202829999999999,0.570114,0.15283903877207194,0.21583474043291062,-1.5224909007127696e-16,2.5326962749261384e-16,0,0,0.1524693679044239,0.215190276855649
313,0.565752,0.8214599999999999,0.11051369975757552,0.2992066572041949,1.7661568686494142e-16,1.20346441145891e-17,0,0,0.1100800901933488,0.298740568103665
314,0.519413,0.84813,0.10235634018317796,0.3076077374862507,-3.5949433534188113e-16,-3.538835890992686e-16,0,0,0.1019453089108853,0.3071986947175835
315,0.445815,0.260853,0.13043715251842514,0.13031712017254904,-4.547143911404206e-16,-1.942890293094024e-16,0,0,0.128353361451542,0.1289118028579058
316,0.4447349999999999,0.7696319999999999,0.09119759855093434,0.287606079276884,-1.9191733705709035e-16,-1.3357370765021415e-16,0,0,0.0907071958062181,0.2869059964570174
317,0.407104,0.700076,0.08679190154362004,0.27010656250058673,-5.14453930844372e-17,2.289834988289385e-16,0,0,0.0862118899056668,0.2691414108235186
318,0.5675339999999999,0.7737819999999999,0.11178132114582695,0.28544155808049254,-5.347827215784751e-17,-4.440892098500625e-16,0,0,0.1113048476622198,0.2848603070779199
319,0.63136,0.8047579999999999,0.12129023717716336,0.29311877477448434,1.919850996928707e-16,-6.93889390390723e-17,0,0,0.1208804968969614,0.2926573651745567
320,0.5227279999999999,0.146985,0.14606944577826653,0.0720607865951024,-1.2414114874959026e-16,1.5959455978986623e-16,0,0,0.1440965717423929,0.0714054637364
321,0.570764,0.176044,0.14603169317706488,0.08169835881562904,-2.1925278433088116e-16,-3.6429192995512955e-17,0,0,0.144321507922979,0.0810436502561186
322,0.3452799999999999,0.726516,0.07431890710722655,0.2794588920660317,-4.671285060153796e-16,-3.1571967262777884e-16,0,0,0.0737991061853533,0.278549418446586
323,0.79807,0.6242379999999998,0.1489390953356633,0.2339719429728575,-2.145771624620374e-16,1.4224732503009818e-16,0,0,0.1485707002842037,0.2333704594352323
324,0.6251069999999999,0.40544,0.1355714451347012,0.1674062321690144,3.9248118643975267e-17,-1.249000902703301e-16,0,0,0.1345202850086175,0.1664335733357233
325,0.632808,0.34297,0.1400340639083879,0.14440737133554649,2.314771638256552e-16,1.942890293094024e-16,0,0,0.1388758680533666,0.1434871419935053
326,0.152061,0.5150569999999999,0.04280007287161425,0.241337300860323,-1.2021769213790834e-16,-2.45029690981724e-17,0,0,0.0422419064862036,0.2391657551452053
327,0.374448,0.797641,0.07774466916453093,0.29701316641876474,-3.97089045672816e-17,1.6653345369377348e-16,0,0,0.0773015924848028,0.2963512975505648
328,0.7548559999999999,0.282717,0.1537536000541877,0.11574414804636035,1.9385534844040814e-16,-1.2836953722228372e-16,0,0,0.1529137193775638,0.1151631781655508
329,0.824139,0.312356,0.1590058491765376,0.1249614875705447,1.66831609291207e-16,-2.1163626406917047e-16,0,0,0.1584300830524142,0.124399835722252
330,0.6160609999999999,0.206623,0.14675366401206702,0.09188203571829945,8.782037597132587e-18,-1.3877787807814457e-17,0,0,0.1452582357452495,0.091211164253419
331,0.556521,0.232908,0.1412332367272029,0.10701755428453907,-6.136584296267955e-17,-1.9081958235744878e-16,0,0,0.1394925549167219,0.1060884228204423
332,0.912586,0.492979,0.16504712782625575,0.18827915568544995,-9.110008754309451e-17,3.469446951953615e-18,0,0,0.1648333330599586,0.1877087611439293
333,0.489589,0.909948,0.09647229837719351,0.3252096582436934,-4.404774613629703e-16,-7.806255641895632e-17,0,0,0.096092672020455,0.324944053206907
334,0.5060379999999999,0.248118,0.1364547788107302,0.11798411601921543,-1.597029800071148e-16,-2.463307335887066e-16,0,0,0.1345364651345539,0.1168481241781447
335,0.4510009999999999,0.215064,0.13650979747762904,0.11033215664792806,2.0057740190981832e-18,3.2959746043559335e-17,0,0,0.1342020380910082,0.1091265895803578
336,0.113051,0.18543,0.09179668966999088,0.20376561570446938,1.9548165169913645e-15,-1.964574336543734e-15,0,0,0.0901004244361565,0.1978512776221695
337,0.165765,0.151646,0.13033240723598283,0.16252334014279768,-1.9875594226004267e-15,-1.7208456881689926e-15,0,0,0.1263302112897618,0.1587988892182322
338,0.0452615999999999,0.3159609999999999,0.02214683627244085,0.22647279140073806,5.301748623454117e-16,6.036837696399289e-16,0,0,0.0218542931364595,0.2229730672766759
339,0.119336,0.322838,0.05344890396736446,0.2161447305115871,4.703269024242118e-16,2.289834988289385e-16,0,0,0.052565235597747,0.2125795760821144
340,0.0740745,0.36402,0.030246050489949994,0.22625279569183476,2.8931934972775686e-16,1.942890293094024e-16,0,0,0.0298518696093335,0.2229628197643813
341,0.3227829999999999,0.819415,0.06747108451963868,0.3038587690098211,-9.034792228593268e-17,2.1770779623508927e-16,0,0,0.0670864197493018,0.303241945111061
342,0.3358789999999999,0.7705539999999999,0.07115963159594685,0.2910585507634096,2.0988121180245958e-16,2.3418766925686896e-16,0,0,0.0707150833620704,0.290289557337845
343,0.5786109999999999,0.428645,0.12873664267681306,0.17846291026216932,-1.5536617131717279e-16,1.3877787807814454e-16,0,0,0.1276131569847694,0.1774051477523331
344,0.549721,0.486661,0.1212475241482025,0.19969850784400478,-1.3097162243624894e-16,-1.873501354054952e-16,0,0,0.1201721206021796,0.1985627374968024
345,0.5184499999999999,0.952888,0.1010879997338634,0.336875248409342,4.621547285491023e-16,-7.632783294297951e-17,0,0,0.1007277566403446,0.3367581299054615
346,0.955788,0.520019,0.16985101631871657,0.19719730243377853,4.0538785097353996e-16,-3.3393426912553537e-17,0,0,0.1697386766548792,0.1966319309226098
347,0.579748,0.3236769999999999,0.13621425645033014,0.14090646596741863,-3.58870919092702e-17,4.510281037539698e-17,0,0,0.1348331482001132,0.1398469659901203
348,0.654877,0.2827799999999999,0.14540590537944809,0.1202432309728465,3.1073234263434557e-16,3.9551695252271197e-16,0,0,0.1442056466033003,0.119494481503013
349,0.818979,0.677149,0.15085150182130747,0.25056469574337825,4.409450235498546e-16,-1.5612511283791264e-16,0,0,0.1505469011147527,0.2500472391076326
350,0.768556,0.666958,0.14413899221108295,0.24824695283314213,4.862104642511245e-16,-2.0816681711721685e-17,0,0,0.1437478748022298,0.2476590076873887
351,0.0452272,0.4029579999999999,0.016732470889110118,0.2317415479628835,1.4311468676808662e-17,4.163336342344337e-17,0,0,0.0165046216196084,0.2287414404555106
352,0.293615,0.748291,0.06354601139901206,0.28672133141662925,-1.4116312285761268e-16,7.28583859910259e-17,0,0,0.0630962480141953,0.2858652422385117
353,0.239539,0.659841,0.055590064424904995,0.2674120145966299,-2.5363554572582764e-16,7.28583859910259e-17,0,0,0.0550805412728847,0.26607804940457
354,0.1762199999999999,0.675672,0.04115690519392956,0.2734814024879597,-5.458957938464515e-17,-2.60208521396521e-16,0,0,0.04077302699284,0.2721508483002738
355,0.7431689999999999,0.71011,0.139768895751331,0.26229954755399376,7.509455297177725e-17,-2.4286128663675296e-17,0,0,0.1393590210361806,0.2617416924247573
356,0.457674,0.0530583999999999,0.1514523036312312,0.029169771616579965,-5.182486384480711e-17,1.3530843112619095e-16,0,0,0.1493601972808177,0.0288581054648317
357,0.2136889999999999,0.152237,0.1378402572008781,0.13824472992564552,-2.1892210266827306e-15,1.1449174941446927e-16,0,0,0.1341621550621779,0.1360378537415483
358,0.202416,0.2073639999999999,0.1139033087529242,0.16786992267589085,-2.0664893407573715e-16,-1.0928757898653883e-16,0,0,0.1109651078093319,0.1643854504623875
359,0.0942703,0.490311,0.0283185358857736,0.24061840679496527,-5.854691731421724e-18,-3.469446951953615e-18,0,0,0.0279517938974518,0.2381233170069132
360,0.340629,0.4669519999999999,0.08996468757686671,0.21237430849578232,-1.5243882545146192e-16,-1.0408340855860844e-16,0,0,0.0887750010339534,0.2105411205157911
361,0.293182,0.5139489999999999,0.07610174585715868,0.2292306389499572,-6.960577947356938e-17,8.673617379884035e-17,0,0,0.0751505298619344,0.2274414934545786
362,0.251846,0.7136259999999999,0.05617352481931448,0.2796571377548389,-2.2415879916137804e-17,-8.673617379884035e-17,0,0,0.055715259246208,0.2785847392268957
363,0.585519,0.583504,0.12104714830638841,0.22814802918583155,-2.5530250656602416e-16,-3.4520997171938456e-16,0,0,0.1203058229908056,0.2271953484059742
364,0.5624609999999999,0.5360449999999999,0.12010299516259693,0.21459503780351952,-1.6010955582179687e-16,8.673617379884035e-18,0,0,0.1191984071358795,0.2135245811615889
365,0.276445,0.15797,0.13977304083527997,0.11794084039593145,-1.1631320906424492e-15,7.285838599102589e-16,0,0,0.1364017250566831,0.1159424530063825
366,0.0490432,0.5087819999999998,0.014403656728973147,0.24538488213147502,-1.22118434071547e-16,-6.368603561179853e-16,0,0,0.0142785988267066,0.2430342898698003
367,0.888932,0.951432,0.15885513109969907,0.3351659769541584,-6.650225075482963e-17,2.3592239273284576e-16,0,0,0.1587336688926442,0.335070252603511
368,0.951432,0.951432,0.16796705062733963,0.33508607547264546,1.6390595749139064e-16,2.914335439641036e-16,0,0,0.167904439457539,0.3350076304378527
369,0.951432,0.888932,0.16801673344161827,0.3158426419249736,-6.575686176124584e-17,3.0184188481996443e-16,0,0,0.1679633458552312,0.3156623492756674
370,0.346663,0.167892,0.13941481010988355,0.10533603353542276,1.5655879370690684e-16,5.655198531684391e-16,0,0,0.1364828913325779,0.1037665554327516
371,0.3205589999999999,0.2178769999999999,0.12735405116109177,0.13496766507159919,-4.77048955893622e-18,2.3592239273284576e-16,0,0,0.1245856547809017,0.1329292020236261
372,0.948332,0.111939,0.17129481275333092,0.04516846177284606,-4.927902161853959e-16,-9.62771529167128e-17,0,0,0.1711089464336167,0.0449952816835861
373,0.948332,0.0494387,0.17143631071667187,0.02002372762945015,-2.5315443101178725e-16,-1.9255430583342559e-16,0,0,0.1712546869876657,0.0199332370073961
374,0.0494474,0.948323,0.010452363290823996,0.33784812816156773,1.5079727559968306e-16,-5.204170427930421e-17,0,0,0.0103688375298685,0.3376227349376709
375,0.111947,0.948323,0.023556164815090597,0.33772544243629454,-1.7894418043694346e-16,3.3306690738754696e-16,0,0,0.0233977308378846,0.3375055942308039
376,0.410206,0.166958,0.14108289236901328,0.09371797769563273,-4.9439619065339e-16,2.1510571102112408e-16,0,0,0.1384782292579782,0.0925033798617114
377,0.4026489999999999,0.4883359999999999,0.0989461491262773,0.21208944014506415,-1.7650811368064012e-16,3.05311331771918e-16,0,0,0.0977973270219072,0.2104983761732611
378,0.509973,0.0458203999999999,0.15114048491523135,0.02339756171568297,-3.3328374782204406e-16,6.93889390390723e-18,0,0,0.1493351115632359,0.0232272950622314
379,0.4704289999999999,0.154223,0.14401034521870315,0.08011850080220029,3.1300916719656513e-16,2.0643209364124002e-16,0,0,0.1417217768512046,0.0792328406120604
380,0.481933,0.0988787,0.14865901786834002,0.05177488108165562,1.7401444868392346e-17,1.0408340855860844e-16,0,0,0.1465716793639377,0.0512614057102735
381,0.2808959999999999,0.2529159999999999,0.11434616963379085,0.15897753273020498,1.5742615544489524e-16,5.290906601729262e-16,0,0,0.1117920166503222,0.1565429631741925
382,0.606634,0.7192589999999999,0.11933924636105075,0.2684108288376592,-9.253665542163779e-17,7.56339435525888e-16,0,0,0.1188311215448403,0.2677484822783227
383,0.362951,0.425655,0.0984817441276391,0.19824540498666465,3.249353910939057e-16,1.52655665885959e-16,0,0,0.0971089185873544,0.1963668641414367
384,0.676652,0.175217,0.1519135333946906,0.07580691098701209,-6.684106393373136e-17,4.8572257327350605e-17,0,0,0.1506762697647687,0.0753514475862543
385,0.662408,0.232082,0.14854059802019037,0.09977016224002,2.6915996558310446e-16,2.203098814490545e-16,0,0,0.1472811873846762,0.0991416219566927
386,0.7154679999999999,0.251375,0.15167442802339792,0.10504609624149452,3.106239224170971e-17,-6.591949208711867e-17,0,0,0.1506514813141821,0.1044697076139429
387,0.122507,0.2407759999999999,0.07451803769072285,0.20693355487310328,1.4602034859034774e-15,7.63278329429795e-16,0,0,0.0732537502854533,0.2021150090155553
388,0.0810671,0.2194339999999999,0.05929701261084119,0.2200292230991181,5.219782939214213e-15,7.702172233337022e-16,0,0,0.0586465105161619,0.2155935021766342
389,0.0452615999999999,0.251676,0.029340938526729587,0.2276386181183625,9.435811507141343e-16,1.790234627208065e-15,0,0,0.0291093023034382,0.2236696868688881
390,0.0452272,0.4672439999999999,0.014389439660590142,0.23937075151479803,1.9528514005537343e-16,-4.0592529337857286e-16,0,0,0.0142359525557878,0.2367602353724192
391,0.4711389999999999,0.95706,0.09291613195091486,0.33827192208264023,-7.775084829436674e-17,2.2204460492503126e-16,0,0,0.092539698725551,0.3381434568718553
392,0.956799,0.4729599999999999,0.17020187922025798,0.18098103895317763,-3.95077342423087e-18,-1.9927635930283567e-16,0,0,0.1700762741776123,0.1804026117859194
393,0.665008,0.728715,0.127979158423841,0.2697198885725811,-2.5757933112824367e-16,-1.0755285551056204e-16,0,0,0.1275101271498043,0.2691382653975748
394,0.962647,0.847295,0.16967789517366327,0.30294569485704415,1.760007409452348e-16,-2.3592239273284576e-16,0,0,0.1696370963182083,0.3026903404394109
395,0.962647,0.784795,0.16979397133400198,0.2834451357484795,8.860981067816687e-17,-1.4051260155412135e-16,0,0,0.1697421713932347,0.2830947865069555
396,0.784745,0.962585,0.1434095716685988,0.3387234369874932,-2.5162638357494044e-16,3.538835890992686e-16,0,0,0.1431826115902591,0.338661251916484
397,0.847245,0.962585,0.15269845974398777,0.3386168528813869,1.2772748624826497e-16,1.249000902703301e-16,0,0,0.15254799475576,0.3385518644653634
398,0.96281,0.2176579999999999,0.17199883257853799,0.08686638475046493,-2.1655921955861246e-16,1.6046192152785466e-16,0,0,0.1718666364346417,0.0864974646344617
399,0.96281,0.1551579999999999,0.17221491294912994,0.062348654988454655,-3.1063408681246407e-16,3.6429192995512955e-17,0,0,0.172082521407899,0.0620857637416106
400,0.1551599999999999,0.962808,0.03243850922444835,0.34104181307338877,-7.358005806208656e-17,2.7755575615628914e-16,0,0,0.0322561348535986,0.3409108018846624
401,0.2176599999999999,0.962808,0.045167698903242126,0.34087886587076355,-7.623296525288703e-18,2.1163626406917047e-16,0,0,0.044898239442855,0.3407277930587552
402,0.8415489999999999,0.729001,0.15330911771161482,0.26668381021590903,2.677911603403416e-16,2.8796409701215e-16,0,0,0.1530603630470676,0.2662296252481491
403,0.7847929999999999,0.861491,0.14388504135422409,0.3081669808598235,7.445080793186398e-17,-4.0592529337857286e-16,0,0,0.1436488912603163,0.3079029229376592
404,0.7297529999999999,0.842747,0.13585659267846495,0.30302106781164184,-2.1381822094129754e-16,-1.52655665885959e-16,0,0,0.1355415482180588,0.3026942222866773
405,0.774927,0.8132019999999999,0.142872330150567,0.2935474853729829,-1.6067876196235176e-16,-2.1510571102112408e-16,0,0,0.1425909862749965,0.2931943932425165
406,0.8512619999999999,0.265799,0.16230269585503265,0.10669210733613,-1.4287751754285538e-16,3.131175874138137e-16,0,0,0.1617949447999265,0.1062214109190588
407,0.276227,0.846539,0.057894657496945,0.3115736301988363,-4.344940206235659e-17,-1.3530843112619095e-16,0,0,0.0575546838098834,0.311023213293476
408,0.776843,0.1925689999999999,0.1580488397157751,0.07965884907753207,-1.3538974628912734e-16,-1.1102230246251563e-16,0,0,0.1572268799434225,0.0792703736352546
409,0.735066,0.151561,0.15624819422373548,0.0640646755709895,1.571008947931496e-16,-1.3877787807814457e-17,0,0,0.1552599931906408,0.0637438199128621
410,0.151613,0.7350149999999999,0.03416974133870099,0.28751917292538565,-3.785220834690018e-17,-7.45931094670027e-17,0,0,0.0338967717051376,0.2864120847785168
411,0.1925689999999999,0.776843,0.04210204537230311,0.2962823021953227,5.589062199162777e-17,-1.6653345369377348e-16,0,0,0.0418045736752221,0.2954040237412385
412,0.754676,0.757163,0.1406165559310466,0.27663807733915746,-1.3866945786089602e-16,-3.8337388819087437e-16,0,0,0.1402818479499576,0.2761740185427213
413,0.8097159999999999,0.775908,0.14831222163047642,0.2816762871807441,6.732895491134984e-17,-2.1857515797307767e-16,0,0,0.1480459168714791,0.2812858794617649
414,0.181903,0.2502659999999999,0.09364579056273215,0.18807652607210912,8.623744079949702e-16,7.199102425303748e-16,0,0,0.0913245862566929,0.1839759519383462
415,0.149919,0.2842689999999999,0.0732362266862765,0.20435466256458312,9.161508357502512e-16,2.0990154059319366e-16,0,0,0.0717697244070515,0.2003625942469321
416,0.551335,0.2786969999999999,0.13718077792509575,0.12594422686379403,1.4541861638461828e-16,1.5092094240998222e-16,0,0,0.1355791994907705,0.1248914594258038
417,0.824728,0.878558,0.14966729510342702,0.3131030248478055,1.2332799712022613e-17,-5.551115123125784e-17,0,0,0.1494751011590079,0.3128775043624046
418,0.779555,0.908103,0.14282690495019779,0.3223187820985913,3.6638579540074207e-16,3.538835890992686e-16,0,0,0.1425938330146018,0.3221440565388118
419,0.8618,0.7850399999999998,0.15564519868348725,0.28402000974165276,-5.342406204922324e-17,5.898059818321144e-17,0,0,0.1554447381938592,0.2836626552694228
420,0.909463,0.778862,0.16238848742796108,0.28178340941667557,2.1738253558334364e-16,-2.0816681711721685e-17,0,0,0.1622576756605952,0.281427126241996
421,0.87763,0.825768,0.15763074677670375,0.2965778894140385,3.510104533421821e-18,-4.111294638065033e-16,0,0,0.1574729768524418,0.2962698518891965
422,0.816231,0.223911,0.16029493132373318,0.09115818090504035,4.3259666682171627e-17,5.204170427930421e-17,0,0,0.1596252482892189,0.0907456767749828
423,0.762387,0.232018,0.15593640849692747,0.09575692185899243,1.989510986510901e-17,-9.367506770274758e-17,0,0,0.1550750856305429,0.0952740193382733
424,0.2424449999999999,0.757664,0.052925241805496626,0.29051882587373257,-1.4512046078718474e-16,2.8796409701215e-16,0,0,0.0525482129432995,0.2896160528990585
425,0.2343379999999999,0.811508,0.050091722907382064,0.30372231916408055,-3.656810639886266e-17,-2.1076890233118206e-16,0,0,0.0497712452526058,0.3030158755969689
426,0.8781539999999999,0.184889,0.1656558070681058,0.07472661754582077,1.5548136779799937e-17,8.760353553682877e-17,0,0,0.1651989694734222,0.074415168493107
427,0.913185,0.226777,0.16795667266706005,0.09073667079792358,-1.7936769691057064e-16,-3.469446951953615e-17,0,0,0.167631287757887,0.0903726613691126
428,0.8657179999999999,0.22635,0.16413984849350527,0.09117651454289444,3.3759345145767394e-16,-6.591949208711867e-17,0,0,0.1636629629321982,0.090791640088107
429,0.22635,0.8657179999999999,0.04765298028723919,0.3170370972366072,-7.249924402139006e-17,1.7433970933566911e-16,0,0,0.0473624324692374,0.3165366519996131
430,0.226779,0.913183,0.047266426918213256,0.32866348678362556,-9.468811910766371e-17,-3.989863994746656e-16,0,0,0.046995254226824,0.3283170541454451
431,0.18489,0.878152,0.03905187152849976,0.32053119547344977,-9.107298248878237e-18,1.8388068845354155e-16,0,0,0.0388112402366935,0.3200482396481417
432,0.674733,0.823447,0.1277136779972352,0.29793678544228896,1.9309640691966834e-16,2.706168622523819e-16,0,0,0.1273583391388857,0.2975469620315469
433,0.8664159999999999,0.867406,0.15580790748936124,0.30948046513367444,-8.706058741763875e-17,2.584737979205442e-16,0,0,0.1556535109438682,0.3092377622003491
434,0.8611769999999999,0.914017,0.1548808529623784,0.32376908231526613,3.755650914501369e-16,3.356689926015121e-16,0,0,0.15472032100427,0.3236229243828857
435,0.914079,0.8612269999999999,0.16269168653525412,0.30737045919522643,-1.0274170837015759e-16,-2.1510571102112408e-16,0,0,0.1626054684549545,0.3071431812290001
436,0.911142,0.142096,0.16846569575136527,0.05744048627093434,2.298237555126148e-16,1.4224732503009818e-16,0,0,0.1681466103606842,0.0571830930882912
437,0.142107,0.911132,0.029977554899232928,0.32875790571415564,-2.552211914030877e-16,5.100087019371813e-16,0,0,0.0297771259799586,0.3283892339252721
438,0.708381,0.7474039999999998,0.13402762077748775,0.2744559944840148,1.5365855289550812e-16,-4.163336342344337e-17,0,0,0.1336253437958287,0.2739429667113584
439,0.6765149999999999,0.775769,0.12873819057131186,0.2836566158221103,8.584170700653981e-17,2.9837243786801077e-16,0,0,0.1283511360846037,0.2831719521312908
440,0.229827,0.250857,0.1056864172569476,0.1727631440389814,3.172375556692586e-16,5.100087019371813e-16,0,0,0.1031331152179292,0.169632974563273
441,0.41508,0.6209379999999999,0.0918560170539422,0.24825652329309378,-1.2956215961201778e-16,8.673617379884035e-17,0,0,0.0911172971805112,0.2470910737964748
442,0.439759,0.607761,0.09687336065690033,0.24318463589588646,-7.857755245088693e-17,-1.0408340855860844e-16,0,0,0.096096806377002,0.2420186045565203
443,0.4513429999999999,0.6381959999999999,0.09727269197173882,0.2510851726256078,-1.1774435593192578e-16,6.869504964868156e-16,0,0,0.0965692791019597,0.2500198522216081
444,0.4281749999999999,0.577326,0.09668281167978421,0.23536454618442804,1.5645037348965827e-16,-2.289834988289385e-16,0,0,0.0958133453914274,0.2340843649754274
445,0.464438,0.594585,0.10176336599397473,0.23799863739986904,8.33751470641353e-17,-1.457167719820518e-16,0,0,0.1009540563260562,0.2368412386854416
446,0.3919119999999999,0.560068,0.09146824790514074,0.2330943087581545,-2.0534789146875452e-16,2.775557561562892e-17,0,0,0.0905562314418116,0.2316827220560218
447,0.4165909999999999,0.546891,0.09671312000136822,0.2276160282199271,1.5081252219273367e-16,1.6306400674181987e-16,0,0,0.09574405384964,0.2262164725894761
448,0.489116,0.581408,0.1065096563543193,0.23270762339234352,5.3125906451789723e-17,9.020562075079397e-17,0,0,0.1056833147284547,0.2315730630054523
449,0.5007,0.611843,0.10674428028869443,0.2409709055791609,-8.267041565201971e-17,1.7347234759768075e-18,0,0,0.1060148495492797,0.2399188528279382
450,0.482746,0.5567159999999999,0.10694931834586896,0.22582204401260242,6.039006100744261e-17,-2.3592239273284576e-16,0,0,0.1060375217102593,0.224625494861129
451,0.519009,0.573975,0.11159624200081453,0.22875175933586434,-2.6291902682773483e-16,-4.510281037539698e-17,0,0,0.1107756776038186,0.2276626118402831
452,0.4464839999999999,0.5394579999999999,0.1022403777751606,0.2232688490767032,-5.681219383824043e-17,1.3183898417423734e-16,0,0,0.1012531351222237,0.2219388999321815
453,0.476376,0.5320249999999999,0.1075269072316587,0.21890886541223153,4.163336342344337e-17,2.1510571102112408e-16,0,0,0.1065301497341568,0.2176539120037171
454,0.410221,0.5222,0.09744082356337458,0.22112236742395908,1.0467971975347543e-16,-1.5959455978986623e-16,0,0,0.0963928834357984,0.2196465603284895
455,0.470007,0.507333,0.10826293264108244,0.21195933886338025,3.485709984540897e-17,-3.556183125752454e-16,0,0,0.107168732584568,0.2106464035661565
456,0.5062689999999999,0.524591,0.11258707236265764,0.2145790517097339,1.237616779892203e-16,-2.2551405187698487e-16,0,0,0.111587006706422,0.2133799726765575
457,0.119259,0.0241296,0.21306605446443427,0.054314738779794425,-7.844220065167384e-13,-1.89157717267463e-13,0,0,0.2098797514812368,0.0525506293690292
458,0.115453,0.0432637999999999,0.20206324284663424,0.09567233268171549,-2.916174246525572e-13,-1.179473185786151e-13,0,0,0.1981738264634295,0.0954419314982603
459,0.131197,0.0659369,0.18271680900943466,0.11787540826480836,3.2508717939805365e-14,4.721223412218478e-14,0,0,0.1777994488416724,0.1175246375164784
460,0.108131,0.0609414,0.1865156715066405,0.133011263795197,4.5081234752164517e-14,6.17214612752548e-14,0,0,0.1813960901618308,0.1320691523145406
461,0.157778,0.0723888,0.1768352239887463,0.1062165749608539,9.803789724482925e-15,1.9264104200722443e-14,0,0,0.1721432670460422,0.1061289554456207
462,0.150456,0.0900664999999999,0.16566176418564282,0.13000895379809663,-3.3965885659625887e-15,4.274358644806853e-15,0,0,0.1612792040253337,0.1291681229744628
463,0.0972925,0.0771625999999999,0.16646098422643263,0.16710297390818596,-3.563122019656362e-14,-1.6058335217117303e-14,0,0,0.161663816566833,0.1624384528832976
464,0.458148,0.431246,0.11279584549265564,0.18944000045303255,-7.145400536447827e-17,-3.933756532320532e-16,0,0,0.1114840909669011,0.1879087965975576
465,0.47688,0.4444609999999999,0.11428491800006668,0.19188652269076556,-3.404394821604484e-17,-1.52655665885959e-16,0,0,0.1130273743595626,0.1904570201529276
466,0.443703,0.460254,0.10802715329191415,0.19988746353192255,-1.6696713456276768e-16,-3.1918911957973246e-16,0,0,0.1068000666014636,0.1983688848764846
467,0.5100569999999999,0.4286679999999999,0.12012107858026866,0.18381731532281265,-1.4116312285761268e-16,-1.5439038936193583e-16,0,0,0.1188612060657316,0.1825011929371083
468,0.495612,0.457676,0.11584025031334022,0.19447461207164451,-1.2408693864096598e-16,-1.908195823574488e-17,0,0,0.1146326442909837,0.1931391302330472
469,0.524502,0.39966,0.12429829098982736,0.17279725504340604,-1.3152049978606972e-16,-1.0812206165111692e-16,0,0,0.123011057778202,0.1715245455917394
470,0.5432339999999999,0.4128749999999999,0.12554564189485973,0.1757369778933935,1.5563722186029416e-16,6.591949208711867e-17,0,0,0.124321464031069,0.1745513083928962
471,0.514344,0.470891,0.11745493307535071,0.19719445932423696,3.4504734139351174e-16,1.6306400674181987e-16,0,0,0.1162967839504984,0.1959464433197201
472,0.481167,0.486684,0.1114966597961029,0.2047690816107206,-8.7061434450586e-17,5.030698080332741e-17,0,0,0.110347150603863,0.2034386677794543
473,0.45873,0.361912,0.11982556289876811,0.16635620774468407,-4.9873299934333204e-17,-4.510281037539698e-17,0,0,0.1182163852549573,0.1648399312725918
474,0.458536,0.3850239999999999,0.1173649002739694,0.17427239450626075,-1.3444106938820257e-17,-2.8449465006019636e-16,0,0,0.1158675238851655,0.1727276544439979
475,0.4255519999999999,0.377705,0.11375483553274535,0.1756333886878565,-1.3639263329867646e-16,-2.498001805406602e-16,0,0,0.1121648335844857,0.1739333487155552
476,0.4915189999999999,0.392342,0.12086439912673086,0.17334726540138945,3.816391647148976e-17,1.942890293094024e-16,0,0,0.1194727516389707,0.171939987093272
477,0.458342,0.408135,0.1150207027385477,0.18196111830184236,3.2764589652511944e-16,6.730727086790012e-16,0,0,0.1136206392736669,0.1804100015715095
478,0.524696,0.376549,0.12623948378313798,0.1647689922247082,-4.9439619065339e-17,-1.231653667943533e-16,0,0,0.1249009921592917,0.1635112118195391
479,0.4251639999999999,0.423928,0.1086848503400688,0.1905360267846845,8.543513119185776e-17,-2.2204460492503126e-16,0,0,0.1073115068998865,0.1888627201331144
480,0.0256375,0.8403289999999999,0.005561367142945528,0.3127674326970009,1.6197472237165084e-16,2.3592239273284576e-16,0,0,0.0055241879667125,0.3121061018812875
481,0.0503612,0.846634,0.010898735165028484,0.3141530691355001,1.3195418065506392e-16,-4.163336342344337e-17,0,0,0.010811970337359,0.3135047663029485
482,0.0247237,0.8777329999999999,0.005305414040776668,0.3213959724380402,-3.994776785840731e-17,-2.636779683484747e-16,0,0,0.0052606852890116,0.3208778254361652
483,0.0759987,0.8155339999999999,0.016583720536800683,0.306876782051404,-1.4084972066712859e-16,4.889751797909625e-17,0,0,0.0164804020525631,0.30609533808066
484,0.0750848999999999,0.8529379999999999,0.016176958804862807,0.31548157866927795,-4.790267778254608e-17,-8.066464163292153e-17,0,0,0.0160592083969873,0.3148702719776929
485,0.0769124999999999,0.7781299999999999,0.017065713971533114,0.29838572070002556,-1.1302807648161385e-17,5.967448757360215e-16,0,0,0.0169684693257658,0.2974301036838694
486,0.101636,0.7844349999999999,0.02243497384552029,0.29955390823306516,-8.655999094581146e-17,-3.295974604355933e-16,0,0,0.022285316745654,0.2986227384054627
487,0.0998084999999999,0.8592429999999999,0.021406718631624244,0.3167904284200631,1.5337394982523067e-16,-2.3939183968479933e-16,0,0,0.0212620488657996,0.3162123577894915
488,0.0741711,0.8903419999999999,0.015787468597409315,0.3241779112504446,-2.9260922569489256e-16,9.020562075079397e-17,0,0,0.0156958304199034,0.3237329594795574
489,0.8777369999999999,0.0247193,0.16674686726764776,0.010122002218849957,2.0755695339519376e-16,8.326672684688674e-17,0,0,0.1663062917755407,0.0100709880466798
490,0.846663,0.0503306999999999,0.1646323687164113,0.020712996571091935,-4.8914458638041336e-17,-3.729655473350135e-17,0,0,0.1641046270799531,0.0206284942598994
491,0.8403549999999999,0.0256113999999999,0.16432983364211395,0.010575229207461234,-2.6222869497572257e-17,4.748805515486509e-17,0,0,0.163777676774395,0.0105266193854523
492,0.852972,0.07505,0.16491655039135367,0.03077504127577413,-2.1860226302738986e-17,6.245004513516506e-17,0,0,0.1643913792819297,0.0306686256337448
493,0.815589,0.0759420999999999,0.16249727172544226,0.0314450675068656,1.0625181290357943e-16,-6.245004513516506e-17,0,0,0.1618378322537334,0.0313309516240223
494,0.890355,0.074158,0.167406769876834,0.030179872890585102,1.1344820482345195e-16,1.873501354054952e-16,0,0,0.1670238747607392,0.0300826236283119
495,0.8592809999999999,0.0997693999999999,0.16515953239286318,0.0407910275971517,9.718517223616942e-17,-1.0408340855860844e-17,0,0,0.1646502435607063,0.040640258299168
496,0.7845159999999999,0.101553,0.16027919464977458,0.04237812194332946,3.3528952184114225e-17,9.714451465470121e-17,0,0,0.1594728315131141,0.0421986182293984
497,0.7782069999999999,0.0768341,0.16018184449058026,0.03219729820557404,-3.466888912452906e-16,-1.0495077029659683e-16,0,0,0.1593838755268439,0.0320809333570421
498,0.234848,0.2947879999999999,0.09536431365995668,0.18408741695748176,4.959140736948696e-16,1.6479873021779667e-16,0,0,0.0932315029722277,0.1810526933782385
499,0.257753,0.3224159999999999,0.09442842178395949,0.1862577688152669,2.0599841277224582e-16,-9.020562075079397e-17,0,0,0.0924660768234802,0.1835497274807498
500,0.232218,0.3213869999999999,0.0888556695135776,0.1915683011902729,8.153200337090995e-17,1.3877787807814454e-16,0,0,0.0869640187256635,0.1885737009480922
501,0.283287,0.323446,0.09939214211772196,0.18121096055256203,-2.6291902682773486e-18,6.591949208711867e-17,0,0,0.0973872143190933,0.1787517959836094
502,0.2806569999999999,0.350044,0.09402483358280733,0.18925584366661496,-8.87148427636264e-17,3.2959746043559335e-17,0,0,0.092220049081142,0.1868189551038969
503,0.2859169999999999,0.296847,0.105202860198915,0.17256706586340442,2.809167828909942e-16,2.1857515797307767e-16,0,0,0.1030081974610322,0.1701243726779111
504,0.308821,0.324475,0.10383277467917651,0.17646967113250867,-7.112366251504909e-17,9.714451465470121e-17,0,0,0.1018106388112681,0.1742206510119808
505,0.303561,0.377672,0.09405788939329796,0.19293477380415425,-1.6609977282477928e-16,1.1449174941446927e-16,0,0,0.0924151748868182,0.1907596040386259
506,0.278027,0.3766419999999999,0.08909393048088532,0.19682419652235694,3.252606517456513e-17,9.020562075079397e-17,0,0,0.0875022162601127,0.1944431545265769
507,0.7554699999999999,0.521434,0.1459544110985007,0.20125845873553772,1.3384475819333552e-16,-2.60208521396521e-16,0,0,0.1454047676381156,0.2005268477912127
508,0.730585,0.501738,0.14354836294660345,0.19547211036842782,5.152128723651116e-16,4.163336342344337e-17,0,0,0.1429095032052687,0.1946858680423869
509,0.7671879999999999,0.4861019999999999,0.14839811410638504,0.18893384956413684,-2.4009657109691496e-16,4.163336342344337e-17,0,0,0.1478298881010366,0.1882123408107987
510,0.6939819999999999,0.5173729999999999,0.1384835709031904,0.20209007029188797,-2.7945310995813877e-16,4.163336342344337e-17,0,0,0.1377773625442922,0.2012480293626957
511,0.705701,0.482041,0.14126223014318384,0.18975515104830265,-1.5734484028195883e-16,-3.747002708109903e-16,0,0,0.1405356055008009,0.1889237275890778
512,0.682263,0.552706,0.13565310052035784,0.2141576061840169,1.3292318634672284e-16,3.538835890992686e-16,0,0,0.1349884750212691,0.2133203525737651
513,0.657379,0.533009,0.1331528475094501,0.20877349097281694,1.3297739645534712e-16,1.700029006457271e-16,0,0,0.1324170869001311,0.2078837665698758
514,0.680817,0.462345,0.13910950216813944,0.1841253792445059,1.8865117801247777e-17,2.463307335887066e-16,0,0,0.1382929215655923,0.1832448458100254
515,0.71742,0.446709,0.14399199018953368,0.1771390740723291,1.3682631416767066e-16,1.1102230246251563e-16,0,0,0.1432484110292827,0.1763427004387574
516,0.16344,0.3516119999999999,0.06381808537480538,0.21185402447008528,8.738669510233166e-17,1.5959455978986623e-16,0,0,0.0626466124738746,0.2086336763274148
517,0.201636,0.359956,0.07360798097943189,0.20638093774323352,1.5655879370690684e-16,-3.989863994746656e-16,0,0,0.072215934146297,0.2033781859497305
518,0.186344,0.37924,0.0662210242880974,0.21273471831227653,-1.194790794079026e-16,-5.065392549852277e-16,0,0,0.0650472856735433,0.2097997548371327
519,0.216927,0.340671,0.08118360517255496,0.19934909657331445,-5.637851296924623e-17,2.5673907444456745e-16,0,0,0.0795458163143082,0.1963200072674554
520,0.2398309999999999,0.3682989999999999,0.08192153128038626,0.20131328409479465,-2.437286483747414e-16,4.510281037539698e-17,0,0,0.0804009873047787,0.1986093020134867
521,0.194023,0.313043,0.08063843550917227,0.1984323795477394,1.9732479539236178e-16,5.898059818321144e-17,0,0,0.0789328942291275,0.195000814744469
522,0.262735,0.3959269999999999,0.08287622693296726,0.20413950996589847,-6.591949208711867e-17,-2.949029909160572e-16,0,0,0.081482696293612,0.2017205137090914
523,0.483111,0.7557059999999999,0.098253561911406,0.28262218352756463,-5.0903291998194433e-17,1.4224732503009818e-16,0,0,0.0977432119523473,0.2819296801334781
524,0.502661,0.728445,0.10238352438682341,0.27434611225908156,-3.477578468247256e-17,-4.0245584642661925e-16,0,0,0.1018357555817153,0.2735881979288134
525,0.521476,0.7632229999999999,0.10450056219269754,0.28362327611102955,3.076152613884497e-16,2.723515857283587e-16,0,0,0.1040043104381696,0.2829820227801487
526,0.483845,0.693667,0.10042452726338524,0.26521584813599475,1.4886095828225976e-16,2.914335439641036e-16,0,0,0.0998254046237173,0.2643349089765427
527,0.52221,0.701183,0.10651571217749733,0.2658873069449328,-8.727827488508311e-17,3.1918911957973246e-16,0,0,0.1059387652052719,0.2650748563236645
528,0.4454799999999999,0.686151,0.09414060606286512,0.2647063825643272,-4.2522409204881484e-16,3.5214886562329184e-16,0,0,0.0935386082744666,0.2637508740937492
529,0.46503,0.658889,0.09864790615392849,0.25622813851805404,1.113475631142613e-16,-9.176687187917308e-16,0,0,0.0979869760268924,0.2552317015980575
530,0.54176,0.673922,0.11063317922526039,0.25724420085316524,3.976311467590588e-17,-2.9663771439203396e-16,0,0,0.1100418521721,0.2563881478605183
531,0.5605759999999999,0.7087,0.11243812259635888,0.26672631863038987,5.5158785525200044e-17,-1.700029006457271e-16,0,0,0.1119021834658698,0.2659644291619444
532,0.780796,0.44999,0.15101563930511475,0.17604357404343318,-1.769960046582586e-16,-1.006139616066548e-16,0,0,0.1504351135599258,0.1753441126476463
533,0.80568,0.469687,0.15329824495711364,0.18218837237509433,1.2118669782956726e-16,7.632783294297951e-17,0,0,0.1527895382823484,0.1815228991377757
534,0.755912,0.430294,0.14887436665594578,0.16994512954261154,-1.5823930707425935e-16,2.2204460492503126e-16,0,0,0.1482105705878923,0.1692216495400089
535,0.7944029999999999,0.413878,0.15350717905675992,0.16291629063198343,-7.318364664277156e-17,-8.326672684688674e-17,0,0,0.1529378383954263,0.1622367182205879
536,0.7310269999999999,0.4105969999999999,0.14688868352095596,0.16390105718164705,1.1712093968274662e-16,-8.847089727481716e-17,0,0,0.1461271614489229,0.1631513263797834
537,0.808011,0.377767,0.15586823120247573,0.1495457837881986,-8.496756900497338e-17,1.6740081543176186e-16,0,0,0.1553232693857636,0.1488982615936226
538,0.832895,0.397463,0.15791260643163696,0.15604116904432885,1.2790875129897739e-16,-1.214306433183765e-16,0,0,0.1574542387295695,0.1553971203227065
539,0.191564,0.4664229999999999,0.05702959111658856,0.22865651748725213,-4.808436634973212e-16,-2.1684043449710086e-16,0,0,0.0562115179420863,0.2263040170411544
540,0.215288,0.442925,0.06552307202946395,0.2212644472529064,2.970713952610282e-17,-1.1969591984239966e-16,0,0,0.0645400533604622,0.2188514082693523
541,0.2297599999999999,0.4747669999999999,0.06567046127747744,0.22640130024956306,2.3841605772956243e-16,-5.273559366969494e-16,0,0,0.0647447470754677,0.224222873999853
542,0.2008159999999999,0.411082,0.0656945794908097,0.21667078090831637,6.98226199080665e-17,6.93889390390723e-18,0,0,0.0646312203661792,0.2140105295256354
543,0.239012,0.419426,0.07416936449590139,0.21311386895831674,-1.9819215713035019e-16,-3.6082248300317592e-16,0,0,0.0729890277916129,0.2106691459853083
544,0.1626209999999999,0.402739,0.05606998613802716,0.22037541677127592,8.2724625760644e-17,-8.326672684688674e-17,0,0,0.0552002179246297,0.2175718769979839
545,0.2772069999999999,0.427769,0.08174115300062113,0.20987153393798508,5.5077470362263625e-17,4.3715031594615534e-16,0,0,0.0804557966571326,0.2076809073829605
546,0.7425779999999998,0.3168929999999999,0.15150418262282983,0.1291893351590261,1.9943898962870852e-16,-3.0184188481996443e-16,0,0,0.1506646444401607,0.128539398828674
547,0.738728,0.3481279999999999,0.15001092650345527,0.1409823674184736,-9.329559694237763e-17,3.469446951953615e-17,0,0,0.1491916532921222,0.1402903264587432
548,0.7040859999999999,0.3333079999999999,0.14731529892014805,0.13697195188433398,6.049848122469115e-17,7.632783294297951e-17,0,0,0.1463694819129844,0.1362220597666182
549,0.7733689999999999,0.362947,0.1528634108544793,0.1451739577751141,-1.2858637765678083e-16,-7.632783294297951e-17,0,0,0.1521804529012256,0.1445200156695132
550,0.734877,0.379363,0.14847194094909355,0.15254952365648933,-1.8843433757798067e-16,2.498001805406602e-16,0,0,0.1476740620825786,0.1518266355191909
551,0.811861,0.346532,0.1570470362494234,0.1380001143552363,1.2102406750369443e-16,5.898059818321144e-17,0,0,0.156471265804072,0.1373945661766492
552,0.696386,0.395778,0.14380478297243826,0.16012595657230122,2.346213501258632e-16,-1.3877787807814454e-16,0,0,0.1429241670613574,0.1593093403907065
553,0.647498,0.0256113999999999,0.15422122555901296,0.011504689988214523,1.4049142573044002e-16,-7.17741838185404e-17,0,0,0.1530118405977845,0.0114297363354697
554,0.651502,0.0630508999999999,0.15390639391262084,0.028175709769129753,2.0816681711721685e-17,2.0816681711721685e-17,0,0,0.1526543456582304,0.0280034983963712
555,0.61829,0.0374395,0.15310503469663672,0.017172952560940757,-2.1984909552574814e-16,5.551115123125784e-17,0,0,0.1517619199588408,0.0170671500921867
556,0.684714,0.0886621999999999,0.15491272771032527,0.038726687838789076,2.194425197110661e-16,-6.245004513516506e-17,0,0,0.1537420676448436,0.0385033092921999
557,0.655507,0.10049,0.1532535597216338,0.04461243367404677,-1.516256738220978e-16,5.551115123125784e-17,0,0,0.1519649543772754,0.0443209873582215
558,0.713921,0.0768341,0.15659391839290038,0.03308414940693183,-2.626581406799805e-16,1.8431436932253572e-17,0,0,0.1555402053129223,0.0329052768756189
559,0.717926,0.114274,0.1560985913965851,0.04892380019373377,-1.1016849325168332e-16,3.0357660829594124e-17,0,0,0.155035502755235,0.0486814969837877
560,0.6595109999999998,0.13793,0.1522959353751503,0.060709992903866805,3.5014309160419366e-16,-8.673617379884035e-18,0,0,0.1510137799437232,0.0603133059284121
561,0.626299,0.112318,0.1516056723485235,0.05076959525467828,-2.1814147710408347e-16,-5.898059818321144e-17,0,0,0.1501926469339715,0.0503932516742241
562,0.0379410999999999,0.6178,0.00958524490124546,0.26488534974851063,1.6818686200681388e-17,-8.500145032286355e-16,0,0,0.0094736847997957,0.2631850867678959
563,0.0635785999999999,0.6509869999999999,0.015485693147638813,0.2711513097083298,1.7783626134193484e-16,-2.0816681711721683e-16,0,0,0.0153084924557357,0.2696148065927419
564,0.0256375,0.647472,0.006292916703387164,0.2708565832581371,-2.5553289952767733e-16,2.1857515797307767e-16,0,0,0.0062056954179838,0.2693102113923984
565,0.10152,0.654501,0.024523140804376453,0.27114133640861837,1.8984380040221183e-16,9.020562075079397e-17,0,0,0.0242484624190213,0.269625433885896
566,0.0892161,0.684173,0.02103080569941085,0.27762973692915693,3.2661590446125816e-16,-3.6082248300317592e-16,0,0,0.0208276744435676,0.2762569540359811
567,0.1138229999999999,0.62483,0.028240101179108024,0.26467032758228015,5.30445912888533e-17,4.1980308118638727e-16,0,0,0.0278870050897325,0.2630348336176459
568,0.139461,0.658016,0.03333095053676516,0.27083101026073564,-9.898765834792657e-17,1.0408340855860844e-16,0,0,0.0329825832978929,0.2693922561050908
569,0.114854,0.7173589999999999,0.02632476168219,0.2843257476124563,3.7033635706673613e-16,-7.28583859910259e-17,0,0,0.0261151771046053,0.2831064885645114
570,0.0769124999999999,0.713845,0.01774853840470314,0.28416507266956614,-2.902002639929013e-16,4.57966997657877e-16,0,0,0.0175914564286212,0.2829404728175142
571,0.0256375,0.8081859999999998,0.005613228775473544,0.30544863642717246,-3.885780586188048e-16,-2.0245442692093383e-16,0,0,0.0055973641098957,0.3046611294502593
572,0.0256375,0.776043,0.005711012912797742,0.2982356622524094,2.8601507420051783e-16,6.938893903907228e-16,0,0,0.0056836252210553,0.29731867737253
573,0.051275,0.7770869999999999,0.01140085510269273,0.2983461903204443,-9.72393823447937e-17,3.469446951953615e-17,0,0,0.0113422068816668,0.2974112978995817
574,0.0256375,0.743901,0.0058309513769927435,0.2911422890610993,-1.8266773727307334e-16,-3.642919299551295e-16,0,0,0.0057743959474107,0.2900934647569954
575,0.0769124999999999,0.7459879999999999,0.017381240031681955,0.2912016826958279,8.983970251758011e-17,-3.538835890992686e-16,0,0,0.017253664451096,0.2901166477772249
576,0.776069,0.0256113999999999,0.16047577816061676,0.010768556880066171,-2.379010616976318e-16,-1.0408340855860844e-16,0,0,0.1597006537585212,0.0107377752289556
577,0.7439259999999999,0.0256113999999999,0.1586914755171165,0.010911874378507491,2.8579569266717897e-16,2.775557561562892e-17,0,0,0.157819168646004,0.0108580044357171
578,0.808212,0.0256113999999999,0.1623541437147651,0.010654318968590815,1.6336216233925338e-16,3.469446951953615e-17,0,0,0.1616913638484267,0.0106237294435076
579,0.777138,0.0512227999999999,0.16036385687766597,0.02150804736174905,-3.3978896085695704e-16,9.020562075079397e-17,0,0,0.1595866133947074,0.0214353560279247
580,0.746064,0.0768341,0.15832123148720711,0.032603382251181756,4.598101413511023e-16,-1.3877787807814457e-17,0,0,0.1573993896255705,0.0324588430580673
581,0.296862,0.6773599999999999,0.066723043913953,0.26903632696485147,1.1817803680091998e-17,1.4224732503009818e-16,0,0,0.0661638118795598,0.2679348731704433
582,0.327774,0.66414,0.07343356956698699,0.26428736973321065,-1.6002824065886043e-16,3.0184188481996443e-16,0,0,0.0728136841864172,0.2631591853012622
583,0.3339269999999999,0.691033,0.07346939211129211,0.27083695447072387,-5.149960319306146e-19,-2.3418766925686896e-16,0,0,0.0728824687399213,0.2698096880961454
584,0.3216209999999999,0.637248,0.07352732841172838,0.25780905585270375,-2.316940042601523e-16,1.3877787807814457e-17,0,0,0.072873969687527,0.2565782672516288
585,0.358686,0.65092,0.08000381062083761,0.25934464583406225,2.7050844203513336e-16,1.942890293094024e-16,0,0,0.0793359938031739,0.2581981702644387
586,0.284555,0.6235749999999999,0.06677328204614241,0.2565007210941985,-1.441988889405721e-17,2.5326962749261384e-16,0,0,0.0661421146648463,0.2551450622380018
587,0.315468,0.6103549999999999,0.07377136834838893,0.2514143645239528,-3.5626883387873676e-16,-4.8572257327350605e-17,0,0,0.0730813741278898,0.250072560218176
588,0.3895989999999999,0.6377,0.08640173507592408,0.25421361399639864,-2.5587171270657905e-17,1.3530843112619095e-16,0,0,0.0857003866126887,0.2530629082429946
589,0.3957519999999999,0.6645929999999999,0.08623164332129818,0.26109906181227416,-7.169286865560399e-17,-6.661338147750939e-16,0,0,0.0855716077339709,0.2600345672857845
590,0.0975174999999999,0.100507,0.14216536554158665,0.18719166208757088,4.071395998117566e-15,1.6764367671839864e-14,0,0,0.13735409614804,0.1807569639020188
591,0.0709357,0.094055,0.12807532254373655,0.2141983793117106,-2.025072817768425e-14,7.344819197285801e-15,0,0,0.1255351414240557,0.2056657907433494
592,0.124099,0.106959,0.1482061949063791,0.1659658934804611,3.4416913763379853e-15,6.480926906249351e-15,0,0,0.1429239622409465,0.1617730929364115
593,0.0977425999999999,0.123851,0.12154056379222311,0.19906381535110995,-9.190564975725124e-15,-1.1504686092678183e-14,0,0,0.118052189408647,0.192024657660837
594,0.150681,0.113411,0.1500144959500176,0.14952165796421468,-4.847251072748193e-15,6.843484112728504e-16,0,0,0.1449799798462524,0.1470017285417607
595,0.0979676,0.1471959999999999,0.10457569580466952,0.2059378200210631,-5.585375911776325e-15,-1.1953112111218188e-14,0,0,0.1024913770278815,0.1990120839607177
596,0.0713857999999999,0.140744,0.08805633515294176,0.22424625325948,-4.6555099185441326e-15,-1.3850032232198828e-14,0,0,0.0876193846962108,0.218610437666932
597,0.973408,0.6532839999999999,0.17153566838533152,0.24146830226527527,-1.1550818895117443e-16,-3.122502256758253e-17,0,0,0.1714866949012773,0.2409750681227286
598,0.935532,0.655641,0.1665803827199852,0.24239173592650332,8.624828282122189e-17,-1.1796119636642288e-16,0,0,0.1664634089564865,0.2418968180228243
599,0.962123,0.627357,0.1701641503314022,0.2330462786485441,1.559218249305716e-17,-2.3592239273284576e-16,0,0,0.1700803238081983,0.2325310365888654
600,0.90894,0.6839239999999999,0.16287106645177118,0.25169325375463814,-1.290336110529311e-16,1.3877787807814454e-16,0,0,0.1627291060126128,0.2512230308097705
601,0.8976549999999999,0.6579979999999999,0.16159492805309128,0.2434376961318776,-2.0012339225009e-16,-2.6714741530042824e-16,0,0,0.1614066541869207,0.2429376951734223
602,0.920225,0.709851,0.16421363208792172,0.2599166234722361,7.137438426743638e-17,1.3877787807814454e-16,0,0,0.1641085686322996,0.2594703695009779
603,0.882348,0.712208,0.15906837859074585,0.26095722639001906,-4.537657142394956e-16,-5.828670879282072e-16,0,0,0.1588920337429034,0.2605065465398855
604,0.859778,0.660355,0.15656939694599714,0.24461637798231095,3.0226201316180257e-16,3.0878077872387166e-16,0,0,0.1563066268420413,0.2440934913676138
605,0.8863689999999999,0.6320719999999999,0.16036798832647037,0.23514206722029485,7.28990435724941e-17,1.214306433183765e-16,0,0,0.1601451429919595,0.2346119241031791
606,0.626145,0.963109,0.11884344328427687,0.3393370165140368,-2.443046307788743e-16,3.1571967262777884e-16,0,0,0.1185077274828667,0.3392324218155752
607,0.654799,0.935868,0.12353065883507952,0.3312664375262102,3.65579420034956e-17,1.2576745200831851e-16,0,0,0.1231954999918514,0.3311143400872214
608,0.6536549999999999,0.972759,0.1231998450239189,0.342056817030425,-4.530779234863253e-18,-3.0487765090292385e-16,0,0,0.1228799639778822,0.3419829035078165
609,0.6559439999999999,0.898977,0.12395425271824934,0.3204644549987279,3.8014838672773e-17,-1.3877787807814454e-16,0,0,0.1236153496764857,0.3202183854461602
610,0.683454,0.908627,0.1281804225873202,0.3230775980046019,-2.154038666185576e-16,2.2551405187698487e-16,0,0,0.1278642323495414,0.3228716191370528
611,0.628434,0.889326,0.11968874154263176,0.31790696308598854,6.708500942254059e-17,-2.463307335887066e-16,0,0,0.1193301442288955,0.3176226428103676
612,0.657088,0.8620849999999999,0.12450303518562578,0.30961689801188186,-1.11879499805137e-16,1.1969591984239966e-16,0,0,0.1241363311664175,0.3092849115165773
613,0.7121089999999999,0.881386,0.13280720839975402,0.3147743823938072,2.5188218752501124e-16,-1.951563910473908e-16,0,0,0.1325091376695846,0.314516095798666
614,0.710964,0.918277,0.13237461156677455,0.32574537687469274,1.1708028210127839e-16,4.3021142204224816e-16,0,0,0.1320786175330595,0.3255792362489448
615,0.34831,0.975187,0.07056748031754978,0.3435868003871292,3.716340115419297e-16,-5.464378949326943e-17,0,0,0.0702005500886732,0.3434913987022877
616,0.3448979999999999,0.936813,0.07009458501124755,0.33367030147928745,-4.6905296487154136e-17,3.8510861166685117e-16,0,0,0.0697510835217607,0.3334592852755674
617,0.3715879999999999,0.961626,0.07495303460746072,0.3399766650691163,2.3987973066241786e-18,-5.204170427930421e-17,0,0,0.074595115981542,0.3398379669650936
618,0.318207,0.912,0.0652306395204505,0.32751659603673033,1.28423747330908e-16,-5.238864897449956e-16,0,0,0.0648898300225976,0.3272258557287925
619,0.3414849999999999,0.8984389999999999,0.0698103079048451,0.32379003416281193,-2.552889540388681e-16,-1.9775847626135598e-16,0,0,0.0694456144565168,0.3234620492283188
620,0.294929,0.925562,0.06061617597879376,0.33116462349426,-9.697510806525032e-17,-4.336808689942017e-16,0,0,0.0603023851463263,0.3309142623358551
621,0.291517,0.8871879999999999,0.06033725159068126,0.32153021928388625,-3.2014457274423536e-17,2.8622937353617323e-17,0,0,0.0600107231529906,0.3211277512331047
622,0.338073,0.860064,0.06967083719791844,0.31396309356205165,-1.6274213422186323e-16,2.940356291780688e-16,0,0,0.0692853704680229,0.3135038952779671
623,0.3647639999999999,0.884877,0.0743457107746508,0.3199801984592341,-1.6642503347652493e-17,-2.2204460492503126e-16,0,0,0.0739684574793053,0.3196198153696967
624,0.961626,0.3715879999999999,0.17121772005339153,0.14485765175777487,2.6373895472067694e-16,-1.734723475976807e-16,0,0,0.1711026075711376,0.1443143481239785
625,0.936813,0.3448979999999999,0.16897505636734422,0.13524202432017773,-1.0492366524228468e-16,3.469446951953615e-17,0,0,0.1687904523148958,0.1347151475742108
626,0.975187,0.34831,0.17262632527854294,0.1362740809272509,-5.2150124496552763e-17,5.204170427930421e-17,0,0,0.1725490662996088,0.135741087913776
627,0.8984389999999999,0.3414849999999999,0.16536649236513767,0.13440596271539107,6.652935580914177e-17,-1.3183898417423734e-16,0,0,0.1650643856363755,0.1338678343208507
628,0.912,0.318207,0.16691067152169126,0.12558084446936846,4.160625836913123e-18,-1.1796119636642288e-16,0,0,0.1666354956818765,0.1250780398471981
629,0.884877,0.3647639999999999,0.1637365132337436,0.1431663948460482,3.3881317890172014e-18,1.3877787807814457e-17,0,0,0.1634101815669984,0.1425985036273018
630,0.860064,0.338073,0.16179358975205105,0.13376897675334476,-1.0641444322945226e-16,-2.463307335887066e-16,0,0,0.1613721061380186,0.1331993571565299
631,0.8871879999999999,0.291517,0.16499827739608008,0.11587857513222843,-1.1945197435359043e-16,0.0,0,0,0.1646276188585402,0.1154046924389041
632,0.925562,0.294929,0.16837752443097997,0.11669826519209892,2.3127387591831416e-16,1.1796119636642288e-16,0,0,0.1681263861841876,0.1162306665033573
633,0.2792089999999999,0.0269962,0.16787364990887,0.02324300202599261,-4.1537953632264646e-15,-2.0816681711721685e-15,0,0,0.1650733049394114,0.0230853343975055
634,0.247066,0.0269962,0.173899509376497,0.026485065085580572,-1.16831457702693e-14,-4.260480856999038e-15,0,0,0.1709302317454163,0.0263316394044522
635,0.311352,0.0269962,0.1630059647723101,0.020838028911384754,-1.2899837448232532e-15,-7.71951946809679e-16,0,0,0.1604065600898248,0.0206531617230846
636,0.297703,0.0539924,0.16224155431632425,0.042961337574524805,-8.625912484294673e-16,8.049116928532385e-16,0,0,0.1591229107503685,0.0424951317121253
637,0.343494,0.0269962,0.1592428874973848,0.018993930523720337,-2.2236986557677696e-16,-1.6653345369377348e-16,0,0,0.1567770664128906,0.0187827192054829
638,0.3161979999999999,0.0809886999999999,0.15635949773422908,0.05964108253647282,-2.6736425573492534e-16,1.4224732503009818e-15,0,0,0.1531168778369488,0.0588919434515736
639,0.284055,0.0809886999999999,0.15927926427320926,0.06584605753596406,-1.680513367352532e-15,1.949829186997931e-15,0,0,0.1557378946666199,0.064970600095533
640,0.6341299999999999,0.5446119999999999,0.1295648078812519,0.21358198631787673,6.76000054544712e-17,1.873501354054952e-16,0,0,0.1288156255240021,0.2126608627271681
641,0.645849,0.50928,0.1326930432987865,0.20152789357234724,3.537209587733959e-17,-5.377642775528102e-17,0,0,0.1318873452276953,0.2006055744973634
642,0.6343199999999999,0.4855499999999999,0.13235725563572487,0.1942544021003414,2.7647155398380366e-17,3.469446951953615e-17,0,0,0.1314711262650718,0.1933019541252503
643,0.657568,0.473947,0.1357945604104316,0.1891811349778436,5.611288343698727e-16,1.734723475976807e-16,0,0,0.1349398332121804,0.188261658586941
644,0.611072,0.4971519999999999,0.12879577977241752,0.19933994027087465,-1.7591180248577307e-16,1.1449174941446927e-16,0,0,0.1278821317605262,0.198359075207237
645,0.6227909999999999,0.46182,0.1321513280563522,0.18694102938752621,1.92635620996362e-16,-2.1510571102112408e-16,0,0,0.1311745512466617,0.1859697030203324
646,0.6692869999999999,0.4386149999999999,0.13884538560523652,0.17652182852543774,2.5196858488563123e-16,-5.204170427930421e-17,0,0,0.1379612482455139,0.1756226051737032
647,0.151402,0.0241296,0.2009712281433167,0.04140031285351142,-2.620291848353263e-13,-9.908740494779521e-14,0,0,0.1978109914840851,0.0411191727826587
648,0.183545,0.0241296,0.190526500417036,0.0331565227243118,-1.1056151653920933e-13,-2.984938685113292e-14,0,0,0.1873146594867037,0.033060266724988
649,0.170662,0.0482592,0.1868820272211451,0.06940057675819844,-6.060950352715366e-14,-1.6859777463018588e-14,0,0,0.1825772468031183,0.0691682252762938
650,0.2156879999999999,0.0241296,0.18149612996785436,0.027545492514036596,-3.386288645323976e-14,-1.0970391262077328e-14,0,0,0.1784195097682201,0.0275488199952398
651,0.189921,0.0723888,0.17327458967338316,0.08849725977052003,-2.257395659288619e-14,7.174816296640074e-15,0,0,0.1686287934201792,0.0879666589385353
652,0.1630699999999999,0.8471769999999998,0.034840898028051015,0.3133836374254315,-1.031347316576836e-16,3.1918911957973246e-16,0,0,0.0346294441481457,0.3127554743385063
653,0.142592,0.8262629999999999,0.030770971321544494,0.3087003808686859,-1.2132222310112795e-16,1.457167719820518e-16,0,0,0.0305726224076276,0.3079831994215616
654,0.1639839999999999,0.8097729999999999,0.03551678073017683,0.3045377644666587,1.4495783046131194e-16,-2.4286128663675294e-16,0,0,0.0352770935534905,0.3037751814644968
655,0.1212,0.8427529999999999,0.02606835180449707,0.3127825191913871,-1.7315301617656584e-16,-3.935653886122381e-17,0,0,0.0259012435172464,0.3121262023537588
656,0.122114,0.8053489999999999,0.026642432412700146,0.30409190384307294,7.10707229558457e-17,2.5055912206140007e-16,0,0,0.026460882484351,0.3032739950152897
657,0.120286,0.8801569999999999,0.02559595288039418,0.3215590513027564,-1.7114131292683687e-16,3.816391647148976e-17,0,0,0.0254257353283953,0.3210622488958987
658,0.123028,0.7679449999999999,0.027324517322995234,0.2955208022365241,-3.65782707942297e-16,1.214306433183765e-16,0,0,0.0271193938181757,0.2945263761740499
659,0.809799,0.1639579999999999,0.16096975695108995,0.0674442941963207,-2.0040121905678943e-16,5.464378949326943e-17,0,0,0.1602673594737037,0.067134032500722
660,0.826293,0.1425619999999999,0.16245738981524482,0.05853207319159992,1.8706553233521767e-16,-1.3877787807814457e-17,0,0,0.1618077492188555,0.058273707497395
661,0.8471809999999999,0.1630659999999999,0.16364041034830734,0.06647098236135207,2.4213961456569233e-16,1.5092094240998222e-16,0,0,0.1630699126811377,0.0661878352348867
662,0.805404,0.122058,0.1613462949753739,0.050503360558650456,-3.089976191583688e-18,-5.551115123125784e-17,0,0,0.1606111081119927,0.0502815025819503
663,0.842787,0.1211649999999999,0.16385137592442334,0.04964643873972818,-1.8943722458752974e-16,0.0,0,0,0.1632650235652146,0.0494417199682182
664,0.7680219999999999,0.12295,0.1589211350074038,0.05149649722443428,-1.0686845288918055e-16,1.457167719820518e-16,0,0,0.1580497060561858,0.0512528441737468
665,0.8801689999999999,0.120273,0.1664124281378463,0.04891823325306177,8.445596110483178e-17,-3.9898639947466563e-17,0,0,0.1659919006377861,0.0487130946796513
666,0.67964,0.0256113999999999,0.15552808580105193,0.011274169781245291,5.781508084778952e-17,9.714451465470121e-17,0,0,0.1544438470045665,0.0112020753089466
667,0.711783,0.0256113999999999,0.15702944004442543,0.011076961978687905,6.318103456864553e-17,6.678685382510707e-17,0,0,0.1560559776559144,0.0110112678019457
668,0.712852,0.0512227999999999,0.1568833391647786,0.022114036284619942,-1.5935739056463502e-16,3.707971429900425e-17,0,0,0.1558602899943865,0.0219889566072557
669,0.0256375,0.711758,0.005952565363259055,0.2842024233395932,1.3877787807814457e-17,-4.7664238007893995e-17,0,0,0.0058890506014981,0.2829932003533617
670,0.0256375,0.6796149999999999,0.006105913998908363,0.27743474997987505,-1.499587129819013e-16,-3.816391647148976e-17,0,0,0.0060328410998332,0.2760546097755885
671,0.051275,0.712801,0.011869937894516625,0.2842345472163288,-2.8002231609869366e-16,3.677613769070831e-16,0,0,0.0117582382882665,0.2830184654961771
672,0.836061,0.4547169999999999,0.15704313371679746,0.17625671351561323,5.370866511950068e-17,1.8041124150158796e-16,0,0,0.1565987359170108,0.175618505255703
673,0.822454,0.490829,0.15473281720187515,0.18906515563867288,7.695294325805319e-17,-9.757819552369541e-18,0,0,0.1542825371471144,0.1884169592625419
674,0.849669,0.418605,0.1592201452003792,0.16323660346097313,-1.6645213853083707e-16,1.873501354054952e-16,0,0,0.1588142000170639,0.1626070659261641
675,0.866442,0.439747,0.16063440867583267,0.17039764212677255,-1.2712270472392541e-17,-1.4224732503009818e-16,0,0,0.1602725619839034,0.1697879533587981
676,0.863276,0.382494,0.16129832103615627,0.1499946054245811,-3.5025151182144216e-16,-2.5673907444456745e-16,0,0,0.1609173835847173,0.1493915605532306
677,0.896823,0.4247779999999999,0.16410277879913338,0.1646165672573261,2.2364380312944743e-16,-1.249000902703301e-16,0,0,0.1638215345055925,0.1640394179383898
678,0.883216,0.46089,0.16214384540216997,0.17753287171944976,-4.2545194391162637e-17,7.155734338404329e-17,0,0,0.1618238775296233,0.1769471020028481
679,0.487014,0.821393,0.09731740999268368,0.30076702349469997,-2.383618476209381e-16,-3.920475055707584e-16,0,0,0.0968816471283404,0.3002676425899398
680,0.451871,0.8353979999999999,0.0909279721963685,0.30533583150827326,-2.6688991728446294e-16,-4.85722573273506e-16,0,0,0.0905046485559872,0.3048434214639952
681,0.466783,0.804489,0.09418208576971665,0.2965510427893605,8.359198749863239e-17,3.894454203567932e-16,0,0,0.0937243587589833,0.2959890488861081
682,0.4369589999999999,0.866307,0.08776929997839034,0.3139958761748858,-7.562310153086393e-17,-1.7347234759768074e-17,0,0,0.087368255017886,0.3135695593514488
683,0.416727,0.8494019999999999,0.08440808136947453,0.30979276465950534,2.4925807945441747e-16,3.9551695252271197e-16,0,0,0.0839997698985312,0.3093168640723829
684,0.457191,0.8832109999999999,0.09112579777138308,0.31827695964602754,-3.817746899864583e-17,1.0755285551056204e-16,0,0,0.0907308988399809,0.3179048590897039
685,0.422047,0.897216,0.08469696209067479,0.3225101521820761,3.648611360956844e-16,1.214306433183765e-16,0,0,0.0843160201094492,0.3221778099078275
686,0.381583,0.863407,0.07776659651426598,0.31411159079289064,-3.5595712575414717e-16,8.673617379884035e-17,0,0,0.0773744472596334,0.3136810090257363
687,0.3964949999999999,0.8324979999999998,0.08104372149682604,0.3056799638434313,-5.017890942170256e-16,-5.551115123125783e-16,0,0,0.0806205529506045,0.305153216157035
688,0.3780149999999999,0.607265,0.0859336967987474,0.24675380988628604,-8.901299836105991e-17,3.538835890992686e-16,0,0,0.0851789146675245,0.2454943252507989
689,0.340949,0.593593,0.0797698202659376,0.245537033493747,1.8051966171883646e-16,6.93889390390723e-18,0,0,0.0790127306393551,0.2441744419004357
690,0.366431,0.57683,0.08567835675785318,0.2394253966922406,8.7061434450586e-17,-2.289834988289385e-16,0,0,0.0848478937889037,0.2380422454276225
691,0.3038839999999999,0.5799199999999999,0.0733164889679756,0.24460551714582834,-2.1803305688683492e-16,1.9081958235744878e-16,0,0,0.0725687134262228,0.2431088374751457
692,0.3548459999999999,0.5463949999999999,0.08565034830826335,0.23222898472158704,3.317658647805644e-17,2.324529457808921e-16,0,0,0.0847311732179465,0.2307177532902851
693,0.602975,0.976444,0.1150631806194724,0.34324906289111823,5.931331272489293e-16,-3.3133218391157016e-16,0,0,0.1147224921692599,0.3431759183415208
694,0.6041189999999999,0.939553,0.11540586989576695,0.332636220016866,-8.769840322692124e-17,-6.93889390390723e-17,0,0,0.1150467804148722,0.3324745912573287
695,0.582094,0.915997,0.11197591127711348,0.32603678162558936,7.547402373214718e-17,1.3530843112619095e-16,0,0,0.1116048428797569,0.3258153360200528
696,0.605264,0.902661,0.11584892803512048,0.32199869343457976,9.948910185270111e-17,1.4918621893400539e-16,0,0,0.1154876774324201,0.3217453985863548
697,0.5589239999999999,0.929332,0.10805628800881095,0.33001287482329644,2.0595775519077764e-16,-1.301042606982605e-16,0,0,0.1076831136911747,0.3298306587133632
698,0.560069,0.89244,0.10857032929197885,0.31953930962481536,-1.9165983904112502e-16,3.261280134836397e-16,0,0,0.1081824332008646,0.3192587703093007
699,0.6064089999999999,0.86577,0.11643273752270034,0.3113203980901744,2.835188681049594e-17,3.469446951953615e-18,0,0,0.1160419259281078,0.3109802568631728
700,0.940017,0.606117,0.16744839379680343,0.22618244306067936,2.5841958781192e-16,-2.0816681711721685e-17,0,0,0.1673218354144302,0.2256409167088014
701,0.977894,0.6037599999999999,0.17221924495243002,0.22524023317964748,-3.875091030393698e-16,2.5326962749261384e-16,0,0,0.172176759861802,0.224703431394077
702,0.90214,0.6084739999999998,0.1626135206752224,0.22725990097387694,-2.8650042407929455e-17,-3.3653635433950053e-16,0,0,0.1624320467764268,0.2267128512143386
703,0.917911,0.584876,0.1648030842334265,0.2193141308380291,-2.0560538948471982e-16,2.1857515797307767e-16,0,0,0.1646541778225116,0.2187579175448991
704,0.864263,0.610831,0.15776365797501057,0.22848076242371462,-2.492038693457932e-16,6.245004513516506e-17,0,0,0.1574988175814302,0.2279160744241764
705,0.8958049999999999,0.563636,0.16227414399691042,0.2124527875566855,5.205525680646028e-17,-1.2836953722228372e-16,0,0,0.162080893772559,0.211884495892313
706,0.933682,0.5612789999999999,0.16693792608566582,0.2113034098947537,6.092538583010733e-17,-2.463307335887066e-16,0,0,0.1668113270474407,0.2107500558570243
707,0.3312829999999999,0.280357,0.11552172410301864,0.15722995169926435,3.599551212651875e-17,2.8449465006019636e-16,0,0,0.1132200895262675,0.15513052522062
708,0.359856,0.2945369999999999,0.11666264559607953,0.15686090546660125,-1.3769367590565906e-16,2.0816681711721685e-17,0,0,0.1145193956797821,0.1549000203260221
709,0.340025,0.312056,0.11097413912648335,0.16657975874841213,-4.163336342344337e-17,-1.3877787807814454e-16,0,0,0.1089117463007352,0.1645160311322948
710,0.379688,0.277017,0.12189336027950048,0.14685396355343983,4.971066960846038e-17,1.0408340855860844e-17,0,0,0.1196804592489326,0.1450252058841321
711,0.38843,0.3087159999999999,0.11794730951078236,0.15712980512762442,-1.2706849461530112e-16,-2.6020852139652106e-17,0,0,0.1159577661454311,0.1552964314263898
712,0.370946,0.245318,0.12639649835182354,0.135889308701735,1.2793585635328952e-16,9.714451465470121e-17,0,0,0.1239147604933341,0.1341068710937428
713,0.3995199999999999,0.259498,0.12664244888583198,0.13665040186606348,-2.927345865710862e-17,1.1449174941446927e-16,0,0,0.1243702594940186,0.1349764405737425
714,0.4170039999999999,0.3228949999999999,0.11940878321183845,0.15793393622152507,5.0740661672321614e-17,-1.0408340855860844e-17,0,0,0.1175493896094245,0.1562286915830609
715,0.397172,0.340415,0.11455970245879143,0.16688254743348807,-3.1203338524132813e-16,-6.245004513516506e-17,0,0,0.1127315220101062,0.1650779331078979
716,0.667687,0.6956219999999999,0.12916121300077066,0.2595781788113527,-1.5241172039714979e-16,-1.301042606982605e-16,0,0,0.1286737578601589,0.2589370585706377
717,0.6548829999999999,0.6626199999999999,0.12818474369123578,0.24982391321100295,9.18861341181465e-17,-1.734723475976807e-16,0,0,0.1276728683335785,0.2491083344686851
718,0.6840699999999998,0.667348,0.13227367794024758,0.2504229997866787,-4.676163969929981e-16,1.0408340855860844e-17,0,0,0.1317858986967954,0.2497396025061909
719,0.625696,0.657892,0.1240512274671346,0.24933756369864568,7.651756832316446e-17,-3.4000580129145414e-16,0,0,0.1235096953016639,0.2485709387987861
720,0.6420799999999999,0.629618,0.12738561542937532,0.24006345903035253,5.412879346133881e-17,2.324529457808921e-16,0,0,0.1268126204205165,0.239272305578548
721,0.6093129999999999,0.686166,0.1207005400210619,0.258443882339634,-3.5166097464567336e-16,5.082739784612045e-16,0,0,0.1201871088120713,0.2577125091272378
722,0.5965089999999998,0.6531639999999999,0.11985997736337595,0.24896052916301414,-8.952799439299055e-17,1.0755285551056204e-16,0,0,0.1192861827309714,0.2481256811801074
723,0.629276,0.596616,0.12675466062501073,0.23028244118904695,-1.7835125737386548e-17,3.1918911957973246e-16,0,0,0.1261050848262366,0.2294235368385613
724,0.658463,0.6013439999999999,0.13067869626684114,0.2306262316997163,2.0437210951351762e-17,3.816391647148976e-17,0,0,0.130077796217639,0.2298101810049067
725,0.1771409999999999,0.485893,0.05152892385376617,0.23381555284140632,-1.0139323191812876e-16,-6.130079083233041e-16,0,0,0.0508182128144542,0.2315459290482251
726,0.162669,0.45405,0.050488715729443356,0.22925954137463123,1.3097162243624894e-16,3.747002708109903e-16,0,0,0.049763087287599,0.2267705785121296
727,0.133774,0.4416769999999999,0.04331716094748117,0.22999031105428003,3.0574501264091225e-17,-3.41740524767431e-16,0,0,0.0427248023915879,0.2273366852234217
728,0.148197,0.422208,0.049521931636263616,0.22536612948169932,-3.117081245895825e-16,-1.0408340855860844e-16,0,0,0.048806291464626,0.2226452493352785
729,0.11935,0.4611469999999999,0.0374620484362822,0.23432406049687415,-8.066464163292153e-17,-5.388484797252957e-16,0,0,0.0369613466536367,0.2317274286624859
730,0.104878,0.4293049999999999,0.03545684469281696,0.23075924013392068,1.7293024651143796e-17,-1.0408340855860844e-17,0,0,0.0350195406673139,0.2278718340018661
731,0.133725,0.3903659999999999,0.04863724691676907,0.22227865146123804,-3.2255014631443757e-16,-3.122502256758253e-17,0,0,0.0479018027734244,0.219303448221869
732,0.337395,0.3386549999999999,0.10614012635778636,0.17573893239023164,-1.5612511283791264e-17,1.1102230246251563e-16,0,0,0.1042291034850191,0.1736568193101972
733,0.3659689999999999,0.3528339999999999,0.10840330913197249,0.17564851697534323,-1.5959455978986623e-16,-3.4000580129145414e-16,0,0,0.1066157125484826,0.1737116712045009
734,0.3347649999999999,0.3652529999999999,0.10157816536957398,0.1843739661271684,-6.396792817664476e-17,-1.1796119636642288e-16,0,0,0.0998443412827772,0.1823019882536303
735,0.394542,0.3670129999999999,0.11068993990193121,0.1761190469842404,1.710871028182126e-16,2.775557561562892e-17,0,0,0.109009863110741,0.1743122803480562
736,0.332135,0.391851,0.0973107405443443,0.1925833438290283,-7.589415207398531e-17,-2.1510571102112408e-16,0,0,0.0957635417565408,0.1905391173042831
737,0.3752659999999999,0.0265291999999999,0.15644195016648155,0.017192968502058648,-6.056353335504028e-16,1.734723475976807e-16,0,0,0.1540910012872743,0.0170372218440306
738,0.361617,0.0535254,0.15590785232780036,0.03552892534935381,-1.533061871894503e-16,2.7755575615628914e-16,0,0,0.1532654127109479,0.0351667748578445
739,0.37974,0.0800546,0.1523197267379146,0.05035595109802671,4.0527477207508156e-16,5.828670879282072e-16,0,0,0.1496368302866672,0.0497527757200198
740,0.3479689999999999,0.0805215999999999,0.1540810937731294,0.05450960861344356,-5.334274688628681e-16,8.81239525796218e-16,0,0,0.1511298535225565,0.0538183874407844
741,0.411511,0.0795875,0.15106912222108804,0.046967621834483,-4.25440932483312e-16,4.145989107584569e-16,0,0,0.1486163571576893,0.0464495458521542
742,0.397863,0.106584,0.14880695997271687,0.06366677995538339,8.933825901280558e-17,3.920475055707584e-16,0,0,0.1461692282142325,0.0628622823943586
743,0.3343209999999999,0.107518,0.15080362962908112,0.07375645310094114,-2.734357879008442e-16,1.0703243846776902e-15,0,0,0.1476393542162219,0.0726609875909563
744,0.973408,0.6845339999999999,0.17146671927184798,0.25157121077063493,2.012279232133096e-16,1.543632843076237e-17,0,0,0.1714216963113907,0.2511057717907274
745,0.973408,0.7157839999999999,0.1714093913906254,0.2615864589752164,1.8273888804064282e-17,-2.949029909160572e-16,0,0,0.1713634978753922,0.2611498611671075
746,0.946817,0.712817,0.16781082793022506,0.2607208119588904,-1.0968060227406483e-16,1.9775847626135598e-16,0,0,0.1677347074157865,0.2602836327234349
747,0.973408,0.7470339999999999,0.1713589891733136,0.2715219927194994,2.3613245690376483e-16,1.4051260155412135e-16,0,0,0.1713115540787431,0.2711177042876947
748,0.920225,0.741101,0.16405678608862218,0.26984932826599106,-2.23752223346696e-17,-2.654126918244515e-16,0,0,0.1639542415643391,0.2694333250852558
749,0.7161549999999999,0.972759,0.1329653708380647,0.3419117218872998,9.223172356062624e-17,2.0816681711721685e-17,0,0,0.1326734940776128,0.3418552509512684
750,0.7474049999999999,0.972759,0.13775332988006994,0.34185218531638384,-3.7116644935504534e-16,-6.245004513516506e-17,0,0,0.1374822370486241,0.3418005983996931
751,0.6849049999999999,0.972759,0.1281175083713606,0.3419798483082559,-6.425253124692221e-17,-1.4918621893400539e-16,0,0,0.1278084120645794,0.3419159293850937
752,0.7135599999999999,0.945518,0.13264376897132024,0.3338183198648039,1.7291669398428186e-16,-4.510281037539697e-16,0,0,0.1323513455868057,0.3337170070988424
753,0.742214,0.918277,0.13715415599290282,0.3255677487468347,9.065285414694426e-17,3.469446951953614e-16,0,0,0.1368800821900589,0.3254159020862897
754,0.31706,0.975187,0.06464625138323754,0.3436506009311415,-3.645833092889849e-16,4.649058915617843e-16,0,0,0.0642871186812131,0.3435773433998284
755,0.28581,0.975187,0.05861862696474418,0.3437244738161098,1.2249790483191693e-17,1.8301332671555315e-16,0,0,0.0582768285258048,0.3436578311722141
756,0.2903689999999999,0.950375,0.05957431970455218,0.33745410048868507,-2.1403844950758366e-16,4.2847669856627135e-16,0,0,0.0592586573025535,0.3372949567694424
757,0.25456,0.975187,0.052499274897854775,0.34381934729753993,1.4893210904982912e-16,-5.48172618408671e-16,0,0,0.0521759617634557,0.3437327793540406
758,0.263679,0.925562,0.054509251145645976,0.3314244967477862,7.58534944925171e-17,-2.740863092043355e-16,0,0,0.0542161171483358,0.3311387018970415
759,0.975187,0.28581,0.17281597765395418,0.11295735722524114,-3.885780586188048e-16,7.232306116836118e-17,0,0,0.172732834571413,0.1124736267838709
760,0.975187,0.25456,0.17290695421979763,0.10106201807502657,2.4964771461015445e-16,-2.6020852139652106e-17,0,0,0.1728169452989985,0.1006219102591315
761,0.975187,0.31706,0.17271961917504086,0.12469338221126236,7.914675859144182e-18,-5.551115123125784e-17,0,0,0.1726435483641663,0.1241826834693103
762,0.950375,0.2903689999999999,0.17060577461961657,0.11478900371002965,-5.674443120246009e-17,1.3877787807814454e-16,0,0,0.1704409915126445,0.1143136558733527
763,0.925562,0.263679,0.16865989920916036,0.10483308281982318,-2.4339661145941766e-16,6.331740687315346e-17,0,0,0.168378909706989,0.1044109128377817
764,0.4897079999999999,0.645712,0.10335818064049818,0.2513191367906984,-2.0008951093219982e-16,9.402201239794294e-16,0,0,0.1026832254635009,0.2503313224056846
765,0.514387,0.6325359999999999,0.10795303893974051,0.24632850370835513,1.9786689647860456e-17,-5.759281940243e-16,0,0,0.1072712118410009,0.2453497824298023
766,0.528074,0.653229,0.1092537545482628,0.2517553101060912,-1.9062984697726384e-16,9.575673587391975e-16,0,0,0.1086156471743667,0.2508410356440205
767,0.539066,0.6193589999999999,0.11243640270549804,0.24126302712829784,5.594483210025203e-17,1.1796119636642288e-16,0,0,0.1117500362631243,0.2402978545485385
768,0.566439,0.660745,0.11499130501761101,0.2523916542995721,1.3866945786089602e-16,3.3653635433950053e-16,0,0,0.1143987239421313,0.2515283606752596
769,0.234183,0.0511257999999999,0.172546901871101,0.052080623019719496,-9.150232654908665e-15,6.904199434387691e-16,0,0,0.16886452105464,0.0516396093627021
770,0.2526769999999999,0.0781219999999999,0.16331975854336633,0.07130736880935729,-4.3407118177629656e-15,2.491062911502695e-15,0,0,0.1594483563293721,0.070311588782182
771,0.221299,0.0752554,0.16803488608275075,0.07857576222158968,-1.0744443529331347e-14,3.066991105526995e-15,0,0,0.1638031988235884,0.0776372333994697
772,0.271171,0.105118,0.1546591393998824,0.08657117428083438,-1.8448784167013343e-15,2.067790383364354e-15,0,0,0.1509854365162224,0.08521344605424
773,0.2084159999999999,0.099385,0.1601631519588409,0.10474451349000446,-1.3294920719886251e-14,1.9532986339498848e-15,0,0,0.1561188171715176,0.1034093660239709
774,0.444523,0.339422,0.12063699550344609,0.16017041844315827,-8.890457814381136e-18,1.3877787807814454e-16,0,0,0.1189034150935317,0.1586086719151094
775,0.4775059999999999,0.346741,0.12365499758743681,0.15891568234656006,-2.7863995832877464e-17,1.3877787807814457e-17,0,0,0.1220437181241901,0.1575076109306591
776,0.496282,0.331569,0.12724859989248216,0.15140838007209823,-2.3418766925686896e-17,-1.908195823574488e-17,0,0,0.1256435335811829,0.15009949099812
777,0.5104889999999999,0.354059,0.126620722367079,0.15812267950968817,1.5699247457590104e-16,1.0408340855860844e-16,0,0,0.1251573784875467,0.1568354430749468
778,0.482076,0.3090789999999999,0.12812934108660556,0.14461573585867882,-1.8626593323300966e-16,-2.775557561562892e-17,0,0,0.126368700530312,0.1432784987607161
779,0.515059,0.3163969999999999,0.13060898252297193,0.14385569794103503,1.586187778346293e-16,1.249000902703301e-16,0,0,0.12902059393171,0.1426427660915248
780,0.5434729999999999,0.361377,0.12959866362507455,0.15772806736640632,-3.683034779933258e-16,-7.979727989493313e-17,0,0,0.1282638020859372,0.1565453570931653
781,0.0245216,0.593677,0.006374855671310797,0.2604405323145329,1.0297210133181077e-16,5.828670879282072e-16,0,0,0.0063015714799374,0.2585976703063799
782,0.0624627,0.597191,0.016111451623146422,0.26054970041877823,-3.215472593048885e-16,5.030698080332741e-16,0,0,0.0159286564597639,0.2587245360292887
783,0.0869843,0.576582,0.022932114443392493,0.2560279341851128,2.268693045925918e-17,-4.527628272299467e-16,0,0,0.022661196984596,0.2540922345139967
784,0.1004039999999999,0.6007059999999999,0.02564065322803799,0.26023906472255476,8.500145032286356e-17,9.020562075079397e-17,0,0,0.0253260833251811,0.2584670216780191
785,0.0735646999999999,0.552458,0.020097984714084305,0.2520350385166239,1.0804074648818052e-16,-1.942890293094024e-16,0,0,0.0198806131108708,0.2499226835482352
786,0.1115059999999999,0.555973,0.030038963373954175,0.2512602707138285,2.374402757743255e-17,-1.1102230246251563e-16,0,0,0.029679534530717,0.249245283682964
787,0.138345,0.604221,0.03486988156510051,0.25957910576835275,5.0523821237824507e-17,-3.885780586188048e-16,0,0,0.0344466442779115,0.2578925922883685
788,0.0179027,0.116022,0.03183046709455084,0.26097139331977814,-5.65105698102945e-13,-1.5848247193750442e-12,0,0,0.0332245063021531,0.2573572539793301
789,0.0179027,0.1481649999999999,0.02363861192134209,0.2500959728495218,-7.479368686891251e-14,-3.097574280408466e-13,0,0,0.0245890809988795,0.2466336592368058
790,0.0358054,0.164187,0.04045198437233921,0.24108496244298294,-1.8927567846382942e-14,-1.9146143004356023e-14,0,0,0.0412961861840828,0.2361574421820091
791,0.0179027,0.180308,0.018254369620990474,0.24178665890940465,-1.370843542847222e-14,-4.560067601300233e-14,0,0,0.0187564264812382,0.2381227140872082
792,0.0537081999999999,0.148066,0.06618769858323503,0.23552438750630245,2.4977814074337263e-14,1.0672235664643814e-14,0,0,0.0673838436992208,0.229908944649069
793,0.0537081999999999,0.180209,0.05234769624075852,0.2321042695257347,5.353031386212681e-15,5.118301615869569e-15,0,0,0.0525922060440694,0.2268760171131462
794,0.0179027,0.212451,0.014709828610648401,0.2354770721285604,-5.4082714869008175e-15,-6.797947621484113e-15,0,0,0.0148728403053193,0.2318726312139638
795,0.2241279999999999,0.52287,0.06011150818085298,0.23736921581439674,-2.518601646683827e-16,1.0755285551056204e-16,0,0,0.0593400223493677,0.2354189135121606
796,0.21056,0.55539,0.05463055215659551,0.24544534290907905,1.317305639569888e-17,-6.036837696399289e-16,0,0,0.0539740321079572,0.243619205048575
797,0.192468,0.530785,0.05195682670455426,0.24153629390639253,-1.8973538018496328e-17,-2.949029909160572e-17,0,0,0.0513051067821185,0.2395434110576428
798,0.2286509999999999,0.579994,0.05723990256956313,0.24967873858986422,1.8951853975046615e-16,2.1510571102112408e-16,0,0,0.0565961136818728,0.2479991508794436
799,0.196992,0.587909,0.04955466266437725,0.25331273046322167,-3.688455790795686e-16,-1.3877787807814457e-17,0,0,0.0489869865589317,0.2516160308511643
800,0.260311,0.5720779999999999,0.0647162843379192,0.24575961331720464,1.3194740439148586e-16,2.1510571102112408e-16,0,0,0.0640036095429385,0.244127735855007
801,0.2467429999999999,0.6045979999999999,0.059810721657413524,0.2541944123513531,2.293087594806842e-17,1.52655665885959e-16,0,0,0.0591979216941778,0.2526469119310111
802,0.183424,0.620429,0.04484419506479753,0.2610371860791929,-3.865180744910823e-17,6.93889390390723e-17,0,0,0.0443454338661697,0.2594778480173082
803,0.165333,0.595825,0.041709832432388794,0.2566456141357776,3.2715800554750096e-17,-2.5153490401663703e-16,0,0,0.0412155339976456,0.2549603089064784
804,0.978399,0.39273,0.1728177918412257,0.15245597413741052,7.143028844195515e-17,8.673617379884035e-17,0,0,0.17275017987938,0.1518975600832715
805,0.940025,0.389318,0.16895168142218608,0.15142835589358583,-1.9449231721674343e-16,3.642919299551295e-16,0,0,0.1687748387469403,0.1508831773525107
806,0.918424,0.407048,0.16657810044125654,0.15801726738573052,1.5212711732687234e-16,1.249000902703301e-16,0,0,0.1663471893142013,0.1574593272740141
807,0.90165,0.385906,0.16511088717379607,0.15061427763430402,1.3490185531150886e-16,2.4286128663675294e-16,0,0,0.1648324768293234,0.1500470343545227
808,0.935198,0.42819,0.16814020574383903,0.16539102589013055,-5.9004992732092365e-16,-6.071532165918825e-16,0,0,0.167947110292792,0.1648394998018185
809,0.3884079999999999,0.940156,0.07818173107807525,0.33422595757292584,-2.7581425641673424e-16,7.806255641895632e-17,0,0,0.0778180291277106,0.3340375936409944
810,0.39182,0.97853,0.07862476792070083,0.3443487961194478,-2.8472504302184953e-16,-1.006139616066548e-16,0,0,0.0782588113389466,0.3442667882628012
811,0.3849949999999999,0.901781,0.07789416829473339,0.3241516871494241,-1.2522535092207576e-16,3.1918911957973246e-16,0,0,0.0775216056851606,0.3238441815104288
812,0.405227,0.918686,0.08143176004523411,0.3284036724944599,-1.031347316576836e-16,0.0,0,0,0.0810591482120795,0.3281507574024659
813,0.4254589999999999,0.93559,0.08495461085112765,0.3327371846535243,-2.238877486182567e-17,2.0296264668928643e-16,0,0,0.0845825884777438,0.3325339201273088
814,0.696764,0.645773,0.13466038031037897,0.24333969864528626,2.3879552848993238e-17,-9.540979117872439e-17,0,0,0.1341669276948903,0.2426310258527714
815,0.709567,0.678775,0.13563936660648324,0.2533063135924749,3.601990667539967e-16,1.9081958235744878e-16,0,0,0.1351754344515126,0.2526630654961786
816,0.68396,0.61277,0.1338423151173629,0.23334083100780845,-2.9013250135712094e-16,9.020562075079397e-17,0,0,0.1332916517050654,0.2325722433404441
817,0.709457,0.624197,0.13702046824619174,0.23617180954897776,2.9398141906944453e-16,-1.8041124150158796e-16,0,0,0.1365210926667331,0.2354407882913904
818,0.671157,0.579768,0.13318583460932132,0.2233036969555542,2.2253249590264974e-16,-3.261280134836397e-16,0,0,0.1325585749109032,0.2224732853049121
819,0.7221509999999999,0.6026209999999999,0.1393460177059751,0.2289139788481407,-4.0657581468206416e-16,-2.498001805406602e-16,0,0,0.1388442180258025,0.2281724367127999
820,0.734955,0.6356239999999999,0.14021794107975438,0.2391019385540858,7.733071995252862e-17,-1.214306433183765e-17,0,0,0.1397672858120517,0.2384031790675851
821,0.7809669999999999,0.532861,0.1487673975789221,0.20434702951752115,1.7664363895220079e-16,-1.4918621893400539e-16,0,0,0.1482930849901442,0.2036590701936384
822,0.744363,0.548497,0.14378667877463158,0.2106081712699961,-1.5916087892087203e-16,1.0928757898653883e-16,0,0,0.143247108919591,0.2098690413330994
823,0.733257,0.575559,0.14158124986579423,0.21982739731902257,2.2475511035624507e-16,2.5326962749261384e-16,0,0,0.1410562222943266,0.2190827850977246
824,0.70776,0.5641319999999999,0.1386040198867704,0.21693801681976765,-2.2177355438190996e-16,-3.3653635433950053e-16,0,0,0.1380065044198986,0.2161479178438703
825,0.758754,0.586986,0.14459841209827573,0.2228188734734431,-1.931506170282926e-16,-3.538835890992686e-16,0,0,0.1441405850142352,0.2221127124252698
826,0.598277,0.0603496999999999,0.15211513395479415,0.02808031305903569,4.81582276227327e-16,3.469446951953615e-18,0,0,0.1506440387613739,0.0278956594757764
827,0.594272,0.0229101999999999,0.15259255531418603,0.010733341769082472,6.279563457764481e-16,-4.683753385137379e-17,0,0,0.1511799315093715,0.0106510288109761
828,0.602281,0.0977892,0.15117577159253415,0.045120396302081645,3.027634566665771e-16,2.3592239273284576e-16,0,0,0.1496652001420293,0.0447950483724552
829,0.578264,0.0832598999999999,0.15092714502679883,0.03930334316100925,-2.416686642470189e-16,-1.3183898417423734e-16,0,0,0.1493227855410999,0.0390238470767711
830,0.6062859999999999,0.1352289999999999,0.14984400550019927,0.06173505887272768,-9.692767422020408e-17,2.775557561562892e-17,0,0,0.1483383635324073,0.0612689283963236
831,0.55825,0.10617,0.14947478967587813,0.05082966247573495,-5.315843251696427e-16,-6.93889390390723e-18,0,0,0.1477470874539718,0.0504409519242926
832,0.554246,0.0687306,0.15085061134232092,0.03328389680245891,2.8709673527416157e-16,1.249000902703301e-16,0,0,0.149173595725485,0.0330453499565242
833,0.821949,0.5143579999999999,0.1541608108964283,0.19710937217496394,1.3572686540213458e-16,-3.414152641156853e-16,0,0,0.1537450305738612,0.1964542809285589
834,0.836053,0.546516,0.15522952082392294,0.20766474916308653,3.072086855737677e-16,5.551115123125784e-17,0,0,0.1548789415917711,0.2070230912840485
835,0.806178,0.5379559999999999,0.15174165314238053,0.20542775918147527,-4.787294692609745e-16,1.0755285551056204e-16,0,0,0.1513244932508374,0.2047602016664462
836,0.865929,0.555076,0.1587383248806873,0.2100016776821576,-4.1782441222160133e-17,-1.1796119636642288e-16,0,0,0.1584635906630939,0.2094006842324583
837,0.8501579999999999,0.578674,0.15643390014702163,0.21811548247933388,-4.058981883242607e-17,0.0,0,0,0.1561326457997725,0.2175074697550449
838,0.8817,0.531478,0.16097920239553787,0.2018150565227188,-1.8408228229498808e-16,4.391018798566293e-17,0,0,0.1607259713840298,0.2012320042596628
839,0.834388,0.602271,0.1540619359948323,0.22614789873478003,2.187919984075748e-16,-4.163336342344337e-17,0,0,0.1537345304393332,0.2255466268483924
840,0.533839,0.805972,0.10554436330858152,0.29545103038890375,2.0841753886960407e-16,-1.481020167615199e-16,0,0,0.1051049261132527,0.2949223717447315
841,0.542583,0.834795,0.10645654422114603,0.3034445661396603,1.589169334320628e-16,1.0408340855860844e-16,0,0,0.1060380792076498,0.3030004647730441
842,0.5106699999999998,0.819307,0.10138978468603455,0.2996983960038051,-4.54009659728305e-17,-8.673617379884035e-17,0,0,0.1009594177473029,0.2992050756451831
843,0.574496,0.8502819999999999,0.1114743205398554,0.3073143839937984,3.866535997626431e-17,2.012279232133096e-16,0,0,0.1110623090756579,0.3069297788852203
844,0.5513259999999999,0.863618,0.10746966300939675,0.3114701348240487,3.793081300440537e-16,-5.377642775528102e-16,0,0,0.107066022861443,0.311112469576769
845,0.597665,0.836947,0.11543429447920062,0.3030960260221036,-1.6576434777766658e-17,3.9681799512969456e-17,0,0,0.1150100836170527,0.3026905534468366
846,0.5281559999999998,0.8769529999999999,0.10342634675907902,0.31555699204909615,-9.168284621080548e-17,8.326672684688673e-16,0,0,0.1030251515134574,0.3152364417988249
847,0.4357809999999999,0.307724,0.12350896093994379,0.1498278061626479,-5.122855264994009e-17,-4.8572257327350605e-17,0,0,0.1216212275826004,0.1482490840418558
848,0.4270379999999999,0.276025,0.12678804382449016,0.13897468929644674,-5.529431079676073e-17,0.0,0,0,0.1247156643493235,0.1374148290399064
849,0.4545569999999999,0.2925519999999999,0.127308459719643,0.141650625213515,-3.382710778154774e-17,1.3877787807814454e-16,0,0,0.1253961653744053,0.1401946241297319
850,0.418296,0.2443259999999999,0.13047234009718522,0.12747852102620527,7.892991815694472e-17,-6.245004513516506e-17,0,0,0.128176713607278,0.1259810461681167
851,0.473333,0.27738,0.13079973071580753,0.13343767810147256,1.214306433183765e-17,0.0,0,0,0.1288851461478572,0.1321066234980685
852,0.473331,0.780058,0.09591028274735436,0.28965542718651704,-1.5600314009350802e-16,-8.500145032286356e-17,0,0,0.0954293563117967,0.2890282799766586
853,0.454515,0.74528,0.09362447491730563,0.2806469191418728,-2.1304572689340162e-17,-2.5673907444456745e-16,0,0,0.0931067033974822,0.2798784386285245
854,0.42592,0.734854,0.08891287029837258,0.2787736927566584,-2.1963225509125104e-16,6.279698983036042e-16,0,0,0.0883885678668382,0.277932676099696
855,0.4356999999999999,0.7105019999999999,0.09149291516951052,0.2717943103198195,3.7063451266416964e-16,-4.597017211338538e-16,0,0,0.0909339095489455,0.2708924305936855
856,0.41614,0.759206,0.08640279280371033,0.2856549564166926,3.0048663210435755e-16,-1.6653345369377348e-16,0,0,0.0859021130692015,0.2848790286478019
857,0.397324,0.7244279999999998,0.08411664466257207,0.27699585500522517,4.250072516143178e-17,3.1918911957973246e-16,0,0,0.0835778097455394,0.276085297274418
858,0.4168839999999999,0.6757239999999999,0.08954027656545804,0.2631096432887716,1.774296855272528e-16,4.510281037539698e-17,0,0,0.0889137397328122,0.2620930407185435
859,0.53473,0.7821329999999999,0.10622084784699837,0.2886545158617082,-2.683400376901624e-18,2.1857515797307767e-16,0,0,0.1057534048515533,0.2880661561102799
860,0.566643,0.797621,0.11111639943192131,0.2923412876407383,-2.5798590694292573e-16,5.065392549852277e-16,0,0,0.1106633825016121,0.2918153088784731
861,0.599447,0.78927,0.11656049052544404,0.28920850704889745,1.0218097255907528e-16,-2.6768951638667104e-16,0,0,0.1161057074564859,0.2886919031514479
862,0.5985559999999999,0.8131089999999999,0.1159704473830061,0.2961651860678103,-4.570488139430534e-16,-1.4051260155412135e-16,0,0,0.1155324288218306,0.2957056335392588
863,0.600338,0.7654309999999999,0.11721046260208823,0.2822142935474403,1.4986384529180883e-16,6.886852199627923e-16,0,0,0.1167311021030136,0.2816443174741151
864,0.632251,0.780919,0.12186684663174674,0.2860745860962197,-1.9331324735416544e-16,-2.775557561562892e-17,0,0,0.1214366836092285,0.2855615700079335
865,0.630469,0.828596,0.12077262930688448,0.3001338252797723,2.7012897127476343e-16,5.585809592645319e-16,0,0,0.1203705080144974,0.2997201959998775
866,0.5169759999999999,0.174657,0.14373322608298622,0.08519531798083335,-3.052029115546695e-16,-1.4918621893400539e-16,0,0,0.1417099762283958,0.0843838222045885
867,0.546746,0.1615139999999999,0.1459143420051987,0.07691576436627656,-6.949735925632083e-17,1.2576745200831851e-16,0,0,0.1440745791096156,0.0762738564123398
868,0.5409939999999999,0.1891859999999999,0.1436737286603602,0.08964758040383458,3.5637725409598526e-16,4.336808689942018e-17,0,0,0.1417797622764316,0.0888594461451822
869,0.552498,0.1338419999999999,0.1478618334474504,0.06395902676740661,-7.947201924318748e-17,-7.28583859910259e-17,0,0,0.1460733116668827,0.063450142332016
870,0.576516,0.148371,0.14792758497060277,0.06911063374718651,1.0901652844341747e-16,5.204170427930421e-17,0,0,0.1462655400389333,0.0685787557305135
871,0.52848,0.119313,0.1480326953169424,0.058679028414189816,2.3722343533982837e-16,3.469446951953615e-17,0,0,0.146134865470117,0.0581787960388384
872,0.600534,0.1629009999999999,0.14823992940364406,0.07415749307256192,-7.9770174840621e-17,6.852157730108388e-17,0,0,0.146695143025008,0.0735934482336229
873,0.3550599999999999,0.702164,0.07708105925121345,0.27280265209265053,-2.6595479291069424e-16,-4.0939474033052647e-16,0,0,0.0765043631919602,0.2718166700596511
874,0.324147,0.715384,0.07063107643625699,0.27741231268737465,3.059076429667851e-16,8.153200337090993e-16,0,0,0.0701118757388463,0.2764654407845251
875,0.3859719999999999,0.688944,0.08339194016298279,0.2680312608717941,-2.4231918555051024e-17,1.457167719820518e-16,0,0,0.0827801971283945,0.2670237952381795
876,0.376192,0.713296,0.08062878283089958,0.2748539402964525,1.945871849068359e-16,-3.122502256758253e-17,0,0,0.0800656549226703,0.273910122978041
877,0.366412,0.7376479999999999,0.07794765970902517,0.2815844743163325,2.605337820482667e-16,6.279698983036042e-16,0,0,0.077426264709983,0.2807092269286134
878,0.795072,0.565018,0.1497696220612852,0.21469470535521396,2.2167868669181743e-16,-8.326672684688674e-17,0,0,0.1493515302958846,0.2140268721839662
879,0.809177,0.597176,0.15091169421430095,0.2249566824757494,-5.103881726975512e-17,-1.006139616066548e-16,0,0,0.1505374059027484,0.2243293029425422
880,0.783965,0.5920809999999999,0.14775711475704156,0.22384530695853755,1.0771548583643488e-16,-2.775557561562892e-17,0,0,0.1473410632051491,0.2231839232013294
881,0.823281,0.629334,0.15217069267237093,0.23514386656461284,3.343543974673735e-16,-5.551115123125784e-17,0,0,0.1518376440514885,0.2345718236023545
882,0.7728589999999999,0.619143,0.1457052590121748,0.2328840706613846,5.0523821237824507e-17,1.5612511283791264e-17,0,0,0.1453014820150127,0.2322363834816733
883,0.666522,0.3537569999999999,0.14272614718356635,0.14642406252824003,-1.8556120182089406e-16,1.1188966420050406e-16,0,0,0.1417106856727143,0.1455742938549909
884,0.6703719999999999,0.3225219999999999,0.14468951839808142,0.13460126056088484,-6.722053469410129e-17,-1.89084858881472e-16,0,0,0.143620768273026,0.133802224240081
885,0.662672,0.384991,0.1407439389731735,0.15797119475610089,-1.3964523981613295e-16,-1.1796119636642288e-16,0,0,0.1397657964531378,0.1570900997357046
886,0.628958,0.374205,0.1378045635210583,0.15605147732276237,-8.4893030105615e-17,-6.245004513516506e-17,0,0,0.1367072152840832,0.1550977550848396
887,0.6588209999999999,0.4162259999999999,0.13875075944815762,0.169263955882343,-6.570265165262157e-17,-5.898059818321144e-17,0,0,0.1378039230164512,0.1683553281217351
888,0.5913939999999999,0.394654,0.1324690715991892,0.16581041195604485,1.4463256980956627e-16,-2.6714741530042824e-16,0,0,0.1313200347141645,0.1647687448304736
889,0.595244,0.3634189999999999,0.13497416178142885,0.15440332317666616,1.5102936262723074e-16,0.0,0,0,0.1337508260860454,0.1533581857423847
890,0.1654809999999999,0.539181,0.04472498998802621,0.2451090578979347,3.253690719628999e-16,-1.5612511283791264e-16,0,0,0.0441725600316476,0.2431024146887262
891,0.179049,0.506661,0.05036188889062032,0.23770169765339233,5.572799166575493e-17,1.1080546202801855e-16,0,0,0.0496835803654783,0.2355552129503272
892,0.1519129999999999,0.571701,0.03958643762234715,0.25237448714324273,1.6913553890773867e-16,5.065392549852277e-16,0,0,0.0391095460090707,0.2505281263256941
893,0.138493,0.5475769999999999,0.037405653103633085,0.24835257313679904,-2.542183043935386e-16,-4.145989107584569e-16,0,0,0.0369498152645073,0.2463351557705199
894,0.1250739999999999,0.523453,0.03515689975756686,0.2445921404287219,1.8465318250143747e-18,-1.1557595158695475e-16,0,0,0.0347231866202925,0.2423944256940399
895,0.4381869999999999,0.7940629999999999,0.08940313174389303,0.29441739575122483,4.5048600266772715e-17,1.3183898417423734e-16,0,0,0.0889366560089928,0.293792248174571
896,0.4030429999999999,0.8080669999999999,0.08275663637323305,0.2990519723389298,-2.8731357570865868e-16,1.8214596497756478e-17,0,0,0.0823101921136604,0.2984446059919463
897,0.409592,0.783636,0.08454363001510501,0.2923802763107233,-1.4117667538476875e-16,5.637851296924623e-17,0,0,0.084069764355078,0.2916867963252231
898,0.3679,0.822072,0.075973374187015,0.3035499029792845,2.459512628283367e-16,-4.510281037539698e-17,0,0,0.0755551305644204,0.3029844612063851
899,0.380996,0.77321,0.07959201929043047,0.290429720596876,-1.2902005852577503e-16,6.314393452555577e-16,0,0,0.07912062734234,0.2896694173196343
900,0.731396,0.292395,0.15142157518130261,0.12032577992795268,-1.1346175735060804e-16,-9.714451465470121e-17,0,0,0.150508845724257,0.1196956043840713
901,0.766038,0.307215,0.153929069165315,0.1246952451474499,5.524010068813645e-17,1.942890293094024e-16,0,0,0.1531619201331147,0.1240907874901591
902,0.789497,0.297536,0.15629083848034497,0.12029502601944841,-1.186523752513824e-16,-7.28583859910259e-17,0,0,0.1555876912614693,0.1197245422330937
903,0.800679,0.3220339999999999,0.15663198004040169,0.1292022796405945,-3.9642497184216863e-16,-1.0755285551056204e-16,0,0,0.1559912075115936,0.1286133960645954
904,0.7783149999999999,0.2730389999999999,0.15602563228458166,0.1112630559655372,3.279440521225529e-16,-4.510281037539698e-17,0,0,0.1552513887033937,0.1107218415309645
905,0.812957,0.287858,0.1585873346484732,0.11597693432122469,-1.5257435072302259e-16,-1.249000902703301e-16,0,0,0.1579491344352825,0.1154374253931458
906,0.8353209999999999,0.3368539999999999,0.15949455139343627,0.13383813749533147,1.9659295892593407e-16,4.163336342344337e-17,0,0,0.1589820868393883,0.1332556005521784
907,0.5636419999999999,0.2044759999999999,0.14376402278139722,0.0944970601121895,-7.600257229123386e-17,1.1102230246251563e-16,0,0,0.1420095854154672,0.0936986979348805
908,0.533873,0.217619,0.14103059731132817,0.10253529984038323,1.9374692822315962e-16,1.5959455978986623e-16,0,0,0.1391247119094863,0.1015733410043037
909,0.593412,0.191333,0.14628725172951818,0.08682676366879605,2.3215479018345864e-16,-4.250072516143178e-17,0,0,0.1446849613356584,0.0861552536054346
910,0.586291,0.2197659999999999,0.1440894378174562,0.09928991011111066,-1.5720931501039814e-16,5.2909066017292616e-17,0,0,0.1424708960157991,0.0985014813973883
911,0.623182,0.1781899999999999,0.14866590188466944,0.07950956441345625,-1.9396376865765674e-16,8.326672684688674e-17,0,0,0.1471987641843444,0.0789311678898359
912,0.608939,0.2350549999999999,0.14462236483814195,0.10405147125129588,4.456070928915423e-17,1.3183898417423734e-16,0,0,0.1431407775178931,0.1032837898825718
913,0.579169,0.248198,0.1416595455229981,0.11148961319122463,-7.827939685345342e-17,0.0,0,0,0.1400841025722743,0.1106042288541632
914,0.85233,0.499389,0.15803414391120896,0.19137803882040316,6.69494841509799e-17,1.734723475976807e-16,0,0,0.1576624410139779,0.1907589650946113
915,0.882711,0.4844189999999999,0.16175828111590818,0.18571059092937503,1.592129714471282e-16,3.7838655819744105e-17,0,0,0.1614515775216404,0.1851242260555668
916,0.882205,0.5079489999999999,0.16136908609769307,0.1938033295009518,-2.300329726505866e-18,-1.5287250632045613e-17,0,0,0.1610844349824846,0.1932181920738723
917,0.913092,0.469449,0.1653468586591771,0.18012379750143737,4.367030825500051e-16,3.122502256758253e-17,0,0,0.1651205297383098,0.1795572950830491
918,0.912081,0.516509,0.16474417187419022,0.1963493287548772,1.8566962203814263e-18,-1.9775847626135598e-16,0,0,0.1645496425129046,0.1957841507665255
919,0.4957579999999999,0.8502159999999999,0.09829985394026153,0.3085931421665009,3.038341063119065e-16,3.9898639947466563e-17,0,0,0.0978871175352277,0.308175790084702
920,0.5045009999999999,0.879039,0.09938828900340013,0.31646233797073364,-1.144781968873132e-16,-1.4224732503009818e-16,0,0,0.0989855302487981,0.3161307093192623
921,0.480846,0.881125,0.09528816631063819,0.3173713453288656,4.43574213818132e-17,3.642919299551295e-16,0,0,0.0948877356262249,0.3170208396280687
922,0.513244,0.907862,0.10055334900971502,0.32438370457384735,1.881870039573824e-16,9.020562075079397e-17,0,0,0.1001694827668625,0.3241314711190744
923,0.465934,0.912034,0.0923363696783781,0.3260270352475345,3.038747638933748e-16,8.847089727481716e-17,0,0,0.0919620840914889,0.325749624291713
924,0.508631,0.225224,0.13882364745950326,0.10814619780285284,-1.3032110113275763e-16,3.469446951953615e-18,0,0,0.1368322927287956,0.1070874248514351
925,0.47852,0.2315909999999999,0.136273280630121,0.11408596800174564,-1.1194387430912833e-17,-1.1926223897340546e-16,0,0,0.1341775287481216,0.1129220143211505
926,0.481113,0.2086969999999999,0.1388736367225647,0.10391573241213337,1.301042606982605e-16,1.9081958235744878e-16,0,0,0.1366857981813958,0.102854724846903
927,0.475926,0.2544859999999999,0.13357297304901294,0.12393122591311112,-3.404394821604484e-17,-7.979727989493313e-17,0,0,0.1315649378218815,0.1226719100938158
928,0.4484079999999999,0.237959,0.13351857714587823,0.12051394343143329,-1.1882855810441126e-16,7.979727989493313e-17,0,0,0.1313172245652833,0.1192046266555455
929,0.503445,0.271013,0.1339965739462059,0.1275261402479373,-1.8713329497099807e-16,7.28583859910259e-17,0,0,0.1321568592600555,0.1263357223829964
930,0.420889,0.2214309999999999,0.13390790950506926,0.1173346628784202,-1.6057034174510318e-16,1.4224732503009818e-16,0,0,0.1314762919156014,0.1159427958812595
931,0.133772,0.196102,0.09678753223852254,0.19526060004136525,1.855286757557195e-15,-2.5543803183758484e-16,0,0,0.0945013356250059,0.1896888637470701
932,0.139408,0.1685379999999999,0.11282092774854391,0.18492334135225974,5.924080670460795e-16,-1.2281842209915794e-15,0,0,0.1096960838470929,0.179438841920411
933,0.1601279999999999,0.179209,0.1146500531831407,0.17712111864238977,1.1600963245594895e-15,-6.83481049534862e-16,0,0,0.1114885885589403,0.1723930862390304
934,0.118688,0.157867,0.10972150260568014,0.19446542410878465,-2.0339632755828063e-16,-3.1710745140856038e-15,0,0,0.1069031091769533,0.1881665544199182
935,0.145045,0.1409739999999999,0.13085299437807407,0.1702016195631586,-1.9177368026923602e-15,-1.7312540290248537e-15,0,0,0.1265567046325966,0.1656552302953332
936,0.0923310999999999,0.174759,0.0847410404276161,0.2136318996490445,-1.6004992470231016e-15,-9.62988369601625e-15,0,0,0.0840522812322587,0.2077172902264748
937,0.171401,0.124082,0.14666996405867394,0.14322822651593015,-5.4539706084710815e-15,1.214306433183765e-16,0,0,0.1421828938156541,0.1411828820800754
938,0.0226308,0.336552,0.01038390732719563,0.2284069191373419,1.524930355600862e-16,1.6306400674181987e-16,0,0,0.0101571490474002,0.2252268534257325
939,0.0596681,0.3399909999999999,0.026544583481154405,0.22601759107783437,4.437639491983169e-16,-2.0816681711721683e-16,0,0,0.0262019209965237,0.2225799609392663
940,0.0370373,0.3605809999999999,0.015542722510872409,0.22885638795560226,3.0319713753557127e-16,1.3877787807814454e-16,0,0,0.0153810318135621,0.2256261532286338
941,0.0822988999999999,0.3194,0.03871933168557007,0.22213297712733038,6.36209834814494e-16,3.538835890992686e-16,0,0,0.038170138656599,0.2184868637317191
942,0.0967052999999999,0.3434289999999999,0.04144259945314843,0.2218220136128366,4.026726868611164e-16,4.735795089416683e-16,0,0,0.0408096479069565,0.2183781027182085
943,0.0678924,0.2953709999999999,0.035434329554846045,0.22336072943289764,1.0592655225183378e-15,5.759281940243e-16,0,0,0.0350239421801107,0.2195126925891774
944,0.10493,0.2988089999999999,0.05197509999197791,0.21679309871979058,8.582544397395252e-16,4.57966997657877e-16,0,0,0.051196827228981,0.2129662732931443
945,0.133743,0.346868,0.05472046064824099,0.21640348009532318,1.5937771935536915e-16,2.0816681711721685e-17,0,0,0.0537972475601829,0.2130808687736673
946,0.111112,0.367458,0.04376249866618309,0.22230454557575285,1.973247953923618e-17,-4.597017211338538e-16,0,0,0.0430909481975371,0.2190758806425325
947,0.342067,0.832959,0.07089182923664339,0.3069193491828628,-1.1825257570027836e-16,-5.898059818321144e-17,0,0,0.0705011783371394,0.3063672170594243
948,0.348615,0.808528,0.07264075992861763,0.3004804864176549,2.328324165412621e-16,-8.673617379884035e-17,0,0,0.0722283370094143,0.2998458373875163
949,0.3293309999999999,0.794985,0.06927522624027915,0.29747937188949436,-9.592478721065502e-17,-2.9837243786801077e-16,0,0,0.0688631413416242,0.2967854252234839
950,0.3551639999999999,0.784097,0.0744704335811548,0.2939995744964108,1.046255096448512e-17,-3.469446951953614e-16,0,0,0.0740282036359646,0.2932809245726643
951,0.303499,0.805872,0.06401800991443451,0.3008606039220467,-1.6414143265072734e-16,2.5153490401663703e-16,0,0,0.0636340295212932,0.3001884031489658
952,0.310047,0.781441,0.06587356007366907,0.2945445743971504,4.68985202235761e-17,1.3791051634015616e-16,0,0,0.0654577591743466,0.2937985392616058
953,0.3617119999999999,0.7596669999999999,0.07637881909613498,0.28747115936130285,-1.700638870179294e-16,1.9862583799934439e-16,0,0,0.0759021359268522,0.2866701818953801
954,0.539255,0.464272,0.12132410505364533,0.19317613617749885,9.64939933512099e-17,7.28583859910259e-17,0,0,0.120188184833221,0.1920005210403943
955,0.52481,0.49328,0.11735318650607951,0.2035439070314169,-9.177771390089795e-17,3.469446951953615e-17,0,0,0.116252510136548,0.2023469490021245
956,0.5536999999999999,0.4352639999999999,0.1252170367006329,0.18249694252153859,3.057450126409122e-16,-1.0408340855860844e-17,0,0,0.1240526155333941,0.1813618836551884
957,0.564166,0.4576529999999999,0.12503545329855115,0.18921791564207524,-1.7070763205784267e-16,1.214306433183765e-16,0,0,0.1239321938306551,0.1881199764188693
958,0.568145,0.406256,0.12900790098501602,0.1715315088222269,-3.2677853478713104e-16,-1.6653345369377348e-16,0,0,0.1278272298528331,0.1704353362939619
959,0.5890769999999999,0.4510339999999999,0.1286049043192179,0.18534442782402039,-2.0263738603754078e-16,6.93889390390723e-17,0,0,0.1275403554790078,0.1843187394422129
960,0.574632,0.480042,0.12499474561627721,0.19590200914535671,8.234515500027407e-17,-1.4918621893400539e-16,0,0,0.1239471215049858,0.1948385583177816
961,0.571725,0.976444,0.10994722037139582,0.3433096439111978,-4.3752978670652527e-16,6.245004513516506e-17,0,0,0.1095914585434104,0.3432494931043638
962,0.540475,0.976444,0.10473781879409216,0.343370579124894,-2.0390454732663319e-16,2.0816681711721685e-17,0,0,0.1043721274812131,0.3433260293869212
963,0.5496999999999999,0.952888,0.10636900900863111,0.3367169644043315,-3.4905211316813007e-16,2.0816681711721685e-17,0,0,0.1060061557370329,0.3366032862476713
964,0.509225,0.976444,0.09944041943526827,0.34345199074596167,2.9940581806366107e-16,3.261280134836397e-16,0,0,0.0990617572344738,0.3434040481933712
965,0.5276739999999999,0.929332,0.10281020819093101,0.330248664424289,-2.4283418158244086e-16,5.863365348801608e-16,0,0,0.1024375433241157,0.3300628718075595
966,0.977894,0.5412599999999999,0.17236981773748994,0.20433542890987155,-3.573530360512222e-16,1.2834243216797159e-16,0,0,0.1723201347876316,0.2037713949027668
967,0.977894,0.5100099999999999,0.17244284720072756,0.19368211279652314,-1.9556931960917727e-16,-4.206704429243757e-17,0,0,0.1723948890077964,0.1931144633277212
968,0.977894,0.5725099999999999,0.17229339585173875,0.21485502566793002,-4.243414837177759e-16,-2.324529457808921e-16,0,0,0.1722470624991198,0.2142995214451168
969,0.955788,0.551269,0.16969411651371047,0.20779433492862154,2.3075887988638355e-16,-7.979727989493313e-17,0,0,0.1695908529592138,0.2072416428083784
970,0.933682,0.5300289999999999,0.1671717315512069,0.20075293145418982,-1.4222996085467947e-16,2.8438622984294776e-16,0,0,0.1670322836869268,0.2001884263953079
971,0.0370368999999999,0.112216,0.06570297844882589,0.25143223398481496,-5.642101369440767e-13,-1.8308132787581144e-12,0,0,0.0674284442803837,0.2455572104131909
972,0.0547146,0.104894,0.09754410687310155,0.2359936176217161,-2.713844638379745e-13,-4.342686149919062e-13,0,0,0.0974348892254749,0.2291934048009765
973,0.0534830999999999,0.124722,0.07994009877438657,0.23741411804803647,2.5595919426937147e-14,6.857145060101821e-15,0,0,0.080746964201092,0.231332858062733
974,0.643843,0.312875,0.14280561035411665,0.13245021759939846,0.0,-1.734723475976807e-16,0,0,0.141617383188684,0.1316065708080503
975,0.6814069999999999,0.2924269999999999,0.14715149243420456,0.12256982509279624,-1.8171228410857052e-16,-1.249000902703301e-16,0,0,0.1460601866097371,0.1218559594107143
976,0.6062779999999999,0.333324,0.1380859754690391,0.14257503677799832,-1.0408340855860844e-17,8.673617379884035e-18,0,0,0.1368052604576395,0.1415858166578216
977,0.617313,0.303229,0.1410326931727468,0.13044460664968938,5.547862516608326e-16,2.827599265842196e-16,0,0,0.1397208319640942,0.1295442349659739
978,0.568714,0.3537719999999999,0.13288496742461575,0.15289693645900115,3.249353910939057e-16,7.28583859910259e-17,0,0,0.1315721852840321,0.1517740765623522
979,0.590783,0.293582,0.13936489410843933,0.12858773858170025,-6.08454259198865e-16,-3.4000580129145414e-16,0,0,0.1379413589838288,0.1276237751128219
980,0.6283469999999999,0.2731339999999999,0.1437845944892615,0.11804561690951232,8.131516293641283e-18,-1.3183898417423734e-16,0,0,0.1424767273870209,0.1172503898637595
981,0.833736,0.655789,0.15315075166290626,0.24350626644445583,-2.0369448315571412e-16,6.93889390390723e-18,0,0,0.1528530766008255,0.2429725384703032
982,0.808524,0.6506939999999999,0.14985109053668566,0.24228226771811023,-2.938594463250399e-16,6.93889390390723e-18,0,0,0.1495181696267494,0.2417295842491314
983,0.793768,0.672054,0.14749552140710875,0.2493646368966438,-4.10289207122827e-16,-3.139849491518021e-16,0,0,0.1471508357554006,0.2488229374088275
984,0.783313,0.645598,0.14655710206716321,0.241140735859517,2.0107884541459287e-16,1.786765180256111e-16,0,0,0.1461809191287687,0.2405488346613691
985,0.8042219999999999,0.698509,0.14851824208744802,0.2575659215217456,1.032702569292443e-17,4.57966997657877e-16,0,0,0.1481980934874558,0.2570647923104742
986,0.779011,0.6934139999999999,0.14510544366203249,0.25638822227483615,1.417594340524797e-17,-1.3877787807814457e-17,0,0,0.1447433831319738,0.2558545461921046
987,0.758102,0.640503,0.1432568850577809,0.2400802136398852,-1.1329912702473521e-17,-1.873501354054952e-16,0,0,0.1428374906280218,0.2394318452575907
988,0.0596507999999999,0.383489,0.02315947163151577,0.22910895579843782,2.298508605669269e-16,-4.3715031594615534e-16,0,0,0.0228711630112395,0.2259590790133024
989,0.0226136,0.380051,0.008959750295616686,0.2307173301524017,2.0689287956454638e-16,-3.1918911957973246e-16,0,0,0.0088776809529754,0.227675606818652
990,0.0966880999999999,0.3869279999999999,0.036464472897932865,0.22619598446181044,2.5131806358213993e-16,-7.806255641895632e-17,0,0,0.035950448113786,0.2230688814649529
991,0.0822644,0.406397,0.029733107148786075,0.22972088269307278,2.6291902682773486e-17,-3.712308238590367e-16,0,0,0.0293241560688314,0.2266961735940673
992,0.0678407,0.425866,0.023531468366854824,0.2330078952072654,-1.8480226030015423e-16,-2.0816681711721683e-16,0,0,0.0231817187039865,0.2300764950126165
993,0.3194469999999999,0.737403,0.0689645145466784,0.2831473277765326,-1.2224379494774062e-16,-6.522560269672794e-16,0,0,0.0684868349523511,0.2822707054163863
994,0.298315,0.726272,0.06517091640853323,0.2810935531742871,1.6428373418586606e-16,3.6082248300317592e-16,0,0,0.0646845528058338,0.2801764774115649
995,0.3405799999999999,0.748535,0.07270000560674816,0.2852730475133285,6.472686969738461e-17,4.8572257327350605e-17,0,0,0.0722223933202677,0.2844364973493676
996,0.314747,0.759422,0.06738211360061541,0.2888570984941907,6.2341624917916505e-18,-4.163336342344337e-17,0,0,0.066936449767035,0.2880464314259713
997,0.2889149999999999,0.77031,0.06199957775243092,0.29233153391396627,8.914852363262061e-17,-2.324529457808921e-16,0,0,0.0615830200613582,0.2915397788535361
998,0.1956519999999999,0.644093,0.04663030656229239,0.26570724666817114,-2.6356954813122613e-16,6.245004513516506e-17,0,0,0.0461682833766294,0.2642568888089995
999,0.163992,0.652008,0.0391670521494234,0.2686944691813551,8.776616586270158e-17,1.4918621893400539e-16,0,0,0.0387688289005777,0.2672533533607175
1000,0.227311,0.6361769999999999,0.05397912302578334,0.26249870483297855,4.4994390158148434e-17,-1.9081958235744878e-16,0,0,0.0534536895962683,0.2610435694449981
1001,0.20788,0.667757,0.04843179852468893,0.2705499237636104,8.375461782450522e-17,-2.0469737016526324e-16,0,0,0.0479830775259136,0.2692112431622865
1002,0.258971,0.6282619999999999,0.061179357799119316,0.25904340093256906,-8.334804200982315e-17,-1.3097162243624894e-16,0,0,0.0605924978240352,0.2576214907815703
1003,0.220108,0.69142,0.05024275074538309,0.2755450528638903,-1.4486296277121946e-16,8.933825901280558e-17,0,0,0.0498010215893921,0.2743192115237763
1004,0.188448,0.6993359999999998,0.04313854734937195,0.27842580334981903,4.1904413966564746e-17,2.1857515797307767e-16,0,0,0.0427554863180755,0.2772015744267634
1005,0.732715,0.6836539999999999,0.13881486863829195,0.25428289553383365,1.325030580048847e-16,-9.540979117872439e-17,0,0,0.1383767457999168,0.2536682324406984
1006,0.720021,0.70523,0.13655646285042167,0.2612688768422231,2.000353008235756e-16,-2.324529457808921e-16,0,0,0.1361091578642613,0.2606797576629206
1007,0.7454089999999999,0.6620789999999999,0.14104933812632225,0.24722063983790576,-4.210228086304335e-16,1.5959455978986623e-16,0,0,0.1406199987035299,0.2465845240997711
1008,0.755863,0.6885339999999999,0.14196823735255748,0.25530923885526136,-1.4764123083821354e-16,2.4806545706468337e-16,0,0,0.1415651992794178,0.2547330347486965
1009,0.766317,0.7149889999999999,0.14296305034076795,0.26337837195023894,1.5422775903606298e-16,-9.367506770274758e-17,0,0,0.142592462113556,0.2628572632189137
1010,0.407409,0.0265291999999999,0.1542985229025362,0.016009618469979614,2.437286483747414e-16,0.0,0,0,0.1521165112869885,0.0158818059581161
1011,0.439551,0.0265291999999999,0.15283316890418064,0.015107438957784325,2.455175819593425e-16,1.1102230246251563e-16,0,0,0.1508092744512123,0.0149462135459918
1012,0.4255309999999999,0.0530583999999999,0.1523602801025845,0.03079648900893517,3.239053990300444e-16,3.05311331771918e-16,0,0,0.1501172157268747,0.030476877556974
1013,0.471694,0.0265291999999999,0.151979935952113,0.014343571063363925,2.1819568721270774e-16,1.3877787807814457e-17,0,0,0.1500756338318649,0.0141797471816997
1014,0.4436539999999999,0.0795875,0.15025310628698207,0.04440191114554182,1.571008947931496e-16,2.012279232133096e-16,0,0,0.1479873096396539,0.0439202201569148
1015,0.18409,0.179505,0.1210378320683958,0.1652754104579799,-5.056718932472393e-16,-5.464378949326943e-17,0,0,0.1176699990738362,0.1615963997014967
1016,0.178454,0.207069,0.10793444320734125,0.17767493080464192,8.953341540385294e-16,-1.0581813203458523e-16,0,0,0.1051108617782161,0.1734577841347674
1017,0.189727,0.1519409999999999,0.13489771899185143,0.14957954763667658,-2.6302744704498338e-15,-3.2265856653168607e-16,0,0,0.131013934660889,0.1468583131405729
1018,0.2080529999999999,0.1798009999999999,0.1257244065636769,0.15449786515091546,-8.03610650246256e-16,2.949029909160572e-16,0,0,0.1223655454656204,0.1515513257245218
1019,0.195363,0.124378,0.14877565418646554,0.1299363259167876,-4.4911990793039536e-15,1.061650767297806e-15,0,0,0.1447226323502123,0.1284431888989787
1020,0.232015,0.180097,0.1291383150673937,0.14483352086972445,-8.88178419700125e-16,4.822531263215524e-16,0,0,0.1258719770632721,0.1423334583890158
1021,0.226378,0.20766,0.11858490100712515,0.15881715046270983,9.172350379227369e-17,2.5153490401663703e-16,0,0,0.1156553531672952,0.1558657413696862
1022,0.150153,0.494288,0.04371989957871847,0.2376181191939395,-1.2630955309456127e-16,-1.0408340855860844e-17,0,0,0.0431278116187391,0.2353235322567562
1023,0.123166,0.502684,0.03581215688609518,0.24099866149481386,-3.0235688085189505e-17,1.6740081543176186e-16,0,0,0.0353366431369633,0.238671756144609
1024,0.121258,0.481916,0.03657544888847042,0.23756951410905458,-1.2282655361545158e-16,1.773754754186285e-16,0,0,0.0360752672408065,0.2351109326703569
1025,0.0961782999999999,0.5110799999999999,0.027860354028234724,0.2439511905249674,4.4777549723651333e-17,1.0755285551056204e-16,0,0,0.027515219202418,0.2416090283446071
1026,0.0923622999999999,0.4695429999999999,0.02886436846165452,0.2374871188076213,-6.98226199080665e-17,-2.289834988289385e-16,0,0,0.0284919070918586,0.2348128381508299
1027,0.2733329999999999,0.482609,0.07479765947209671,0.22359814774245024,-2.3581397251559717e-16,-6.453171330633721e-16,0,0,0.0737591687766679,0.2216164308054683
1028,0.249609,0.5061069999999999,0.06735459028277546,0.23140372646957985,5.833007687972014e-17,2.1857515797307767e-16,0,0,0.0664603262109291,0.2294566586936781
1029,0.2970559999999999,0.45911,0.08225583282182924,0.21522660870687105,-3.433668280261592e-16,-3.3306690738754696e-16,0,0,0.0810710354906405,0.2132310728531056
1030,0.316906,0.49045,0.08306278224335983,0.22105149080744013,-9.54097911787244e-18,-2.775557561562892e-17,0,0,0.0819861158060997,0.219233519951504
1031,0.32078,0.435611,0.08963731116091367,0.2062554657459259,-2.5630539357557325e-16,2.8796409701215e-16,0,0,0.0883387905917754,0.2042846732328408
1032,0.3604789999999999,0.498292,0.09064116209628992,0.2188469453540165,-8.868773770931426e-17,2.636779683484747e-16,0,0,0.0895470779885966,0.2171668906912711
1033,0.336755,0.521791,0.084144856169587,0.22728014926542528,-1.562335330551612e-16,-1.9081958235744878e-16,0,0,0.0831651642372498,0.2256367915297901
1034,0.27743,0.7089389999999999,0.061577300119097345,0.2775893717771396,1.4165101383523115e-16,-3.295974604355933e-16,0,0,0.0610802559845219,0.2765576540565938
1035,0.2712769999999999,0.6820469999999998,0.06133269482234027,0.27130536671029404,1.7683337433238575e-16,-4.163336342344337e-17,0,0,0.0608077974300107,0.2701457542333388
1036,0.2456919999999999,0.6867339999999998,0.05583700611896347,0.2734821396297775,1.0625181290357943e-16,-1.0408340855860844e-17,0,0,0.055350544441409,0.2722783203353448
1037,0.265124,0.655154,0.06119408876111265,0.2651194531354122,2.346213501258632e-16,-4.510281037539698e-17,0,0,0.0606397132339321,0.2638306643362524
1038,0.2262609999999999,0.7183129999999999,0.050676858896622434,0.2816299981204793,-2.6156377411212798e-17,4.475586568020161e-16,0,0,0.0502623621169914,0.2805319809960348
1039,0.615589,0.5759229999999999,0.12566425593104213,0.22438415559008718,-3.061515884555943e-16,-3.1918911957973246e-16,0,0,0.1249469599322954,0.223472401743097
1040,0.60406,0.552193,0.12511869984155055,0.2174445771961473,-1.9298798670241976e-17,2.60208521396521e-16,0,0,0.1243289392325022,0.2164804209244681
1041,0.57399,0.5597739999999999,0.12051259211148135,0.22136846621287987,2.3201926491189798e-17,5.20417042793042e-16,0,0,0.1196919074516821,0.220355390171452
1042,0.592531,0.528463,0.12469902199518401,0.21049798087915406,-4.678332374274952e-17,-3.0184188481996443e-16,0,0,0.1238244498767168,0.2094896095500668
1043,0.5554489999999999,0.5910849999999999,0.11625671337242238,0.23195441107964143,2.0738077054216486e-16,-1.873501354054952e-16,0,0,0.1155146698362788,0.2309590955925551
1044,0.5439199999999998,0.567355,0.11572145414538682,0.22533858753740788,3.9227789853241157e-16,5.898059818321144e-17,0,0,0.1148951828077197,0.2242769105535264
1045,0.581002,0.504734,0.12440744981722673,0.20353724726010114,1.6569319701009722e-16,7.806255641895632e-17,0,0,0.1234409428194666,0.2024941921643904
1046,0.289497,0.132978,0.14675764000276104,0.0996423474985022,-8.42641928455734e-16,1.1934897514720433e-15,0,0,0.1432965731043944,0.0980400392348031
1047,0.2581189999999999,0.130111,0.14784666342893615,0.10741135965508875,-2.59839892657876e-15,1.6167622796103842e-15,0,0,0.1441754623895874,0.105610920549542
1048,0.245067,0.1551039999999999,0.13921239614137448,0.12700755865080282,-2.4286128663675295e-15,5.20417042793042e-16,0,0,0.1356844543207084,0.1248433230775798
1049,0.226741,0.127244,0.14870089256146457,0.11730853724293411,-6.320464984721497e-15,1.231653667943533e-15,0,0,0.1448502352277001,0.1154599449031881
1050,0.2633929999999999,0.1829629999999999,0.1315001173352357,0.1350225128717284,-9.302454639925628e-16,2.498001805406602e-16,0,0,0.1283400666127618,0.1326985249886509
1051,0.5311799999999999,0.5179719999999999,0.11666884129226673,0.21087025379529223,-4.5644911461639737e-17,-1.7347234759768074e-17,0,0,0.1156699331248213,0.2097073416963671
1052,0.556091,0.511353,0.12060820408805739,0.20718564139679074,-9.882502802205375e-17,1.1449174941446927e-16,0,0,0.1196193870559613,0.2060769268766226
1053,0.5375499999999999,0.542664,0.11612978379707783,0.21813075081445277,1.318931942828616e-16,-8.673617379884035e-17,0,0,0.1152196216875841,0.2170154529001
1054,0.0245216,0.5615339999999999,0.006660578023002017,0.25461110141623067,-9.020562075079397e-17,-2.0816681711721683e-16,0,0,0.0065873200715763,0.2525925230057213
1055,0.0245216,0.529391,0.0069806906519715994,0.24913926429871935,1.495385846400632e-16,1.52655665885959e-16,0,0,0.0069255734660698,0.246960524733349
1056,0.0490432,0.5409249999999999,0.013682577024155762,0.2506692393217236,-1.1647041837925531e-16,2.706168622523819e-16,0,0,0.0135490446866019,0.2485036730813468
1057,0.0245216,0.497248,0.0073576899885665625,0.24412334836961236,3.8624702394796095e-17,-2.1163626406917047e-16,0,0,0.0073219251899946,0.2417550517791413
1058,0.0735646999999999,0.5203149999999999,0.021115642917720834,0.24647225387161598,4.2281851847861263e-16,-3.079134169858833e-17,0,0,0.0208915656526716,0.2441832881285239
1059,0.944466,0.975716,0.16695900174818235,0.3425353874627035,-1.2164197803871644e-16,4.510281037539697e-16,0,0,0.1668731935935745,0.3425084814191714
1060,0.975716,0.975716,0.17147873396243085,0.34253618217189796,2.2580098428786727e-16,-2.949029909160572e-16,0,0,0.1714480973925298,0.342499927322055
1061,0.913216,0.975716,0.16239776747534052,0.34256959514459595,1.7469631020646315e-16,-1.1535911115245767e-16,0,0,0.1622855864702828,0.3425229168467411
1062,0.920182,0.951432,0.16342513402923942,0.33512670564232394,-2.7519931049702767e-16,1.3010426069826053e-17,0,0,0.1633276193956116,0.3350337382953411
1063,0.881966,0.975716,0.15780637357966043,0.3425913574756123,-2.1873609423305599e-16,-4.614364446098306e-16,0,0,0.1576793448628128,0.3425424665942011
1064,0.8958979999999999,0.927148,0.15991400150232948,0.32769859227119014,3.241188513327525e-16,-2.4286128663675294e-16,0,0,0.1597976850226166,0.3275812991793832
1065,0.927148,0.927148,0.16445213393308222,0.3276454241713509,-1.9171404914974927e-16,-2.324529457808921e-16,0,0,0.1643760758370439,0.3275299173263283
1066,0.975716,0.944466,0.17147348715661792,0.33292027658899315,2.3142125965113636e-16,1.2836953722228372e-16,0,0,0.1714562370846972,0.3328427796991237
1067,0.951432,0.920182,0.167975694857887,0.32547527420683764,1.4172894086637855e-16,-4.0592529337857286e-16,0,0,0.1679291557152639,0.3253461439812229
1068,0.975716,0.913216,0.17148783545417245,0.3233082048536744,-1.6277686257270066e-16,1.52655665885959e-16,0,0,0.1714698285250539,0.323169043506605
1069,0.927148,0.8958979999999999,0.16449395193194505,0.31801761855604127,-3.3527851041282794e-16,-3.3393426912553537e-16,0,0,0.1644243379226328,0.3178637169321305
1070,0.975716,0.881966,0.171512028806319,0.31367007820517756,2.2701838239130856e-16,1.5092094240998222e-16,0,0,0.1714881115062527,0.3134711484182395
1071,0.324606,0.137938,0.14526460334309377,0.09390294582408387,-8.734332701543222e-16,6.036837696399289e-16,0,0,0.1420879422893891,0.0924392074160519
1072,0.311554,0.1629309999999999,0.13957485937862657,0.11081310975714587,-6.531233887052679e-16,6.904199434387691e-16,0,0,0.1364108923410617,0.1090241671298636
1073,0.3336109999999999,0.192885,0.1337676463299431,0.12053235378698446,-2.0252896582029223e-16,2.706168622523819e-16,0,0,0.1308831491250087,0.118704225421826
1074,0.2985019999999999,0.187924,0.13280260312603787,0.12691411450214218,-2.7582103268031233e-16,4.163336342344337e-16,0,0,0.1297566380411465,0.1248482323042879
1075,0.3687199999999999,0.1978449999999999,0.1346687290351838,0.11555213626706973,-3.3339216803929256e-16,1.8041124150158796e-16,0,0,0.131960754104865,0.1139343050888012
1076,0.3556679999999999,0.222838,0.1292150114895776,0.1293795796809718,-2.179246366695864e-16,-1.3877787807814454e-16,0,0,0.126556411667634,0.127569707866038
1077,0.2854499999999999,0.212917,0.1251554762129672,0.14195028647372965,-6.114900252818245e-17,2.8796409701215e-16,0,0,0.1223059110969449,0.13966035555089
1078,0.974166,0.0559693,0.17319675159524195,0.022628762089880183,-8.326672684688674e-17,6.266688556966217e-17,0,0,0.1731183208140314,0.0225305811501931
1079,0.974166,0.0247193,0.1732265179452952,0.009978329413570464,-3.8831971356989213e-16,-8.760353553682877e-17,0,0,0.1731366649814752,0.0099566540249339
1080,0.974166,0.0872193,0.17317635330255143,0.03520494788244832,7.412554728011834e-17,-2.775557561562892e-17,0,0,0.173085370770825,0.0350616530020348
1081,0.948332,0.0806887,0.17137598362751305,0.03262072101642843,-1.8722477452930155e-16,1.4224732503009818e-16,0,0,0.1711948144392542,0.0324944641706322
1082,0.974166,0.118469,0.17313686443958431,0.047716697881696746,3.162973490978063e-16,6.418476861114186e-17,0,0,0.1730399395540717,0.0475282462625895
1083,0.922498,0.105408,0.1694786633597687,0.042661221988964826,3.563603134370402e-16,-2.5153490401663706e-17,0,0,0.1692104330849576,0.0424894923457066
1084,0.922498,0.074158,0.1696023420081474,0.03005623926583212,2.565154577464923e-16,7.979727989493313e-17,0,0,0.1693329907187236,0.0299455215612688
1085,0.0247237,0.974162,0.005215695273363963,0.3439274586889951,-2.3879129332519608e-17,5.898059818321144e-17,0,0,0.0051759843233672,0.3438178089848252
1086,0.0559737,0.974162,0.011798612220445648,0.34392711115287966,-1.3244461273152416e-16,3.677613769070831e-16,0,0,0.0117112371517053,0.3438032159099191
1087,0.0806974,0.948323,0.017010753756039776,0.3377968331842567,2.154496063977093e-16,8.153200337090995e-17,0,0,0.0169006724242562,0.3375749574591758
1088,0.0872237,0.974162,0.018349137622863054,0.34388833237608196,2.1322021568053598e-16,-4.1286418728248004e-16,0,0,0.0182222301582671,0.3437768015310225
1089,0.0741711,0.922485,0.015673709654947743,0.33171531017433153,8.35750468396873e-17,2.706168622523819e-16,0,0,0.0155929850341522,0.3314004380859995
1090,0.105421,0.922485,0.022265759645961225,0.3316183485549118,-1.4079042836082079e-16,-1.8041124150158796e-16,0,0,0.0221205814044261,0.331301385064182
1091,0.118474,0.974162,0.024866797975846566,0.3438460856423262,-3.7721257053254654e-16,9.367506770274758e-17,0,0,0.0246964018418923,0.3437400928291087
1092,0.942023,0.0247193,0.17105839238502085,0.01001785673724953,2.862962891390062e-16,3.469446951953614e-16,0,0,0.1708267770104838,0.0099777165781792
1093,0.916189,0.0494387,0.16924989857943729,0.02007656850037165,3.68627044579177e-16,-3.209238430557093e-17,0,0,0.1689484839130961,0.0200005461454422
1094,0.90988,0.0247193,0.16888874967116863,0.010054257159936242,-1.9473626270555267e-16,-1.5352302762394743e-16,0,0,0.1685446488228511,0.0100153480156762
1095,0.0247237,0.942019,0.005243074287136551,0.33637261337571545,-4.163336342344337e-17,2.788491754667464e-16,0,0,0.0051916294366718,0.3361365289613342
1096,0.0247237,0.909876,0.005251826856692787,0.32886653496098006,-3.984951203652581e-17,-1.5959455978986623e-16,0,0,0.0052194697212094,0.3284842569904677
1097,0.0494474,0.91618,0.010472384165041149,0.33030524657078786,9.889617878962308e-17,-1.734723475976807e-16,0,0,0.0104189474023482,0.3299499292403932
1098,0.267701,0.5307119999999999,0.06930159899638966,0.23549682168959407,-5.854691731421724e-17,-3.3306690738754696e-16,0,0,0.0684483582197078,0.2337117112796533
1099,0.311274,0.5385539999999999,0.0777704076608643,0.2337517280357133,7.394258816351139e-17,3.2265856653168607e-16,0,0,0.0768824348938277,0.2321101788633251
1100,0.2857919999999999,0.555316,0.07128483921405859,0.2399129006516887,6.093216209368535e-17,-2.740863092043355e-16,0,0,0.0704818459363319,0.2382740327802105
1101,0.3563779999999999,0.137471,0.1451082794519607,0.0872184291947633,-4.915772650049276e-16,5.20417042793042e-16,0,0,0.1421293764385187,0.0859145875256559
1102,0.388149,0.1370039999999999,0.14503139740554616,0.08165621745865792,-6.212478448341942e-17,3.41740524767431e-16,0,0,0.1422661528479013,0.0805466405458602
1103,0.378435,0.1674249999999999,0.14025794173358008,0.09903213061625138,-2.4817387728193196e-16,3.764349942869672e-16,0,0,0.1374904132953568,0.0976478733845964
1104,0.41992,0.1365369999999999,0.14513063605409116,0.07703156466595829,-3.415236843329339e-16,1.457167719820518e-16,0,0,0.1425670539253734,0.076084552652828
1105,0.400492,0.197378,0.13631036528386176,0.1097437713178806,-1.9298798670241974e-16,-4.510281037539698e-17,0,0,0.133725700303281,0.1083109467819978
1106,0.451274,0.494118,0.10635520327195991,0.20948665880132467,-3.220080452281948e-17,1.3877787807814454e-16,0,0,0.1052250936598508,0.2080791620502699
1107,0.421381,0.5015509999999999,0.10095232762978412,0.21423852094449103,1.0359551758098995e-16,1.5092094240998222e-16,0,0,0.0998431975657574,0.2127450354407034
1108,0.4325419999999999,0.480903,0.10448617782094516,0.207160807272885,2.011195029960611e-17,2.1684043449710086e-16,0,0,0.1033140154218243,0.2056535975257547
1109,0.3914889999999999,0.508985,0.09526671344065107,0.21897468590759672,6.548581121812448e-17,-3.261280134836397e-16,0,0,0.0941845487949486,0.2174094697181786
1110,0.41381,0.4676879999999999,0.10265227977652103,0.20499451161595061,7.19910242530375e-17,2.0816681711721685e-17,0,0,0.1014388373177281,0.203376841897859
1111,0.5299869999999999,0.0229101999999999,0.15162893700471614,0.011442223389167339,1.439278383974507e-17,7.632783294297951e-17,0,0,0.1499698407824786,0.0113744195722516
1112,0.497844,0.0229101999999999,0.15169264371797908,0.011917781783267856,5.8275866771095856e-18,1.249000902703301e-16,0,0,0.1499018400677007,0.0118319026242188
1113,0.56213,0.0229101999999999,0.15194650575540436,0.011066312668845057,3.2553170228877277e-17,-1.7347234759768074e-17,0,0,0.150411303758133,0.0109841847778505
1114,0.542116,0.0458203999999999,0.15130687677446986,0.022547954693436623,2.084920777689625e-16,5.551115123125784e-17,0,0,0.1496440523516883,0.0223866634707186
1115,0.5221029999999999,0.0687306,0.15040784618759062,0.034464849915821105,-1.2468324983583301e-17,1.769417945496343e-16,0,0,0.1486086448887503,0.0342004959318476
1116,0.490827,0.1782759999999999,0.1423653957026545,0.08927851944463328,-7.589415207398531e-17,-4.163336342344337e-17,0,0,0.1401868044950778,0.0883450347370024
1117,0.4965789999999999,0.1506039999999999,0.14502123388228938,0.0759066422469914,-8.001412032943023e-17,1.3877787807814454e-16,0,0,0.1428907320887789,0.0751390782277501
1118,0.476181,0.126551,0.1465856552531477,0.06609533383743837,-1.1405806854547507e-16,6.93889390390723e-17,0,0,0.1443810483832154,0.0653983703774288
1119,0.5023309999999999,0.122932,0.14725771817029454,0.06221543677384034,-2.289834988289385e-16,8.673617379884035e-17,0,0,0.1452119795925388,0.0616184466845293
1120,0.4500319999999999,0.13017,0.1459971130534541,0.07037027907790616,-1.3113425276212176e-16,-2.255140518769849e-17,0,0,0.1436292028455041,0.0695816786335154
1121,0.455784,0.102498,0.14842513302573934,0.05562475207261741,1.3118846287074605e-17,2.0469737016526324e-16,0,0,0.1461738232898556,0.0550265815927262
1122,0.508083,0.0952598,0.14904595803818665,0.04828923271270469,-1.7520707107365752e-16,-5.204170427930421e-18,0,0,0.1471087631942387,0.0478617321084478
1123,0.296173,0.275397,0.11149767856113613,0.16314741389942355,-1.4755991567527715e-16,-8.673617379884035e-18,0,0,0.1091343903657968,0.1608237932594559
1124,0.3160049999999999,0.257877,0.1180821800371632,0.152243718795944,-2.9967348047499343e-16,-1.5959455978986623e-16,0,0,0.1155883656940058,0.1500689015902429
1125,0.300727,0.235397,0.1212603907333687,0.14718802881543525,1.4224732503009818e-16,3.261280134836397e-16,0,0,0.118581517144926,0.1449427544000241
1126,0.335837,0.2403579999999999,0.12399950670078397,0.14093563018832356,-3.54750950837257e-16,-2.636779683484747e-16,0,0,0.1214107590856442,0.1389357221275879
1127,0.265618,0.230436,0.11789645999670029,0.15481659401848447,8.131516293641283e-17,2.1857515797307767e-16,0,0,0.1151594396454144,0.1522881982400486
1128,0.5542799999999999,0.7548719999999999,0.1101012415747391,0.2803226494579576,-8.454066439955722e-17,-7.979727989493313e-17,0,0,0.1096048171433444,0.2796824518484604
1129,0.57383,0.7276099999999999,0.11397730183671229,0.27183561300626025,1.6046192152785466e-16,1.1796119636642288e-16,0,0,0.1134593295170136,0.2711477081044571
1130,0.587084,0.7465209999999999,0.11557028398965485,0.2770002011093311,-3.253690719628999e-16,-4.597017211338538e-16,0,0,0.1150711173607064,0.2763748750598242
1131,0.59338,0.700349,0.11783082337933592,0.26319393306039274,8.922983879555701e-17,-5.724587470723463e-16,0,0,0.1173072223573973,0.2624633649748449
1132,0.6198879999999999,0.7381699999999999,0.1209007493162062,0.27367873513139784,1.9461428996114802e-16,-4.718447854656915e-16,0,0,0.1204109524351011,0.273069866450427
1133,0.3943479999999999,0.390124,0.107787672750419,0.18355720245745033,-6.956342782620667e-17,1.6710265983432835e-16,0,0,0.1062350958402255,0.1817525318634162
1134,0.394154,0.4132359999999999,0.10506111868016887,0.19076378224417567,-2.19225679276569e-16,-9.714451465470121e-17,0,0,0.1036222755885414,0.1889749681222195
1135,0.363145,0.4025429999999999,0.10128087778866757,0.19142762292176485,2.1293730667615307e-16,-9.020562075079397e-17,0,0,0.0997932373688165,0.1895157930886607
1136,0.3939599999999999,0.4363469999999999,0.1025117271419731,0.19776552956318483,-3.290553593493506e-16,-2.5153490401663703e-16,0,0,0.1011791900231044,0.1960109482323421
1137,0.3319409999999999,0.414962,0.09424467010830995,0.19915887399110943,1.9461428996114805e-17,-1.4224732503009818e-16,0,0,0.0928386651843107,0.1971609971791581
1138,0.4607149999999999,0.184644,0.14052636048290879,0.09546922193840146,2.0968470015869656e-16,3.469446951953615e-17,0,0,0.1382032016089044,0.0944089222194788
1139,0.430603,0.1910109999999999,0.13854064472252503,0.10226712876465172,-4.691342800344778e-16,1.3357370765021415e-16,0,0,0.1360777788146781,0.1010362131775772
1140,0.4403179999999999,0.16059,0.14260971097974107,0.08656552148750052,-2.992940097146235e-16,4.510281037539698e-17,0,0,0.1401552003828245,0.085534447715972
1141,0.4838239999999999,0.0494394,0.15118232398526743,0.026139494351809844,3.492757298662052e-16,8.500145032286356e-17,0,0,0.1492291720002975,0.0259080106384051
1142,0.4959529999999999,0.0723496,0.1501561360200867,0.03744767734315246,-1.216474837528736e-16,9.367506770274758e-17,0,0,0.1482154727115876,0.0371238084805344
1143,0.469804,0.0759685999999999,0.15010945874382742,0.040745448088273406,7.806255641895632e-17,1.457167719820518e-16,0,0,0.1480057208613328,0.0403421273324277
1144,0.653478,0.1624869999999999,0.15105835132999346,0.07141207027598284,2.521447677386601e-16,1.9775847626135598e-16,0,0,0.1497261007476567,0.0709471246951088
1145,0.646356,0.19092,0.14941901696147397,0.08369247894734144,1.1129335300563703e-16,-1.0755285551056204e-16,0,0,0.1480448449781442,0.0831390538957539
1146,0.6695299999999998,0.203649,0.15031851403182372,0.08786751618026756,3.068292148133977e-16,2.775557561562892e-17,0,0,0.1490563164074794,0.0873229452029722
1147,0.6392339999999999,0.2193519999999999,0.14756965919514187,0.09581721032736823,-9.139824314052802e-17,-4.163336342344337e-17,0,0,0.1461903585548428,0.0951697267321469
1148,0.699826,0.187947,0.15290594333782792,0.08017907776957145,-1.3412936126361294e-16,-1.3183898417423734e-16,0,0,0.1517736812720417,0.0797192878868588
1149,0.6927039999999999,0.2163789999999999,0.15135938505409285,0.09204032055276912,-2.4441305099612287e-16,-7.979727989493313e-17,0,0,0.1502127510190396,0.0914987824554725
1150,0.632113,0.247785,0.1455312947218772,0.10775014403043315,-1.9924925424852358e-16,1.214306433183765e-16,0,0,0.1441811012742024,0.1070122555379774
1151,0.685173,0.2670779999999999,0.14863884932128713,0.1125439787756477,-2.0979312037594514e-17,1.4918621893400539e-16,0,0,0.1475169049595763,0.1118883711895493
1152,0.711702,0.276724,0.15037876131827943,0.11510053793972475,1.275563855929196e-16,3.0184188481996443e-16,0,0,0.1493689568825709,0.1144698737066372
1153,0.6586429999999999,0.257431,0.14701699165743776,0.11009070787986275,4.304282624767453e-17,-2.5673907444456745e-16,0,0,0.1457839909216022,0.1094002575720467
1154,0.688938,0.241728,0.15004291664808989,0.10236609561252408,-2.357597624069729e-16,5.551115123125784e-17,0,0,0.1489044999198023,0.1017658696575903
1155,0.719234,0.226025,0.15289322042372078,0.09485486040193791,-2.1792463666958642e-17,3.469446951953615e-18,0,0,0.1518652141138755,0.0943313607283607
1156,0.1385,0.223775,0.08741835631371941,0.19850668305298313,1.605486577016535e-15,2.1857515797307767e-16,0,0,0.0856101634955761,0.1933877436212962
1157,0.1177789999999999,0.2131029999999999,0.0821288497572823,0.20543525571702048,1.3374717999781185e-15,3.0184188481996443e-16,0,0,0.0806910969916185,0.2001859195287447
1158,0.101787,0.230105,0.06779106918475009,0.21320376842049882,1.5059568175823657e-15,-1.3357370765021415e-16,0,0,0.0668394547619269,0.2084740792583616
1159,0.0970591999999999,0.202432,0.07516332254908775,0.2133284377923701,5.078402975922103e-16,-1.3973197598993181e-15,0,0,0.0742626720623509,0.20819392276698
1160,0.106515,0.257778,0.06201769226390752,0.213517592754215,1.2741543931049648e-15,4.996003610813204e-16,0,0,0.0611447334963236,0.2090632046849698
1161,0.0857950999999999,0.2471069999999999,0.054189074170608365,0.21885783522156999,2.929947950924827e-15,1.096345236817342e-15,0,0,0.0535049877060185,0.2145521670489955
1162,0.076339,0.1917609999999999,0.06592490241018822,0.22206373797962442,5.1720780436248496e-15,7.667477763817486e-16,0,0,0.0655427215290946,0.2174701950783919
1163,0.599206,0.6041969999999999,0.12214154822868295,0.233910528535489,4.526544070126981e-17,1.9081958235744878e-16,0,0,0.1214652288410531,0.2330136469498381
1164,0.582822,0.632471,0.11857524301740341,0.24324740609154105,3.1037997692828773e-16,-1.6826817716975026e-16,0,0,0.1179416041169615,0.2423645163481502
1165,0.5691359999999999,0.611778,0.11737092828843743,0.23757611389737576,-1.0619760279495516e-16,-7.45931094670027e-17,0,0,0.1166830764583464,0.236642428421488
1166,0.0226308,0.3044089999999999,0.011695725959725678,0.22801143466494977,5.551115123125783e-16,1.0680475601154704e-15,0,0,0.0115563064151029,0.2246649349273186
1167,0.0226308,0.272266,0.013432962870865595,0.2290076965582557,4.195862407518902e-16,4.232725281383409e-16,0,0,0.0133743089278519,0.2254491634322255
1168,0.0452615999999999,0.2838189999999999,0.025236676519853063,0.22644164468511008,1.1167282376600696e-15,1.259409243559162e-15,0,0,0.0249886383723196,0.2227232317583108
1169,0.0226308,0.240124,0.015826650836970657,0.23144146663253196,-7.921181072179094e-16,-2.3548871186385156e-16,0,0,0.0158103297081777,0.2277768357083738
1170,0.0678924,0.263228,0.04071424264475354,0.22316963216871955,1.9928178031369814e-15,1.7694179454963432e-15,0,0,0.0402628590209289,0.2190640048477917
1171,0.0226136,0.444336,0.0075993123318767175,0.23696551617467776,-2.775557561562892e-17,-2.5424540944785082e-17,0,0,0.0075050285869279,0.2343377650199458
1172,0.0226136,0.4764789999999999,0.0070699497882742435,0.24116499137016945,2.4414877671657956e-17,-8.456776945386935e-18,0,0,0.0070051159690304,0.238683795613904
1173,0.0226136,0.4121929999999999,0.008200258715078235,0.233430921274703,3.620964205558464e-16,-4.926614671774132e-16,0,0,0.0081152419989888,0.230631014728114
1174,0.0452272,0.435101,0.015463980365893804,0.23522344158845954,3.3436794999452957e-16,-1.006139616066548e-16,0,0,0.0152543779446783,0.2324469274528254
1175,0.0678407,0.458009,0.02189164367155172,0.23717483089421876,-7.839459333428e-17,-8.478460988836643e-17,0,0,0.0216364979914057,0.2344499910119987
1176,0.371639,0.477644,0.09456139535177499,0.2120581948547624,7.686993402922226e-17,0.0,0,0,0.0933906872268506,0.2103478840868668
1177,0.3517899999999999,0.446303,0.09419838590110885,0.20544970547780395,-5.3125906451789723e-17,3.469446951953615e-17,0,0,0.092924884324137,0.2035896228514954
1178,0.3827999999999999,0.4569949999999999,0.09852422118274262,0.20503606868442148,2.168404344971009e-19,-2.706168622523819e-16,0,0,0.0972741075161974,0.2032982713944633
1179,0.45432,0.97853,0.08990049053682014,0.34418577782344073,2.7966995039263587e-16,-2.0816681711721683e-16,0,0,0.089503152588851,0.3441115084713417
1180,0.48557,0.97853,0.0953692318580579,0.3440985305933282,-1.8154965378269767e-16,2.012279232133096e-16,0,0,0.0949755924651508,0.3440382716882632
1181,0.42307,0.97853,0.08431240063509904,0.3442660846048966,8.551644635479416e-17,4.961309141293667e-16,0,0,0.0839324493413209,0.3441872430427986
1182,0.4398889999999999,0.95706,0.08740751328878105,0.33842106396332383,8.73731425751756e-17,-2.1163626406917047e-16,0,0,0.087024634585737,0.3382902010158949
1183,0.4567089999999999,0.93559,0.09051134809851646,0.33251406892668456,-9.959752206994964e-17,1.249000902703301e-16,0,0,0.090136988337719,0.3323126839360792
1184,0.978399,0.42398,0.1727255527221132,0.16365326644154266,3.1918911957973246e-16,-1.1858461261560202e-16,0,0,0.1726633336522986,0.163083744343878
1185,0.978399,0.45523,0.17263393804751104,0.17468918493250385,1.3405990456193811e-16,-4.163336342344337e-17,0,0,0.1725822889770519,0.1741155557512371
1186,0.956799,0.4417099999999999,0.17036271015240345,0.17002612663782202,4.0107687678848924e-16,3.573530360512222e-16,0,0,0.1702315774564877,0.1694568261781354
1187,0.978399,0.48648,0.17255410704365204,0.18557422718731686,1.2739947273944074e-16,-3.892285799222961e-17,0,0,0.1725055557303867,0.18500324510929
1188,0.935198,0.45944,0.16788934872602113,0.17641317899688147,-4.4105767893183943e-16,2.7105054312137606e-16,0,0,0.1677097967972617,0.1758398652887472
1189,0.601859,0.417042,0.1322330891416641,0.17291783046675846,8.370040771588095e-17,0.0,0,0,0.1311425520844967,0.1719038631686153
1190,0.635573,0.427829,0.1355091355071636,0.1746012250368949,3.355605723842636e-17,-1.3877787807814454e-16,0,0,0.134517513692391,0.1736424839948561
1191,0.612325,0.439431,0.13213010384060908,0.17996152726118453,1.2815269678778662e-16,1.249000902703301e-16,0,0,0.1310975172146689,0.178967234513781
1192,0.680941,0.7145329999999999,0.13066731666913256,0.2650223924429156,-8.643801820140685e-17,7.979727989493313e-17,0,0,0.1301959307930937,0.2644283535393346
1193,0.651754,0.709805,0.1264419300132431,0.2643240133766085,1.4517467089580904e-16,3.261280134836397e-16,0,0,0.1259557970143029,0.2636960022207102
1194,0.6358209999999999,0.723987,0.12368794693611562,0.2690258077927865,1.4121733296623695e-17,3.278627369596165e-16,0,0,0.1231999351877716,0.2684073642307719
1195,0.6225669999999999,0.705077,0.12216479977359995,0.26371185621246696,1.9686400946905547e-16,-6.349087922075114e-16,0,0,0.1216627595865013,0.263043231296169
1196,0.6490749999999998,0.742898,0.12525625835405663,0.2743774108821526,-1.5539327637148492e-16,-5.898059818321144e-17,0,0,0.1247889364077796,0.2738059051933701
1197,0.0405335,0.224003,0.03059504208067665,0.230664387519937,8.001412032943023e-17,1.0408340855860844e-17,0,0,0.030532614271375,0.2265138750085874
1198,0.0584362,0.207882,0.04739356778736692,0.22781968652270734,3.185385982762412e-15,5.282232984349378e-16,0,0,0.0471250416575725,0.2231605297910846
1199,0.0631643,0.2355549999999999,0.04363981447022525,0.22487575554987416,3.046499684467019e-15,2.282896094385478e-15,0,0,0.0431967436180484,0.2205616733172881
1200,0.981323,0.798647,0.17238089472812135,0.28775395412230864,3.642919299551295e-16,1.9530885697789657e-17,0,0,0.1723589898657918,0.2874253943301036
1201,0.981323,0.767397,0.1724197944131447,0.277945614681812,-2.33665049928413e-16,1.231653667943533e-16,0,0,0.1723906010545129,0.2775622403296672
1202,0.981323,0.829897,0.17234446104703238,0.2975074546120595,7.473286990329966e-17,-2.1857515797307767e-16,0,0,0.1723322267168266,0.2972308176841299
1203,0.962647,0.816045,0.16972512291977182,0.29321952394093387,3.349845899801307e-16,3.469446951953615e-18,0,0,0.1696853294877398,0.2929181757671076
1204,0.981323,0.861147,0.17232360173511552,0.30721991349128075,1.0211617453861031e-16,2.7755575615628914e-16,0,0,0.1723096131979642,0.3069876976229374
1205,0.94397,0.833442,0.16704964479140472,0.2986789151909761,-5.849677296373978e-16,-2.6714741530042824e-16,0,0,0.1669821209068382,0.2984035991834481
1206,0.94397,0.802192,0.16713699116371572,0.2889428219059482,-5.322839743840749e-16,-2.5500435096859064e-16,0,0,0.167059207658759,0.2886184138260668
1207,0.8298729999999999,0.981292,0.15012287959689274,0.34432381158694625,1.7516133129450576e-16,-3.885780586188048e-16,0,0,0.1499360532518736,0.3442904303196454
1208,0.8611229999999999,0.981292,0.15473655320238322,0.3442993765347637,-1.217347281464408e-16,-4.0245584642661925e-16,0,0,0.1545885015434323,0.3442664690595226
1209,0.7986229999999999,0.981292,0.14547640684759244,0.34435716108419,-3.8433611761895525e-16,-7.702172233337022e-16,0,0,0.1452466221597995,0.3443183741945846
1210,0.815995,0.962585,0.14807041425956413,0.33866513665998355,2.004791460879368e-16,2.9837243786801077e-16,0,0,0.1478846312049916,0.3386025494185071
1211,0.7673729999999999,0.981292,0.1407776307896711,0.34438791492721066,4.827071359812807e-16,1.0755285551056204e-16,0,0,0.1405140204131506,0.3443506875346447
1212,0.802118,0.943877,0.14604485780000687,0.3330344745772891,-2.485872293601921e-17,-4.475586568020161e-16,0,0,0.1458474523834703,0.3329353089219157
1213,0.833368,0.943877,0.15068284509470686,0.33295405557146296,-9.788990364828498e-17,-2.636779683484747e-16,0,0,0.1505195373494783,0.3328549731971893
1214,0.981405,0.171329,0.17359562864294276,0.0686956655990798,2.2204460492503126e-16,1.5154435865916138e-16,0,0,0.1735143748132256,0.0683988129546358
1215,0.981405,0.140079,0.1736379943904467,0.05632731918012723,-8.76120058663013e-17,-6.505213034913027e-17,0,0,0.1735635469217502,0.0560861183465145
1216,0.981405,0.202579,0.17354265553876758,0.08094271962181665,5.095326694208244e-17,-2.0816681711721685e-17,0,0,0.1734600288323731,0.0805960666838052
1217,0.96281,0.1864079999999999,0.1721114739193581,0.0746704802440945,-3.3980590151590213e-16,-2.1510571102112408e-16,0,0,0.1719796969388893,0.0743516330555647
1218,0.981405,0.233829,0.1734805521555245,0.0930717870069202,-1.5224909007127696e-16,1.6479873021779667e-17,0,0,0.1733999677424709,0.0926658970729499
1219,0.944215,0.201487,0.17059474147390574,0.08065404769149609,2.7566179048622847e-16,1.0755285551056204e-16,0,0,0.1703947558102058,0.0803190164108414
1220,0.944215,0.170237,0.17075662483694032,0.06838976006838493,6.125064648185297e-16,-6.418476861114186e-17,0,0,0.1705560128992822,0.0680979140526013
1221,0.20258,0.981404,0.042092117946594954,0.3454477759732981,7.605678239985814e-17,1.6653345369377348e-16,0,0,0.0418302011036311,0.3453863292541985
1222,0.23383,0.981404,0.04837523028254509,0.3454072330787312,-2.721720147435408e-16,9.367506770274758e-17,0,0,0.0480667249381942,0.3453345043187408
1223,0.17133,0.981404,0.03573219131794758,0.3454851289279759,2.408013025090305e-16,2.4112656316077614e-16,0,0,0.0355161383009694,0.3454325752155533
1224,0.1864099999999999,0.962808,0.03882699451060034,0.340955512416258,4.407959457511379e-18,1.7347234759768074e-17,0,0,0.0386132348874674,0.34082447678406
1225,0.14008,0.981404,0.02932518177840393,0.34553761522329296,-7.102201856137857e-17,6.245004513516506e-17,0,0,0.0291329966912682,0.3454735711242767
1226,0.170239,0.944212,0.03559113588562468,0.3365204732181155,9.012430558785757e-17,-4.440892098500625e-16,0,0,0.0353935424861797,0.3363114231782937
1227,0.201489,0.944212,0.04196524245344335,0.3363960769638652,-5.670377362099188e-17,3.538835890992686e-16,0,0,0.0417268346969411,0.3361750658639225
1228,0.494794,0.954974,0.09702551495865919,0.3375793211744167,-1.4056003539916762e-16,3.4867941867133823e-16,0,0,0.0966613842806255,0.3374552304459422
1229,0.480364,0.933504,0.09466061822604388,0.331772452685982,-3.0676145217761736e-16,-5.134781488891349e-16,0,0,0.0942931992430138,0.3315712057822896
1230,0.5040189999999999,0.931418,0.09875934789306484,0.33101507724495605,3.238782939757323e-16,-3.3306690738754696e-16,0,0,0.0983927714452971,0.3308198497495106
1231,0.956293,0.4964899999999999,0.1700279440392478,0.18913021808839403,2.7843328228964454e-16,1.1796119636642288e-16,0,0,0.1699074002168572,0.1885567568306681
1232,0.934187,0.506499,0.16741351049859077,0.19272262098093051,-4.170235425699723e-16,-1.0321604682062001e-16,0,0,0.1672554470287386,0.1921504782531847
1233,0.934692,0.4829689999999999,0.16765192874299828,0.18461208601365797,-2.314314240465034e-16,-1.448494102440634e-16,0,0,0.1674831680207229,0.1840353380917938
1234,0.845021,0.6817149999999998,0.15432920996681787,0.2516570379957557,-7.171997370991612e-17,2.896988204881268e-16,0,0,0.1540604855206699,0.2511493300647338
1235,0.856306,0.7076409999999999,0.15556866355473176,0.25977367477025837,3.543850326040432e-16,-3.469446951953615e-18,0,0,0.1553335125743713,0.2592975840904396
1236,0.830264,0.703075,0.15204978533438407,0.2586401941953227,-1.111307226797642e-16,-2.289834988289385e-16,0,0,0.1517701130127761,0.2581501203588644
1237,0.867592,0.733568,0.1568646374216769,0.2678534844890237,-4.249530415056935e-16,-5.551115123125784e-17,0,0,0.1566700620801108,0.2674192152249373
1238,0.8155069999999999,0.724435,0.14973532300791703,0.26556499337311834,6.774908325318796e-17,-2.914335439641036e-16,0,0,0.1494429784514532,0.2650976116721657
1239,0.8073799999999999,0.846719,0.14731919905170798,0.30348685837816447,-7.377318157406054e-17,-5.898059818321144e-17,0,0,0.1471010176253035,0.3032060123816272
1240,0.77986,0.837347,0.14335994108114392,0.3008632200071588,-9.067995920125635e-17,2.740863092043355e-16,0,0,0.1431000854447817,0.3005548398399814
1241,0.802447,0.822574,0.14680084818974137,0.29613345325924456,3.266159044612582e-18,6.591949208711867e-17,0,0,0.1465587179429605,0.2958128596814886
1242,0.7572729999999999,0.8521189999999998,0.13988370139850304,0.305567484581843,1.0012945876082535e-16,-5.030698080332741e-17,0,0,0.1396038770557963,0.3052709938468262
1243,0.75234,0.827975,0.13938823534408584,0.29830186313483864,6.872486520842491e-17,-1.3270634591222574e-16,0,0,0.1390865808070198,0.2979597186102969
1244,0.762206,0.876264,0.14042181411059573,0.3128215870237909,1.2215570352122618e-16,1.6306400674181987e-16,0,0,0.1401641932916213,0.3125743398884886
1245,0.734686,0.866892,0.13636440463596955,0.31023510242812335,-1.638636058440279e-16,7.28583859910259e-17,0,0,0.1360726445223648,0.3099582767002604
1246,0.724821,0.8186029999999999,0.1353855318739079,0.29579310113331303,-2.7382881118837016e-16,9.020562075079397e-17,0,0,0.1350576082050754,0.2954241506121547
1247,0.7474079999999999,0.80383,0.1389264086028561,0.2910221043275669,8.296857124945321e-17,4.163336342344337e-17,0,0,0.1386134908190385,0.2906364661438591
1248,0.848882,0.3135749999999999,0.16121407189348247,0.12486174615332857,1.6530017372257122e-16,-1.7347234759768075e-18,0,0,0.1607290564711902,0.1243186902819909
1249,0.8377,0.289078,0.1607027252757689,0.11585699373972602,2.3242584072657996e-16,2.0816681711721685e-17,0,0,0.1601586389883599,0.1153361980377031
1250,0.8624439999999999,0.290297,0.16283479127741884,0.11582462210208178,-2.371692252312041e-17,-4.163336342344337e-17,0,0,0.1623857179089484,0.1153251652459242
1251,0.826519,0.2645799999999999,0.16026268937275745,0.10673897407832555,5.4250766205743434e-17,-8.760353553682877e-17,0,0,0.1596513181825917,0.1062509318926577
1252,0.876006,0.267019,0.16437512071570382,0.10673004793352447,1.079797601159782e-16,1.1709383462843448e-16,0,0,0.1639551976126006,0.1062782628372268
1253,0.3187889999999999,0.8465209999999999,0.06619810411939397,0.3108343858330045,2.078957665740955e-17,1.0408340855860844e-16,0,0,0.0658274261598778,0.3103067006701906
1254,0.295511,0.860082,0.061473529509385116,0.31465372457751073,9.648382895584286e-17,4.0852737859253807e-16,0,0,0.0611257470704335,0.3141590742925779
1255,0.299505,0.8329769999999999,0.06269547757983673,0.3077647173195146,1.208072270691973e-16,-3.356689926015121e-16,0,0,0.0623330136968444,0.3071786424862519
1256,0.272233,0.8736439999999999,0.05671900378365535,0.3183866381586995,2.730698696676304e-16,0.0,0,0,0.0563980247933142,0.3179259174775134
1257,0.280221,0.819434,0.059160064134630375,0.3047553724027239,2.2079777242667295e-16,-2.949029909160572e-16,0,0,0.0588008484767395,0.3041138986607504
1258,0.0471352,0.4880129999999999,0.014375638609635644,0.2422719761962071,1.909280025746973e-16,1.5959455978986623e-16,0,0,0.0142484755764518,0.2397856670326107
1259,0.0697486999999999,0.4787779999999999,0.021566171795711853,0.24006042844848707,-8.414086484845319e-17,-7.589415207398531e-17,0,0,0.0213222633940266,0.2374839877437595
1260,0.0716567,0.499547,0.02131170962820761,0.2431632915395312,-9.784924606681678e-17,-3.337174286910382e-16,0,0,0.0210738035515339,0.2407381471647385
1261,0.803765,0.1885149999999999,0.16007698606699705,0.0774153456732165,-3.778444571111983e-17,-1.2836953722228372e-16,0,0,0.1593522625357164,0.0770548159803229
1262,0.782877,0.1680109999999999,0.15902345755603164,0.06962209366611205,-1.1996697038552107e-16,3.816391647148976e-17,0,0,0.1582209848144521,0.0692871667610191
1263,0.755955,0.172065,0.15709951927419752,0.07191388931096299,2.4864821573239437e-16,4.597017211338539e-17,0,0,0.1561940462967406,0.0715555002852418
1264,0.761988,0.147507,0.15806340106064454,0.06173205038794549,1.905485318143274e-16,-9.454242944073599e-17,0,0,0.1571765547732039,0.061433439232214
1265,0.749921,0.1966229999999999,0.15603278699563816,0.08202556071046274,1.3650105351592498e-16,1.0408340855860844e-17,0,0,0.1551104694365707,0.0816055519332514
1266,0.729033,0.176118,0.1551967182313092,0.07433709859469673,-1.706534219492184e-16,-5.551115123125784e-17,0,0,0.1541862271030828,0.0739451478274262
1267,0.7410999999999999,0.127003,0.15718081791419536,0.053731344636616996,3.5358543350183513e-16,7.28583859910259e-17,0,0,0.1562131594632035,0.0534781303733232
1268,0.1680369999999999,0.7828509999999999,0.03680300835912931,0.2981740412651561,-9.419006373467821e-17,4.996003610813204e-16,0,0,0.0365341532018825,0.2973008711613188
1269,0.1885149999999999,0.803765,0.04076704548424459,0.30271563660062384,-3.1230443578444955e-16,2.9837243786801077e-16,0,0,0.040491000750443,0.3019450232315985
1270,0.147559,0.7619369999999999,0.03276897191972239,0.29373304048203863,-1.3517290585463027e-16,-1.1102230246251563e-16,0,0,0.0325164837571896,0.2927415367281744
1271,0.1720909999999999,0.7559289999999999,0.03817883747979067,0.2918509172886843,2.8267861142128314e-16,-6.591949208711867e-17,0,0,0.0378855064967317,0.2908599320005867
1272,0.127082,0.7410229999999999,0.02864324783149641,0.28936895410879515,1.5742615544489524e-16,-2.5153490401663703e-16,0,0,0.0284271310725391,0.2882611964029372
1273,0.176145,0.7290069999999998,0.0396603017434245,0.28556057809328195,7.235694248625135e-17,-1.0755285551056204e-16,0,0,0.0393359283890122,0.2844535567632474
1274,0.1966229999999999,0.749921,0.04354382750170771,0.28988013495109044,-2.6709320519180397e-16,-2.706168622523819e-16,0,0,0.0432161877875598,0.2888847505581337
1275,0.7923219999999999,0.794555,0.14560421055648476,0.28763140470255166,1.0363617516245816e-16,4.1980308118638727e-16,0,0,0.1453320710104996,0.287259340494043
1276,0.819841,0.803927,0.14949303900357336,0.29023546050302684,2.206351421008001e-16,-1.8041124150158796e-16,0,0,0.1492541564385312,0.2898926335407411
1277,0.7648019999999999,0.7851829999999999,0.14170692156767473,0.28509660391137004,-8.988036009904833e-17,2.636779683484747e-16,0,0,0.1414036744394857,0.2846877717462119
1278,0.782196,0.766536,0.14446423179470003,0.27912247471977025,2.792633745779538e-16,-3.747002708109903e-16,0,0,0.1441663972275588,0.2786966396573555
1279,0.7372819999999999,0.775811,0.13780064991442487,0.2826229736674577,3.622590508817192e-17,-1.3444106938820255e-16,0,0,0.1374660495988698,0.2821821107363913
1280,0.77207,0.738516,0.14340207929490134,0.2705989626701921,-1.372464425095088e-16,-1.474514954580286e-17,0,0,0.1430654131113757,0.2701213730449013
1281,0.79959,0.747888,0.14719309587962925,0.2731050855945796,-1.3612158275555508e-16,3.989863994746656e-16,0,0,0.1468982035840467,0.2726643732501411
1282,0.168197,0.228519,0.09664796496508643,0.18777651293203235,1.0046217330250684e-15,4.1980308118638727e-16,0,0,0.0942013102458388,0.1831914131337124
1283,0.152205,0.2455209999999999,0.0852119267656235,0.19727360550314188,1.397102919464821e-15,5.499073418846478e-16,0,0,0.0833286486111207,0.192703838178825
1284,0.165911,0.267268,0.08342742582317442,0.19685627083526924,9.337149109445164e-16,4.926614671774132e-16,0,0,0.0815608257158075,0.1927392435722702
1285,0.136213,0.262523,0.07380531456146855,0.2051801178313326,1.3639263329867646e-15,8.708311849403571e-16,0,0,0.072397666498187,0.2008035226096643
1286,0.195609,0.2720119999999999,0.09123716276371852,0.18894986352825072,5.30825383648903e-16,2.6714741530042824e-16,0,0,0.089065978765482,0.1852370414389136
1287,0.179617,0.2890139999999999,0.08202007054933347,0.19717171778029297,5.384147988563015e-16,5.447031714567174e-16,0,0,0.0802177659304425,0.1934179778364938
1288,0.1202209999999999,0.279525,0.06270184280219837,0.21161617551115341,9.22656048785164e-16,5.637851296924623e-16,0,0,0.0616677246056663,0.2075065573733712
1289,0.5545069999999999,0.331282,0.13317525667662267,0.14578983784304,-2.8481991071194197e-16,-1.3530843112619095e-16,0,0,0.1317606767188762,0.1446576950117018
1290,0.5403,0.308792,0.13367938679584768,0.13857611012645066,1.489693784995083e-16,5.898059818321144e-17,0,0,0.1321462387660989,0.1374404638166286
1291,0.5655419999999999,0.3011869999999999,0.13659380324315862,0.1334871957078576,9.324138683375338e-18,-1.3183898417423734e-16,0,0,0.1351114591972401,0.1324349334837421
1292,0.526093,0.286302,0.13441476442676503,0.13124980288557708,-8.654643841865539e-17,1.3227266504323154e-16,0,0,0.1327336912836812,0.1301043325126651
1293,0.5765759999999999,0.271092,0.13980319185066037,0.12085899288649671,2.4454180000410553e-16,3.079134169858833e-17,0,0,0.1382872047207474,0.119901859914242
1294,0.531279,0.240513,0.13891881427844055,0.11237042804714292,-2.576064361825558e-16,-1.8041124150158796e-16,0,0,0.1370812000876494,0.1113291314468987
1295,0.5539279999999999,0.255803,0.13924909313755052,0.11659664305625483,1.60136660876109e-16,7.28583859910259e-17,0,0,0.1375732717149656,0.1156000378668892
1296,0.5286859999999999,0.2634079999999999,0.13670434379309881,0.12194079626351595,2.953366717850514e-16,-6.245004513516506e-17,0,0,0.1349408754224103,0.1208403084414204
1297,0.8273479999999999,0.855252,0.15018320176750422,0.30596272903494537,1.5025686857933482e-16,-2.0816681711721685e-17,0,0,0.1499879656593218,0.305695859820246
1298,0.804761,0.870025,0.14677335385931656,0.31061937496997416,-6.93033887113996e-17,3.187554387107383e-16,0,0,0.1465638586733597,0.3103768324655424
1299,0.802142,0.8933309999999999,0.14625748747494072,0.3177252800669521,-5.645779525310923e-16,-3.885780586188048e-16,0,0,0.1460479445630758,0.3175232289869811
1300,0.782174,0.884797,0.1433411695761606,0.3152573778061196,1.654356989941319e-16,-7.632783294297951e-17,0,0,0.1431094919416564,0.3150344600799143
1301,0.8221089999999999,0.901864,0.1491730934358202,0.320219301735051,3.2027332175221796e-16,1.5959455978986623e-16,0,0,0.148981002004951,0.3200366513875541
1302,0.799522,0.916636,0.1457613297388889,0.3248049266403541,-4.368081146354647e-16,1.2836953722228372e-16,0,0,0.1455531785001963,0.3246483580845644
1303,0.759587,0.8995699999999999,0.13988052675267681,0.3198608889942989,-3.876768155629262e-16,5.551115123125784e-17,0,0,0.139627341131245,0.3196664360869103
1304,0.8458839999999999,0.808493,0.15320154005894437,0.29143139376537874,-1.1049375390342896e-16,2.3592239273284576e-16,0,0,0.1529919187749576,0.2910978699291387
1305,0.869715,0.805404,0.1566270925977733,0.2903023832477629,2.159391914412223e-16,6.002143226879753e-16,0,0,0.1564456806135826,0.2899707936066201
1306,0.853798,0.828857,0.1541940612369217,0.2976793040288612,1.939603805258677e-16,9.454242944073599e-17,0,0,0.1540075494801291,0.2973691928844582
1307,0.8856319999999999,0.781951,0.15902657597325742,0.2828851866070181,7.228240358689299e-17,1.1275702593849246e-16,0,0,0.1588612926055777,0.2825317965953283
1308,0.8935469999999999,0.802315,0.1600266675814055,0.28919274744112045,-4.4970673235625314e-17,-1.5612511283791264e-17,0,0,0.159877545451037,0.2888665647612029
1309,0.8777169999999999,0.761587,0.1580490777560044,0.276569613837637,-9.802542891984567e-17,-4.510281037539698e-17,0,0,0.1578727828772167,0.2761837184202566
1310,0.901549,0.758498,0.16138592388597317,0.27543907350627705,1.841517389966629e-16,1.942890293094024e-16,0,0,0.1612513758140164,0.2750552182027205
1311,0.917378,0.7992249999999999,0.16340808951645158,0.2881119432277046,1.4267422963551435e-16,-8.673617379884035e-17,0,0,0.1632901646087594,0.2877851644088287
1312,0.901462,0.822678,0.16104410224943422,0.2954892186098732,-1.5539666450327394e-17,2.2204460492503126e-16,0,0,0.1609180802852023,0.2951900819823492
1313,0.823459,0.204186,0.1612344776513055,0.08323496408411302,1.0156263850757964e-16,-1.3877787807814457e-17,0,0,0.1605852650592906,0.082869133313825
1314,0.796537,0.20824,0.15912894916255027,0.08542743272846565,-1.2748862295713923e-16,1.52655665885959e-16,0,0,0.1583831400367629,0.0850239393767934
1315,0.789309,0.227965,0.15811848547309637,0.0933990685880417,1.4634018823123096e-16,0.0,0,0,0.1573515559648375,0.0929505956703017
1316,0.769615,0.212294,0.15702731860801578,0.08773014179314487,-7.654467337747661e-17,-6.93889390390723e-18,0,0,0.1561845186749766,0.0872955578997503
1317,0.809003,0.2436359999999999,0.15929711348144338,0.09903916349867359,-8.326672684688674e-17,1.0408340855860844e-17,0,0,0.1586067507406351,0.0985801785536145
1318,0.782081,0.2476889999999999,0.15704202285269275,0.1013248334202217,2.6042536183101817e-16,2.1163626406917047e-16,0,0,0.1562570464153648,0.1008290860037543
1319,0.742693,0.216347,0.15493080858141184,0.09016255132883089,1.6485294032642095e-16,9.020562075079397e-17,0,0,0.1539880214058433,0.0896900577107559
1320,0.213454,0.7941759999999999,0.046122381449094974,0.29996187149663456,2.5358472374899244e-16,-1.500535806719938e-16,0,0,0.0458159107013096,0.2991720134201946
1321,0.2094,0.8210979999999999,0.044821797349868575,0.30648986602318473,1.506634443940169e-16,7.71951946809679e-17,0,0,0.0445345973589516,0.3058011982156768
1322,0.217507,0.7672539999999999,0.04752400091092568,0.29345254189684056,7.556889142223967e-17,2.324529457808921e-16,0,0,0.0471931649393393,0.2925575978146185
1323,0.2383919999999999,0.784586,0.05145154069759883,0.29711555092944764,5.767955557622885e-17,3.0184188481996443e-16,0,0,0.051110693059304,0.2963120573940125
1324,0.221561,0.7403319999999999,0.049047786349547096,0.2869655504182447,1.0847442735717472e-16,-4.0939474033052647e-16,0,0,0.0486725025129933,0.2859572051907534
1325,0.26333,0.774996,0.05675157290534116,0.29417186582577415,-1.537940781670688e-16,3.469446951953615e-17,0,0,0.0563685986818752,0.2933642180948186
1326,0.259276,0.801918,0.05532856334320968,0.3008683840453159,-1.4214568107642767e-16,-1.5352302762394743e-16,0,0,0.0549755626005807,0.3001488928307578
1327,0.835758,0.780474,0.15198773087467998,0.28282307065092027,-2.3383530355081117e-16,2.1163626406917047e-16,0,0,0.1517512679667807,0.2824504759028544
1328,0.825632,0.7524549999999999,0.15082923986483365,0.2742066696519032,7.321075169708369e-17,-9.714451465470121e-17,0,0,0.1505672387680132,0.2737848762804354
1329,0.8516749999999998,0.757021,0.15444607299286872,0.2753633258398622,1.1058862159352145e-17,-6.106226635438361e-16,0,0,0.1542243332128586,0.2749584297982567
1330,0.8544209999999999,0.184675,0.1638760013738647,0.07496614690171555,-5.279386953646604e-17,-7.979727989493313e-17,0,0,0.1633323244806465,0.0746485141489356
1331,0.871936,0.205619,0.1649236591765657,0.08297169720754027,1.4852214510335804e-16,1.0408340855860844e-16,0,0,0.1644535432632515,0.0826263145189668
1332,0.848203,0.205406,0.16309620952233672,0.08325672370847315,9.500321536404233e-17,-1.3530843112619095e-16,0,0,0.1625423030484074,0.0829016874538832
1333,0.895669,0.2058329999999999,0.1667709153261967,0.08275703349499963,-2.0692676088243656e-16,-1.3877787807814457e-17,0,0,0.1663819560558092,0.0824188663870438
1334,0.889452,0.2265639999999999,0.16604105359874666,0.09092322128708474,-1.3615207594165624e-16,-1.9775847626135598e-16,0,0,0.16564139158479,0.0905495277893915
1335,0.901887,0.1851019999999999,0.16745326132513583,0.07455331966048107,-8.008527109699959e-17,2.168404344971009e-17,0,0,0.167082886956792,0.0742429307489061
1336,0.919402,0.206046,0.16862691089045256,0.08260704600252211,-1.3018557586119694e-16,3.469446951953615e-17,0,0,0.168324503159872,0.0822720570980882
1337,0.906967,0.247508,0.16724311921279877,0.09881964916712604,4.1362312880322e-17,1.942890293094024e-16,0,0,0.1669001384177312,0.0984259292857608
1338,0.8832339999999999,0.247294,0.16526472475379705,0.0990404442709405,-2.323445255636436e-16,-4.163336342344337e-17,0,0,0.164859395618531,0.0986288883323798
1339,0.205406,0.848203,0.04360849969452829,0.31307317422761116,-1.786358604441429e-16,3.2265856653168607e-16,0,0,0.0433351041579176,0.3124929994708122
1340,0.20562,0.871935,0.043366731275455095,0.3188031567988219,1.3931997916438732e-16,-4.3715031594615534e-16,0,0,0.0430996162981372,0.3183129308138441
1341,0.184676,0.8544199999999998,0.039255993735423544,0.314842752792174,-2.0613393804380653e-17,-2.4286128663675294e-16,0,0,0.0390125404359946,0.314265555172692
1342,0.2265649999999999,0.8894509999999999,0.04743240407697158,0.32284027118294034,9.256376047594994e-17,2.1163626406917047e-16,0,0,0.0471528360197174,0.322419655853002
1343,0.2058349999999999,0.895668,0.04317937179439468,0.3245593235042179,-9.030048844088644e-17,2.740863092043355e-16,0,0,0.0429183986710973,0.3241540001583287
1344,0.247294,0.8832339999999999,0.0516541168835829,0.3210807751165703,-2.8366794590367617e-16,3.703634621210483e-16,0,0,0.0513578398840698,0.3206466298952905
1345,0.247509,0.906966,0.051459737376717385,0.32694958211504854,9.555548084565212e-17,-4.744468706796567e-16,0,0,0.0511789285603077,0.3265872039814783
1346,0.206049,0.9194,0.04303846608672757,0.33033337982487865,-2.8345110546917907e-17,-4.2674197509029455e-16,0,0,0.0427849276297176,0.3300118191515029
1347,0.1851049999999999,0.901884,0.038898331360542215,0.32624066381686134,1.855273205030039e-16,-2.463307335887066e-16,0,0,0.0386588041986304,0.3258521807609206
1348,0.764777,0.954051,0.14042415912263095,0.3361987098469399,5.736221468254e-16,1.964574336543734e-16,0,0,0.140177384866547,0.3361236909595694
1349,0.762182,0.926811,0.14013444777810946,0.3280294891446829,-2.1504472464892175e-16,-1.0408340855860844e-16,0,0,0.1398800916256421,0.327897997772112
1350,0.78215,0.935344,0.14309573487844318,0.33052011660765857,1.7464464119668066e-16,1.1796119636642288e-16,0,0,0.1428687441864591,0.3304052158330674
1351,0.954732,0.7644309999999999,0.16874787004780956,0.27706579922232777,-6.591271582354065e-17,-1.249000902703301e-16,0,0,0.1686766396773499,0.276683828323642
1352,0.936055,0.7818279999999999,0.16609725590387825,0.28259912884095684,-8.859795221690531e-17,2.3592239273284576e-16,0,0,0.1660011630569303,0.2822406766003087
1353,0.92814,0.761464,0.16506905735877808,0.2762363940710202,2.1815164149945052e-16,1.994931997373328e-16,0,0,0.164965180616469,0.2758464741969426
1354,0.956592,0.2383889999999999,0.1714085608255118,0.09491495080874301,-7.846913223363838e-18,-2.012279232133096e-16,0,0,0.171252137250564,0.094515679542438
1355,0.93178,0.242948,0.16934365438646637,0.0968242830131203,9.720888915869251e-17,1.9949319973733282e-17,0,0,0.169084546494586,0.0964324805028652
1356,0.937997,0.222217,0.1699851820594631,0.0887620905705262,2.4175336754174437e-16,-1.3010426069826053e-17,0,0,0.1697561243815579,0.0884001646908341
1357,0.2383889999999999,0.956592,0.04934071570460219,0.33927795925410464,8.222995851944748e-17,1.3183898417423734e-16,0,0,0.049048515601765,0.339099567552212
1358,0.222219,0.937996,0.04618685118475696,0.33478358398133423,6.54722586909684e-17,3.5041414214731503e-16,0,0,0.0459194056878554,0.3345271002652185
1359,0.242949,0.931779,0.050367224765068386,0.33312602977093775,-1.3545073266132968e-16,1.0408340855860844e-16,0,0,0.0500835897109213,0.3328489227942542
1360,0.840975,0.225131,0.16220266313757747,0.09112810046644881,-2.113110034174248e-16,5.551115123125784e-17,0,0,0.1616316472134655,0.0907303808431602
1361,0.8584899999999999,0.2460749999999999,0.16324308371986263,0.09895894731744193,2.5175174445113413e-16,-1.8041124150158796e-16,0,0,0.1627533989770699,0.098530607462776
1362,0.833747,0.2448549999999999,0.16125805405317806,0.09895724433590658,-1.8382647834491728e-16,3.816391647148976e-17,0,0,0.1606680680361408,0.0985145780938886
1363,0.2303439999999999,0.838613,0.04883339031948708,0.31037622556323186,2.6942423986264785e-17,-2.740863092043355e-16,0,0,0.0485255095595448,0.309773978540714
1364,0.255282,0.829023,0.05401699501089752,0.3076050203235354,-2.2146523438910934e-16,-1.6479873021779667e-17,0,0,0.0536823085279613,0.3069814230325187
1365,0.251288,0.856129,0.05279488792439224,0.3143400798726361,-1.895829142544575e-16,8.673617379884035e-19,0,0,0.0524776018464093,0.3138150226546194
1366,0.6521559999999998,0.837941,0.12403168418677524,0.3025595430517569,5.724587470723465e-17,-4.1286418728248004e-16,0,0,0.1236555517076238,0.3021807129207703
1367,0.6796659999999999,0.8475909999999999,0.1281713304342702,0.3050552010536194,-1.0842021724855043e-16,-2.463307335887066e-16,0,0,0.127821967679295,0.3047110613440319
1368,0.702243,0.8330969999999999,0.13179919100366533,0.30044450756395236,4.5705897833842054e-18,-2.576064361825558e-16,0,0,0.1314618037375398,0.3000882128421669
1369,0.707176,0.857241,0.13228253950364888,0.3076167017570697,4.265996735551559e-17,1.249000902703301e-16,0,0,0.1319604891367262,0.3073039188452997
1370,0.6973099999999999,0.808952,0.13135699543636292,0.2932646799017675,1.932590372455412e-17,3.0184188481996443e-16,0,0,0.1310137860323715,0.2928648990471742
1371,0.6826849999999999,0.1506589999999999,0.15312986116623506,0.0652913102239836,7.41594285980085e-17,5.551115123125784e-17,0,0,0.1519315588713892,0.0649107708833153
1372,0.7118919999999999,0.138831,0.15516310191014782,0.0594070131155604,-1.0722081859523835e-16,6.591949208711867e-17,0,0,0.1540863891182007,0.0590945548127577
1373,0.705859,0.163389,0.15409919124795124,0.06983161008975003,3.916680348103885e-17,1.8561541192951838e-16,0,0,0.1529944564481162,0.0694476687378517
1374,0.1516889999999999,0.68168,0.035461097897496074,0.27559485702659003,3.798773361846087e-17,-1.0234868508263162e-16,0,0,0.0351341226722758,0.2742669983251742
1375,0.163917,0.7053439999999999,0.037572904126136564,0.2805103812861489,1.4173232899816754e-16,2.1857515797307767e-16,0,0,0.0372457952644499,0.2792937179403317
1376,0.139385,0.7113509999999998,0.03196236091025639,0.2824817224900471,-3.290553593493506e-17,2.5326962749261384e-16,0,0,0.0316939789682518,0.2812632588462419
1377,0.149034,0.327583,0.06341178104912615,0.2109245476021897,3.31115343477073e-16,1.301042606982605e-16,0,0,0.0622467244773899,0.2074324910594978
1378,0.134627,0.3035539999999999,0.06305575363512617,0.21078763337573037,5.616167253474913e-16,4.544975507059235e-16,0,0,0.0619215427192016,0.2070138133551777
1379,0.164325,0.3082989999999999,0.0725471779514919,0.20456567202927545,6.045511313779173e-16,2.914335439641036e-16,0,0,0.0710896118507137,0.2009145500309108
1380,0.848191,0.8496759999999999,0.15325432509416714,0.304129910946358,5.009014036883032e-17,6.93889390390723e-17,0,0,0.1530747868454335,0.3038505932914544
1381,0.8455719999999999,0.872982,0.1527519557857886,0.31129105400759727,2.480247994832152e-16,-1.734723475976807e-16,0,0,0.1525743774394189,0.3110559120360001
1382,0.863797,0.890711,0.15533993218559772,0.3166309504886158,7.271608445588718e-17,-4.683753385137379e-16,0,0,0.1551800736707092,0.3164403394402476
1383,0.842953,0.8962879999999999,0.15226960991276428,0.3184254447114654,-1.559421537213057e-16,-1.2836953722228372e-16,0,0,0.1520899435092053,0.3182379226865167
1384,0.8846399999999999,0.885135,0.15837925398955122,0.3148361736093648,-9.52912065661088e-18,1.1275702593849246e-16,0,0,0.158252529524558,0.314646183151557
1385,0.882021,0.908441,0.15793737018248066,0.32199131371453404,3.3720551036783147e-16,-1.4224732503009818e-16,0,0,0.1578022594647714,0.3218466966000295
1386,0.840334,0.919593,0.15179488150170073,0.32554402737878263,-4.1661230807408037e-16,1.7433970933566911e-16,0,0,0.1516222617161052,0.3253997611267857
1387,0.8720229999999999,0.8465869999999999,0.15671374794328585,0.3030482961330563,-8.645157072856291e-17,-1.4918621893400539e-16,0,0,0.1565613893871252,0.30276612856333
1388,0.895854,0.843497,0.16014569025719538,0.3019714173860848,-1.946634178720888e-16,-2.1770779623508927e-16,0,0,0.1600273092469732,0.3016982414207441
1389,0.890247,0.8643159999999999,0.15925596363376826,0.30841897323261946,1.828879658393595e-16,7.546047120499112e-17,0,0,0.159138336745289,0.3081829803062085
1390,0.919686,0.840408,0.16356672544497997,0.3009131836006418,2.9820303127855996e-16,-2.324529457808921e-16,0,0,0.1634755725985545,0.3006484600754509
1391,0.908472,0.882046,0.16182497775298543,0.3137999376049265,1.752883862365939e-16,4.0592529337857286e-16,0,0,0.1617360298023175,0.3136174731519331
1392,0.8709149999999999,0.163279,0.16535769728943706,0.06624498032033443,-1.0462550964485118e-16,4.163336342344337e-17,0,0,0.1648780844741886,0.0659638824681736
1393,0.887409,0.141883,0.1667503869975917,0.0575394164188765,-2.514773057762237e-16,-5.898059818321144e-17,0,0,0.1663466473809891,0.0572879223270751
1394,0.894648,0.163493,0.16709920775610954,0.06608283429522999,2.1480755542369054e-16,1.6132928326584306e-16,0,0,0.1667085817871237,0.0657981206015047
1395,0.903903,0.120487,0.16807775321649387,0.04883387737208977,4.662069341687669e-17,-7.632783294297951e-17,0,0,0.1677458115213408,0.0486222480696629
1396,0.918381,0.1637059999999999,0.1688600039924495,0.06597307120682672,-1.9309640691966834e-16,-1.3877787807814454e-16,0,0,0.1685573455738699,0.0656851606061444
1397,0.163284,0.870909,0.034647507629415486,0.3190216451039305,-5.390983544447357e-17,-3.2615511853795187e-16,0,0,0.0344353943144336,0.3184890824216075
1398,0.163499,0.894642,0.0345060902836849,0.3246789765471476,2.6188225850029556e-16,5.898059818321144e-17,0,0,0.0342880350926609,0.3242476637875082
1399,0.1418929999999999,0.887399,0.030072045265114866,0.3231243017653469,-1.4465967486387843e-16,-3.9551695252271197e-16,0,0,0.0298771739672657,0.3226519642871335
1400,0.163713,0.918374,0.03439660433650715,0.3303532536883722,2.4214977896105938e-17,1.8041124150158796e-16,0,0,0.0341818873586285,0.330026459908939
1401,0.120501,0.903889,0.02551052663329756,0.3271567211486399,-1.1619936783613394e-16,3.694961003830599e-16,0,0,0.0253360098785766,0.3267594289760478
1402,0.725775,0.7287569999999999,0.13691967219347134,0.2684068175731227,1.717376241217039e-16,1.4224732503009818e-16,0,0,0.1365100924729729,0.2678675049110987
1403,0.702627,0.7238769999999999,0.13365019077900797,0.2673849700950086,4.778621075229861e-17,1.1796119636642288e-16,0,0,0.1332073071625848,0.2668187991129306
1404,0.748923,0.7336369999999999,0.14016716124024242,0.26947976753581315,-1.3669078889610995e-16,3.469446951953615e-17,0,0,0.1397952722229825,0.2689693451448549
1405,0.7315279999999998,0.752284,0.13733042002422735,0.27552278444636613,2.8296321449156054e-16,4.8572257327350605e-17,0,0,0.1369624218077937,0.2750341117007541
1406,0.714134,0.770931,0.1344587418716401,0.2815099674044177,-3.2557235987024086e-16,1.0408340855860844e-16,0,0,0.1340974838824159,0.2810497367688963
1407,0.868089,0.957009,0.1557821015594527,0.33689428062643856,5.897382191963341e-17,2.0296264668928643e-16,0,0,0.1556481487507379,0.3368132323408509
1408,0.854211,0.938301,0.15378005595994182,0.33120784180937335,2.1707082745875406e-16,3.434752482434078e-16,0,0,0.1536279455923063,0.3310988795377825
1409,0.875055,0.932725,0.15685990851488896,0.32945601630490273,-5.162564169561289e-16,-7.28583859910259e-17,0,0,0.1567201401111645,0.3293405622094998
1410,0.957039,0.868113,0.16885259260016028,0.30940590662066825,-5.865533753146579e-17,-2.0469737016526324e-16,0,0,0.1688020217524278,0.3091852838265821
1411,0.932756,0.8750799999999999,0.16534623455663677,0.3115930078201927,-8.397569342373859e-17,3.9725167599868878e-16,0,0,0.165278080296802,0.3113961397891192
1412,0.938363,0.854261,0.1661999653733801,0.3051494577084668,-4.645001627800495e-16,1.1796119636642288e-16,0,0,0.1661310833605818,0.3049101274811412
1413,0.955571,0.133548,0.17174845130648464,0.05378077118075453,-1.7472934449140607e-16,1.9081958235744878e-16,0,0,0.1715878354634052,0.0535650290747213
1414,0.936976,0.148627,0.17032429843675345,0.05987471897969954,1.3941823498626882e-16,1.3270634591222574e-16,0,0,0.1700946025860515,0.059615473359816
1415,0.929737,0.1270179999999999,0.16989887173986062,0.05129881514585577,2.2287469721334047e-16,-2.949029909160572e-17,0,0,0.1696471182967011,0.0510786376988659
1416,0.133553,0.955566,0.028016241019940935,0.3393812674949004,-7.118973108493493e-17,-2.003605614753212e-16,0,0,0.0278417537340598,0.339201933430934
1417,0.127027,0.929727,0.026756680905236863,0.33325499730881347,2.24545046185326e-16,-3.434752482434078e-16,0,0,0.0265772083852182,0.3329620940347823
1418,0.1486329999999999,0.93697,0.03119251658063149,0.33488264288098435,-1.0078336819610567e-16,-2.498001805406602e-16,0,0,0.0310020951757212,0.3346313493242326
1419,0.653047,0.8141019999999999,0.12450561675359495,0.2955004711984657,-8.341072244791997e-17,-5.3884847972529564e-17,0,0,0.1241280210445223,0.2950751870389002
1420,0.6539369999999999,0.790263,0.12503421961446293,0.2884169438621029,2.5999168096202396e-16,1.52655665885959e-16,0,0,0.124642912371,0.2879394884133323
1421,0.675624,0.7996079999999999,0.1281959236948751,0.2908116908511147,-3.076152613884497e-16,7.632783294297951e-17,0,0,0.1278344640219935,0.2903759089540526
1422,0.6548279999999999,0.766425,0.12562622065888718,0.2812967440695502,-2.5299857694949246e-16,-1.1449174941446927e-16,0,0,0.1252010542696196,0.2807692849181469
1423,0.6982009999999998,0.7851139999999999,0.13184732210356742,0.2860746915685013,4.279617025343408e-16,-2.4286128663675294e-16,0,0,0.131490610107222,0.2856317013587665
1424,0.686694,0.73806,0.13100892421789467,0.27205829531885684,-2.2694384349195013e-16,1.8388068845354155e-16,0,0,0.1305702408566763,0.2715100608323963
1425,0.692448,0.761587,0.13139767083339393,0.27907319756923243,-1.0402919844998415e-16,3.122502256758253e-17,0,0,0.1310021790737131,0.2785765742304314
1426,0.670761,0.7522419999999999,0.12833214859711006,0.2766977779683657,1.396723448704451e-16,-1.5612511283791264e-16,0,0,0.1279000589690772,0.2761602519802488
1427,0.7351619999999999,0.267046,0.1526604759565089,0.11040301583125256,-8.477105736121038e-18,7.372574772901431e-17,0,0,0.1517297299469799,0.1098235771020007
1428,0.738928,0.241697,0.1538320501567796,0.10034661731333472,6.93889390390723e-17,6.93889390390723e-17,0,0,0.152892391790525,0.0998189733676088
1429,0.758622,0.2573679999999999,0.15487782075069845,0.10581352071312722,-2.013634484848703e-16,-1.7347234759768074e-17,0,0,0.1540231099450267,0.1052790343555345
1430,0.2727299999999999,0.730958,0.05988716532010585,0.2831299640238285,-4.517734927475536e-17,2.1684043449710086e-16,0,0,0.05942835734403,0.2821741920981663
1431,0.2680299999999999,0.752977,0.05827971974213142,0.28865551023045555,1.7119552303546115e-16,6.591949208711867e-17,0,0,0.0578601679041141,0.2877749774389314
1432,0.247145,0.7356449999999999,0.054508087545400485,0.28509070590371266,-6.404924333958117e-17,-1.52655665885959e-16,0,0,0.0540894334100785,0.2841044707836639
1433,0.19216,0.2288149999999999,0.1036575534963049,0.17877094830328133,5.269222558279552e-16,1.873501354054952e-16,0,0,0.100989994291049,0.174905550227059
1434,0.216122,0.229111,0.10937520407605916,0.17023274566599866,2.469812548921979e-16,2.2377932840100807e-16,0,0,0.106628857556791,0.1669309172269278
1435,0.2058649999999999,0.250562,0.10019126627594233,0.1802336812397698,5.722419066378492e-16,4.805184028455756e-16,0,0,0.0977018812774493,0.1766681028254576
1436,0.2400839999999999,0.229407,0.1140398911666125,0.1622903365032471,-1.3444106938820257e-17,1.1102230246251563e-16,0,0,0.1112951516966473,0.1594008128944624
1437,0.2195709999999999,0.2723079999999999,0.09739951431402005,0.18207731596703525,3.4542681215388166e-16,-6.93889390390723e-17,0,0,0.0950943635521199,0.1787687543581474
1438,0.270639,0.274367,0.1074860596563667,0.1689776356506627,1.5959455978986623e-16,-2.740863092043355e-16,0,0,0.105105940450783,0.1663882560599946
1439,0.2451049999999999,0.273338,0.10283763543702662,0.1752977325450047,-6.071532165918825e-18,3.278627369596165e-16,0,0,0.1004705725167403,0.1723819001029839
1440,0.255361,0.251887,0.1103964980575256,0.1655662805569591,2.5066754227864863e-16,4.0939474033052647e-16,0,0,0.1078258262720104,0.1628237562945725
