id,x,y,ux,uy,fintx,finty,bcx,bcy,ux_orig,uy_orig
0,0.1,0.0,0.2289423966094546,0.0,4.615017135806143e-13,-0.0493257978461175,0,3,0.2253388060663661,0.0
1,1.6684e-15,0.1,0.0,0.2707035840358003,-0.0476611160987129,1.183940098736791e-12,1,0,0.0,0.2700091507755214
2,0.0,1.0,0.0,0.3499999999999999,-0.0321031704473042,0.031596631280884,1,4,0.0,0.3499999999999999
3,1.0,1.0,0.1749999999999999,0.3499999999999999,0.0303949520389108,0.032470058104804,2,4,0.1749999999999999,0.3499999999999999
4,1.0,0.0,0.1749999999999999,0.0,0.0292911851678401,-0.0344550238413535,2,3,0.1749999999999999,0.0
5,0.0980784999999999,0.0195089999999999,0.22358766838897282,0.05626780354214134,1.7939751247031401e-12,3.665401315799954e-13,0,0,0.220816344853418,0.0546351188021197
6,0.0923879999999999,0.0382682999999999,0.2089189357620853,0.10912136287151952,-1.68589101012806e-14,1.829092433069945e-14,0,0,0.2068153973599655,0.1069007620998185
7,0.0831469999999999,0.055557,0.18624873486533033,0.15635403102714918,-1.806267808934781e-13,-1.0582507092848915e-13,0,0,0.1831472252848993,0.1528875935924299
8,0.0707107,0.0707107,0.1569697546556199,0.19654751326379483,-5.876722719566628e-14,-1.07032438467769e-13,0,0,0.1540931204098581,0.1870069321122469
9,0.055557,0.0831469999999999,0.1224431475716301,0.22881266955664614,1.885048513767737e-13,2.974402408401078e-13,0,0,0.1208414263748067,0.2218518877121554
10,0.0382682999999999,0.0923879999999999,0.08396633675602061,0.2524834025934979,3.4986943897585837e-13,5.271278205598584e-13,0,0,0.0846780714319808,0.2470191618483896
11,0.0195089999999999,0.0980784999999999,0.042802454331194895,0.2668249307316728,8.024443197592047e-13,3.304015047667086e-12,0,0,0.0426593175821901,0.2634082643836384
12,0.0,0.967857,0.0,0.3424521692477356,-0.0642055035920109,-6.93889390390723e-18,1,0,0.0,0.3423099730818966
13,0.0,0.935714,0.0,0.3351800345844822,-0.0642237623513964,-3.122502256758253e-17,1,0,0.0,0.3346366474037663
14,0.0,0.903571,0.0,0.3277229800432906,-0.0642562478433307,1.006139616066548e-16,1,0,0.0,0.3269953965079496
15,0.0,0.871429,0.0,0.3200772408199555,-0.0642722963585524,1.3530843112619095e-16,1,0,0.0,0.3194028862286034
16,0.0,0.8392859999999999,0.0,0.31257869278488215,-0.0643401995431682,-3.261280134836397e-16,1,0,0.0,0.3118872665640016
17,0.0,0.807143,0.0,0.30534583399639814,-0.064398952281867,1.8041124150158796e-16,1,0,0.0,0.3044615363882899
18,0.0,0.775,0.0,0.29816649496024183,-0.0644525747258134,3.469446951953615e-18,1,0,0.0,0.297149057902995
19,0.0,0.7428569999999999,0.0,0.29094425130642776,-0.0644758250543969,1.006139616066548e-16,1,0,0.0,0.2899708874338413
20,0.0,0.7107139999999998,0.0,0.2839080007652228,-0.0646940642655193,-3.0878077872387166e-16,1,0,0.0,0.2828639943609477
21,0.0,0.678571,0.0,0.27726429056383495,-0.0648140724067662,2.949029909160572e-16,1,0,0.0,0.2759332570386109
22,0.0,0.646429,0.0,0.2709046182135353,-0.0649697563945344,6.245004513516506e-17,1,0,0.0,0.2692065357432846
23,0.0,0.614286,0.0,0.2646297067888099,-0.0654027882701026,-1.214306433183765e-16,1,0,0.0,0.2627152981893846
24,0.0,0.5821429999999999,0.0,0.2584609641130555,-0.065451778911549,-1.1449174941446927e-16,1,0,0.0,0.2565148935967177
25,0.0,0.55,0.0,0.25256883209385705,-0.0657263274689089,1.769417945496343e-16,1,0,0.0,0.2506671487569447
26,0.0,0.517857,0.0,0.2471201737944284,-0.0660197484452824,-2.706168622523819e-16,1,0,0.0,0.2452339689125057
27,0.0,0.4857139999999999,0.0,0.24231013825556147,-0.0662280881847534,5.681219383824043e-17,1,0,0.0,0.240292535446932
28,0.0,0.453571,0.0,0.2382314176629734,-0.0668211285982724,-2.4286128663675294e-16,1,0,0.0,0.2357986710320372
29,0.0,0.421429,0.0,0.23467271977824566,-0.067264189747421,5.551115123125784e-17,1,0,0.0,0.2319693712018625
30,0.0,0.389286,0.0,0.23152073037636,-0.0677568155626505,-4.510281037539698e-17,1,0,0.0,0.2289216341325739
31,0.0,0.3571429999999999,0.0,0.2292798429461982,-0.0683569570227136,-2.8449465006019636e-16,1,0,0.0,0.2268299538487713
32,0.0,0.325,0.0,0.2284768229801557,-0.0697118020063705,3.920475055707584e-16,1,0,0.0,0.2254815965826104
33,0.0,0.2928569999999999,0.0,0.22885066185517644,-0.0707605372915576,3.1571967262777884e-16,1,0,0.0,0.2255202954522886
34,0.0,0.260714,0.0,0.23022693265556882,-0.0721348580192826,-2.324529457808921e-16,1,0,0.0,0.2271525622987412
35,0.0,0.228571,0.0,0.23357374682927912,-0.0731181701271971,-5.2007009809784685e-15,1,0,0.0,0.230673829735733
36,0.0,0.1964289999999999,0.0,0.2395850027387496,-0.0763281636045542,-1.7487747361322192e-14,1,0,0.0,0.2363065261055229
37,0.0,0.1642859999999999,0.0,0.24751307492078922,-0.0798443022665033,-7.892644870999278e-14,1,0,0.0,0.2445965030952061
38,0.0,0.132143,0.0,0.25768691459052206,-0.0845717584101613,-5.317083578981753e-13,1,0,0.0,0.2558210655095161
39,0.96875,1.0,0.16999439760002133,0.3499999999999999,-1.4454183140509167e-16,0.064940006696227,0,4,0.1704280312562865,0.3499999999999999
40,0.9375,1.0,0.165783629246107,0.3499999999999999,9.364817440667226e-17,0.0649323168633757,0,4,0.1658479648033127,0.3499999999999999
41,0.90625,1.0,0.16143676450519706,0.3499999999999999,3.905668919789579e-17,0.0649199244547316,0,4,0.1612528836934914,0.3499999999999999
42,0.875,1.0,0.15683662879746407,0.3499999999999999,-1.1675502144953276e-17,0.0649027937602713,0,4,0.1566359454474395,0.3499999999999999
43,0.84375,1.0,0.15217712077719625,0.3499999999999999,6.33648407181997e-17,0.0648709933712426,0,4,0.1519980318537075,0.3499999999999999
44,0.8125,1.0,0.14752130100532668,0.3499999999999999,1.6520361196658423e-16,0.0648417589195586,0,4,0.147324156569595,0.3499999999999999
45,0.78125,1.0,0.1428153591878072,0.3499999999999999,-3.4430025833403344e-16,0.0648118900395231,0,4,0.1426079927603252,0.3499999999999999
46,0.75,1.0,0.13805565995062352,0.3499999999999999,6.223659283245697e-17,0.0647890426963533,0,4,0.137840497353712,0.3499999999999999
47,0.71875,1.0,0.1332970251169172,0.3499999999999999,1.1175075079715435e-16,0.0647031386843006,0,4,0.1330412336418584,0.3499999999999999
48,0.6875,1.0,0.12856465539880446,0.3499999999999999,2.2016080365033774e-17,0.0646516157333379,0,4,0.1281822186193996,0.3499999999999999
49,0.65625,1.0,0.12382958942180267,0.3499999999999999,7.247213896707794e-18,0.0645922509516745,0,4,0.1232589704367339,0.3499999999999999
50,0.625,1.0,0.11900814408727456,0.3499999999999999,-7.99531339572279e-17,0.0644928997568857,0,4,0.1182660190993317,0.3499999999999999
51,0.59375,1.0,0.11396995205996063,0.3499999999999999,3.287843088062292e-17,0.0644541238836525,0,4,0.113191748138286,0.3499999999999999
52,0.5625,1.0,0.10865946851754416,0.3499999999999999,-2.2532770462858898e-17,0.0643775812874907,0,4,0.1080322621929602,0.3499999999999999
53,0.53125,1.0,0.10320618068544718,0.3499999999999999,1.7113453666325884e-17,0.0643005270686536,0,4,0.1027823887465522,0.3499999999999999
54,0.5,1.0,0.09776821047489648,0.3499999999999999,-7.288040884765451e-17,0.0642094582194485,0,4,0.0974374643058768,0.3499999999999999
55,0.46875,1.0,0.09230909193502157,0.3499999999999999,1.4408708059153452e-16,0.0641318922706812,0,4,0.092013191255413,0.3499999999999999
56,0.4375,1.0,0.08672485765418969,0.3499999999999999,-1.8362996670115428e-16,0.0640564847409543,0,4,0.0864882643287113,0.3499999999999999
57,0.40625,1.0,0.08110156373732025,0.3499999999999999,1.832233908864722e-16,0.0639785819470013,0,4,0.0808593979198384,0.3499999999999999
58,0.375,1.0,0.07556263425794896,0.3499999999999999,-2.8662578495548813e-16,0.0639008040218807,0,4,0.0751188153333117,0.3499999999999999
59,0.34375,1.0,0.06994430196391477,0.3499999999999999,8.859710518395805e-17,0.0637623752882925,0,4,0.0693010399972135,0.3499999999999999
60,0.3125,1.0,0.06396449060048326,0.3499999999999999,-9.030980580330625e-17,0.0636846076544696,0,4,0.0633765639551067,0.3499999999999999
61,0.28125,1.0,0.05766972365836409,0.3499999999999999,1.8258811617603147e-16,0.0636102037532048,0,4,0.057351993295687,0.3499999999999999
62,0.25,1.0,0.05138351474488445,0.3499999999999999,-1.900335357823968e-16,0.0634940228648375,0,4,0.0512314441069795,0.3499999999999999
63,0.21875,1.0,0.045246485376083,0.3499999999999999,2.902781910240488e-17,0.0634418500439079,0,4,0.0450485605439427,0.3499999999999999
64,0.1875,1.0,0.03910037200421357,0.3499999999999999,-8.019707944603716e-17,0.0633818328358909,0,4,0.0387777941875717,0.3499999999999999
65,0.15625,1.0,0.032776686073702876,0.3499999999999999,1.4208130657243634e-16,0.0633235973306389,0,4,0.0324310893956891,0.3499999999999999
66,0.125,1.0,0.02626143662382674,0.3499999999999999,-2.1230033789981784e-17,0.0632600647068324,0,4,0.0260168182550056,0.3499999999999999
67,0.09375,1.0,0.01964801211397571,0.3499999999999999,5.340119215964737e-17,0.0632226015189102,0,4,0.019562896330318,0.3499999999999999
68,0.0625,1.0,0.013055614204859012,0.3499999999999999,-1.1275363780670344e-16,0.0631999794567415,0,4,0.0130660713209006,0.3499999999999999
69,0.03125,1.0,0.00650345077883685,0.3499999999999999,8.660763654909451e-17,0.0631882883020585,0,4,0.0065403351963226,0.3499999999999999
70,1.0,0.03125,0.1749999999999999,0.012393941945447295,0.0585721212504025,-6.93889390390723e-18,2,0,0.1749999999999999,0.0125847575006849
71,1.0,0.0625,0.1749999999999999,0.025305245701019885,0.0585916930203065,6.591949208711867e-17,2,0,0.1749999999999999,0.0251443623648606
72,1.0,0.09375,0.1749999999999999,0.03800078261701856,0.0586289450231584,1.3877787807814457e-17,2,0,0.1749999999999999,0.037653964277528
73,1.0,0.125,0.1749999999999999,0.05044989269845246,0.0586920035723056,1.474514954580286e-17,2,0,0.1749999999999999,0.0500895513329528
74,1.0,0.15625,0.1749999999999999,0.06270688238691946,0.0587861020214348,7.632783294297951e-17,2,0,0.1749999999999999,0.0624550798721908
75,1.0,0.1875,0.1749999999999999,0.07489177053139429,0.0588731270924653,-1.8041124150158796e-16,2,0,0.1749999999999999,0.074707604734647
76,1.0,0.21875,0.1749999999999999,0.08717373665058403,0.0589599025393375,6.245004513516506e-17,2,0,0.1749999999999999,0.086835833699062
77,1.0,0.25,0.1749999999999999,0.09945934669667622,0.0590248879935765,2.3418766925686896e-17,2,0,0.1749999999999999,0.0988225865507053
78,1.0,0.28125,0.1749999999999999,0.11143689879827434,0.0591849253804846,-4.510281037539698e-17,2,0,0.1749999999999999,0.1107050401031295
79,1.0,0.3125,0.1749999999999999,0.1230225775470899,0.0592824144971989,2.4286128663675296e-17,2,0,0.1749999999999999,0.1224373691261406
80,1.0,0.34375,0.1749999999999999,0.1344711623423791,0.0593862177958029,3.122502256758253e-17,2,0,0.1749999999999999,0.1340159545165382
81,1.0,0.375,0.1749999999999999,0.14596408641591552,0.0595636546571537,-4.510281037539698e-17,2,0,0.1749999999999999,0.145433515867012
82,1.0,0.40625,0.1749999999999999,0.15735764628698234,0.059662840416556,1.0408340855860844e-16,2,0,0.1749999999999999,0.1567203994332416
83,1.0,0.4375,0.1749999999999999,0.168464789087011,0.0597655161985542,-5.898059818321144e-17,2,0,0.1749999999999999,0.1678415379252737
84,1.0,0.46875,0.1749999999999999,0.17936742688289087,0.0598597562903372,0.0,2,0,0.1749999999999999,0.1788102255481039
85,1.0,0.5,0.1749999999999999,0.19027027040465327,0.0599463015969005,-3.5670251474773096e-17,2,0,0.1749999999999999,0.1896339095767165
86,1.0,0.53125,0.1749999999999999,0.20116499997993742,0.060053094008907,2.775557561562892e-17,2,0,0.1749999999999999,0.2003406907008214
87,1.0,0.5625,0.1749999999999999,0.21182315183114042,0.0601437105568496,3.469446951953615e-18,2,0,0.1749999999999999,0.2109131124383745
88,1.0,0.59375,0.1749999999999999,0.22210737829936988,0.0602342943762849,2.775557561562892e-17,2,0,0.1749999999999999,0.2213581856297312
89,1.0,0.625,0.1749999999999999,0.23216344123648014,0.060291015964441,-2.0816681711721685e-17,2,0,0.1749999999999999,0.2316825670974166
90,1.0,0.65625,0.1749999999999999,0.24226095014455495,0.0604080169769341,5.898059818321144e-17,2,0,0.1749999999999999,0.241904083298733
91,1.0,0.6875,0.1749999999999999,0.252495058301065,0.0604733905068361,3.122502256758253e-17,2,0,0.1749999999999999,0.2520283256882149
92,1.0,0.71875,0.1749999999999999,0.26269782015879173,0.0605301874926009,1.2836953722228372e-16,2,0,0.1749999999999999,0.2620647711867791
93,1.0,0.75,0.1749999999999999,0.272656067074422,0.0606276211129588,-1.43982048506075e-16,2,0,0.1749999999999999,0.2720206451675895
94,1.0,0.78125,0.1749999999999999,0.2823788516325294,0.0606485090288226,2.3939183968479933e-16,2,0,0.1749999999999999,0.2819288785590117
95,1.0,0.8125,0.1749999999999999,0.29207994334137766,0.0606827358351224,-1.8388068845354155e-16,2,0,0.1749999999999999,0.2917687341703726
96,1.0,0.84375,0.1749999999999999,0.30188893679951434,0.0607157618733445,-5.204170427930421e-17,2,0,0.1749999999999999,0.3015532452537779
97,1.0,0.875,0.1749999999999999,0.31169098828286224,0.0607501648955739,4.683753385137379e-17,2,0,0.1749999999999999,0.3112912837563266
98,1.0,0.90625,0.1749999999999999,0.3213456258417864,0.0607681010957071,0.0,2,0,0.1749999999999999,0.3210017094599224
99,1.0,0.9375,0.1749999999999999,0.33096603659032553,0.0607815109552312,-2.775557561562892e-17,2,0,0.1749999999999999,0.3306840919036744
100,1.0,0.96875,0.1749999999999999,0.3407486298619915,0.0607902940686631,1.7347234759768074e-17,2,0,0.1749999999999999,0.3403472231766863
101,0.132143,0.0,0.2123917375001838,0.0,-8.97548094874745e-14,-0.0900920833269994,0,3,0.210192001124948,0.0
102,0.1642859999999999,0.0,0.19966457636655832,0.0,-9.840327337695687e-14,-0.0854929852104132,0,3,0.1971789630902037,0.0
103,0.1964289999999999,0.0,0.18918796201251098,0.0,-3.5503175919993086e-14,-0.0818859582330395,0,3,0.1862623102412988,0.0
104,0.228571,0.0,0.17965836686562398,0.0,-1.682833560001651e-14,-0.0789646309189276,0,3,0.1772437648827316,0.0
105,0.260714,0.0,0.17201789339378593,0.0,-5.347773005676126e-15,-0.0774694588558163,0,3,0.1700117767369243,0.0
106,0.2928569999999999,0.0,0.16650770964861294,0.0,-2.514319048102509e-15,-0.0758881093068768,0,3,0.1642419535368835,0.0
107,0.325,0.0,0.16226390059546247,0.0,-1.1398759540426353e-15,-0.0746638670838165,0,3,0.1597227534026001,0.0
108,0.3571429999999999,0.0,0.15871295125907636,0.0,-5.862552197172244e-16,-0.0736909219340122,0,3,0.1562696083033526,0.0
109,0.389286,0.0,0.15582339652974042,0.0,5.713745448998608e-17,-0.0728720702429174,0,3,0.153708915704108,0.0
110,0.421429,0.0,0.15368063626010553,0.0,-9.036825107666681e-17,-0.0722176230605561,0,3,0.1519225969253044,0.0
111,0.453571,0.0,0.1524229244187154,0.0,9.47050597666088e-17,-0.0716730940503436,0,3,0.1507979616235084,0.0
112,0.4857139999999999,0.0,0.15203935399586044,0.0,-2.0477868532819965e-17,-0.0712088875787866,0,3,0.1502432463343645,0.0
113,0.517857,0.0,0.15209665386282722,0.0,-1.1419359381703575e-16,-0.0707509752088435,0,3,0.1500878912801852,0.0
114,0.55,0.0,0.15216788537600223,0.0,1.9933056941146e-16,-0.0704641428119524,0,3,0.1503538074449794,0.0
115,0.5821429999999999,0.0,0.15240492820100826,0.0,-1.630369016875077e-16,-0.0702086918183896,0,3,0.1509825690298502,0.0
116,0.614286,0.0,0.15319144663499173,0.0,7.312266027056924e-17,-0.0701364282768861,0,3,0.1519289098841233,0.0
117,0.646429,0.0,0.1544555977834534,0.0,-7.234593105793705e-17,-0.0697192768640295,0,3,0.1531159030203946,0.0
118,0.678571,0.0,0.15580478231458983,0.0,-1.0440189294677603e-16,-0.0695629528362159,0,3,0.1545248869756543,0.0
119,0.7107139999999998,0.0,0.15712182917559403,0.0,2.705037833539234e-16,-0.0694364853899779,0,3,0.1561261414097941,0.0
120,0.7428569999999999,0.0,0.1585952457935491,0.0,-3.2759168641649516e-16,-0.0691944855914538,0,3,0.157893149731288,0.0
121,0.775,0.0,0.1603099382664368,0.0,2.038164559001188e-16,-0.0691702555081462,0,3,0.1597218908333576,0.0
122,0.807143,0.0,0.1621562969739898,0.0,1.26648366273463e-17,-0.0691131782466444,0,3,0.1616768086798181,0.0
123,0.8392859999999999,0.0,0.16407980903750286,0.0,-1.9481757786848908e-18,-0.069051435958405,0,3,0.16373924630366,0.0
124,0.871429,0.0,0.1661619991682528,0.0,-9.00531548202882e-17,-0.0689845705897914,0,3,0.1658876507942226,0.0
125,0.903571,0.0,0.16840552146095433,0.0,1.4314645050360862e-16,-0.0689624790267635,0,3,0.1681107858569339,0.0
126,0.935714,0.0,0.17059346854330215,0.0,-1.529514921427876e-16,-0.0689284932392572,0,3,0.1703810351265343,0.0
127,0.967857,0.0,0.1726193148551829,0.0,7.659316601370692e-17,-0.0689098356520379,0,3,0.1726823748489828,0.0
128,0.4998989999999999,0.4998989999999999,0.11330721052945592,0.20743529696483165,-4.228388472693467e-17,2.0816681711721685e-17,0,0,0.1121776056765656,0.206180349674284
129,0.6968739999999999,0.70035,0.1334558246380766,0.2603076426166808,-8.413408858487514e-17,-2.9837243786801077e-16,0,0,0.1328387833333856,0.259673077464226
130,0.707937,0.302074,0.14905295166590804,0.1250432536921835,-2.8568727244993037e-16,-1.3183898417423734e-16,0,0,0.1480304052420417,0.1243237291756502
131,0.3030149999999999,0.704253,0.06691075644084776,0.2754167292623606,-2.3700659490533127e-16,-5.620504062164855e-16,0,0,0.0663492717612647,0.2744717835229988
132,0.3114509999999999,0.297877,0.10930850408476545,0.1674627664833679,-8.164042358815848e-17,1.0408340855860844e-16,0,0,0.1070938062899088,0.1651707046451256
133,0.792073,0.5057979999999999,0.15070738381473348,0.1949212948929926,-2.2046319441250755e-16,1.8875959822972632e-16,0,0,0.1503051462682626,0.1942515736270329
134,0.5019259999999999,0.7904839999999999,0.10045603871185449,0.29180128403186245,-1.0028870095490916e-18,6.071532165918825e-17,0,0,0.1000745015340948,0.2912567283696171
135,0.511224,0.202329,0.14110528694618552,0.0980953129765112,-4.153578522791968e-16,2.4286128663675296e-17,0,0,0.1389929768040425,0.0970470837527889
136,0.206036,0.498265,0.057793055717411335,0.23369542251748499,-1.6111244283134596e-16,3.816391647148976e-17,0,0,0.0569763956804838,0.2315527173647649
137,0.1544919999999999,0.206773,0.10038359529426089,0.18796940364336479,8.699638232023686e-16,-5.950101522600447e-16,0,0,0.0978474988332908,0.1828728196061293
138,0.829967,0.8319469999999999,0.15070298739374266,0.2988507831687457,-2.6410487295389085e-17,-3.6082248300317592e-16,0,0,0.1505192094382433,0.2984887680996472
139,0.830687,0.1844619999999999,0.1621445539785782,0.07526146322197746,2.5455034130886234e-16,9.540979117872439e-17,0,0,0.1614858671492008,0.0749574334871394
140,0.1844619999999999,0.830687,0.03949029176123986,0.3091676097437812,-8.370040771588095e-17,-1.1449174941446927e-16,0,0,0.0392748716468098,0.308508259822016
141,0.148149,0.3708969999999999,0.055889839846713585,0.21738556390118902,-1.3660947373317357e-17,-4.0939474033052647e-16,0,0,0.0549069960716817,0.2143736950608822
142,0.302549,0.107985,0.1522756615850085,0.08065501274847975,-1.1205229452637688e-15,1.717376241217039e-15,0,0,0.1487798690099734,0.0794181502185122
143,0.64566,0.5683409999999999,0.13005805755165056,0.22068199339992134,1.7401444868392346e-17,-1.3530843112619095e-16,0,0,0.129441557233261,0.219802193965077
144,0.4266639999999999,0.6513729999999999,0.09228763831470133,0.2559630954297063,5.637851296924624e-18,-4.440892098500625e-16,0,0,0.0916744724007875,0.2549288109414242
145,0.848493,0.634429,0.15548687685623008,0.23630607661107206,-2.0629656836967936e-16,-3.78169717762944e-16,0,0,0.1551036452793128,0.2358343111843495
146,0.6295779999999999,0.852435,0.12035161630410585,0.3071044502012228,-1.2677033901786758e-16,4.163336342344337e-17,0,0,0.119900937895549,0.3067524533243173
147,0.425746,0.354594,0.11652185786078917,0.16769942726386944,-7.41594285980085e-17,1.6653345369377348e-16,0,0,0.1147641218104631,0.1661308300893317
148,0.8465019999999999,0.3613509999999999,0.16005752313503763,0.14268927961893496,9.421716878899032e-17,1.873501354054952e-16,0,0,0.1596219426816049,0.1420036593784329
149,0.3613509999999999,0.8465019999999999,0.07428709728628746,0.31005609981366433,3.0346818807869264e-16,-6.245004513516506e-17,0,0,0.0738739186532737,0.3095768554708278
150,0.6303039999999999,0.149758,0.1503321229283756,0.06705263509502402,-1.9670137914318262e-16,8.673617379884035e-18,0,0,0.1489554073776149,0.0664670280690444
151,0.151765,0.628345,0.037155501120651024,0.26400110719987424,-4.336808689942018e-19,3.122502256758253e-16,0,0,0.0367082314122523,0.26254660566206
152,0.55768,0.383867,0.12938577653767425,0.16446943291521166,1.5276408610320755e-16,2.2204460492503126e-16,0,0,0.1282101916857449,0.1633876916642721
153,0.380328,0.529633,0.09162838740667212,0.22568188757577445,-1.6675029412827058e-16,1.734723475976807e-16,0,0,0.0906030028356683,0.2241159159915171
154,0.177038,0.0965184,0.1623346978274185,0.11843376417164109,-2.4496030204268493e-14,-5.783568068906675e-15,0,0,0.1581764025849309,0.1183438866382928
155,0.429634,0.106117,0.14834656126913615,0.059850582390936324,-2.0317948712378356e-16,3.41740524767431e-16,0,0,0.1459137448229271,0.05925115416112
156,0.580126,0.6814379999999999,0.11635752183792647,0.257991912541911,1.9569849213363358e-17,-1.3530843112619095e-16,0,0,0.1158594564146574,0.2572055316748613
157,0.0716109,0.164088,0.0748030025231401,0.2246461808535969,7.265889279128857e-15,-4.666406150377611e-15,0,0,0.075310293923878,0.2198759322084477
158,0.692535,0.4270129999999999,0.14203384605934843,0.17126759838902217,-5.5077470362263625e-17,1.9775847626135598e-16,0,0,0.1411732679934938,0.1705019672991633
159,0.300931,0.40427,0.08962944206132306,0.20048329361452488,-2.4557179206796675e-16,-3.920475055707584e-16,0,0,0.0882957330116541,0.1984627295923881
160,0.0980863,0.531849,0.027491441960592056,0.24751582978933584,-5.648693318649478e-17,-1.5959455978986623e-16,0,0,0.0271934057008534,0.2452557540246994
161,0.911576,0.540038,0.16431163648121583,0.2042396362709269,2.526733162977468e-16,6.93889390390723e-17,0,0,0.1642772204540345,0.2037852656453501
162,0.536899,0.905776,0.10462390121756471,0.3235774841705279,-2.6881437614062482e-17,-6.83481049534862e-16,0,0,0.1041928702276203,0.3233189808239777
163,0.3907769999999999,0.227799,0.1309939108832623,0.12490863427956356,-6.591949208711867e-17,-6.93889390390723e-17,0,0,0.1284064156559642,0.1233448993329601
164,0.534232,0.0916407999999999,0.14959179744710127,0.044951526666409336,1.5189672436521915e-16,1.231653667943533e-16,0,0,0.1477823461463991,0.0447763295404376
165,0.2784019999999999,0.5966829999999999,0.0670893820524725,0.2504865394002991,-1.6154612370034016e-17,-4.0939474033052647e-16,0,0,0.0663612680587776,0.2488938393334672
166,0.739619,0.891036,0.13693461856018985,0.317499094606319,-1.6608622029762319e-16,-1.214306433183765e-16,0,0,0.1366526018626476,0.3172199860069708
167,0.893634,0.7381339999999998,0.16033907105156686,0.26913345362845575,1.4440895311149116e-16,2.636779683484747e-16,0,0,0.1602770800902066,0.2686675293720312
168,0.601817,0.263487,0.14240210857497004,0.11590612473446527,-6.106768736524604e-17,1.3010426069826053e-18,0,0,0.1408884424966903,0.1151310754830176
169,0.900749,0.268239,0.16650377101905178,0.10679830707522342,1.3974010750622543e-16,-8.847089727481716e-17,0,0,0.166129288645138,0.1064301325589575
170,0.268239,0.900749,0.0556149156536776,0.32522101534414105,2.4475864043860266e-17,2.324529457808921e-16,0,0,0.055333538438042,0.3248171792426919
171,0.7476479999999999,0.614048,0.14250333523705194,0.23195546520582866,2.534593628727988e-16,3.573530360512222e-16,0,0,0.1420290780759095,0.2311622355818406
172,0.387544,0.7487789999999999,0.08158332486527797,0.2838085592738935,-8.029872339970767e-18,-9.8879238130678e-16,0,0,0.0810078736555046,0.2829303171570622
173,0.747133,0.102446,0.15789540233527077,0.043351169161951475,3.342324247229689e-16,1.006139616066548e-16,0,0,0.1570234283269567,0.0431680925714123
174,0.10255,0.747031,0.023034606247165357,0.29109354531556164,-9.039535613097892e-18,6.83481049534862e-16,0,0,0.0229384024447204,0.2899856649342408
175,0.0905231999999999,0.27478,0.0501802932505484,0.2184703145903768,1.4500119854821136e-15,8.916478666520786e-16,0,0,0.0496314581051567,0.2143638817191134
176,0.913597,0.4459199999999999,0.16561197670307592,0.17187255357566755,3.384066030870381e-17,6.591949208711867e-17,0,0,0.165401112573611,0.171328865621683
177,0.4422789999999999,0.91412,0.08819415604011738,0.32689217938605,-8.910786605115238e-17,-3.469446951953614e-16,0,0,0.0877776450043657,0.3265402905813789
178,0.599543,0.4734229999999999,0.12864096620842247,0.19215083009476075,-1.5829351718288362e-16,8.326672684688674e-17,0,0,0.1275876177780832,0.1911947165725294
179,0.902865,0.902865,0.16091094247894944,0.3200722342226072,-1.3658236867886142e-16,1.0755285551056204e-16,0,0,0.1608696260640607,0.3200736989370607
180,0.525379,0.598666,0.111275388240756,0.23576375556876883,9.107298248878237e-18,1.4918621893400539e-16,0,0,0.1105694105515746,0.2347551830287755
181,0.8966629999999999,0.0988773,0.16763225707836682,0.04001695901933999,-2.078347802018932e-16,3.469446951953615e-17,0,0,0.1673504270197707,0.0400040336133593
182,0.0988947,0.896646,0.020996109104544303,0.3255271665721011,2.9643442648469293e-16,-3.2959746043559335e-17,0,0,0.0208591284499052,0.3251338863427693
183,0.0904543,0.448774,0.029595995452837087,0.23438614573751693,1.0191500421363743e-17,-2.636779683484747e-16,0,0,0.0291544163461452,0.2316934641418864
184,0.7894649999999999,0.7198689999999999,0.14619332516667782,0.2644935169737437,-2.2473478156551097e-16,-1.0928757898653883e-16,0,0,0.1458124175447709,0.2640264179294858
185,0.801775,0.2633599999999999,0.15825392123588244,0.10697636007716937,-4.1315556661633557e-16,5.984795992119986e-17,0,0,0.1575267108985621,0.1063651014327818
186,0.284215,0.792328,0.060509201932291035,0.2979396530718077,-4.838252194716564e-17,3.4000580129145414e-16,0,0,0.0601416691913591,0.2972016048080788
187,0.7198879999999999,0.794458,0.1348995586449746,0.2885533246007981,-1.755594367797153e-16,2.706168622523819e-16,0,0,0.1346232390563846,0.2881433848092133
188,0.25034,0.207956,0.122385130605835,0.15060579985083677,-4.527628272299467e-16,2.8102520310824275e-16,0,0,0.1194071951788752,0.147950136378607
189,0.722999,0.2006759999999999,0.1539936708577443,0.08455789182306717,4.597017211338539e-17,-6.93889390390723e-18,0,0,0.1530032848602666,0.0840645426451332
190,0.2006759999999999,0.722999,0.045163631832110696,0.2835133089465671,-2.662055146630815e-16,-6.93889390390723e-18,0,0,0.0447301881184946,0.2823860168349955
191,0.5008519999999999,0.2939069999999999,0.13161543759633787,0.1367861768012517,-1.940721888749053e-17,-7.28583859910259e-17,0,0,0.1297186430924261,0.1355566325969563
192,0.42497,0.447039,0.10643038387024717,0.197727767037577,2.5532961162033624e-16,2.1857515797307767e-16,0,0,0.1051081019879956,0.1960433746307673
193,0.209314,0.2937589999999999,0.08940569492915529,0.1903000919310216,2.0903417885520523e-16,1.9081958235744878e-16,0,0,0.0873305092932852,0.1869541238264376
194,0.6331419999999999,0.7570799999999999,0.12253386654992937,0.27902459704637295,2.4184484710004783e-16,-1.9081958235744878e-16,0,0,0.1220362581048415,0.2784304344413755
195,0.81949,0.92517,0.14863489071649383,0.3273097694691387,2.0872585886240466e-16,4.336808689942017e-16,0,0,0.1485065415998636,0.3271764585973042
196,0.925293,0.819589,0.16444926357689837,0.29445243138616206,1.2543541509299483e-16,9.020562075079397e-17,0,0,0.1643453093489519,0.2941314601998886
197,0.92562,0.185316,0.1693132797954604,0.07442385553440545,-2.576199887097119e-16,-6.245004513516506e-17,0,0,0.1689810995713665,0.0741271986201587
198,0.185319,0.925617,0.038718329335097224,0.3319975672493456,-2.2362178027281877e-16,1.448494102440634e-16,0,0,0.0385499884690287,0.3316736018285746
199,0.403496,0.590503,0.09155536146136001,0.24060837265733426,-2.1835831753858054e-16,9.714451465470121e-17,0,0,0.0907341319731257,0.2393419748879197
200,0.452853,0.56415,0.10175405085465172,0.2300576089110109,-2.2638141361497333e-16,1.0408340855860844e-16,0,0,0.1007546699526206,0.2287146880999885
201,0.476022,0.62502,0.10201810251965071,0.2460381134042109,2.0914259907245378e-16,-1.474514954580286e-16,0,0,0.1013496201260793,0.2450126099889844
202,0.440114,0.514766,0.10299006939203537,0.2165224257769296,-2.172199052574708e-16,-2.931682674400804e-16,0,0,0.1019100826599665,0.2151435838885178
203,0.5126389999999998,0.5492829999999999,0.11205949074428645,0.22176426896476187,-1.1053441148489718e-16,6.245004513516506e-17,0,0,0.1111163664284071,0.2205392528960455
204,0.138519,0.0482592,0.19409572344193293,0.08673273033127771,-1.890388887093586e-13,-4.315645063535101e-14,0,0,0.1897581934175642,0.0867842208730074
205,0.123874,0.0836144999999999,0.16777011349313398,0.1455780661199242,-5.3186621773448906e-15,-1.5681900222830336e-15,0,0,0.1630895352206803,0.1433987532459375
206,0.491325,0.415453,0.11882870649424149,0.1812209442286985,-3.3750620706410675e-16,-1.3387186324764766e-16,0,0,0.1174473041178433,0.1797155944920128
207,0.528789,0.441883,0.12163606815863659,0.18657069895925815,-9.584347204771859e-17,1.5092094240998222e-16,0,0,0.1203488311667495,0.1854047657688556
208,0.4624349999999999,0.4734689999999999,0.10973545419074071,0.2022172125580255,1.0110185258427328e-16,1.8214596497756474e-16,0,0,0.1085505545612106,0.2008342648880087
209,0.491713,0.3692309999999999,0.12300515818606073,0.1653662429744145,-2.2876665839444147e-17,1.0755285551056204e-16,0,0,0.1215820777038813,0.1639791440286916
210,0.425358,0.4008169999999999,0.11123585222230759,0.18322402767807944,-6.678685382510707e-17,9.020562075079397e-17,0,0,0.1096704104107782,0.1815016106639754
211,0.051275,0.80923,0.011254015435497422,0.3056259021504957,4.4260520812647303e-16,-1.4224732503009818e-16,0,0,0.0111727458012388,0.3047908709006668
212,0.100722,0.8218389999999999,0.021893304488003196,0.3081575577880358,-9.864884516902483e-17,1.1796119636642288e-16,0,0,0.0217339282651581,0.3073694577898089
213,0.0494474,0.8840379999999999,0.01061252793215317,0.3228402048616772,1.517713634890255e-16,6.591949208711867e-17,0,0,0.0104946145430735,0.3223175780573997
214,0.884046,0.0494387,0.16706377884111134,0.020158804041784606,-3.04118709382184e-16,-1.6653345369377348e-16,0,0,0.1666800020998503,0.0201019944053614
215,0.821898,0.100661,0.1627572319484898,0.04147589244712435,3.713392440762853e-17,3.469446951953615e-17,0,0,0.1620193105722025,0.0413667671831051
216,0.809281,0.0512227999999999,0.16217912594947848,0.02135579630430584,3.6250638450231742e-16,1.0711917464156784e-16,0,0,0.1616203348924348,0.021211893942895
217,0.2603829999999999,0.295818,0.10063982942665461,0.17817185559761128,-1.174190952801801e-16,3.573530360512222e-16,0,0,0.0984222762380015,0.175428413592462
218,0.3061909999999999,0.351074,0.09887802328739781,0.1849047480536683,-1.3270634591222574e-16,-2.498001805406602e-16,0,0,0.0969240879834768,0.1827141041017131
219,0.2551229999999999,0.349015,0.0888024774249061,0.19377752309264906,2.2204460492503126e-16,-1.873501354054952e-16,0,0,0.0870445373262896,0.1911123302550108
220,0.718866,0.53707,0.14091323200045736,0.20772570894041564,5.838428698834441e-17,2.3592239273284576e-16,0,0,0.1403031402709152,0.206889566621569
221,0.6690979999999999,0.4976769999999999,0.13615166750787466,0.19663772868807428,-2.0502263081700886e-16,-3.4000580129145414e-16,0,0,0.1353696375597452,0.1957016894702368
222,0.7423039999999999,0.466405,0.14605733593634795,0.18297545917039315,-4.109126233720062e-17,-1.457167719820518e-16,0,0,0.1454733125723239,0.1822436924948506
223,0.178732,0.332328,0.07214056668863122,0.20554417867242591,3.2482697087665713e-16,2.4286128663675296e-17,0,0,0.0706807252136333,0.2022084643349619
224,0.2245399999999999,0.3875839999999999,0.07501703617026578,0.20824360016217724,9.77950359581925e-17,-1.3530843112619095e-16,0,0,0.0738105122839406,0.2055450864941688
225,0.464295,0.720928,0.096162573816855,0.27367356211470906,-1.3338397227002918e-16,2.2724877535296173e-16,0,0,0.0955611765520813,0.2727587742265945
226,0.503395,0.666405,0.10474948808587214,0.2566538079554448,1.508396272470458e-16,-9.055256544598933e-16,0,0,0.1040961586580522,0.2557211670796042
227,0.541026,0.7359609999999999,0.10852856101155339,0.2751592462664121,9.486769009248164e-19,2.307182223049153e-16,0,0,0.1079511029281965,0.2745547074797349
228,0.769519,0.3941819999999999,0.15160997865677928,0.156564216435072,2.827328215299074e-16,1.734723475976807e-16,0,0,0.1508340258410549,0.1559455505838366
229,0.819288,0.4335749999999999,0.15568270973017206,0.16928894706870778,-1.0823048186836548e-16,-1.700029006457271e-16,0,0,0.1551762968949214,0.1685709941198693
230,0.177093,0.434581,0.056544950039096875,0.22409624791362148,-3.3068166260807885e-17,7.632783294297951e-17,0,0,0.0556142992423095,0.2216053014975324
231,0.2534839999999999,0.451268,0.0737022391276696,0.21850558241112594,-5.496905014501508e-17,1.769417945496343e-16,0,0,0.0725888273944786,0.2162711460683477
232,0.77722,0.331712,0.15422453157771088,0.13353463789098896,2.337675409150308e-16,-1.3183898417423734e-16,0,0,0.1534846552825854,0.132898165615031
233,0.7002359999999999,0.364543,0.14563499732867058,0.14863396790224215,-9.194034422677075e-17,-1.3877787807814454e-16,0,0,0.1446631624708937,0.1478833696151653
234,0.680709,0.0512227999999999,0.15534011864292552,0.02245467969441961,9.261712355162696e-17,-3.751339516799845e-17,0,0,0.154204231943122,0.0223613213990031
235,0.688718,0.1261019999999999,0.15419472724897787,0.0547992329184126,-4.880265028900377e-17,1.4918621893400539e-16,0,0,0.1530340403358616,0.0543877542346875
236,0.622295,0.074879,0.1526280299967766,0.03412757474507089,1.0023449084628487e-16,6.93889390390723e-17,0,0,0.1511603103842496,0.0338991052663299
237,0.0758823,0.621315,0.019009034649570822,0.2649829435158608,-3.878733272066892e-17,2.949029909160572e-17,0,0,0.0187904485420149,0.2632727224495014
238,0.1271569999999999,0.6876879999999999,0.029720603073656093,0.2776352901082646,-1.4842727741326556e-16,-5.48172618408671e-16,0,0,0.0294543602816923,0.2762414980797257
239,0.051275,0.6806579999999999,0.01213738635124173,0.2773676539263761,-1.723068302622588e-16,2.012279232133096e-16,0,0,0.0120404244561465,0.2760461251066114
240,0.051275,0.744944,0.011596473554163822,0.2910951553767518,1.7551200293466904e-16,-2.8102520310824275e-16,0,0,0.0115290269155921,0.2901477571831754
241,0.7449949999999999,0.0512227999999999,0.1586029483623861,0.02184656560939402,3.3477452580921163e-16,6.93889390390723e-18,0,0,0.1576606669734023,0.021683524672552
242,0.290709,0.650468,0.06667488665698329,0.26275666784567875,9.8879238130678e-17,1.1102230246251563e-16,0,0,0.0660869712581222,0.2614923133711258
243,0.3525329999999999,0.624028,0.08020378582841658,0.25257743072870653,3.307900828253274e-16,-4.163336342344337e-16,0,0,0.0795148345428922,0.2514502905324231
244,0.36484,0.677813,0.08001873018929473,0.26604432679960155,-3.546425306200085e-16,6.591949208711867e-17,0,0,0.0792995527938196,0.2649983689615813
245,0.124324,0.130303,0.13056508590227622,0.1798671396136342,-7.3324592925194655e-16,-1.9272777818102327e-15,0,0,0.1261128425074718,0.1742931274844869
246,0.0711607999999999,0.117399,0.10539712225363473,0.22149517752040992,-6.45300870030785e-14,-6.774789063079822e-14,0,0,0.103836973712313,0.2147722871669299
247,0.946817,0.681567,0.16786458668320847,0.25057542328431737,1.3387863951122567e-16,-2.4286128663675294e-16,0,0,0.1678514911021461,0.2502389444117735
248,0.871063,0.686281,0.15780635031296697,0.25282079259341117,-8.565197162635485e-17,2.5326962749261384e-16,0,0,0.1575683745266849,0.25231658249502
249,0.924246,0.629714,0.1652558420191781,0.23401785449823365,7.338693455011258e-17,2.949029909160572e-16,0,0,0.1651326513443172,0.2335078632286021
250,0.6272889999999999,0.926217,0.11922992652216635,0.3286879768811559,-3.573801411055344e-17,2.0816681711721685e-17,0,0,0.118863725004243,0.3284439932115068
251,0.6845989999999998,0.871736,0.12867127980280202,0.31227632926311344,-1.7076184216646698e-17,2.949029909160572e-17,0,0,0.1283385705655592,0.3118710385196303
252,0.6823099999999999,0.945518,0.12777748311782489,0.33382757138133456,1.5145542019969968e-16,-1.4181364416110398e-16,0,0,0.1274868764991262,0.3338387848910889
253,0.3216189999999999,0.950375,0.06548217470663076,0.33724516536312876,3.5080547136894647e-16,-3.469446951953614e-16,0,0,0.0652595995914908,0.3371338249017544
254,0.3147949999999999,0.873626,0.06505242618186458,0.31779014219500823,1.122589705655069e-16,3.122502256758253e-17,0,0,0.0646632995195345,0.317356644537572
255,0.368176,0.923251,0.074623697604693,0.329958853602875,2.1324901480074263e-16,2.2551405187698487e-16,0,0,0.0742076805292292,0.3297101844534515
256,0.923251,0.368176,0.16748313773314294,0.1439503986730415,-1.5788694136820158e-17,-2.0816681711721685e-17,0,0,0.167239030380133,0.1433654507916148
257,0.873626,0.3147949999999999,0.16341991459285055,0.12487424656865187,-5.946848916082992e-17,6.591949208711867e-17,0,0,0.1630426803028436,0.1243311363236681
258,0.950375,0.3216189999999999,0.17041660968871852,0.12654858535461244,-4.907370083212514e-17,-3.261280134836397e-16,0,0,0.1702617115847852,0.1260037485599092
259,0.3298459999999999,0.0539924,0.15859437675862864,0.03894150152336806,-1.3032110113275763e-16,5.620504062164855e-16,0,0,0.1557738019500354,0.0385406961426894
260,0.26556,0.0539924,0.16679610884102658,0.048072161049276474,-3.548160029676062e-15,1.1379786002407857e-15,0,0,0.1633009591179313,0.0476472005083722
261,0.6226009999999998,0.5208819999999998,0.12906056286556122,0.20647968305638642,-3.442341897641477e-17,-1.52655665885959e-16,0,0,0.1282910748170005,0.205516410147775
262,0.646039,0.450218,0.1355670683678909,0.18174301336694043,-3.224688311515012e-16,1.4051260155412135e-16,0,0,0.1346308272827207,0.1807799659868656
263,0.202805,0.0482592,0.1796728439430808,0.057560378074413165,-2.8759980508219485e-14,-3.622102617839573e-15,0,0,0.175569898964983,0.0572884126715133
264,0.141678,0.8636669999999999,0.030192624667961354,0.31760831799903144,1.8108886785939135e-16,-3.261280134836397e-16,0,0,0.030014920926268,0.3169388326017333
265,0.1435059999999999,0.7888589999999999,0.03150041007029358,0.3000259140412709,2.0635077847830363e-16,2.775557561562892e-17,0,0,0.0312309324436909,0.2991150143912291
266,0.78891,0.143454,0.15996941272896947,0.05955656779042329,-3.851221641940072e-16,7.632783294297951e-17,0,0,0.1591219284465167,0.0592401894866411
267,0.8636749999999999,0.1416699999999999,0.16506905941059813,0.057698446053109365,-7.101185416601152e-17,-7.806255641895632e-18,0,0,0.1645686197991223,0.0574408074986889
268,0.88005,0.4036359999999999,0.16254406037478475,0.15741588747187052,5.22748077463886e-16,5.551115123125784e-17,0,0,0.1623225370923238,0.1567314707743292
269,0.852835,0.4758589999999999,0.15864409104688093,0.18323690194665687,-1.3871858577183674e-16,-7.990570011218166e-17,0,0,0.1581198010240783,0.182646749478271
270,0.472102,0.852302,0.09413696985211573,0.30957888521879795,3.1712913545201005e-18,3.1571967262777884e-16,0,0,0.093767238349065,0.3091489895248152
271,0.4018149999999999,0.880311,0.08125554887010367,0.3183238566343789,-9.784924606681678e-18,-3.9551695252271197e-16,0,0,0.0808512342318885,0.3178867582207688
272,0.4316389999999999,0.818493,0.08761008622968802,0.30110196699388325,2.499153770214868e-16,-8.153200337090995e-17,0,0,0.0872382962201829,0.3006256344674667
273,0.329365,0.563158,0.07947482380950532,0.23848975776081716,-5.654114329511906e-17,-3.5041414214731503e-16,0,0,0.0787043955230531,0.2370490763813341
274,0.5809499999999999,0.952888,0.11155017033433978,0.3366321943431103,1.7741952113188575e-16,-2.2377932840100807e-16,0,0,0.1111937543171898,0.3364514519788827
275,0.583239,0.879105,0.1125658695968923,0.3154655488078788,2.2625266460699067e-16,-4.614364446098306e-16,0,0,0.1121337173293049,0.3151471844469629
276,0.8800339999999999,0.587233,0.15990334417438135,0.22047579594072886,3.039831841106233e-17,2.4286128663675294e-16,0,0,0.1598228244807611,0.2199301328981822
277,0.955788,0.582519,0.1696358501976647,0.21826058384613134,3.1741373852228744e-16,5.898059818321144e-17,0,0,0.1694461651408584,0.2177236847466591
278,0.3511139999999999,0.262838,0.12124530087749008,0.14673135779594304,-6.114900252818245e-17,2.636779683484747e-16,0,0,0.1188434187977321,0.1447385552125904
279,0.408262,0.291196,0.12271526819677092,0.14755398774286732,-3.274290560906224e-17,-2.2204460492503126e-16,0,0,0.1207418706106693,0.1458853095165313
280,0.368599,0.326235,0.11262164443542133,0.16641234560665907,6.418476861114186e-17,2.7755575615628914e-16,0,0,0.1107852440369462,0.1645101610525871
281,0.6384999999999998,0.690894,0.12494604535822873,0.25888315133488504,1.8892222855559915e-16,2.0643209364124002e-16,0,0,0.1244577437545526,0.2582829892603685
282,0.612893,0.62489,0.12333353972644545,0.23967819897370646,-1.6154612370034016e-17,-1.3183898417423734e-16,0,0,0.122711051033924,0.2388645994440472
283,0.671267,0.6343459999999999,0.13133913160709199,0.24047460975998547,-2.6291902682773486e-17,9.367506770274758e-17,0,0,0.1308598169540122,0.2397879450442659
284,0.1482449999999999,0.47352,0.04481766900244111,0.23400807898542553,4.040889259489256e-16,-3.801212816734178e-16,0,0,0.0441691156044141,0.231626551851335
285,0.119302,0.409835,0.0417696570912085,0.2266100904053019,1.577514160966409e-16,-6.349087922075114e-16,0,0,0.0412622590432253,0.2237663353253704
286,0.363339,0.3794319999999999,0.10422259498409403,0.18439519323874265,-8.955509944730267e-17,5.551115123125784e-17,0,0,0.1026772150384462,0.1824716119344778
287,0.3933889999999999,0.0530583999999999,0.15394745823869016,0.03277299410910928,-1.9699953474061616e-16,5.447031714567174e-16,0,0,0.151418137207703,0.0324553853810447
288,0.3660919999999999,0.1070509999999999,0.14965525047591655,0.06823482286745275,-3.419573652019281e-16,6.505213034913026e-16,0,0,0.1467506669562465,0.0672621613438365
289,0.946817,0.744067,0.16771287507253874,0.27068658551070257,-1.2617233375710607e-16,2.7582103268031233e-16,0,0,0.1676314193710712,0.2702518988453993
290,0.7448099999999999,0.945518,0.13742452223959845,0.3335562119464157,-4.535692025957327e-16,-4.1980308118638727e-16,0,0,0.1371589457468661,0.3336080706095613
291,0.2591189999999999,0.950375,0.05345809779828414,0.3376677121668763,-6.240938755369685e-18,2.8102520310824275e-16,0,0,0.0531667798132148,0.3374444178984545
292,0.950375,0.2591189999999999,0.17084236608206993,0.10287129535208805,1.230467821817377e-16,1.5352302762394743e-16,0,0,0.1706087411312337,0.1024795907631432
293,0.552752,0.640052,0.11364270862395642,0.24681985185452504,-2.028000163634136e-16,-2.9837243786801077e-16,0,0,0.1130305332391823,0.2458893661938983
294,0.239794,0.102252,0.1572997115531507,0.09442012279214396,-5.069729358542219e-15,2.8727020762175925e-15,0,0,0.1535096217182715,0.0929505589842744
295,0.463299,0.324251,0.1246344889041211,0.1523354616947472,-1.5395670849294166e-17,-8.326672684688674e-17,0,0,0.1227660904498758,0.1509745718125794
296,0.529266,0.3388869999999999,0.1298434134623676,0.15081852034199983,1.713039432527097e-17,-4.163336342344337e-17,0,0,0.1285342305185498,0.1496345953827144
297,0.0490432,0.5730669999999999,0.012979442594769353,0.2563320189819933,-4.128099771738559e-17,-6.93889390390723e-18,0,0,0.0129248859091715,0.2543546848381399
298,0.1249249999999999,0.5800969999999999,0.03256637038066401,0.2553146846166783,-1.4799359654427136e-17,-8.326672684688674e-17,0,0,0.0321018327823016,0.2534573375204608
299,0.0358054,0.1320439999999999,0.05264070816895128,0.24783721790845448,-6.16073185034146e-14,-1.3552749417514165e-13,0,0,0.0546112730883795,0.242464827346664
300,0.0358054,0.19633,0.03223345618243911,0.23540818177389156,-3.1344284806555933e-15,-9.656338229024897e-15,0,0,0.0324751396087525,0.2308220246382699
301,0.2422189999999999,0.547474,0.06254999318662158,0.24140026577879325,-1.1969591984239966e-16,4.8572257327350605e-17,0,0,0.0616718775204737,0.2396243091673009
302,0.215083,0.612514,0.05241361548723944,0.25783027466604835,5.540273101400928e-17,-1.4224732503009818e-16,0,0,0.0518509849815139,0.2561805019514228
303,0.1789,0.563305,0.04664586981925822,0.24916952138300985,3.106239224170971e-17,1.301042606982605e-16,0,0,0.0460603488227427,0.2473143339758554
304,0.956799,0.4104599999999999,0.1706064010522823,0.15892844223344582,-1.8611007917071487e-16,-1.006139616066548e-16,0,0,0.1703978004023783,0.1583636954348972
305,0.4086389999999999,0.95706,0.0817648877055035,0.3386074210939114,-2.9802007216195303e-17,-5.39499001028787e-16,0,0,0.0814107973393434,0.3384434034584338
306,0.696654,0.591195,0.13626374068007863,0.22612724885402713,1.706534219492184e-16,9.714451465470121e-17,0,0,0.1356898352142636,0.2252702805444995
307,0.722261,0.6571989999999999,0.13802266640414018,0.2463581436604727,1.7306577178299865e-17,1.1796119636642288e-16,0,0,0.1374837885219596,0.2455713811991618
308,0.769861,0.559923,0.14661554688609613,0.21363910739455605,-7.071708670036704e-17,7.28583859910259e-17,0,0,0.1462336042002176,0.2129454697549252
309,0.582268,0.120699,0.14956110783714394,0.05636727511227946,3.262364337008883e-16,1.6653345369377348e-16,0,0,0.1479341969370473,0.0559311483922215
310,0.5742589999999999,0.0458203999999999,0.1518752641678347,0.02178000476123998,-5.200646770869843e-16,1.457167719820518e-16,0,0,0.1502854400270996,0.0216685919774749
311,0.851824,0.5229179999999999,0.15761295351330773,0.19939054734902584,1.0046064864320177e-16,-7.643625316022806e-17,0,0,0.1572165116190535,0.1987859021601321
312,0.8202829999999999,0.570114,0.1528079291206268,0.21588671505014645,-1.5224909007127696e-16,2.5326962749261384e-16,0,0,0.1524693679044239,0.215190276855649
313,0.565752,0.8214599999999999,0.11050147279775047,0.2992340071923536,1.7661568686494142e-16,1.20346441145891e-17,0,0,0.1100800901933488,0.298740568103665
314,0.519413,0.84813,0.10230215289993794,0.30759870892143226,-3.5949433534188113e-16,-3.538835890992686e-16,0,0,0.1019453089108853,0.3071986947175835
315,0.445815,0.260853,0.13055250660545425,0.13031628517637728,-4.547143911404206e-16,-1.942890293094024e-16,0,0,0.128353361451542,0.1289118028579058
316,0.4447349999999999,0.7696319999999999,0.0912036727040686,0.28759001672733575,-1.9191733705709035e-16,-1.3357370765021415e-16,0,0,0.0907071958062181,0.2869059964570174
317,0.407104,0.700076,0.08683175294027023,0.2701792044281319,-5.14453930844372e-17,2.289834988289385e-16,0,0,0.0862118899056668,0.2691414108235186
318,0.5675339999999999,0.7737819999999999,0.11177183316158334,0.28542055229627294,-5.347827215784751e-17,-4.440892098500625e-16,0,0,0.1113048476622198,0.2848603070779199
319,0.63136,0.8047579999999999,0.1213317460133112,0.2930798530651373,1.919850996928707e-16,-6.93889390390723e-17,0,0,0.1208804968969614,0.2926573651745567
320,0.5227279999999999,0.146985,0.14612202273201547,0.07202382138348185,-1.2414114874959026e-16,1.5959455978986623e-16,0,0,0.1440965717423929,0.0714054637364
321,0.570764,0.176044,0.14597700066042307,0.08167435731229489,-2.1925278433088116e-16,-3.6429192995512955e-17,0,0,0.144321507922979,0.0810436502561186
322,0.3452799999999999,0.726516,0.07438052336510736,0.2794155492920254,-4.671285060153796e-16,-3.1571967262777884e-16,0,0,0.0737991061853533,0.278549418446586
323,0.79807,0.6242379999999998,0.1489408675734012,0.2339215882748249,-2.145771624620374e-16,1.4224732503009818e-16,0,0,0.1485707002842037,0.2333704594352323
324,0.6251069999999999,0.40544,0.13555891772739415,0.1674142157062306,3.9248118643975267e-17,-1.249000902703301e-16,0,0,0.1345202850086175,0.1664335733357233
325,0.632808,0.34297,0.14004757987231642,0.14452243920004548,2.314771638256552e-16,1.942890293094024e-16,0,0,0.1388758680533666,0.1434871419935053
326,0.152061,0.5150569999999999,0.04277484039448609,0.24140767161043186,-1.2021769213790834e-16,-2.45029690981724e-17,0,0,0.0422419064862036,0.2391657551452053
327,0.374448,0.797641,0.07779143609513994,0.2970069524817518,-3.97089045672816e-17,1.6653345369377348e-16,0,0,0.0773015924848028,0.2963512975505648
328,0.7548559999999999,0.282717,0.15376206044311402,0.11577742619374476,1.9385534844040814e-16,-1.2836953722228372e-16,0,0,0.1529137193775638,0.1151631781655508
329,0.824139,0.312356,0.15901277913258127,0.12501787414657883,1.66831609291207e-16,-2.1163626406917047e-16,0,0,0.1584300830524142,0.124399835722252
330,0.6160609999999999,0.206623,0.14675261974116438,0.0918318114709109,8.782037597132587e-18,-1.3877787807814457e-17,0,0,0.1452582357452495,0.091211164253419
331,0.556521,0.232908,0.14132437545055154,0.10713068464610842,-6.136584296267955e-17,-1.9081958235744878e-16,0,0,0.1394925549167219,0.1060884228204423
332,0.912586,0.492979,0.16505599080937827,0.18822122565325117,-9.110008754309451e-17,3.469446951953615e-18,0,0,0.1648333330599586,0.1877087611439293
333,0.489589,0.909948,0.09651727285017841,0.3253059060771193,-4.404774613629703e-16,-7.806255641895632e-17,0,0,0.096092672020455,0.324944053206907
334,0.5060379999999999,0.248118,0.13661004632376716,0.11807192842388758,-1.597029800071148e-16,-2.463307335887066e-16,0,0,0.1345364651345539,0.1168481241781447
335,0.4510009999999999,0.215064,0.1364955005228694,0.1102910308400169,2.0057740190981832e-18,3.2959746043559335e-17,0,0,0.1342020380910082,0.1091265895803578
336,0.113051,0.18543,0.09186870565190475,0.20376598562506842,1.9548165169913645e-15,-1.964574336543734e-15,0,0,0.0901004244361565,0.1978512776221695
337,0.165765,0.151646,0.1303201505988909,0.1624719966603152,-1.9875594226004267e-15,-1.7208456881689926e-15,0,0,0.1263302112897618,0.1587988892182322
338,0.0452615999999999,0.3159609999999999,0.02214075989468256,0.2264762640261324,5.301748623454117e-16,6.036837696399289e-16,0,0,0.0218542931364595,0.2229730672766759
339,0.119336,0.322838,0.0534521947547546,0.21614685177337378,4.703269024242118e-16,2.289834988289385e-16,0,0,0.052565235597747,0.2125795760821144
340,0.0740745,0.36402,0.03026080740164616,0.22624182003346505,2.8931934972775686e-16,1.942890293094024e-16,0,0,0.0298518696093335,0.2229628197643813
341,0.3227829999999999,0.819415,0.06751425307811587,0.3039069902006304,-9.034792228593268e-17,2.1770779623508927e-16,0,0,0.0670864197493018,0.303241945111061
342,0.3358789999999999,0.7705539999999999,0.07121424025899614,0.29104324632135103,2.0988121180245958e-16,2.3418766925686896e-16,0,0,0.0707150833620704,0.290289557337845
343,0.5786109999999999,0.428645,0.1287876907226746,0.17830126334592933,-1.5536617131717279e-16,1.3877787807814454e-16,0,0,0.1276131569847694,0.1774051477523331
344,0.549721,0.486661,0.12135564592517767,0.199734183432156,-1.3097162243624894e-16,-1.873501354054952e-16,0,0,0.1201721206021796,0.1985627374968024
345,0.5184499999999999,0.952888,0.10095903500405257,0.33684333665223676,4.621547285491023e-16,-7.632783294297951e-17,0,0,0.1007277566403446,0.3367581299054615
346,0.955788,0.520019,0.16997562057758842,0.19709142585270456,4.0538785097353996e-16,-3.3393426912553537e-17,0,0,0.1697386766548792,0.1966319309226098
347,0.579748,0.3236769999999999,0.13621796151596754,0.14089419785159407,-3.58870919092702e-17,4.510281037539698e-17,0,0,0.1348331482001132,0.1398469659901203
348,0.654877,0.2827799999999999,0.14549730279031792,0.12016146159112395,3.1073234263434557e-16,3.9551695252271197e-16,0,0,0.1442056466033003,0.119494481503013
349,0.818979,0.677149,0.15088998467399506,0.2504844628929277,4.409450235498546e-16,-1.5612511283791264e-16,0,0,0.1505469011147527,0.2500472391076326
350,0.768556,0.666958,0.14417529421189101,0.24828232848085463,4.862104642511245e-16,-2.0816681711721685e-17,0,0,0.1437478748022298,0.2476590076873887
351,0.0452272,0.4029579999999999,0.01675962552872079,0.23174507492876728,1.4311468676808662e-17,4.163336342344337e-17,0,0,0.0165046216196084,0.2287414404555106
352,0.293615,0.748291,0.06353887789919099,0.28669263932533795,-1.4116312285761268e-16,7.28583859910259e-17,0,0,0.0630962480141953,0.2858652422385117
353,0.239539,0.659841,0.0556297660978089,0.26755244100058917,-2.5363554572582764e-16,7.28583859910259e-17,0,0,0.0550805412728847,0.26607804940457
354,0.1762199999999999,0.675672,0.041195162004441954,0.27341751809035486,-5.458957938464515e-17,-2.60208521396521e-16,0,0,0.04077302699284,0.2721508483002738
355,0.7431689999999999,0.71011,0.1399092236533761,0.26233679567667423,7.509455297177725e-17,-2.4286128663675296e-17,0,0,0.1393590210361806,0.2617416924247573
356,0.457674,0.0530583999999999,0.15151465381495655,0.029145413358492078,-5.182486384480711e-17,1.3530843112619095e-16,0,0,0.1493601972808177,0.0288581054648317
357,0.2136889999999999,0.152237,0.13783158078695124,0.1382495801881305,-2.1892210266827306e-15,1.1449174941446927e-16,0,0,0.1341621550621779,0.1360378537415483
358,0.202416,0.2073639999999999,0.11399703496499569,0.16779379080981016,-2.0664893407573715e-16,-1.0928757898653883e-16,0,0,0.1109651078093319,0.1643854504623875
359,0.0942703,0.490311,0.02841842842826736,0.2405846627043502,-5.854691731421724e-18,-3.469446951953615e-18,0,0,0.0279517938974518,0.2381233170069132
360,0.340629,0.4669519999999999,0.08997796378935163,0.21239078311919002,-1.5243882545146192e-16,-1.0408340855860844e-16,0,0,0.0887750010339534,0.2105411205157911
361,0.293182,0.5139489999999999,0.07617690369443153,0.22923059908316645,-6.960577947356938e-17,8.673617379884035e-17,0,0,0.0751505298619344,0.2274414934545786
362,0.251846,0.7136259999999999,0.056253229442518204,0.2797330899629742,-2.2415879916137804e-17,-8.673617379884035e-17,0,0,0.055715259246208,0.2785847392268957
363,0.585519,0.583504,0.1210910458539729,0.2281503553967923,-2.5530250656602416e-16,-3.4520997171938456e-16,0,0,0.1203058229908056,0.2271953484059742
364,0.5624609999999999,0.5360449999999999,0.12017004350855132,0.21468485282093752,-1.6010955582179687e-16,8.673617379884035e-18,0,0,0.1191984071358795,0.2135245811615889
365,0.276445,0.15797,0.13983030873714597,0.11791521042701447,-1.1631320906424492e-15,7.285838599102589e-16,0,0,0.1364017250566831,0.1159424530063825
366,0.0490432,0.5087819999999998,0.0143910441670414,0.2456093417149532,-1.22118434071547e-16,-6.368603561179853e-16,0,0,0.0142785988267066,0.2430342898698003
367,0.888932,0.951432,0.15879700050936663,0.33523681249062065,-6.650225075482963e-17,2.3592239273284576e-16,0,0,0.1587336688926442,0.335070252603511
368,0.951432,0.951432,0.16801837164894096,0.33502571164717665,1.6390595749139064e-16,2.914335439641036e-16,0,0,0.167904439457539,0.3350076304378527
369,0.951432,0.888932,0.16792752044239023,0.31576066305933637,-6.575686176124584e-17,3.0184188481996443e-16,0,0,0.1679633458552312,0.3156623492756674
370,0.346663,0.167892,0.13929633056977764,0.10533888008649228,1.5655879370690684e-16,5.655198531684391e-16,0,0,0.1364828913325779,0.1037665554327516
371,0.3205589999999999,0.2178769999999999,0.12736005106853554,0.13504364766413346,-4.77048955893622e-18,2.3592239273284576e-16,0,0,0.1245856547809017,0.1329292020236261
372,0.948332,0.111939,0.17127683729995624,0.04507948240279802,-4.927902161853959e-16,-9.62771529167128e-17,0,0,0.1711089464336167,0.0449952816835861
373,0.948332,0.0494387,0.17148300378539716,0.020017927985463757,-2.5315443101178725e-16,-1.9255430583342559e-16,0,0,0.1712546869876657,0.0199332370073961
374,0.0494474,0.948323,0.010470572908161557,0.33791268014147136,1.5079727559968306e-16,-5.204170427930421e-17,0,0,0.0103688375298685,0.3376227349376709
375,0.111947,0.948323,0.023628006951184943,0.3377691055895298,-1.7894418043694346e-16,3.3306690738754696e-16,0,0,0.0233977308378846,0.3375055942308039
376,0.410206,0.166958,0.14106123821329675,0.09370814389694715,-4.9439619065339e-16,2.1510571102112408e-16,0,0,0.1384782292579782,0.0925033798617114
377,0.4026489999999999,0.4883359999999999,0.09896774835397082,0.2120804498772486,-1.7650811368064012e-16,3.05311331771918e-16,0,0,0.0977973270219072,0.2104983761732611
378,0.509973,0.0458203999999999,0.15119490112738276,0.023347460031800438,-3.3328374782204406e-16,6.93889390390723e-18,0,0,0.1493351115632359,0.0232272950622314
379,0.4704289999999999,0.154223,0.14411473971631494,0.08021112956339493,3.1300916719656513e-16,2.0643209364124002e-16,0,0,0.1417217768512046,0.0792328406120604
380,0.481933,0.0988787,0.14867369033163413,0.05180355110860546,1.7401444868392346e-17,1.0408340855860844e-16,0,0,0.1465716793639377,0.0512614057102735
381,0.2808959999999999,0.2529159999999999,0.11432364689972019,0.15913891351010534,1.5742615544489524e-16,5.290906601729262e-16,0,0,0.1117920166503222,0.1565429631741925
382,0.606634,0.7192589999999999,0.11934619552266668,0.2683716876854305,-9.253665542163779e-17,7.56339435525888e-16,0,0,0.1188311215448403,0.2677484822783227
383,0.362951,0.425655,0.09840287186636942,0.19826180567906704,3.249353910939057e-16,1.52655665885959e-16,0,0,0.0971089185873544,0.1963668641414367
384,0.676652,0.175217,0.15195373869937612,0.07586653544058208,-6.684106393373136e-17,4.8572257327350605e-17,0,0,0.1506762697647687,0.0753514475862543
385,0.662408,0.232082,0.14863649232574971,0.09966916809389659,2.6915996558310446e-16,2.203098814490545e-16,0,0,0.1472811873846762,0.0991416219566927
386,0.7154679999999999,0.251375,0.1516987493596389,0.10501000457531973,3.106239224170971e-17,-6.591949208711867e-17,0,0,0.1506514813141821,0.1044697076139429
387,0.122507,0.2407759999999999,0.07451000083165127,0.2069265493482817,1.4602034859034774e-15,7.63278329429795e-16,0,0,0.0732537502854533,0.2021150090155553
388,0.0810671,0.2194339999999999,0.05926925649873738,0.2200687455078878,5.219782939214213e-15,7.702172233337022e-16,0,0,0.0586465105161619,0.2155935021766342
389,0.0452615999999999,0.251676,0.029289861620782176,0.2276545328022621,9.435811507141343e-16,1.790234627208065e-15,0,0,0.0291093023034382,0.2236696868688881
390,0.0452272,0.4672439999999999,0.014439526967180427,0.23936161276287748,1.9528514005537343e-16,-4.0592529337857286e-16,0,0,0.0142359525557878,0.2367602353724192
391,0.4711389999999999,0.95706,0.09287731536460342,0.3382644938574231,-7.775084829436674e-17,2.2204460492503126e-16,0,0,0.092539698725551,0.3381434568718553
392,0.956799,0.4729599999999999,0.17024808600854158,0.18092880119002075,-3.95077342423087e-18,-1.9927635930283567e-16,0,0,0.1700762741776123,0.1804026117859194
393,0.665008,0.728715,0.128042741191166,0.2697499781352235,-2.5757933112824367e-16,-1.0755285551056204e-16,0,0,0.1275101271498043,0.2691382653975748
394,0.962647,0.847295,0.16958166406766395,0.3029224746860564,1.760007409452348e-16,-2.3592239273284576e-16,0,0,0.1696370963182083,0.3026903404394109
395,0.962647,0.784795,0.16988154457794735,0.2834546670783311,8.860981067816687e-17,-1.4051260155412135e-16,0,0,0.1697421713932347,0.2830947865069555
396,0.784745,0.962585,0.14335205865791067,0.3386703722862876,-2.5162638357494044e-16,3.538835890992686e-16,0,0,0.1431826115902591,0.338661251916484
397,0.847245,0.962585,0.152514619701833,0.3386480487897643,1.2772748624826497e-16,1.249000902703301e-16,0,0,0.15254799475576,0.3385518644653634
398,0.96281,0.2176579999999999,0.1719789311355271,0.08680485529475845,-2.1655921955861246e-16,1.6046192152785466e-16,0,0,0.1718666364346417,0.0864974646344617
399,0.96281,0.1551579999999999,0.17221934518238413,0.06231777809080086,-3.1063408681246407e-16,3.6429192995512955e-17,0,0,0.172082521407899,0.0620857637416106
400,0.1551599999999999,0.962808,0.032351360135180585,0.3409100606204447,-7.358005806208656e-17,2.7755575615628914e-16,0,0,0.0322561348535986,0.3409108018846624
401,0.2176599999999999,0.962808,0.04514319374902698,0.34087817976069346,-7.623296525288703e-18,2.1163626406917047e-16,0,0,0.044898239442855,0.3407277930587552
402,0.8415489999999999,0.729001,0.15340915125489119,0.26670295001531485,2.677911603403416e-16,2.8796409701215e-16,0,0,0.1530603630470676,0.2662296252481491
403,0.7847929999999999,0.861491,0.14383145660394803,0.3082015556865372,7.445080793186398e-17,-4.0592529337857286e-16,0,0,0.1436488912603163,0.3079029229376592
404,0.7297529999999999,0.842747,0.13592355546279578,0.30311988971516257,-2.1381822094129754e-16,-1.52655665885959e-16,0,0,0.1355415482180588,0.3026942222866773
405,0.774927,0.8132019999999999,0.14288811266305856,0.29354169559519505,-1.6067876196235176e-16,-2.1510571102112408e-16,0,0,0.1425909862749965,0.2931943932425165
406,0.8512619999999999,0.265799,0.16221818674966926,0.1067802087891323,-1.4287751754285538e-16,3.131175874138137e-16,0,0,0.1617949447999265,0.1062214109190588
407,0.276227,0.846539,0.05791811814560788,0.3115945570789336,-4.344940206235659e-17,-1.3530843112619095e-16,0,0,0.0575546838098834,0.311023213293476
408,0.776843,0.1925689999999999,0.15804496037162608,0.07970721803212655,-1.3538974628912734e-16,-1.1102230246251563e-16,0,0,0.1572268799434225,0.0792703736352546
409,0.735066,0.151561,0.1561872721358668,0.06410596599039309,1.571008947931496e-16,-1.3877787807814457e-17,0,0,0.1552599931906408,0.0637438199128621
410,0.151613,0.7350149999999999,0.034231599791382905,0.28752967959462694,-3.785220834690018e-17,-7.45931094670027e-17,0,0,0.0338967717051376,0.2864120847785168
411,0.1925689999999999,0.776843,0.04208191316229204,0.2962152829331899,5.589062199162777e-17,-1.6653345369377348e-16,0,0,0.0418045736752221,0.2954040237412385
412,0.754676,0.757163,0.14064238502032822,0.2766236123352428,-1.3866945786089602e-16,-3.8337388819087437e-16,0,0,0.1402818479499576,0.2761740185427213
413,0.8097159999999999,0.775908,0.14838807343767257,0.2816139445203589,6.732895491134984e-17,-2.1857515797307767e-16,0,0,0.1480459168714791,0.2812858794617649
414,0.181903,0.2502659999999999,0.09374907029268797,0.1880780889023299,8.623744079949702e-16,7.199102425303748e-16,0,0,0.0913245862566929,0.1839759519383462
415,0.149919,0.2842689999999999,0.07326609746178292,0.20443187301862054,9.161508357502512e-16,2.0990154059319366e-16,0,0,0.0717697244070515,0.2003625942469321
416,0.551335,0.2786969999999999,0.13724251414259925,0.1259622789802961,1.4541861638461828e-16,1.5092094240998222e-16,0,0,0.1355791994907705,0.1248914594258038
417,0.824728,0.878558,0.1496084964092006,0.3131792847852921,1.2332799712022613e-17,-5.551115123125784e-17,0,0,0.1494751011590079,0.3128775043624046
418,0.779555,0.908103,0.14276132921804674,0.3223158515902469,3.6638579540074207e-16,3.538835890992686e-16,0,0,0.1425938330146018,0.3221440565388118
419,0.8618,0.7850399999999998,0.15577464104717365,0.2839713560315431,-5.342406204922324e-17,5.898059818321144e-17,0,0,0.1554447381938592,0.2836626552694228
420,0.909463,0.778862,0.16242412985411647,0.2818174246494891,2.1738253558334364e-16,-2.0816681711721685e-17,0,0,0.1622576756605952,0.281427126241996
421,0.87763,0.825768,0.1576422006037319,0.29666710299352417,3.510104533421821e-18,-4.111294638065033e-16,0,0,0.1574729768524418,0.2962698518891965
422,0.816231,0.223911,0.1603152033749211,0.09121047791995807,4.3259666682171627e-17,5.204170427930421e-17,0,0,0.1596252482892189,0.0907456767749828
423,0.762387,0.232018,0.15592090150312288,0.09578884339316573,1.989510986510901e-17,-9.367506770274758e-17,0,0,0.1550750856305429,0.0952740193382733
424,0.2424449999999999,0.757664,0.05287318310638511,0.29049724889409845,-1.4512046078718474e-16,2.8796409701215e-16,0,0,0.0525482129432995,0.2896160528990585
425,0.2343379999999999,0.811508,0.050058896621067106,0.3036479832553596,-3.656810639886266e-17,-2.1076890233118206e-16,0,0,0.0497712452526058,0.3030158755969689
426,0.8781539999999999,0.184889,0.16568049069610424,0.07466375407602754,1.5548136779799937e-17,8.760353553682877e-17,0,0,0.1651989694734222,0.074415168493107
427,0.913185,0.226777,0.1680968203872908,0.09060766842594603,-1.7936769691057064e-16,-3.469446951953615e-17,0,0,0.167631287757887,0.0903726613691126
428,0.8657179999999999,0.22635,0.1641374876271584,0.09111167920491425,3.3759345145767394e-16,-6.591949208711867e-17,0,0,0.1636629629321982,0.090791640088107
429,0.22635,0.8657179999999999,0.047700216287012154,0.31701805498050817,-7.249924402139006e-17,1.7433970933566911e-16,0,0,0.0473624324692374,0.3165366519996131
430,0.226779,0.913183,0.04726356273749843,0.32875251077530265,-9.468811910766371e-17,-3.989863994746656e-16,0,0,0.046995254226824,0.3283170541454451
431,0.18489,0.878152,0.039056362184055615,0.3205918058683892,-9.107298248878237e-18,1.8388068845354155e-16,0,0,0.0388112402366935,0.3200482396481417
432,0.674733,0.823447,0.1276640040159691,0.2979412228742149,1.9309640691966834e-16,2.706168622523819e-16,0,0,0.1273583391388857,0.2975469620315469
433,0.8664159999999999,0.867406,0.15576955003052717,0.3095736424656934,-8.706058741763875e-17,2.584737979205442e-16,0,0,0.1556535109438682,0.3092377622003491
434,0.8611769999999999,0.914017,0.15489902598346816,0.3237213461470674,3.755650914501369e-16,3.356689926015121e-16,0,0,0.15472032100427,0.3236229243828857
435,0.914079,0.8612269999999999,0.162577813875032,0.3073116587984259,-1.0274170837015759e-16,-2.1510571102112408e-16,0,0,0.1626054684549545,0.3071431812290001
436,0.911142,0.142096,0.16841131433466217,0.057519764981407207,2.298237555126148e-16,1.4224732503009818e-16,0,0,0.1681466103606842,0.0571830930882912
437,0.142107,0.911132,0.030039031366868585,0.3288240166024252,-2.552211914030877e-16,5.100087019371813e-16,0,0,0.0297771259799586,0.3283892339252721
438,0.708381,0.7474039999999998,0.13407020859449403,0.27445462760078954,1.5365855289550812e-16,-4.163336342344337e-17,0,0,0.1336253437958287,0.2739429667113584
439,0.6765149999999999,0.775769,0.12866079053128487,0.28366715542506427,8.584170700653981e-17,2.9837243786801077e-16,0,0,0.1283511360846037,0.2831719521312908
440,0.229827,0.250857,0.10576353361830115,0.17278240441714843,3.172375556692586e-16,5.100087019371813e-16,0,0,0.1031331152179292,0.169632974563273
441,0.41508,0.6209379999999999,0.09179821582438308,0.24819841253986397,-1.2956215961201778e-16,8.673617379884035e-17,0,0,0.0911172971805112,0.2470910737964748
442,0.439759,0.607761,0.09685726608040568,0.24316629369968723,-7.857755245088693e-17,-1.0408340855860844e-16,0,0,0.096096806377002,0.2420186045565203
443,0.4513429999999999,0.6381959999999999,0.09719027723076579,0.2510433885763632,-1.1774435593192578e-16,6.869504964868156e-16,0,0,0.0965692791019597,0.2500198522216081
444,0.4281749999999999,0.577326,0.09675866185534687,0.235423406755217,1.5645037348965827e-16,-2.289834988289385e-16,0,0,0.0958133453914274,0.2340843649754274
445,0.464438,0.594585,0.10179216830147197,0.23801549357085605,8.33751470641353e-17,-1.457167719820518e-16,0,0,0.1009540563260562,0.2368412386854416
446,0.3919119999999999,0.560068,0.09149107963094139,0.23311951984578627,-2.0534789146875452e-16,2.775557561562892e-17,0,0,0.0905562314418116,0.2316827220560218
447,0.4165909999999999,0.546891,0.09679659840548993,0.22768463701504515,1.5081252219273367e-16,1.6306400674181987e-16,0,0,0.09574405384964,0.2262164725894761
448,0.489116,0.581408,0.10654016364787822,0.2327365376695525,5.3125906451789723e-17,9.020562075079397e-17,0,0,0.1056833147284547,0.2315730630054523
449,0.5007,0.611843,0.10670746451432933,0.2409405831422191,-8.267041565201971e-17,1.7347234759768075e-18,0,0,0.1060148495492797,0.2399188528279382
450,0.482746,0.5567159999999999,0.10699494080108707,0.22589465220153215,6.039006100744261e-17,-2.3592239273284576e-16,0,0,0.1060375217102593,0.224625494861129
451,0.519009,0.573975,0.11161815182640566,0.22877508984674932,-2.6291902682773483e-16,-4.510281037539698e-17,0,0,0.1107756776038186,0.2276626118402831
452,0.4464839999999999,0.5394579999999999,0.10230352698272327,0.22332625911803916,-5.681219383824043e-17,1.3183898417423734e-16,0,0,0.1012531351222237,0.2219388999321815
453,0.476376,0.5320249999999999,0.107531889616439,0.21895151380158495,4.163336342344337e-17,2.1510571102112408e-16,0,0,0.1065301497341568,0.2176539120037171
454,0.410221,0.5222,0.0974890552515717,0.2211469985631993,1.0467971975347543e-16,-1.5959455978986623e-16,0,0,0.0963928834357984,0.2196465603284895
455,0.470007,0.507333,0.10822551062119601,0.21192737456294708,3.485709984540897e-17,-3.556183125752454e-16,0,0,0.107168732584568,0.2106464035661565
456,0.5062689999999999,0.524591,0.11260446173218952,0.21465214509953512,1.237616779892203e-16,-2.2551405187698487e-16,0,0,0.111587006706422,0.2133799726765575
457,0.119259,0.0241296,0.2132594718495966,0.05408917014574399,-7.844220065167384e-13,-1.89157717267463e-13,0,0,0.2098797514812368,0.0525506293690292
458,0.115453,0.0432637999999999,0.20224284903906664,0.09566452679428039,-2.916174246525572e-13,-1.179473185786151e-13,0,0,0.1981738264634295,0.0954419314982603
459,0.131197,0.0659369,0.18280763522398047,0.11790537406341173,3.2508717939805365e-14,4.721223412218478e-14,0,0,0.1777994488416724,0.1175246375164784
460,0.108131,0.0609414,0.18667912655655527,0.13305330515504465,4.5081234752164517e-14,6.17214612752548e-14,0,0,0.1813960901618308,0.1320691523145406
461,0.157778,0.0723888,0.17677750790880964,0.10624118095438462,9.803789724482925e-15,1.9264104200722443e-14,0,0,0.1721432670460422,0.1061289554456207
462,0.150456,0.0900664999999999,0.16562516731892174,0.13000092325455626,-3.3965885659625887e-15,4.274358644806853e-15,0,0,0.1612792040253337,0.1291681229744628
463,0.0972925,0.0771625999999999,0.166626216115219,0.16712023640502593,-3.563122019656362e-14,-1.6058335217117303e-14,0,0,0.161663816566833,0.1624384528832976
464,0.458148,0.431246,0.11290426365803796,0.18954193984973244,-7.145400536447827e-17,-3.933756532320532e-16,0,0,0.1114840909669011,0.1879087965975576
465,0.47688,0.4444609999999999,0.11436395196625426,0.19195059858611785,-3.404394821604484e-17,-1.52655665885959e-16,0,0,0.1130273743595626,0.1904570201529276
466,0.443703,0.460254,0.10806667054021091,0.19989223698939895,-1.6696713456276768e-16,-3.1918911957973246e-16,0,0,0.1068000666014636,0.1983688848764846
467,0.5100569999999999,0.4286679999999999,0.12018419973264827,0.1838406138922437,-1.4116312285761268e-16,-1.5439038936193583e-16,0,0,0.1188612060657316,0.1825011929371083
468,0.495612,0.457676,0.11590621808318247,0.19448616397858132,-1.2408693864096598e-16,-1.908195823574488e-17,0,0,0.1146326442909837,0.1931391302330472
469,0.524502,0.39966,0.12425374841950543,0.17278411478400812,-1.3152049978606972e-16,-1.0812206165111692e-16,0,0,0.123011057778202,0.1715245455917394
470,0.5432339999999999,0.4128749999999999,0.12555734336910973,0.17563201801021933,1.5563722186029416e-16,6.591949208711867e-17,0,0,0.124321464031069,0.1745513083928962
471,0.514344,0.470891,0.11753428620068007,0.19718963019840885,3.4504734139351174e-16,1.6306400674181987e-16,0,0,0.1162967839504984,0.1959464433197201
472,0.481167,0.486684,0.1114784519722889,0.20473226000467548,-8.7061434450586e-17,5.030698080332741e-17,0,0,0.110347150603863,0.2034386677794543
473,0.45873,0.361912,0.11989471587003209,0.16627665232954314,-4.9873299934333204e-17,-4.510281037539698e-17,0,0,0.1182163852549573,0.1648399312725918
474,0.458536,0.3850239999999999,0.1174545191879588,0.17428678874421166,-1.3444106938820257e-17,-2.8449465006019636e-16,0,0,0.1158675238851655,0.1727276544439979
475,0.4255519999999999,0.377705,0.11381294228704064,0.17556917712499853,-1.3639263329867646e-16,-2.498001805406602e-16,0,0,0.1121648335844857,0.1739333487155552
476,0.4915189999999999,0.392342,0.12086234700109344,0.1734171048301505,3.816391647148976e-17,1.942890293094024e-16,0,0,0.1194727516389707,0.171939987093272
477,0.458342,0.408135,0.11513684439978533,0.182058984588366,3.2764589652511944e-16,6.730727086790012e-16,0,0,0.1136206392736669,0.1804100015715095
478,0.524696,0.376549,0.12611546692460252,0.1647659521404421,-4.9439619065339e-17,-1.231653667943533e-16,0,0,0.1249009921592917,0.1635112118195391
479,0.4251639999999999,0.423928,0.10877661577160325,0.19061070577299688,8.543513119185776e-17,-2.2204460492503126e-16,0,0,0.1073115068998865,0.1888627201331144
480,0.0256375,0.8403289999999999,0.005616670657218492,0.3127195171200583,1.6197472237165084e-16,2.3592239273284576e-16,0,0,0.0055241879667125,0.3121061018812875
481,0.0503612,0.846634,0.011060802759175203,0.31418992301223625,1.3195418065506392e-16,-4.163336342344337e-17,0,0,0.010811970337359,0.3135047663029485
482,0.0247237,0.8777329999999999,0.005375722942972061,0.32139574302345864,-3.994776785840731e-17,-2.636779683484747e-16,0,0,0.0052606852890116,0.3208778254361652
483,0.0759987,0.8155339999999999,0.016621839462004573,0.30691407032736606,-1.4084972066712859e-16,4.889751797909625e-17,0,0,0.0164804020525631,0.30609533808066
484,0.0750848999999999,0.8529379999999999,0.016299729465799828,0.3154788871879646,-4.790267778254608e-17,-8.066464163292153e-17,0,0,0.0160592083969873,0.3148702719776929
485,0.0769124999999999,0.7781299999999999,0.016991302965379873,0.29836293399421265,-1.1302807648161385e-17,5.967448757360215e-16,0,0,0.0169684693257658,0.2974301036838694
486,0.101636,0.7844349999999999,0.022392810883502534,0.29957921587356395,-8.655999094581146e-17,-3.295974604355933e-16,0,0,0.022285316745654,0.2986227384054627
487,0.0998084999999999,0.8592429999999999,0.021459195929310226,0.31677969706015574,1.5337394982523067e-16,-2.3939183968479933e-16,0,0,0.0212620488657996,0.3162123577894915
488,0.0741711,0.8903419999999999,0.015763988579692523,0.3241489722895494,-2.9260922569489256e-16,9.020562075079397e-17,0,0,0.0156958304199034,0.3237329594795574
489,0.8777369999999999,0.0247193,0.1668462813795486,0.010199307361290266,2.0755695339519376e-16,8.326672684688674e-17,0,0,0.1663062917755407,0.0100709880466798
490,0.846663,0.0503306999999999,0.16453672429634025,0.02080219154686347,-4.8914458638041336e-17,-3.729655473350135e-17,0,0,0.1641046270799531,0.0206284942598994
491,0.8403549999999999,0.0256113999999999,0.16435311819441267,0.010732508018008957,-2.6222869497572257e-17,4.748805515486509e-17,0,0,0.163777676774395,0.0105266193854523
492,0.852972,0.07505,0.16487362096449942,0.03068419999544858,-2.1860226302738986e-17,6.245004513516506e-17,0,0,0.1643913792819297,0.0306686256337448
493,0.815589,0.0759420999999999,0.16242823337961454,0.03142287694481638,1.0625181290357943e-16,-6.245004513516506e-17,0,0,0.1618378322537334,0.0313309516240223
494,0.890355,0.074158,0.1673399041792436,0.030010552327439655,1.1344820482345195e-16,1.873501354054952e-16,0,0,0.1670238747607392,0.0300826236283119
495,0.8592809999999999,0.0997693999999999,0.1651954352055327,0.040662724399226136,9.718517223616942e-17,-1.0408340855860844e-17,0,0,0.1646502435607063,0.040640258299168
496,0.7845159999999999,0.101553,0.1602400125702843,0.042343685492596705,3.3528952184114225e-17,9.714451465470121e-17,0,0,0.1594728315131141,0.0421986182293984
497,0.7782069999999999,0.0768341,0.16006610568001634,0.032182737384573556,-3.466888912452906e-16,-1.0495077029659683e-16,0,0,0.1593838755268439,0.0320809333570421
498,0.234848,0.2947879999999999,0.09540682692386326,0.18406657373043345,4.959140736948696e-16,1.6479873021779667e-16,0,0,0.0932315029722277,0.1810526933782385
499,0.257753,0.3224159999999999,0.09449426283026696,0.18625791955491877,2.0599841277224582e-16,-9.020562075079397e-17,0,0,0.0924660768234802,0.1835497274807498
500,0.232218,0.3213869999999999,0.08889872284453304,0.19155693102402438,8.153200337090995e-17,1.3877787807814454e-16,0,0,0.0869640187256635,0.1885737009480922
501,0.283287,0.323446,0.09951138145333971,0.18121279440674698,-2.6291902682773486e-18,6.591949208711867e-17,0,0,0.0973872143190933,0.1787517959836094
502,0.2806569999999999,0.350044,0.09410320378810866,0.18921873019644408,-8.87148427636264e-17,3.2959746043559335e-17,0,0,0.092220049081142,0.1868189551038969
503,0.2859169999999999,0.296847,0.10525239258640795,0.17263333209848497,2.809167828909942e-16,2.1857515797307767e-16,0,0,0.1030081974610322,0.1701243726779111
504,0.308821,0.324475,0.10396700119235902,0.17647100862086518,-7.112366251504909e-17,9.714451465470121e-17,0,0,0.1018106388112681,0.1742206510119808
505,0.303561,0.377672,0.09404901530251664,0.19286727807775605,-1.6609977282477928e-16,1.1449174941446927e-16,0,0,0.0924151748868182,0.1907596040386259
506,0.278027,0.3766419999999999,0.08904340564913582,0.1967623177661153,3.252606517456513e-17,9.020562075079397e-17,0,0,0.0875022162601127,0.1944431545265769
507,0.7554699999999999,0.521434,0.14581151943275472,0.2012533410834294,1.3384475819333552e-16,-2.60208521396521e-16,0,0,0.1454047676381156,0.2005268477912127
508,0.730585,0.501738,0.14345402587059652,0.19549034497140383,5.152128723651116e-16,4.163336342344337e-17,0,0,0.1429095032052687,0.1946858680423869
509,0.7671879999999999,0.4861019999999999,0.14827171092110802,0.18892373628509063,-2.4009657109691496e-16,4.163336342344337e-17,0,0,0.1478298881010366,0.1882123408107987
510,0.6939819999999999,0.5173729999999999,0.13847225424615317,0.20214435994421365,-2.7945310995813877e-16,4.163336342344337e-17,0,0,0.1377773625442922,0.2012480293626957
511,0.705701,0.482041,0.14123592534451745,0.18977762770737172,-1.5734484028195883e-16,-3.747002708109903e-16,0,0,0.1405356055008009,0.1889237275890778
512,0.682263,0.552706,0.135626975526975,0.21421884392475476,1.3292318634672284e-16,3.538835890992686e-16,0,0,0.1349884750212691,0.2133203525737651
513,0.657379,0.533009,0.13308525097026802,0.20879678479468566,1.3297739645534712e-16,1.700029006457271e-16,0,0,0.1324170869001311,0.2078837665698758
514,0.680817,0.462345,0.13912105122835783,0.1841429621235875,1.8865117801247777e-17,2.463307335887066e-16,0,0,0.1382929215655923,0.1832448458100254
515,0.71742,0.446709,0.14401008678760263,0.17706323391939804,1.3682631416767066e-16,1.1102230246251563e-16,0,0,0.1432484110292827,0.1763427004387574
516,0.16344,0.3516119999999999,0.06384201090486386,0.21183112735525356,8.738669510233166e-17,1.5959455978986623e-16,0,0,0.0626466124738746,0.2086336763274148
517,0.201636,0.359956,0.07360329276389166,0.20640124810415728,1.5655879370690684e-16,-3.989863994746656e-16,0,0,0.072215934146297,0.2033781859497305
518,0.186344,0.37924,0.06623367826341564,0.21272955502536206,-1.194790794079026e-16,-5.065392549852277e-16,0,0,0.0650472856735433,0.2097997548371327
519,0.216927,0.340671,0.08119755739153334,0.19936064228318173,-5.637851296924623e-17,2.5673907444456745e-16,0,0,0.0795458163143082,0.1963200072674554
520,0.2398309999999999,0.3682989999999999,0.08183908314731525,0.2013172490942452,-2.437286483747414e-16,4.510281037539698e-17,0,0,0.0804009873047787,0.1986093020134867
521,0.194023,0.313043,0.080705514523288,0.19839494912230293,1.9732479539236178e-16,5.898059818321144e-17,0,0,0.0789328942291275,0.195000814744469
522,0.262735,0.3959269999999999,0.08274052537421994,0.204093769300016,-6.591949208711867e-17,-2.949029909160572e-16,0,0,0.081482696293612,0.2017205137090914
523,0.483111,0.7557059999999999,0.09828291357462149,0.28262623420778255,-5.0903291998194433e-17,1.4224732503009818e-16,0,0,0.0977432119523473,0.2819296801334781
524,0.502661,0.728445,0.10248726539862218,0.2743356188011603,-3.477578468247256e-17,-4.0245584642661925e-16,0,0,0.1018357555817153,0.2735881979288134
525,0.521476,0.7632229999999999,0.10449274995562519,0.28359394056769816,3.076152613884497e-16,2.723515857283587e-16,0,0,0.1040043104381696,0.2829820227801487
526,0.483845,0.693667,0.10049103405526694,0.26526693057166995,1.4886095828225976e-16,2.914335439641036e-16,0,0,0.0998254046237173,0.2643349089765427
527,0.52221,0.701183,0.10661993324356445,0.26585197986423736,-8.727827488508311e-17,3.1918911957973246e-16,0,0,0.1059387652052719,0.2650748563236645
528,0.4454799999999999,0.686151,0.0941198806851844,0.26477359959244495,-4.2522409204881484e-16,3.5214886562329184e-16,0,0,0.0935386082744666,0.2637508740937492
529,0.46503,0.658889,0.09859319057250104,0.25622851505340805,1.113475631142613e-16,-9.176687187917308e-16,0,0,0.0979869760268924,0.2552317015980575
530,0.54176,0.673922,0.11065141214930918,0.2572378771255899,3.976311467590588e-17,-2.9663771439203396e-16,0,0,0.1100418521721,0.2563881478605183
531,0.5605759999999999,0.7087,0.11247085583454464,0.2666333248707815,5.5158785525200044e-17,-1.700029006457271e-16,0,0,0.1119021834658698,0.2659644291619444
532,0.780796,0.44999,0.15101400435014511,0.1760303425216989,-1.769960046582586e-16,-1.006139616066548e-16,0,0,0.1504351135599258,0.1753441126476463
533,0.80568,0.469687,0.15333529289637227,0.18219340498035308,1.2118669782956726e-16,7.632783294297951e-17,0,0,0.1527895382823484,0.1815228991377757
534,0.755912,0.430294,0.14894175365407136,0.1698586173260992,-1.5823930707425935e-16,2.2204460492503126e-16,0,0,0.1482105705878923,0.1692216495400089
535,0.7944029999999999,0.413878,0.15353614840569207,0.16292610454547685,-7.318364664277156e-17,-8.326672684688674e-17,0,0,0.1529378383954263,0.1622367182205879
536,0.7310269999999999,0.4105969999999999,0.14702703323200694,0.163746100390199,1.1712093968274662e-16,-8.847089727481716e-17,0,0,0.1461271614489229,0.1631513263797834
537,0.808011,0.377767,0.15587281948319287,0.1495762737140467,-8.496756900497338e-17,1.6740081543176186e-16,0,0,0.1553232693857636,0.1488982615936226
538,0.832895,0.397463,0.15786288639719714,0.15614400079721236,1.2790875129897739e-16,-1.214306433183765e-16,0,0,0.1574542387295695,0.1553971203227065
539,0.191564,0.4664229999999999,0.05708350975510257,0.22863905694975983,-4.808436634973212e-16,-2.1684043449710086e-16,0,0,0.0562115179420863,0.2263040170411544
540,0.215288,0.442925,0.06554344425239833,0.22124086785197505,2.970713952610282e-17,-1.1969591984239966e-16,0,0,0.0645400533604622,0.2188514082693523
541,0.2297599999999999,0.4747669999999999,0.06571498919583973,0.22640481129974432,2.3841605772956243e-16,-5.273559366969494e-16,0,0,0.0647447470754677,0.224222873999853
542,0.2008159999999999,0.411082,0.06569314407352067,0.2166277024507508,6.98226199080665e-17,6.93889390390723e-18,0,0,0.0646312203661792,0.2140105295256354
543,0.239012,0.419426,0.0740745666280418,0.2130972201566692,-1.9819215713035019e-16,-3.6082248300317592e-16,0,0,0.0729890277916129,0.2106691459853083
544,0.1626209999999999,0.402739,0.05611389651312493,0.22031499103832175,8.2724625760644e-17,-8.326672684688674e-17,0,0,0.0552002179246297,0.2175718769979839
545,0.2772069999999999,0.427769,0.08167124656392843,0.2098565853011678,5.5077470362263625e-17,4.3715031594615534e-16,0,0,0.0804557966571326,0.2076809073829605
546,0.7425779999999998,0.3168929999999999,0.1515523961207208,0.12923246482387185,1.9943898962870852e-16,-3.0184188481996443e-16,0,0,0.1506646444401607,0.128539398828674
547,0.738728,0.3481279999999999,0.1501292826342251,0.1409704460784269,-9.329559694237763e-17,3.469446951953615e-17,0,0,0.1491916532921222,0.1402903264587432
548,0.7040859999999999,0.3333079999999999,0.14736261038478915,0.13701319038409565,6.049848122469115e-17,7.632783294297951e-17,0,0,0.1463694819129844,0.1362220597666182
549,0.7733689999999999,0.362947,0.15294889070355566,0.14514474168754532,-1.2858637765678083e-16,-7.632783294297951e-17,0,0,0.1521804529012256,0.1445200156695132
550,0.734877,0.379363,0.14864382147789001,0.15243508583080256,-1.8843433757798067e-16,2.498001805406602e-16,0,0,0.1476740620825786,0.1518266355191909
551,0.811861,0.346532,0.1570695022601285,0.13801792316371575,1.2102406750369443e-16,5.898059818321144e-17,0,0,0.156471265804072,0.1373945661766492
552,0.696386,0.395778,0.14385724289240898,0.16001257480365894,2.346213501258632e-16,-1.3877787807814454e-16,0,0,0.1429241670613574,0.1593093403907065
553,0.647498,0.0256113999999999,0.15410978399086162,0.01147408498582081,1.4049142573044002e-16,-7.17741838185404e-17,0,0,0.1530118405977845,0.0114297363354697
554,0.651502,0.0630508999999999,0.15392205244643264,0.028090121388231637,2.0816681711721685e-17,2.0816681711721685e-17,0,0,0.1526543456582304,0.0280034983963712
555,0.61829,0.0374395,0.15301932963302534,0.017179052436404163,-2.1984909552574814e-16,5.551115123125784e-17,0,0,0.1517619199588408,0.0170671500921867
556,0.684714,0.0886621999999999,0.1549038520170143,0.03873653643677244,2.194425197110661e-16,-6.245004513516506e-17,0,0,0.1537420676448436,0.0385033092921999
557,0.655507,0.10049,0.15329018815828022,0.04465993136545876,-1.516256738220978e-16,5.551115123125784e-17,0,0,0.1519649543772754,0.0443209873582215
558,0.713921,0.0768341,0.15656552034124616,0.03313102465017437,-2.626581406799805e-16,1.8431436932253572e-17,0,0,0.1555402053129223,0.0329052768756189
559,0.717926,0.114274,0.15602956010843627,0.048970212337735575,-1.1016849325168332e-16,3.0357660829594124e-17,0,0,0.155035502755235,0.0486814969837877
560,0.6595109999999998,0.13793,0.15231671489527798,0.0608297001253959,3.5014309160419366e-16,-8.673617379884035e-18,0,0,0.1510137799437232,0.0603133059284121
561,0.626299,0.112318,0.15166052301356103,0.050880080518254545,-2.1814147710408347e-16,-5.898059818321144e-17,0,0,0.1501926469339715,0.0503932516742241
562,0.0379410999999999,0.6178,0.009584080917193205,0.26481208873133255,1.6818686200681388e-17,-8.500145032286355e-16,0,0,0.0094736847997957,0.2631850867678959
563,0.0635785999999999,0.6509869999999999,0.015424770326717407,0.2711503629795402,1.7783626134193484e-16,-2.0816681711721683e-16,0,0,0.0153084924557357,0.2696148065927419
564,0.0256375,0.647472,0.006319226540654199,0.27089232482740044,-2.5553289952767733e-16,2.1857515797307767e-16,0,0,0.0062056954179838,0.2693102113923984
565,0.10152,0.654501,0.024480524283717386,0.27125197374152776,1.8984380040221183e-16,9.020562075079397e-17,0,0,0.0242484624190213,0.269625433885896
566,0.0892161,0.684173,0.020939844056556467,0.2776550318587283,3.2661590446125816e-16,-3.6082248300317592e-16,0,0,0.0208276744435676,0.2762569540359811
567,0.1138229999999999,0.62483,0.02827128850367444,0.2647488067395898,5.30445912888533e-17,4.1980308118638727e-16,0,0,0.0278870050897325,0.2630348336176459
568,0.139461,0.658016,0.03333225246569782,0.2708286197921552,-9.898765834792657e-17,1.0408340855860844e-16,0,0,0.0329825832978929,0.2693922561050908
569,0.114854,0.7173589999999999,0.026288843822840136,0.2843593550890091,3.7033635706673613e-16,-7.28583859910259e-17,0,0,0.0261151771046053,0.2831064885645114
570,0.0769124999999999,0.713845,0.017664973023784114,0.284060992884406,-2.902002639929013e-16,4.57966997657877e-16,0,0,0.0175914564286212,0.2829404728175142
571,0.0256375,0.8081859999999998,0.005561793603874321,0.30541579298915167,-3.885780586188048e-16,-2.0245442692093383e-16,0,0,0.0055973641098957,0.3046611294502593
572,0.0256375,0.776043,0.005654579510974145,0.2982236702573573,2.8601507420051783e-16,6.938893903907228e-16,0,0,0.0056836252210553,0.29731867737253
573,0.051275,0.7770869999999999,0.011344834950705263,0.29831314938383,-9.72393823447937e-17,3.469446951953615e-17,0,0,0.0113422068816668,0.2974112978995817
574,0.0256375,0.743901,0.005859068593963457,0.29111676125467056,-1.8266773727307334e-16,-3.642919299551295e-16,0,0,0.0057743959474107,0.2900934647569954
575,0.0769124999999999,0.7459879999999999,0.017292465380705835,0.2910984959489724,8.983970251758011e-17,-3.538835890992686e-16,0,0,0.017253664451096,0.2901166477772249
576,0.776069,0.0256113999999999,0.1606379732984351,0.01076061857907007,-2.379010616976318e-16,-1.0408340855860844e-16,0,0,0.1597006537585212,0.0107377752289556
577,0.7439259999999999,0.0256113999999999,0.15886992472951533,0.010934954626463878,2.8579569266717897e-16,2.775557561562892e-17,0,0,0.157819168646004,0.0108580044357171
578,0.808212,0.0256113999999999,0.16243571543964208,0.010732441081017896,1.6336216233925338e-16,3.469446951953615e-17,0,0,0.1616913638484267,0.0106237294435076
579,0.777138,0.0512227999999999,0.16032621818521875,0.021532897088491154,-3.3978896085695704e-16,9.020562075079397e-17,0,0,0.1595866133947074,0.0214353560279247
580,0.746064,0.0768341,0.15823912626728998,0.032634917685300024,4.598101413511023e-16,-1.3877787807814457e-17,0,0,0.1573993896255705,0.0324588430580673
581,0.296862,0.6773599999999999,0.06674001844112354,0.26904288711739355,1.1817803680091998e-17,1.4224732503009818e-16,0,0,0.0661638118795598,0.2679348731704433
582,0.327774,0.66414,0.07346433103612071,0.2642383826278092,-1.6002824065886043e-16,3.0184188481996443e-16,0,0,0.0728136841864172,0.2631591853012622
583,0.3339269999999999,0.691033,0.07352736341636046,0.27079641338423244,-5.149960319306146e-19,-2.3418766925686896e-16,0,0,0.0728824687399213,0.2698096880961454
584,0.3216209999999999,0.637248,0.07352515524382852,0.2577435761777451,-2.316940042601523e-16,1.3877787807814457e-17,0,0,0.072873969687527,0.2565782672516288
585,0.358686,0.65092,0.08004354486547527,0.2592835488758283,2.7050844203513336e-16,1.942890293094024e-16,0,0,0.0793359938031739,0.2581981702644387
586,0.284555,0.6235749999999999,0.06678433560978192,0.25657751437393017,-1.441988889405721e-17,2.5326962749261384e-16,0,0,0.0661421146648463,0.2551450622380018
587,0.315468,0.6103549999999999,0.07376089370882255,0.2513550059120462,-3.5626883387873676e-16,-4.8572257327350605e-17,0,0,0.0730813741278898,0.250072560218176
588,0.3895989999999999,0.6377,0.08637561386785819,0.2541467166302027,-2.5587171270657905e-17,1.3530843112619095e-16,0,0,0.0857003866126887,0.2530629082429946
589,0.3957519999999999,0.6645929999999999,0.08624485194195586,0.26109477260797576,-7.169286865560399e-17,-6.661338147750939e-16,0,0,0.0855716077339709,0.2600345672857845
590,0.0975174999999999,0.100507,0.14230878453554396,0.1871744636191579,4.071395998117566e-15,1.6764367671839864e-14,0,0,0.13735409614804,0.1807569639020188
591,0.0709357,0.094055,0.12817211515084637,0.21416175020931405,-2.025072817768425e-14,7.344819197285801e-15,0,0,0.1255351414240557,0.2056657907433494
592,0.124099,0.106959,0.1482515544000762,0.16594646965677384,3.4416913763379853e-15,6.480926906249351e-15,0,0,0.1429239622409465,0.1617730929364115
593,0.0977425999999999,0.123851,0.1216115818220942,0.19900048973795492,-9.190564975725124e-15,-1.1504686092678183e-14,0,0,0.118052189408647,0.192024657660837
594,0.150681,0.113411,0.14999326018619286,0.1495067531177483,-4.847251072748193e-15,6.843484112728504e-16,0,0,0.1449799798462524,0.1470017285417607
595,0.0979676,0.1471959999999999,0.10465109014739937,0.20589949094573967,-5.585375911776325e-15,-1.1953112111218188e-14,0,0,0.1024913770278815,0.1990120839607177
596,0.0713857999999999,0.140744,0.08806969831493916,0.22409447298196028,-4.6555099185441326e-15,-1.3850032232198828e-14,0,0,0.0876193846962108,0.218610437666932
597,0.973408,0.6532839999999999,0.1715443162192969,0.2413881627326191,-1.1550818895117443e-16,-3.122502256758253e-17,0,0,0.1714866949012773,0.2409750681227286
598,0.935532,0.655641,0.16655192819416698,0.24231074376075412,8.624828282122189e-17,-1.1796119636642288e-16,0,0,0.1664634089564865,0.2418968180228243
599,0.962123,0.627357,0.17021527805627557,0.23304445581197797,1.559218249305716e-17,-2.3592239273284576e-16,0,0,0.1700803238081983,0.2325310365888654
600,0.90894,0.6839239999999999,0.1627402677131613,0.2516445735927846,-1.290336110529311e-16,1.3877787807814454e-16,0,0,0.1627291060126128,0.2512230308097705
601,0.8976549999999999,0.6579979999999999,0.16155699111732247,0.2433822879102081,-2.0012339225009e-16,-2.6714741530042824e-16,0,0,0.1614066541869207,0.2429376951734223
602,0.920225,0.709851,0.1640318462268624,0.2598894395850948,7.137438426743638e-17,1.3877787807814454e-16,0,0,0.1641085686322996,0.2594703695009779
603,0.882348,0.712208,0.15900833041087026,0.2610248942000908,-4.537657142394956e-16,-5.828670879282072e-16,0,0,0.1588920337429034,0.2605065465398855
604,0.859778,0.660355,0.1566435051154258,0.24455196873896057,3.0226201316180257e-16,3.0878077872387166e-16,0,0,0.1563066268420413,0.2440934913676138
605,0.8863689999999999,0.6320719999999999,0.1603544236786547,0.23508819633934763,7.28990435724941e-17,1.214306433183765e-16,0,0,0.1601451429919595,0.2346119241031791
606,0.626145,0.963109,0.11879312743621995,0.33943512964469846,-2.443046307788743e-16,3.1571967262777884e-16,0,0,0.1185077274828667,0.3392324218155752
607,0.654799,0.935868,0.12351406707966817,0.33122859805098415,3.65579420034956e-17,1.2576745200831851e-16,0,0,0.1231954999918514,0.3311143400872214
608,0.6536549999999999,0.972759,0.12308784578999621,0.3421347718827974,-4.530779234863253e-18,-3.0487765090292385e-16,0,0,0.1228799639778822,0.3419829035078165
609,0.6559439999999999,0.898977,0.1239166666091478,0.32050005533710646,3.8014838672773e-17,-1.3877787807814454e-16,0,0,0.1236153496764857,0.3202183854461602
610,0.683454,0.908627,0.12815540849260287,0.32305725265905494,-2.154038666185576e-16,2.2551405187698487e-16,0,0,0.1278642323495414,0.3228716191370528
611,0.628434,0.889326,0.11968366513610817,0.31795154637529777,6.708500942254059e-17,-2.463307335887066e-16,0,0,0.1193301442288955,0.3176226428103676
612,0.657088,0.8620849999999999,0.12449917765843566,0.30965847900733934,-1.11879499805137e-16,1.1969591984239966e-16,0,0,0.1241363311664175,0.3092849115165773
613,0.7121089999999999,0.881386,0.13284226188261528,0.3148904592526378,2.5188218752501124e-16,-1.951563910473908e-16,0,0,0.1325091376695846,0.314516095798666
614,0.710964,0.918277,0.13237190981817548,0.3256579122644325,1.1708028210127839e-16,4.3021142204224816e-16,0,0,0.1320786175330595,0.3255792362489448
615,0.34831,0.975187,0.0705650242689444,0.3436702968683676,3.716340115419297e-16,-5.464378949326943e-17,0,0,0.0702005500886732,0.3434913987022877
616,0.3448979999999999,0.936813,0.07003444498332101,0.33367455326151685,-4.6905296487154136e-17,3.8510861166685117e-16,0,0,0.0697510835217607,0.3334592852755674
617,0.3715879999999999,0.961626,0.0748709680265165,0.34008522468502633,2.3987973066241786e-18,-5.204170427930421e-17,0,0,0.074595115981542,0.3398379669650936
618,0.318207,0.912,0.06521057238569483,0.3274924825418566,1.28423747330908e-16,-5.238864897449956e-16,0,0,0.0648898300225976,0.3272258557287925
619,0.3414849999999999,0.8984389999999999,0.06988338731389376,0.32378242156482884,-2.552889540388681e-16,-1.9775847626135598e-16,0,0,0.0694456144565168,0.3234620492283188
620,0.294929,0.925562,0.060527519697643584,0.3311419818383001,-9.697510806525032e-17,-4.336808689942017e-16,0,0,0.0603023851463263,0.3309142623358551
621,0.291517,0.8871879999999999,0.06033829073930974,0.3215266785591666,-3.2014457274423536e-17,2.8622937353617323e-17,0,0,0.0600107231529906,0.3211277512331047
622,0.338073,0.860064,0.06970938897393353,0.3139727230882272,-1.6274213422186323e-16,2.940356291780688e-16,0,0,0.0692853704680229,0.3135038952779671
623,0.3647639999999999,0.884877,0.07443025257452973,0.3199915422082995,-1.6642503347652493e-17,-2.2204460492503126e-16,0,0,0.0739684574793053,0.3196198153696967
624,0.961626,0.3715879999999999,0.171258483605925,0.14488744713526103,2.6373895472067694e-16,-1.734723475976807e-16,0,0,0.1711026075711376,0.1443143481239785
625,0.936813,0.3448979999999999,0.16899952940457297,0.1352850463190407,-1.0492366524228468e-16,3.469446951953615e-17,0,0,0.1687904523148958,0.1347151475742108
626,0.975187,0.34831,0.17261716986831743,0.1362693211522128,-5.2150124496552763e-17,5.204170427930421e-17,0,0,0.1725490662996088,0.135741087913776
627,0.8984389999999999,0.3414849999999999,0.16539498437850852,0.13442648221098352,6.652935580914177e-17,-1.3183898417423734e-16,0,0,0.1650643856363755,0.1338678343208507
628,0.912,0.318207,0.16693476184400424,0.12558594069923856,4.160625836913123e-18,-1.1796119636642288e-16,0,0,0.1666354956818765,0.1250780398471981
629,0.884877,0.3647639999999999,0.16373458548150666,0.14322525770694483,3.3881317890172014e-18,1.3877787807814457e-17,0,0,0.1634101815669984,0.1425985036273018
630,0.860064,0.338073,0.1618206239600113,0.13380382589093642,-1.0641444322945226e-16,-2.463307335887066e-16,0,0,0.1613721061380186,0.1331993571565299
631,0.8871879999999999,0.291517,0.16495338172080665,0.11588269566345843,-1.1945197435359043e-16,0.0,0,0,0.1646276188585402,0.1154046924389041
632,0.925562,0.294929,0.16841725233643956,0.11668836651006131,2.3127387591831416e-16,1.1796119636642288e-16,0,0,0.1681263861841876,0.1162306665033573
633,0.2792089999999999,0.0269962,0.1679409628677604,0.023378715059152455,-4.1537953632264646e-15,-2.0816681711721685e-15,0,0,0.1650733049394114,0.0230853343975055
634,0.247066,0.0269962,0.17396955912045087,0.02659411327476846,-1.16831457702693e-14,-4.260480856999038e-15,0,0,0.1709302317454163,0.0263316394044522
635,0.311352,0.0269962,0.16306146086594708,0.020847629138188495,-1.2899837448232532e-15,-7.71951946809679e-16,0,0,0.1604065600898248,0.0206531617230846
636,0.297703,0.0539924,0.1622785520760317,0.04286355030944833,-8.625912484294673e-16,8.049116928532385e-16,0,0,0.1591229107503685,0.0424951317121253
637,0.343494,0.0269962,0.1591769648666741,0.01902586880726176,-2.2236986557677696e-16,-1.6653345369377348e-16,0,0,0.1567770664128906,0.0187827192054829
638,0.3161979999999999,0.0809886999999999,0.15638105638845445,0.05969113182277397,-2.6736425573492534e-16,1.4224732503009818e-15,0,0,0.1531168778369488,0.0588919434515736
639,0.284055,0.0809886999999999,0.15927293661025033,0.06581868110879441,-1.680513367352532e-15,1.949829186997931e-15,0,0,0.1557378946666199,0.064970600095533
640,0.6341299999999999,0.5446119999999999,0.129478305889279,0.2135812432898092,6.76000054544712e-17,1.873501354054952e-16,0,0,0.1288156255240021,0.2126608627271681
641,0.645849,0.50928,0.1326532291827789,0.20154836869551218,3.537209587733959e-17,-5.377642775528102e-17,0,0,0.1318873452276953,0.2006055744973634
642,0.6343199999999999,0.4855499999999999,0.13235634778084204,0.19427841445576632,2.7647155398380366e-17,3.469446951953615e-17,0,0,0.1314711262650718,0.1933019541252503
643,0.657568,0.473947,0.13580894342885586,0.1892219217534148,5.611288343698727e-16,1.734723475976807e-16,0,0,0.1349398332121804,0.188261658586941
644,0.611072,0.4971519999999999,0.12879132867874432,0.1993580661874148,-1.7591180248577307e-16,1.1449174941446927e-16,0,0,0.1278821317605262,0.198359075207237
645,0.6227909999999999,0.46182,0.13216789270700247,0.1869340067732992,1.92635620996362e-16,-2.1510571102112408e-16,0,0,0.1311745512466617,0.1859697030203324
646,0.6692869999999999,0.4386149999999999,0.13884211321237672,0.17651522795631536,2.5196858488563123e-16,-5.204170427930421e-17,0,0,0.1379612482455139,0.1756226051737032
647,0.151402,0.0241296,0.20086445164633915,0.04127485912613338,-2.620291848353263e-13,-9.908740494779521e-14,0,0,0.1978109914840851,0.0411191727826587
648,0.183545,0.0241296,0.19046982877080154,0.03315760438272264,-1.1056151653920933e-13,-2.984938685113292e-14,0,0,0.1873146594867037,0.033060266724988
649,0.170662,0.0482592,0.1868030612831717,0.06946840647651698,-6.060950352715366e-14,-1.6859777463018588e-14,0,0,0.1825772468031183,0.0691682252762938
650,0.2156879999999999,0.0241296,0.18159744258082355,0.027522488362592412,-3.386288645323976e-14,-1.0970391262077328e-14,0,0,0.1784195097682201,0.0275488199952398
651,0.189921,0.0723888,0.17324881369313516,0.08846483727393206,-2.257395659288619e-14,7.174816296640074e-15,0,0,0.1686287934201792,0.0879666589385353
652,0.1630699999999999,0.8471769999999998,0.03480470474437425,0.31345848358068906,-1.031347316576836e-16,3.1918911957973246e-16,0,0,0.0346294441481457,0.3127554743385063
653,0.142592,0.8262629999999999,0.030755915686086155,0.308776294669201,-1.2132222310112795e-16,1.457167719820518e-16,0,0,0.0305726224076276,0.3079831994215616
654,0.1639839999999999,0.8097729999999999,0.035521199399909165,0.3045561410481241,1.4495783046131194e-16,-2.4286128663675294e-16,0,0,0.0352770935534905,0.3037751814644968
655,0.1212,0.8427529999999999,0.026068502949556205,0.312839592835644,-1.7315301617656584e-16,-3.935653886122381e-17,0,0,0.0259012435172464,0.3121262023537588
656,0.122114,0.8053489999999999,0.026643898035217717,0.30415317766482985,7.10707229558457e-17,2.5055912206140007e-16,0,0,0.026460882484351,0.3032739950152897
657,0.120286,0.8801569999999999,0.02563144471241685,0.32159908966355033,-1.7114131292683687e-16,3.816391647148976e-17,0,0,0.0254257353283953,0.3210622488958987
658,0.123028,0.7679449999999999,0.027333744327734166,0.29555239147271095,-3.65782707942297e-16,1.214306433183765e-16,0,0,0.0271193938181757,0.2945263761740499
659,0.809799,0.1639579999999999,0.16104469351557782,0.06748821885230427,-2.0040121905678943e-16,5.464378949326943e-17,0,0,0.1602673594737037,0.067134032500722
660,0.826293,0.1425619999999999,0.16256280808738666,0.05856139683055517,1.8706553233521767e-16,-1.3877787807814457e-17,0,0,0.1618077492188555,0.058273707497395
661,0.8471809999999999,0.1630659999999999,0.16365646809572354,0.06646832655678736,2.4213961456569233e-16,1.5092094240998222e-16,0,0,0.1630699126811377,0.0661878352348867
662,0.805404,0.122058,0.16144385704683373,0.050505467093898915,-3.089976191583688e-18,-5.551115123125784e-17,0,0,0.1606111081119927,0.0502815025819503
663,0.842787,0.1211649999999999,0.16395239571284037,0.049613071085332194,-1.8943722458752974e-16,0.0,0,0,0.1632650235652146,0.0494417199682182
664,0.7680219999999999,0.12295,0.15888378331874264,0.05148764781642967,-1.0686845288918055e-16,1.457167719820518e-16,0,0,0.1580497060561858,0.0512528441737468
665,0.8801689999999999,0.120273,0.1663830666220747,0.048874231204536045,8.445596110483178e-17,-3.9898639947466563e-17,0,0,0.1659919006377861,0.0487130946796513
666,0.67964,0.0256113999999999,0.1555163065531815,0.01124858029470488,5.781508084778952e-17,9.714451465470121e-17,0,0,0.1544438470045665,0.0112020753089466
667,0.711783,0.0256113999999999,0.1571329053513182,0.011118386924863444,6.318103456864553e-17,6.678685382510707e-17,0,0,0.1560559776559144,0.0110112678019457
668,0.712852,0.0512227999999999,0.15693149988146615,0.02217437185754534,-1.5935739056463502e-16,3.707971429900425e-17,0,0,0.1558602899943865,0.0219889566072557
669,0.0256375,0.711758,0.006014585949742468,0.2841806936321518,1.3877787807814457e-17,-4.7664238007893995e-17,0,0,0.0058890506014981,0.2829932003533617
670,0.0256375,0.6796149999999999,0.006138520771855838,0.2774636757767439,-1.499587129819013e-16,-3.816391647148976e-17,0,0,0.0060328410998332,0.2760546097755885
671,0.051275,0.712801,0.011866320344779524,0.28410119423915603,-2.8002231609869366e-16,3.677613769070831e-16,0,0,0.0117582382882665,0.2830184654961771
672,0.836061,0.4547169999999999,0.15712056408301578,0.17628472662181593,5.370866511950068e-17,1.8041124150158796e-16,0,0,0.1565987359170108,0.175618505255703
673,0.822454,0.490829,0.15482762578176335,0.18905744327548746,7.695294325805319e-17,-9.757819552369541e-18,0,0,0.1542825371471144,0.1884169592625419
674,0.849669,0.418605,0.15915261477857712,0.16334267999991425,-1.6645213853083707e-16,1.873501354054952e-16,0,0,0.1588142000170639,0.1626070659261641
675,0.866442,0.439747,0.16059432217298308,0.1704443000489846,-1.2712270472392541e-17,-1.4224732503009818e-16,0,0,0.1602725619839034,0.1697879533587981
676,0.863276,0.382494,0.16124730498631834,0.15010032124700956,-3.5025151182144216e-16,-2.5673907444456745e-16,0,0,0.1609173835847173,0.1493915605532306
677,0.896823,0.4247779999999999,0.16400126179360086,0.16464946436099126,2.2364380312944743e-16,-1.249000902703301e-16,0,0,0.1638215345055925,0.1640394179383898
678,0.883216,0.46089,0.16214365912310313,0.17751202452927828,-4.2545194391162637e-17,7.155734338404329e-17,0,0,0.1618238775296233,0.1769471020028481
679,0.487014,0.821393,0.09721837600591243,0.30070604758111585,-2.383618476209381e-16,-3.920475055707584e-16,0,0,0.0968816471283404,0.3002676425899398
680,0.451871,0.8353979999999999,0.09084437845740467,0.30528084092293284,-2.6688991728446294e-16,-4.85722573273506e-16,0,0,0.0905046485559872,0.3048434214639952
681,0.466783,0.804489,0.09411581145832315,0.29646148053507204,8.359198749863239e-17,3.894454203567932e-16,0,0,0.0937243587589833,0.2959890488861081
682,0.4369589999999999,0.866307,0.08772657449299004,0.3140628383553121,-7.562310153086393e-17,-1.7347234759768074e-17,0,0,0.087368255017886,0.3135695593514488
683,0.416727,0.8494019999999999,0.08432106659165584,0.3098048852625652,2.4925807945441747e-16,3.9551695252271197e-16,0,0,0.0839997698985312,0.3093168640723829
684,0.457191,0.8832109999999999,0.09115945641678991,0.3183877369083348,-3.817746899864583e-17,1.0755285551056204e-16,0,0,0.0907308988399809,0.3179048590897039
685,0.422047,0.897216,0.08475091432046611,0.3225818293321936,3.648611360956844e-16,1.214306433183765e-16,0,0,0.0843160201094492,0.3221778099078275
686,0.381583,0.863407,0.07776079554969328,0.3141338556779374,-3.5595712575414717e-16,8.673617379884035e-17,0,0,0.0773744472596334,0.3136810090257363
687,0.3964949999999999,0.8324979999999998,0.08098331905421219,0.30566477127285907,-5.017890942170256e-16,-5.551115123125783e-16,0,0,0.0806205529506045,0.305153216157035
688,0.3780149999999999,0.607265,0.0858931825732725,0.24665939545138826,-8.901299836105991e-17,3.538835890992686e-16,0,0,0.0851789146675245,0.2454943252507989
689,0.340949,0.593593,0.0797193225043884,0.24542543877214484,1.8051966171883646e-16,6.93889390390723e-18,0,0,0.0790127306393551,0.2441744419004357
690,0.366431,0.57683,0.08562545137101552,0.23935740398883354,8.7061434450586e-17,-2.289834988289385e-16,0,0,0.0848478937889037,0.2380422454276225
691,0.3038839999999999,0.5799199999999999,0.07333241524793266,0.2445924884013948,-2.1803305688683492e-16,1.9081958235744878e-16,0,0,0.0725687134262228,0.2431088374751457
692,0.3548459999999999,0.5463949999999999,0.08558694328166894,0.2322054195446981,3.317658647805644e-17,2.324529457808921e-16,0,0,0.0847311732179465,0.2307177532902851
693,0.602975,0.976444,0.1150316303856016,0.3433331071792054,5.931331272489293e-16,-3.3133218391157016e-16,0,0,0.1147224921692599,0.3431759183415208
694,0.6041189999999999,0.939553,0.11544569850184416,0.3327296320567257,-8.769840322692124e-17,-6.93889390390723e-17,0,0,0.1150467804148722,0.3324745912573287
695,0.582094,0.915997,0.11202838276312832,0.3261036573276215,7.547402373214718e-17,1.3530843112619095e-16,0,0,0.1116048428797569,0.3258153360200528
696,0.605264,0.902661,0.1158781670251301,0.3220624022587799,9.948910185270111e-17,1.4918621893400539e-16,0,0,0.1154876774324201,0.3217453985863548
697,0.5589239999999999,0.929332,0.108071769691378,0.33005149304517545,2.0595775519077764e-16,-1.301042606982605e-16,0,0,0.1076831136911747,0.3298306587133632
698,0.560069,0.89244,0.10862136809555523,0.31954668517937534,-1.9165983904112502e-16,3.261280134836397e-16,0,0,0.1081824332008646,0.3192587703093007
699,0.6064089999999999,0.86577,0.116488537701116,0.3113106058372068,2.835188681049594e-17,3.469446951953615e-18,0,0,0.1160419259281078,0.3109802568631728
700,0.940017,0.606117,0.1674773936447309,0.22620597013883526,2.5841958781192e-16,-2.0816681711721685e-17,0,0,0.1673218354144302,0.2256409167088014
701,0.977894,0.6037599999999999,0.17220488308703352,0.22526351152737334,-3.875091030393698e-16,2.5326962749261384e-16,0,0,0.172176759861802,0.224703431394077
702,0.90214,0.6084739999999998,0.16250101472724054,0.2272358085247106,-2.8650042407929455e-17,-3.3653635433950053e-16,0,0,0.1624320467764268,0.2267128512143386
703,0.917911,0.584876,0.164671325587733,0.21928567936265608,-2.0560538948471982e-16,2.1857515797307767e-16,0,0,0.1646541778225116,0.2187579175448991
704,0.864263,0.610831,0.15776276358064933,0.22844270097266417,-2.492038693457932e-16,6.245004513516506e-17,0,0,0.1574988175814302,0.2279160744241764
705,0.8958049999999999,0.563636,0.16205805788240468,0.21238411166450533,5.205525680646028e-17,-1.2836953722228372e-16,0,0,0.162080893772559,0.211884495892313
706,0.933682,0.5612789999999999,0.1669250159557123,0.21123560654814355,6.092538583010733e-17,-2.463307335887066e-16,0,0,0.1668113270474407,0.2107500558570243
707,0.3312829999999999,0.280357,0.11551768460776657,0.1573023727396503,3.599551212651875e-17,2.8449465006019636e-16,0,0,0.1132200895262675,0.15513052522062
708,0.359856,0.2945369999999999,0.11658013501437381,0.15685721930640284,-1.3769367590565906e-16,2.0816681711721685e-17,0,0,0.1145193956797821,0.1549000203260221
709,0.340025,0.312056,0.11098376612790162,0.16658743681182386,-4.163336342344337e-17,-1.3877787807814454e-16,0,0,0.1089117463007352,0.1645160311322948
710,0.379688,0.277017,0.12181725184927927,0.14683295597933466,4.971066960846038e-17,1.0408340855860844e-17,0,0,0.1196804592489326,0.1450252058841321
711,0.38843,0.3087159999999999,0.11780634049500804,0.15708199863729533,-1.2706849461530112e-16,-2.6020852139652106e-17,0,0,0.1159577661454311,0.1552964314263898
712,0.370946,0.245318,0.12643397743522655,0.1358868892348255,1.2793585635328952e-16,9.714451465470121e-17,0,0,0.1239147604933341,0.1341068710937428
713,0.3995199999999999,0.259498,0.12663531163707376,0.13661413927184185,-2.927345865710862e-17,1.1449174941446927e-16,0,0,0.1243702594940186,0.1349764405737425
714,0.4170039999999999,0.3228949999999999,0.1193605717344326,0.1578319752952666,5.0740661672321614e-17,-1.0408340855860844e-17,0,0,0.1175493896094245,0.1562286915830609
715,0.397172,0.340415,0.1144583087079809,0.16679298714007018,-3.1203338524132813e-16,-6.245004513516506e-17,0,0,0.1127315220101062,0.1650779331078979
716,0.667687,0.6956219999999999,0.12921623365400592,0.2595315222351928,-1.5241172039714979e-16,-1.301042606982605e-16,0,0,0.1286737578601589,0.2589370585706377
717,0.6548829999999999,0.6626199999999999,0.12814290543610696,0.24970004113129107,9.18861341181465e-17,-1.734723475976807e-16,0,0,0.1276728683335785,0.2491083344686851
718,0.6840699999999998,0.667348,0.1322974963550223,0.25038406052044593,-4.676163969929981e-16,1.0408340855860844e-17,0,0,0.1317858986967954,0.2497396025061909
719,0.625696,0.657892,0.1240083451011742,0.24923928984208032,7.651756832316446e-17,-3.4000580129145414e-16,0,0,0.1235096953016639,0.2485709387987861
720,0.6420799999999999,0.629618,0.1273387009568978,0.23997574216627982,5.412879346133881e-17,2.324529457808921e-16,0,0,0.1268126204205165,0.239272305578548
721,0.6093129999999999,0.686166,0.12066609531393624,0.25838091369951144,-3.5166097464567336e-16,5.082739784612045e-16,0,0,0.1201871088120713,0.2577125091272378
722,0.5965089999999998,0.6531639999999999,0.11983682760183001,0.2489410516282078,-8.952799439299055e-17,1.0755285551056204e-16,0,0,0.1192861827309714,0.2481256811801074
723,0.629276,0.596616,0.12673230321888695,0.23026362571545178,-1.7835125737386548e-17,3.1918911957973246e-16,0,0,0.1261050848262366,0.2294235368385613
724,0.658463,0.6013439999999999,0.1306178487411671,0.23061442048492609,2.0437210951351762e-17,3.816391647148976e-17,0,0,0.130077796217639,0.2298101810049067
725,0.1771409999999999,0.485893,0.051545864653235185,0.23383795397603535,-1.0139323191812876e-16,-6.130079083233041e-16,0,0,0.0508182128144542,0.2315459290482251
726,0.162669,0.45405,0.050561412650495186,0.2291920679890609,1.3097162243624894e-16,3.747002708109903e-16,0,0,0.049763087287599,0.2267705785121296
727,0.133774,0.4416769999999999,0.04335404823359568,0.22985919405255117,3.0574501264091225e-17,-3.41740524767431e-16,0,0,0.0427248023915879,0.2273366852234217
728,0.148197,0.422208,0.04956353331908758,0.22526665599798434,-3.117081245895825e-16,-1.0408340855860844e-16,0,0,0.048806291464626,0.2226452493352785
729,0.11935,0.4611469999999999,0.03751681204630586,0.2341861041604716,-8.066464163292153e-17,-5.388484797252957e-16,0,0,0.0369613466536367,0.2317274286624859
730,0.104878,0.4293049999999999,0.0354457978191931,0.23060614670612267,1.7293024651143796e-17,-1.0408340855860844e-17,0,0,0.0350195406673139,0.2278718340018661
731,0.133725,0.3903659999999999,0.048597307550153346,0.22223955142544582,-3.2255014631443757e-16,-3.122502256758253e-17,0,0,0.0479018027734244,0.219303448221869
732,0.337395,0.3386549999999999,0.10619256597783533,0.17572938939701999,-1.5612511283791264e-17,1.1102230246251563e-16,0,0,0.1042291034850191,0.1736568193101972
733,0.3659689999999999,0.3528339999999999,0.10833472141894163,0.175624691095436,-1.5959455978986623e-16,-3.4000580129145414e-16,0,0,0.1066157125484826,0.1737116712045009
734,0.3347649999999999,0.3652529999999999,0.1015922614496958,0.18435015988507075,-6.396792817664476e-17,-1.1796119636642288e-16,0,0,0.0998443412827772,0.1823019882536303
735,0.394542,0.3670129999999999,0.11063146980814054,0.17605634802748682,1.710871028182126e-16,2.775557561562892e-17,0,0,0.109009863110741,0.1743122803480562
736,0.332135,0.391851,0.09723750430930522,0.19254666555934818,-7.589415207398531e-17,-2.1510571102112408e-16,0,0,0.0957635417565408,0.1905391173042831
737,0.3752659999999999,0.0265291999999999,0.15634612049780117,0.01734215480973944,-6.056353335504028e-16,1.734723475976807e-16,0,0,0.1540910012872743,0.0170372218440306
738,0.361617,0.0535254,0.15587811729528767,0.03559373662574217,-1.533061871894503e-16,2.7755575615628914e-16,0,0,0.1532654127109479,0.0351667748578445
739,0.37974,0.0800546,0.15238062664866447,0.05030242394241213,4.0527477207508156e-16,5.828670879282072e-16,0,0,0.1496368302866672,0.0497527757200198
740,0.3479689999999999,0.0805215999999999,0.15410374068778765,0.05456964014138066,-5.334274688628681e-16,8.81239525796218e-16,0,0,0.1511298535225565,0.0538183874407844
741,0.411511,0.0795875,0.1511544909371878,0.046821214389638044,-4.25440932483312e-16,4.145989107584569e-16,0,0,0.1486163571576893,0.0464495458521542
742,0.397863,0.106584,0.14881774234891054,0.06356385964318179,8.933825901280558e-17,3.920475055707584e-16,0,0,0.1461692282142325,0.0628622823943586
743,0.3343209999999999,0.107518,0.15084568986821978,0.0738675882894313,-2.734357879008442e-16,1.0703243846776902e-15,0,0,0.1476393542162219,0.0726609875909563
744,0.973408,0.6845339999999999,0.17144831606674416,0.25147726220893674,2.012279232133096e-16,1.543632843076237e-17,0,0,0.1714216963113907,0.2511057717907274
745,0.973408,0.7157839999999999,0.1713982833434784,0.2615687844081549,1.8273888804064282e-17,-2.949029909160572e-16,0,0,0.1713634978753922,0.2611498611671075
746,0.946817,0.712817,0.1677176746798068,0.2606535001541488,-1.0968060227406483e-16,1.9775847626135598e-16,0,0,0.1677347074157865,0.2602836327234349
747,0.973408,0.7470339999999999,0.17140646153529815,0.27155515406047925,2.3613245690376483e-16,1.4051260155412135e-16,0,0,0.1713115540787431,0.2711177042876947
748,0.920225,0.741101,0.16395158620252914,0.2698873218469089,-2.23752223346696e-17,-2.654126918244515e-16,0,0,0.1639542415643391,0.2694333250852558
749,0.7161549999999999,0.972759,0.13295383611693978,0.3418864711893548,9.223172356062624e-17,2.0816681711721685e-17,0,0,0.1326734940776128,0.3418552509512684
750,0.7474049999999999,0.972759,0.13778663620905718,0.34181068399266223,-3.7116644935504534e-16,-6.245004513516506e-17,0,0,0.1374822370486241,0.3418005983996931
751,0.6849049999999999,0.972759,0.1280290113063529,0.34199678120421595,-6.425253124692221e-17,-1.4918621893400539e-16,0,0,0.1278084120645794,0.3419159293850937
752,0.7135599999999999,0.945518,0.13264879987036693,0.33364291134421364,1.7291669398428186e-16,-4.510281037539697e-16,0,0,0.1323513455868057,0.3337170070988424
753,0.742214,0.918277,0.13713654461025726,0.3255020013239118,9.065285414694426e-17,3.469446951953614e-16,0,0,0.1368800821900589,0.3254159020862897
754,0.31706,0.975187,0.06471671597137174,0.3435542151419213,-3.645833092889849e-16,4.649058915617843e-16,0,0,0.0642871186812131,0.3435773433998284
755,0.28581,0.975187,0.058746464132127585,0.3435742804158508,1.2249790483191693e-17,1.8301332671555315e-16,0,0,0.0582768285258048,0.3436578311722141
756,0.2903689999999999,0.950375,0.05950812526680238,0.33738421115413075,-2.1403844950758366e-16,4.2847669856627135e-16,0,0,0.0592586573025535,0.3372949567694424
757,0.25456,0.975187,0.05263643415673869,0.34376159009298135,1.4893210904982912e-16,-5.48172618408671e-16,0,0,0.0521759617634557,0.3437327793540406
758,0.263679,0.925562,0.05445728305312514,0.3314834383836569,7.58534944925171e-17,-2.740863092043355e-16,0,0,0.0542161171483358,0.3311387018970415
759,0.975187,0.28581,0.17288219729198318,0.11303085934559931,-3.885780586188048e-16,7.232306116836118e-17,0,0,0.172732834571413,0.1124736267838709
760,0.975187,0.25456,0.1729885421373183,0.10111809982845443,2.4964771461015445e-16,-2.6020852139652106e-17,0,0,0.1728169452989985,0.1006219102591315
761,0.975187,0.31706,0.17271877756456888,0.12471715053470689,7.914675859144182e-18,-5.551115123125784e-17,0,0,0.1726435483641663,0.1241826834693103
762,0.950375,0.2903689999999999,0.17064600156481902,0.11480283077980857,-5.674443120246009e-17,1.3877787807814454e-16,0,0,0.1704409915126445,0.1143136558733527
763,0.925562,0.263679,0.16874082050162542,0.10476363044290338,-2.4339661145941766e-16,6.331740687315346e-17,0,0,0.168378909706989,0.1044109128377817
764,0.4897079999999999,0.645712,0.10331399182541645,0.2513047526954324,-2.0008951093219982e-16,9.402201239794294e-16,0,0,0.1026832254635009,0.2503313224056846
765,0.514387,0.6325359999999999,0.10790382231061812,0.2463112665900553,1.9786689647860456e-17,-5.759281940243e-16,0,0,0.1072712118410009,0.2453497824298023
766,0.528074,0.653229,0.10923507791085285,0.2517644418257987,-1.9062984697726384e-16,9.575673587391975e-16,0,0,0.1086156471743667,0.2508410356440205
767,0.539066,0.6193589999999999,0.11240123364405008,0.2412526934640482,5.594483210025203e-17,1.1796119636642288e-16,0,0,0.1117500362631243,0.2402978545485385
768,0.566439,0.660745,0.11496755967164063,0.25240199445397593,1.3866945786089602e-16,3.3653635433950053e-16,0,0,0.1143987239421313,0.2515283606752596
769,0.234183,0.0511257999999999,0.17266930371988565,0.05204816114201094,-9.150232654908665e-15,6.904199434387691e-16,0,0,0.16886452105464,0.0516396093627021
770,0.2526769999999999,0.0781219999999999,0.16328242202223464,0.07120032518469088,-4.3407118177629656e-15,2.491062911502695e-15,0,0,0.1594483563293721,0.070311588782182
771,0.221299,0.0752554,0.16802517852102028,0.0784586117915751,-1.0744443529331347e-14,3.066991105526995e-15,0,0,0.1638031988235884,0.0776372333994697
772,0.271171,0.105118,0.1546300838526804,0.086638153752574,-1.8448784167013343e-15,2.067790383364354e-15,0,0,0.1509854365162224,0.08521344605424
773,0.2084159999999999,0.099385,0.16008609211728242,0.1046652443765197,-1.3294920719886251e-14,1.9532986339498848e-15,0,0,0.1561188171715176,0.1034093660239709
774,0.444523,0.339422,0.1207073992190999,0.16003800522594247,-8.890457814381136e-18,1.3877787807814454e-16,0,0,0.1189034150935317,0.1586086719151094
775,0.4775059999999999,0.346741,0.12368421877545188,0.15884602152800653,-2.7863995832877464e-17,1.3877787807814457e-17,0,0,0.1220437181241901,0.1575076109306591
776,0.496282,0.331569,0.12723863977771543,0.15136682762386044,-2.3418766925686896e-17,-1.908195823574488e-17,0,0,0.1256435335811829,0.15009949099812
777,0.5104889999999999,0.354059,0.12649503198736056,0.15811160849261796,1.5699247457590104e-16,1.0408340855860844e-16,0,0,0.1251573784875467,0.1568354430749468
778,0.482076,0.3090789999999999,0.128271918707469,0.14458538744656835,-1.8626593323300966e-16,-2.775557561562892e-17,0,0,0.126368700530312,0.1432784987607161
779,0.515059,0.3163969999999999,0.1305827200267231,0.14383780258503975,1.586187778346293e-16,1.249000902703301e-16,0,0,0.12902059393171,0.1426427660915248
780,0.5434729999999999,0.361377,0.12947047310899507,0.15770999013329856,-3.683034779933258e-16,-7.979727989493313e-17,0,0,0.1282638020859372,0.1565453570931653
781,0.0245216,0.593677,0.006374665988914785,0.26035165419398254,1.0297210133181077e-16,5.828670879282072e-16,0,0,0.0063015714799374,0.2585976703063799
782,0.0624627,0.597191,0.016091076784505276,0.2605059351026284,-3.215472593048885e-16,5.030698080332741e-16,0,0,0.0159286564597639,0.2587245360292887
783,0.0869843,0.576582,0.02296603717149992,0.25603917337866733,2.268693045925918e-17,-4.527628272299467e-16,0,0,0.022661196984596,0.2540922345139967
784,0.1004039999999999,0.6007059999999999,0.025705287873279303,0.26028617923657293,8.500145032286356e-17,9.020562075079397e-17,0,0,0.0253260833251811,0.2584670216780191
785,0.0735646999999999,0.552458,0.02006145929271952,0.25211730854425696,1.0804074648818052e-16,-1.942890293094024e-16,0,0,0.0198806131108708,0.2499226835482352
786,0.1115059999999999,0.555973,0.03008304290642627,0.25128295503600384,2.374402757743255e-17,-1.1102230246251563e-16,0,0,0.029679534530717,0.249245283682964
787,0.138345,0.604221,0.03490672275165707,0.2595640884082968,5.0523821237824507e-17,-3.885780586188048e-16,0,0,0.0344466442779115,0.2578925922883685
788,0.0179027,0.116022,0.03176598913341877,0.2612344199915242,-5.65105698102945e-13,-1.5848247193750442e-12,0,0,0.0332245063021531,0.2573572539793301
789,0.0179027,0.1481649999999999,0.02365605313482888,0.24996541742802947,-7.479368686891251e-14,-3.097574280408466e-13,0,0,0.0245890809988795,0.2466336592368058
790,0.0358054,0.164187,0.04048541134028483,0.24090398073894903,-1.8927567846382942e-14,-1.9146143004356023e-14,0,0,0.0412961861840828,0.2361574421820091
791,0.0179027,0.180308,0.018358136509732503,0.24178579147701384,-1.370843542847222e-14,-4.560067601300233e-14,0,0,0.0187564264812382,0.2381227140872082
792,0.0537081999999999,0.148066,0.06615882325019129,0.23531699641534942,2.4977814074337263e-14,1.0672235664643814e-14,0,0,0.0673838436992208,0.229908944649069
793,0.0537081999999999,0.180209,0.0524319761523202,0.23212380185941583,5.353031386212681e-15,5.118301615869569e-15,0,0,0.0525922060440694,0.2268760171131462
794,0.0179027,0.212451,0.014667650884376826,0.23555981779645663,-5.4082714869008175e-15,-6.797947621484113e-15,0,0,0.0148728403053193,0.2318726312139638
795,0.2241279999999999,0.52287,0.06016794396236946,0.2373268619630835,-2.518601646683827e-16,1.0755285551056204e-16,0,0,0.0593400223493677,0.2354189135121606
796,0.21056,0.55539,0.054713824782083975,0.24544943239743588,1.317305639569888e-17,-6.036837696399289e-16,0,0,0.0539740321079572,0.243619205048575
797,0.192468,0.530785,0.0519662091119244,0.24154959635416162,-1.8973538018496328e-17,-2.949029909160572e-17,0,0,0.0513051067821185,0.2395434110576428
798,0.2286509999999999,0.579994,0.05735915694185678,0.24976814787078183,1.8951853975046615e-16,2.1510571102112408e-16,0,0,0.0565961136818728,0.2479991508794436
799,0.196992,0.587909,0.04958553084509276,0.25332316768253804,-3.688455790795686e-16,-1.3877787807814457e-17,0,0,0.0489869865589317,0.2516160308511643
800,0.260311,0.5720779999999999,0.06485660296857532,0.24584601679089246,1.3194740439148586e-16,2.1510571102112408e-16,0,0,0.0640036095429385,0.244127735855007
801,0.2467429999999999,0.6045979999999999,0.05988894376105236,0.2543645663972711,2.293087594806842e-17,1.52655665885959e-16,0,0,0.0591979216941778,0.2526469119310111
802,0.183424,0.620429,0.04479957586409,0.26096655574656324,-3.865180744910823e-17,6.93889390390723e-17,0,0,0.0443454338661697,0.2594778480173082
803,0.165333,0.595825,0.04170821939351299,0.25659419404837536,3.2715800554750096e-17,-2.5153490401663703e-16,0,0,0.0412155339976456,0.2549603089064784
804,0.978399,0.39273,0.17287839685377548,0.15248213628001395,7.143028844195515e-17,8.673617379884035e-17,0,0,0.17275017987938,0.1518975600832715
805,0.940025,0.389318,0.1689956650207023,0.15145557067444315,-1.9449231721674343e-16,3.642919299551295e-16,0,0,0.1687748387469403,0.1508831773525107
806,0.918424,0.407048,0.1665428069045447,0.15803761708230013,1.5212711732687234e-16,1.249000902703301e-16,0,0,0.1663471893142013,0.1574593272740141
807,0.90165,0.385906,0.1650660139057436,0.1506682880135486,1.3490185531150886e-16,2.4286128663675294e-16,0,0,0.1648324768293234,0.1500470343545227
808,0.935198,0.42819,0.16816190840108902,0.16538790699632955,-5.9004992732092365e-16,-6.071532165918825e-16,0,0,0.167947110292792,0.1648394998018185
809,0.3884079999999999,0.940156,0.07818128674989566,0.3342334301851224,-2.7581425641673424e-16,7.806255641895632e-17,0,0,0.0778180291277106,0.3340375936409944
810,0.39182,0.97853,0.07860538279783214,0.34452548665649374,-2.8472504302184953e-16,-1.006139616066548e-16,0,0,0.0782588113389466,0.3442667882628012
811,0.3849949999999999,0.901781,0.07799762920694775,0.3241693249292439,-1.2522535092207576e-16,3.1918911957973246e-16,0,0,0.0775216056851606,0.3238441815104288
812,0.405227,0.918686,0.08150996739641414,0.3284015009594441,-1.031347316576836e-16,0.0,0,0,0.0810591482120795,0.3281507574024659
813,0.4254589999999999,0.93559,0.08498080417120946,0.332712353203533,-2.238877486182567e-17,2.0296264668928643e-16,0,0,0.0845825884777438,0.3325339201273088
814,0.696764,0.645773,0.1346688722987892,0.243368102615932,2.3879552848993238e-17,-9.540979117872439e-17,0,0,0.1341669276948903,0.2426310258527714
815,0.709567,0.678775,0.1357589639555954,0.25336673835408874,3.601990667539967e-16,1.9081958235744878e-16,0,0,0.1351754344515126,0.2526630654961786
816,0.68396,0.61277,0.13380679093279468,0.23336309052683646,-2.9013250135712094e-16,9.020562075079397e-17,0,0,0.1332916517050654,0.2325722433404441
817,0.709457,0.624197,0.1370435486696806,0.23626024166878778,2.9398141906944453e-16,-1.8041124150158796e-16,0,0,0.1365210926667331,0.2354407882913904
818,0.671157,0.579768,0.1331332062545698,0.22334573697298765,2.2253249590264974e-16,-3.261280134836397e-16,0,0,0.1325585749109032,0.2224732853049121
819,0.7221509999999999,0.6026209999999999,0.1393965652296174,0.2290092671464663,-4.0657581468206416e-16,-2.498001805406602e-16,0,0,0.1388442180258025,0.2281724367127999
820,0.734955,0.6356239999999999,0.1402734078328649,0.23922569488058798,7.733071995252862e-17,-1.214306433183765e-17,0,0,0.1397672858120517,0.2384031790675851
821,0.7809669999999999,0.532861,0.14862301762514107,0.20434249713980535,1.7664363895220079e-16,-1.4918621893400539e-16,0,0,0.1482930849901442,0.2036590701936384
822,0.744363,0.548497,0.14373904522653902,0.21061952774471138,-1.5916087892087203e-16,1.0928757898653883e-16,0,0,0.143247108919591,0.2098690413330994
823,0.733257,0.575559,0.1416200888546939,0.21988003019214375,2.2475511035624507e-16,2.5326962749261384e-16,0,0,0.1410562222943266,0.2190827850977246
824,0.70776,0.5641319999999999,0.13863395326976757,0.21701146767372848,-2.2177355438190996e-16,-3.3653635433950053e-16,0,0,0.1380065044198986,0.2161479178438703
825,0.758754,0.586986,0.1445997530099703,0.2228424750646809,-1.931506170282926e-16,-3.538835890992686e-16,0,0,0.1441405850142352,0.2221127124252698
826,0.598277,0.0603496999999999,0.1521774259272206,0.028083358414733084,4.81582276227327e-16,3.469446951953615e-18,0,0,0.1506440387613739,0.0278956594757764
827,0.594272,0.0229101999999999,0.15247262042748844,0.01075995415521902,6.279563457764481e-16,-4.683753385137379e-17,0,0,0.1511799315093715,0.0106510288109761
828,0.602281,0.0977892,0.15125555101076316,0.045195831607998116,3.027634566665771e-16,2.3592239273284576e-16,0,0,0.1496652001420293,0.0447950483724552
829,0.578264,0.0832598999999999,0.1509926244593771,0.039274314298381796,-2.416686642470189e-16,-1.3183898417423734e-16,0,0,0.1493227855410999,0.0390238470767711
830,0.6062859999999999,0.1352289999999999,0.14983267843126669,0.06180009214949678,-9.692767422020408e-17,2.775557561562892e-17,0,0,0.1483383635324073,0.0612689283963236
831,0.55825,0.10617,0.1494816206923133,0.050730283444863744,-5.315843251696427e-16,-6.93889390390723e-18,0,0,0.1477470874539718,0.0504409519242926
832,0.554246,0.0687306,0.15089741280144153,0.03314116231558728,2.8709673527416157e-16,1.249000902703301e-16,0,0,0.149173595725485,0.0330453499565242
833,0.821949,0.5143579999999999,0.15420143976916734,0.19711773233711938,1.3572686540213458e-16,-3.414152641156853e-16,0,0,0.1537450305738612,0.1964542809285589
834,0.836053,0.546516,0.15522176629019668,0.2077106926099077,3.072086855737677e-16,5.551115123125784e-17,0,0,0.1548789415917711,0.2070230912840485
835,0.806178,0.5379559999999999,0.15166685968688398,0.20545643055629625,-4.787294692609745e-16,1.0755285551056204e-16,0,0,0.1513244932508374,0.2047602016664462
836,0.865929,0.555076,0.15863662156334613,0.20999004917757702,-4.1782441222160133e-17,-1.1796119636642288e-16,0,0,0.1584635906630939,0.2094006842324583
837,0.8501579999999999,0.578674,0.15639574173951587,0.2181451933720382,-4.058981883242607e-17,0.0,0,0,0.1561326457997725,0.2175074697550449
838,0.8817,0.531478,0.16088850353935413,0.20173425326117922,-1.8408228229498808e-16,4.391018798566293e-17,0,0,0.1607259713840298,0.2012320042596628
839,0.834388,0.602271,0.15409301701402,0.22613689589707064,2.187919984075748e-16,-4.163336342344337e-17,0,0,0.1537345304393332,0.2255466268483924
840,0.533839,0.805972,0.10543573323320743,0.29548715983128204,2.0841753886960407e-16,-1.481020167615199e-16,0,0,0.1051049261132527,0.2949223717447315
841,0.542583,0.834795,0.1063904612474289,0.3034655450610444,1.589169334320628e-16,1.0408340855860844e-16,0,0,0.1060380792076498,0.3030004647730441
842,0.5106699999999998,0.819307,0.10127101110083458,0.29968878686668177,-4.54009659728305e-17,-8.673617379884035e-17,0,0,0.1009594177473029,0.2992050756451831
843,0.574496,0.8502819999999999,0.11151197746903563,0.30730496504412486,3.866535997626431e-17,2.012279232133096e-16,0,0,0.1110623090756579,0.3069297788852203
844,0.5513259999999999,0.863618,0.1074822324771958,0.3114583245023823,3.793081300440537e-16,-5.377642775528102e-16,0,0,0.107066022861443,0.311112469576769
845,0.597665,0.836947,0.11551935628267529,0.3030638543295936,-1.6576434777766658e-17,3.9681799512969456e-17,0,0,0.1150100836170527,0.3026905534468366
846,0.5281559999999998,0.8769529999999999,0.10346441363435588,0.3155536054255208,-9.168284621080548e-17,8.326672684688673e-16,0,0,0.1030251515134574,0.3152364417988249
847,0.4357809999999999,0.307724,0.1235725900514808,0.1497604614123702,-5.122855264994009e-17,-4.8572257327350605e-17,0,0,0.1216212275826004,0.1482490840418558
848,0.4270379999999999,0.276025,0.12683434849896003,0.13895866649545496,-5.529431079676073e-17,0.0,0,0,0.1247156643493235,0.1374148290399064
849,0.4545569999999999,0.2925519999999999,0.12747833761022775,0.1416353709573741,-3.382710778154774e-17,1.3877787807814454e-16,0,0,0.1253961653744053,0.1401946241297319
850,0.418296,0.2443259999999999,0.13050257614668226,0.12742827815236524,7.892991815694472e-17,-6.245004513516506e-17,0,0,0.128176713607278,0.1259810461681167
851,0.473333,0.27738,0.13101417944926652,0.13346387018100359,1.214306433183765e-17,0.0,0,0,0.1288851461478572,0.1321066234980685
852,0.473331,0.780058,0.09588370005621982,0.2896119041379279,-1.5600314009350802e-16,-8.500145032286356e-17,0,0,0.0954293563117967,0.2890282799766586
853,0.454515,0.74528,0.09365048976178514,0.28070006277448556,-2.1304572689340162e-17,-2.5673907444456745e-16,0,0,0.0931067033974822,0.2798784386285245
854,0.42592,0.734854,0.08893728189468675,0.27885301414789865,-2.1963225509125104e-16,6.279698983036042e-16,0,0,0.0883885678668382,0.277932676099696
855,0.4356999999999999,0.7105019999999999,0.09150442092504818,0.271895975472944,3.7063451266416964e-16,-4.597017211338538e-16,0,0,0.0909339095489455,0.2708924305936855
856,0.41614,0.759206,0.08643524762919697,0.2856753450469114,3.0048663210435755e-16,-1.6653345369377348e-16,0,0,0.0859021130692015,0.2848790286478019
857,0.397324,0.7244279999999998,0.08417772433676873,0.27705391613562824,4.250072516143178e-17,3.1918911957973246e-16,0,0,0.0835778097455394,0.276085297274418
858,0.4168839999999999,0.6757239999999999,0.08952311242046562,0.2631426076095522,1.774296855272528e-16,4.510281037539698e-17,0,0,0.0889137397328122,0.2620930407185435
859,0.53473,0.7821329999999999,0.10615102495466999,0.28866184647995397,-2.683400376901624e-18,2.1857515797307767e-16,0,0,0.1057534048515533,0.2880661561102799
860,0.566643,0.797621,0.11109533307626407,0.29236555907664297,-2.5798590694292573e-16,5.065392549852277e-16,0,0,0.1106633825016121,0.2918153088784731
861,0.599447,0.78927,0.11661679057579022,0.2891971047210973,1.0218097255907528e-16,-2.6768951638667104e-16,0,0,0.1161057074564859,0.2886919031514479
862,0.5985559999999999,0.8131089999999999,0.11604897077268106,0.2961419466009829,-4.570488139430534e-16,-1.4051260155412135e-16,0,0,0.1155324288218306,0.2957056335392588
863,0.600338,0.7654309999999999,0.11725010174632189,0.2822010426898487,1.4986384529180883e-16,6.886852199627923e-16,0,0,0.1167311021030136,0.2816443174741151
864,0.632251,0.780919,0.12189035569826956,0.286079747696931,-1.9331324735416544e-16,-2.775557561562892e-17,0,0,0.1214366836092285,0.2855615700079335
865,0.630469,0.828596,0.12083618792894413,0.3000797426466306,2.7012897127476343e-16,5.585809592645319e-16,0,0,0.1203705080144974,0.2997201959998775
866,0.5169759999999999,0.174657,0.14376069620993803,0.08522441802779213,-3.052029115546695e-16,-1.4918621893400539e-16,0,0,0.1417099762283958,0.0843838222045885
867,0.546746,0.1615139999999999,0.1458987887440344,0.07686992341041332,-6.949735925632083e-17,1.2576745200831851e-16,0,0,0.1440745791096156,0.0762738564123398
868,0.5409939999999999,0.1891859999999999,0.1436749868626066,0.08968946970708203,3.5637725409598526e-16,4.336808689942018e-17,0,0,0.1417797622764316,0.0888594461451822
869,0.552498,0.1338419999999999,0.14785389579014918,0.06387008391175186,-7.947201924318748e-17,-7.28583859910259e-17,0,0,0.1460733116668827,0.063450142332016
870,0.576516,0.148371,0.1478790121991551,0.06907301447790815,1.0901652844341747e-16,5.204170427930421e-17,0,0,0.1462655400389333,0.0685787557305135
871,0.52848,0.119313,0.1480584826276754,0.05856793098791968,2.3722343533982837e-16,3.469446951953615e-17,0,0,0.146134865470117,0.0581787960388384
872,0.600534,0.1629009999999999,0.14817275018504006,0.07414288345898967,-7.9770174840621e-17,6.852157730108388e-17,0,0,0.146695143025008,0.0735934482336229
873,0.3550599999999999,0.702164,0.07716936226461257,0.2727857549471082,-2.6595479291069424e-16,-4.0939474033052647e-16,0,0,0.0765043631919602,0.2718166700596511
874,0.324147,0.715384,0.07066787546864362,0.27735809132354916,3.059076429667851e-16,8.153200337090993e-16,0,0,0.0701118757388463,0.2764654407845251
875,0.3859719999999999,0.688944,0.0834676956255862,0.26806487937574275,-2.4231918555051024e-17,1.457167719820518e-16,0,0,0.0827801971283945,0.2670237952381795
876,0.376192,0.713296,0.08071779320198402,0.2748759884379979,1.945871849068359e-16,-3.122502256758253e-17,0,0,0.0800656549226703,0.273910122978041
877,0.366412,0.7376479999999999,0.07802328720390506,0.28157371615816373,2.605337820482667e-16,6.279698983036042e-16,0,0,0.077426264709983,0.2807092269286134
878,0.795072,0.565018,0.1496877550480349,0.2147155179118272,2.2167868669181743e-16,-8.326672684688674e-17,0,0,0.1493515302958846,0.2140268721839662
879,0.809177,0.597176,0.1509058435208317,0.224953598841239,-5.103881726975512e-17,-1.006139616066548e-16,0,0,0.1505374059027484,0.2243293029425422
880,0.783965,0.5920809999999999,0.14772615094375396,0.22384663276170613,1.0771548583643488e-16,-2.775557561562892e-17,0,0,0.1473410632051491,0.2231839232013294
881,0.823281,0.629334,0.1522201604602742,0.23505662502429914,3.343543974673735e-16,-5.551115123125784e-17,0,0,0.1518376440514885,0.2345718236023545
882,0.7728589999999999,0.619143,0.1457085169677157,0.23290175306465244,5.0523821237824507e-17,1.5612511283791264e-17,0,0,0.1453014820150127,0.2322363834816733
883,0.666522,0.3537569999999999,0.14268760409140668,0.14650346979192364,-1.8556120182089406e-16,1.1188966420050406e-16,0,0,0.1417106856727143,0.1455742938549909
884,0.6703719999999999,0.3225219999999999,0.14469448825184372,0.13466380232404163,-6.722053469410129e-17,-1.89084858881472e-16,0,0,0.143620768273026,0.133802224240081
885,0.662672,0.384991,0.14069015648237837,0.15799560554592063,-1.3964523981613295e-16,-1.1796119636642288e-16,0,0,0.1397657964531378,0.1570900997357046
886,0.628958,0.374205,0.13779636926301464,0.15614992193786748,-8.4893030105615e-17,-6.245004513516506e-17,0,0,0.1367072152840832,0.1550977550848396
887,0.6588209999999999,0.4162259999999999,0.1387136850535171,0.1692583976334845,-6.570265165262157e-17,-5.898059818321144e-17,0,0,0.1378039230164512,0.1683553281217351
888,0.5913939999999999,0.394654,0.13250617870289716,0.16575166230359173,1.4463256980956627e-16,-2.6714741530042824e-16,0,0,0.1313200347141645,0.1647687448304736
889,0.595244,0.3634189999999999,0.1350171379845051,0.15445251055098197,1.5102936262723074e-16,0.0,0,0,0.1337508260860454,0.1533581857423847
890,0.1654809999999999,0.539181,0.044716237972352246,0.24516456314267998,3.253690719628999e-16,-1.5612511283791264e-16,0,0,0.0441725600316476,0.2431024146887262
891,0.179049,0.506661,0.05034778753724822,0.2377478194048308,5.572799166575493e-17,1.1080546202801855e-16,0,0,0.0496835803654783,0.2355552129503272
892,0.1519129999999999,0.571701,0.0396147207490003,0.252380069483479,1.6913553890773867e-16,5.065392549852277e-16,0,0,0.0391095460090707,0.2505281263256941
893,0.138493,0.5475769999999999,0.03741878631308282,0.24839790185797028,-2.542183043935386e-16,-4.145989107584569e-16,0,0,0.0369498152645073,0.2463351557705199
894,0.1250739999999999,0.523453,0.03515462014456716,0.24463604275115358,1.8465318250143747e-18,-1.1557595158695475e-16,0,0,0.0347231866202925,0.2423944256940399
895,0.4381869999999999,0.7940629999999999,0.08938093314282014,0.29434074679375044,4.5048600266772715e-17,1.3183898417423734e-16,0,0,0.0889366560089928,0.293792248174571
896,0.4030429999999999,0.8080669999999999,0.08274019938835409,0.2990093140069803,-2.8731357570865868e-16,1.8214596497756478e-17,0,0,0.0823101921136604,0.2984446059919463
897,0.409592,0.783636,0.08456762477362645,0.2923499410353543,-1.4117667538476875e-16,5.637851296924623e-17,0,0,0.084069764355078,0.2916867963252231
898,0.3679,0.822072,0.07598439356661402,0.3035543380174204,2.459512628283367e-16,-4.510281037539698e-17,0,0,0.0755551305644204,0.3029844612063851
899,0.380996,0.77321,0.07965730495561729,0.29042363719418063,-1.2902005852577503e-16,6.314393452555577e-16,0,0,0.07912062734234,0.2896694173196343
900,0.731396,0.292395,0.15144895838966477,0.12035360132358619,-1.1346175735060804e-16,-9.714451465470121e-17,0,0,0.150508845724257,0.1196956043840713
901,0.766038,0.307215,0.15394853220868754,0.12473822241554444,5.524010068813645e-17,1.942890293094024e-16,0,0,0.1531619201331147,0.1240907874901591
902,0.789497,0.297536,0.15630293680533214,0.12035594521876192,-1.186523752513824e-16,-7.28583859910259e-17,0,0,0.1555876912614693,0.1197245422330937
903,0.800679,0.3220339999999999,0.15665058411286736,0.12923319101901143,-3.9642497184216863e-16,-1.0755285551056204e-16,0,0,0.1559912075115936,0.1286133960645954
904,0.7783149999999999,0.2730389999999999,0.15603911166181206,0.11132530460417911,3.279440521225529e-16,-4.510281037539698e-17,0,0,0.1552513887033937,0.1107218415309645
905,0.812957,0.287858,0.15858434730762383,0.11607636128610466,-1.5257435072302259e-16,-1.249000902703301e-16,0,0,0.1579491344352825,0.1154374253931458
906,0.8353209999999999,0.3368539999999999,0.1595230658822402,0.1338721313768474,1.9659295892593407e-16,4.163336342344337e-17,0,0,0.1589820868393883,0.1332556005521784
907,0.5636419999999999,0.2044759999999999,0.14377359030549997,0.09456047861385741,-7.600257229123386e-17,1.1102230246251563e-16,0,0,0.1420095854154672,0.0936986979348805
908,0.533873,0.217619,0.14109722133161995,0.10265194968815194,1.9374692822315962e-16,1.5959455978986623e-16,0,0,0.1391247119094863,0.1015733410043037
909,0.593412,0.191333,0.14623826564093179,0.08680724793521222,2.3215479018345864e-16,-4.250072516143178e-17,0,0,0.1446849613356584,0.0861552536054346
910,0.586291,0.2197659999999999,0.14412380701287475,0.09932076663972111,-1.5720931501039814e-16,5.2909066017292616e-17,0,0,0.1424708960157991,0.0985014813973883
911,0.623182,0.1781899999999999,0.1486256643656816,0.07948896187372156,-1.9396376865765674e-16,8.326672684688674e-17,0,0,0.1471987641843444,0.0789311678898359
912,0.608939,0.2350549999999999,0.14469425998504448,0.1039978316257475,4.456070928915423e-17,1.3183898417423734e-16,0,0,0.1431407775178931,0.1032837898825718
913,0.579169,0.248198,0.1417542558738205,0.11151933610381093,-7.827939685345342e-17,0.0,0,0,0.1400841025722743,0.1106042288541632
914,0.85233,0.499389,0.1581650705793436,0.1913368354589693,6.69494841509799e-17,1.734723475976807e-16,0,0,0.1576624410139779,0.1907589650946113
915,0.882711,0.4844189999999999,0.1618056396891916,0.18564702397270594,1.592129714471282e-16,3.7838655819744105e-17,0,0,0.1614515775216404,0.1851242260555668
916,0.882205,0.5079489999999999,0.16137817350318073,0.193717485893103,-2.300329726505866e-18,-1.5287250632045613e-17,0,0,0.1610844349824846,0.1932181920738723
917,0.913092,0.469449,0.16534862583830545,0.18009704920768854,4.367030825500051e-16,3.122502256758253e-17,0,0,0.1651205297383098,0.1795572950830491
918,0.912081,0.516509,0.16470043677782087,0.1962570132509427,1.8566962203814263e-18,-1.9775847626135598e-16,0,0,0.1645496425129046,0.1957841507665255
919,0.4957579999999999,0.8502159999999999,0.09825647923571523,0.3085766326294106,3.038341063119065e-16,3.9898639947466563e-17,0,0,0.0978871175352277,0.308175790084702
920,0.5045009999999999,0.879039,0.0994408330443548,0.31649588404252427,-1.144781968873132e-16,-1.4224732503009818e-16,0,0,0.0989855302487981,0.3161307093192623
921,0.480846,0.881125,0.09534133888155338,0.3174542576780368,4.43574213818132e-17,3.642919299551295e-16,0,0,0.0948877356262249,0.3170208396280687
922,0.513244,0.907862,0.10059817517685588,0.32443768590383115,1.881870039573824e-16,9.020562075079397e-17,0,0,0.1001694827668625,0.3241314711190744
923,0.465934,0.912034,0.09238195476063993,0.32612993679140345,3.038747638933748e-16,8.847089727481716e-17,0,0,0.0919620840914889,0.325749624291713
924,0.508631,0.225224,0.13890459475987882,0.1082383271859726,-1.3032110113275763e-16,3.469446951953615e-18,0,0,0.1368322927287956,0.1070874248514351
925,0.47852,0.2315909999999999,0.13634476618972258,0.11411324899381725,-1.1194387430912833e-17,-1.1926223897340546e-16,0,0,0.1341775287481216,0.1129220143211505
926,0.481113,0.2086969999999999,0.13887391995376674,0.1039417981155566,1.301042606982605e-16,1.9081958235744878e-16,0,0,0.1366857981813958,0.102854724846903
927,0.475926,0.2544859999999999,0.13374054603627883,0.12396839113353053,-3.404394821604484e-17,-7.979727989493313e-17,0,0,0.1315649378218815,0.1226719100938158
928,0.4484079999999999,0.237959,0.13357113256279263,0.12048710918315919,-1.1882855810441126e-16,7.979727989493313e-17,0,0,0.1313172245652833,0.1192046266555455
929,0.503445,0.271013,0.1341805016854778,0.1275852097242023,-1.8713329497099807e-16,7.28583859910259e-17,0,0,0.1321568592600555,0.1263357223829964
930,0.420889,0.2214309999999999,0.1339163026859751,0.11726098146755248,-1.6057034174510318e-16,1.4224732503009818e-16,0,0,0.1314762919156014,0.1159427958812595
931,0.133772,0.196102,0.09682348105980054,0.19517985002312344,1.855286757557195e-15,-2.5543803183758484e-16,0,0,0.0945013356250059,0.1896888637470701
932,0.139408,0.1685379999999999,0.1128621095795097,0.1848721557544195,5.924080670460795e-16,-1.2281842209915794e-15,0,0,0.1096960838470929,0.179438841920411
933,0.1601279999999999,0.179209,0.11465785055406741,0.17700350491941208,1.1600963245594895e-15,-6.83481049534862e-16,0,0,0.1114885885589403,0.1723930862390304
934,0.118688,0.157867,0.10979822223544033,0.19446616276763962,-2.0339632755828063e-16,-3.1710745140856038e-15,0,0,0.1069031091769533,0.1881665544199182
935,0.145045,0.1409739999999999,0.13086916868451226,0.17018890925101005,-1.9177368026923602e-15,-1.7312540290248537e-15,0,0,0.1265567046325966,0.1656552302953332
936,0.0923310999999999,0.174759,0.08483714832436817,0.21367379898219951,-1.6004992470231016e-15,-9.62988369601625e-15,0,0,0.0840522812322587,0.2077172902264748
937,0.171401,0.124082,0.14663407531088524,0.1432043705608521,-5.4539706084710815e-15,1.214306433183765e-16,0,0,0.1421828938156541,0.1411828820800754
938,0.0226308,0.336552,0.010371787306212354,0.2283804834842158,1.524930355600862e-16,1.6306400674181987e-16,0,0,0.0101571490474002,0.2252268534257325
939,0.0596681,0.3399909999999999,0.026610318267557886,0.22597050090917037,4.437639491983169e-16,-2.0816681711721683e-16,0,0,0.0262019209965237,0.2225799609392663
940,0.0370373,0.3605809999999999,0.01562811130497721,0.22878664808376925,3.0319713753557127e-16,1.3877787807814454e-16,0,0,0.0153810318135621,0.2256261532286338
941,0.0822988999999999,0.3194,0.03878307913964818,0.2221037869239808,6.36209834814494e-16,3.538835890992686e-16,0,0,0.038170138656599,0.2184868637317191
942,0.0967052999999999,0.3434289999999999,0.041453670924056496,0.22181002641445957,4.026726868611164e-16,4.735795089416683e-16,0,0,0.0408096479069565,0.2183781027182085
943,0.0678924,0.2953709999999999,0.03544655430596322,0.22331921248769504,1.0592655225183378e-15,5.759281940243e-16,0,0,0.0350239421801107,0.2195126925891774
944,0.10493,0.2988089999999999,0.05199987148444052,0.21681071661078022,8.582544397395252e-16,4.57966997657877e-16,0,0,0.051196827228981,0.2129662732931443
945,0.133743,0.346868,0.05470010266890313,0.2163787003919424,1.5937771935536915e-16,2.0816681711721685e-17,0,0,0.0537972475601829,0.2130808687736673
946,0.111112,0.367458,0.04369737003980845,0.2222984476502461,1.973247953923618e-17,-4.597017211338538e-16,0,0,0.0430909481975371,0.2190758806425325
947,0.342067,0.832959,0.07092339220434951,0.3069466965425818,-1.1825257570027836e-16,-5.898059818321144e-17,0,0,0.0705011783371394,0.3063672170594243
948,0.348615,0.808528,0.07269464766250167,0.30050307936107856,2.328324165412621e-16,-8.673617379884035e-17,0,0,0.0722283370094143,0.2998458373875163
949,0.3293309999999999,0.794985,0.0693313636820676,0.29750561334367376,-9.592478721065502e-17,-2.9837243786801077e-16,0,0,0.0688631413416242,0.2967854252234839
950,0.3551639999999999,0.784097,0.07454158366999764,0.2939999566988263,1.046255096448512e-17,-3.469446951953614e-16,0,0,0.0740282036359646,0.2932809245726643
951,0.303499,0.805872,0.06404326918891456,0.3009057406670763,-1.6414143265072734e-16,2.5153490401663703e-16,0,0,0.0636340295212932,0.3001884031489658
952,0.310047,0.781441,0.06589545487258874,0.2945529748139961,4.68985202235761e-17,1.3791051634015616e-16,0,0,0.0654577591743466,0.2937985392616058
953,0.3617119999999999,0.7596669999999999,0.07645074580977962,0.28745479906501714,-1.700638870179294e-16,1.9862583799934439e-16,0,0,0.0759021359268522,0.2866701818953801
954,0.539255,0.464272,0.12143490240305255,0.1931335903100262,9.64939933512099e-17,7.28583859910259e-17,0,0,0.120188184833221,0.1920005210403943
955,0.52481,0.49328,0.11743020841640828,0.2035925206146203,-9.177771390089795e-17,3.469446951953615e-17,0,0,0.116252510136548,0.2023469490021245
956,0.5536999999999999,0.4352639999999999,0.12528859614212706,0.18235255860417965,3.057450126409122e-16,-1.0408340855860844e-17,0,0,0.1240526155333941,0.1813618836551884
957,0.564166,0.4576529999999999,0.12512712538284632,0.1891189772359212,-1.7070763205784267e-16,1.214306433183765e-16,0,0,0.1239321938306551,0.1881199764188693
958,0.568145,0.406256,0.12903234306213562,0.17139382030291017,-3.2677853478713104e-16,-1.6653345369377348e-16,0,0,0.1278272298528331,0.1704353362939619
959,0.5890769999999999,0.4510339999999999,0.12865695229129415,0.18523712028036243,-2.0263738603754078e-16,6.93889390390723e-17,0,0,0.1275403554790078,0.1843187394422129
960,0.574632,0.480042,0.12507450694829458,0.19589530843222747,8.234515500027407e-17,-1.4918621893400539e-16,0,0,0.1239471215049858,0.1948385583177816
961,0.571725,0.976444,0.10990488001789345,0.34329470419106656,-4.3752978670652527e-16,6.245004513516506e-17,0,0,0.1095914585434104,0.3432494931043638
962,0.540475,0.976444,0.10464334726202651,0.3432750041174586,-2.0390454732663319e-16,2.0816681711721685e-17,0,0,0.1043721274812131,0.3433260293869212
963,0.5496999999999999,0.952888,0.10629024054105685,0.3366978935227962,-3.4905211316813007e-16,2.0816681711721685e-17,0,0,0.1060061557370329,0.3366032862476713
964,0.509225,0.976444,0.09936396463672281,0.34337633974064374,2.9940581806366107e-16,3.261280134836397e-16,0,0,0.0990617572344738,0.3434040481933712
965,0.5276739999999999,0.929332,0.10277563821728108,0.33027355358353816,-2.4283418158244086e-16,5.863365348801608e-16,0,0,0.1024375433241157,0.3300628718075595
966,0.977894,0.5412599999999999,0.17240976425273402,0.204269083656186,-3.573530360512222e-16,1.2834243216797159e-16,0,0,0.1723201347876316,0.2037713949027668
967,0.977894,0.5100099999999999,0.1724457813229492,0.1935614967987931,-1.9556931960917727e-16,-4.206704429243757e-17,0,0,0.1723948890077964,0.1931144633277212
968,0.977894,0.5725099999999999,0.17230221024146886,0.21486234961594164,-4.243414837177759e-16,-2.324529457808921e-16,0,0,0.1722470624991198,0.2142995214451168
969,0.955788,0.551269,0.16981699062762345,0.20770871709305538,2.3075887988638355e-16,-7.979727989493313e-17,0,0,0.1695908529592138,0.2072416428083784
970,0.933682,0.5300289999999999,0.16721091960516787,0.20065886535485333,-1.4222996085467947e-16,2.8438622984294776e-16,0,0,0.1670322836869268,0.2001884263953079
971,0.0370368999999999,0.112216,0.06567259399844261,0.2515729704864498,-5.642101369440767e-13,-1.8308132787581144e-12,0,0,0.0674284442803837,0.2455572104131909
972,0.0547146,0.104894,0.09758460457669571,0.2360045477071253,-2.713844638379745e-13,-4.342686149919062e-13,0,0,0.0974348892254749,0.2291934048009765
973,0.0534830999999999,0.124722,0.07988592798506033,0.23733225974501693,2.5595919426937147e-14,6.857145060101821e-15,0,0,0.080746964201092,0.231332858062733
974,0.643843,0.312875,0.14284830118594982,0.13247389141179156,0.0,-1.734723475976807e-16,0,0,0.141617383188684,0.1316065708080503
975,0.6814069999999999,0.2924269999999999,0.14720995028073958,0.12255373296079597,-1.8171228410857052e-16,-1.249000902703301e-16,0,0,0.1460601866097371,0.1218559594107143
976,0.6062779999999999,0.333324,0.1381405471570929,0.14262971540847502,-1.0408340855860844e-17,8.673617379884035e-18,0,0,0.1368052604576395,0.1415858166578216
977,0.617313,0.303229,0.14111196433805162,0.13040245022057206,5.547862516608326e-16,2.827599265842196e-16,0,0,0.1397208319640942,0.1295442349659739
978,0.568714,0.3537719999999999,0.13284713995926722,0.15289741195374518,3.249353910939057e-16,7.28583859910259e-17,0,0,0.1315721852840321,0.1517740765623522
979,0.590783,0.293582,0.13942913207438323,0.1285222765945946,-6.08454259198865e-16,-3.4000580129145414e-16,0,0,0.1379413589838288,0.1276237751128219
980,0.6283469999999999,0.2731339999999999,0.1438950258816476,0.11792740260534629,8.131516293641283e-18,-1.3183898417423734e-16,0,0,0.1424767273870209,0.1172503898637595
981,0.833736,0.655789,0.15322102207028365,0.24340124815353192,-2.0369448315571412e-16,6.93889390390723e-18,0,0,0.1528530766008255,0.2429725384703032
982,0.808524,0.6506939999999999,0.1498684887719719,0.24218410337925889,-2.938594463250399e-16,6.93889390390723e-18,0,0,0.1495181696267494,0.2417295842491314
983,0.793768,0.672054,0.14750331213144818,0.2493088741102838,-4.10289207122827e-16,-3.139849491518021e-16,0,0,0.1471508357554006,0.2488229374088275
984,0.783313,0.645598,0.1465564618811186,0.2411187324905768,2.0107884541459287e-16,1.786765180256111e-16,0,0,0.1461809191287687,0.2405488346613691
985,0.8042219999999999,0.698509,0.14855081776840962,0.2575250768568367,1.032702569292443e-17,4.57966997657877e-16,0,0,0.1481980934874558,0.2570647923104742
986,0.779011,0.6934139999999999,0.14514847300597467,0.25638101553340675,1.417594340524797e-17,-1.3877787807814457e-17,0,0,0.1447433831319738,0.2558545461921046
987,0.758102,0.640503,0.14328950614799396,0.2401581802914734,-1.1329912702473521e-17,-1.873501354054952e-16,0,0,0.1428374906280218,0.2394318452575907
988,0.0596507999999999,0.383489,0.023177024499091203,0.2290976935692015,2.298508605669269e-16,-4.3715031594615534e-16,0,0,0.0228711630112395,0.2259590790133024
989,0.0226136,0.380051,0.009092466241781949,0.23066125900368206,2.0689287956454638e-16,-3.1918911957973246e-16,0,0,0.0088776809529754,0.227675606818652
990,0.0966880999999999,0.3869279999999999,0.036377449569044984,0.22618213228633977,2.5131806358213993e-16,-7.806255641895632e-17,0,0,0.035950448113786,0.2230688814649529
991,0.0822644,0.406397,0.029677130425625364,0.22965466082314379,2.6291902682773486e-17,-3.712308238590367e-16,0,0,0.0293241560688314,0.2266961735940673
992,0.0678407,0.425866,0.023548168725028518,0.2328906925395131,-1.8480226030015423e-16,-2.0816681711721683e-16,0,0,0.0231817187039865,0.2300764950126165
993,0.3194469999999999,0.737403,0.0689861111331993,0.28309217840069323,-1.2224379494774062e-16,-6.522560269672794e-16,0,0,0.0684868349523511,0.2822707054163863
994,0.298315,0.726272,0.06518652502199984,0.2810609953266976,1.6428373418586606e-16,3.6082248300317592e-16,0,0,0.0646845528058338,0.2801764774115649
995,0.3405799999999999,0.748535,0.07275085906439926,0.28523061213854817,6.472686969738461e-17,4.8572257327350605e-17,0,0,0.0722223933202677,0.2844364973493676
996,0.314747,0.759422,0.0673986945876095,0.2888253037854156,6.2341624917916505e-18,-4.163336342344337e-17,0,0,0.066936449767035,0.2880464314259713
997,0.2889149999999999,0.77031,0.06197874539429904,0.2923211456509307,8.914852363262061e-17,-2.324529457808921e-16,0,0,0.0615830200613582,0.2915397788535361
998,0.1956519999999999,0.644093,0.046599891440564534,0.2656699849139841,-2.6356954813122613e-16,6.245004513516506e-17,0,0,0.0461682833766294,0.2642568888089995
999,0.163992,0.652008,0.03915337420403375,0.2685989206074737,8.776616586270158e-17,1.4918621893400539e-16,0,0,0.0387688289005777,0.2672533533607175
1000,0.227311,0.6361769999999999,0.05397832847211248,0.2626241469552042,4.4994390158148434e-17,-1.9081958235744878e-16,0,0,0.0534536895962683,0.2610435694449981
1001,0.20788,0.667757,0.04847261829308991,0.2705784623067302,8.375461782450522e-17,-2.0469737016526324e-16,0,0,0.0479830775259136,0.2692112431622865
1002,0.258971,0.6282619999999999,0.061200685720450565,0.2592080129288661,-8.334804200982315e-17,-1.3097162243624894e-16,0,0,0.0605924978240352,0.2576214907815703
1003,0.220108,0.69142,0.05034432269894751,0.2756234029075131,-1.4486296277121946e-16,8.933825901280558e-17,0,0,0.0498010215893921,0.2743192115237763
1004,0.188448,0.6993359999999998,0.04322007730115729,0.2784147128732002,4.1904413966564746e-17,2.1857515797307767e-16,0,0,0.0427554863180755,0.2772015744267634
1005,0.732715,0.6836539999999999,0.13895520745791146,0.2543761386841652,1.325030580048847e-16,-9.540979117872439e-17,0,0,0.1383767457999168,0.2536682324406984
1006,0.720021,0.70523,0.13672462319664191,0.2613156548832194,2.000353008235756e-16,-2.324529457808921e-16,0,0,0.1361091578642613,0.2606797576629206
1007,0.7454089999999999,0.6620789999999999,0.14112955575910746,0.24733183506759815,-4.210228086304335e-16,1.5959455978986623e-16,0,0,0.1406199987035299,0.2465845240997711
1008,0.755863,0.6885339999999999,0.14206721809750888,0.25536583280336345,-1.4764123083821354e-16,2.4806545706468337e-16,0,0,0.1415651992794178,0.2547330347486965
1009,0.766317,0.7149889999999999,0.1430430662658182,0.26338445996225346,1.5422775903606298e-16,-9.367506770274758e-17,0,0,0.142592462113556,0.2628572632189137
1010,0.407409,0.0265291999999999,0.15428033269381558,0.016104587713925866,2.437286483747414e-16,0.0,0,0,0.1521165112869885,0.0158818059581161
1011,0.439551,0.0265291999999999,0.15281024703472212,0.015093778321897844,2.455175819593425e-16,1.1102230246251563e-16,0,0,0.1508092744512123,0.0149462135459918
1012,0.4255309999999999,0.0530583999999999,0.15251369169709506,0.030717364847077988,3.239053990300444e-16,3.05311331771918e-16,0,0,0.1501172157268747,0.030476877556974
1013,0.471694,0.0265291999999999,0.15193558325881895,0.014345716666866792,2.1819568721270774e-16,1.3877787807814457e-17,0,0,0.1500756338318649,0.0141797471816997
1014,0.4436539999999999,0.0795875,0.15028955623711227,0.04433498395519564,1.571008947931496e-16,2.012279232133096e-16,0,0,0.1479873096396539,0.0439202201569148
1015,0.18409,0.179505,0.12104438786082028,0.16516082681846456,-5.056718932472393e-16,-5.464378949326943e-17,0,0,0.1176699990738362,0.1615963997014967
1016,0.178454,0.207069,0.10798520281969104,0.1775603013793443,8.953341540385294e-16,-1.0581813203458523e-16,0,0,0.1051108617782161,0.1734577841347674
1017,0.189727,0.1519409999999999,0.13486853859103576,0.1495372797944583,-2.6302744704498338e-15,-3.2265856653168607e-16,0,0,0.131013934660889,0.1468583131405729
1018,0.2080529999999999,0.1798009999999999,0.12577330881322268,0.15443456922548648,-8.03610650246256e-16,2.949029909160572e-16,0,0,0.1223655454656204,0.1515513257245218
1019,0.195363,0.124378,0.1487146593512989,0.12991486584724043,-4.4911990793039536e-15,1.061650767297806e-15,0,0,0.1447226323502123,0.1284431888989787
1020,0.232015,0.180097,0.12923874895568588,0.14481435054858594,-8.88178419700125e-16,4.822531263215524e-16,0,0,0.1258719770632721,0.1423334583890158
1021,0.226378,0.20766,0.11871121049262001,0.15879863814370765,9.172350379227369e-17,2.5153490401663703e-16,0,0,0.1156553531672952,0.1558657413696862
1022,0.150153,0.494288,0.043715982708818046,0.23765196765816654,-1.2630955309456127e-16,-1.0408340855860844e-17,0,0,0.0431278116187391,0.2353235322567562
1023,0.123166,0.502684,0.03582376485792338,0.24100747005286394,-3.0235688085189505e-17,1.6740081543176186e-16,0,0,0.0353366431369633,0.238671756144609
1024,0.121258,0.481916,0.036619140966649866,0.23750432608721894,-1.2282655361545158e-16,1.773754754186285e-16,0,0,0.0360752672408065,0.2351109326703569
1025,0.0961782999999999,0.5110799999999999,0.027907968621548207,0.24399185147740354,4.4777549723651333e-17,1.0755285551056204e-16,0,0,0.027515219202418,0.2416090283446071
1026,0.0923622999999999,0.4695429999999999,0.028986708653974347,0.23735440072778147,-6.98226199080665e-17,-2.289834988289385e-16,0,0,0.0284919070918586,0.2348128381508299
1027,0.2733329999999999,0.482609,0.07490191772012622,0.22362671669543488,-2.3581397251559717e-16,-6.453171330633721e-16,0,0,0.0737591687766679,0.2216164308054683
1028,0.249609,0.5061069999999999,0.06743670803916757,0.231374844938955,5.833007687972014e-17,2.1857515797307767e-16,0,0,0.0664603262109291,0.2294566586936781
1029,0.2970559999999999,0.45911,0.08231425556004979,0.21525248749458115,-3.433668280261592e-16,-3.3306690738754696e-16,0,0,0.0810710354906405,0.2132310728531056
1030,0.316906,0.49045,0.08312755902079516,0.22107451371994102,-9.54097911787244e-18,-2.775557561562892e-17,0,0,0.0819861158060997,0.219233519951504
1031,0.32078,0.435611,0.0895863413115876,0.20623756923305336,-2.5630539357557325e-16,2.8796409701215e-16,0,0,0.0883387905917754,0.2042846732328408
1032,0.3604789999999999,0.498292,0.09064356205090007,0.2188671956428152,-8.868773770931426e-17,2.636779683484747e-16,0,0,0.0895470779885966,0.2171668906912711
1033,0.336755,0.521791,0.08411476020410191,0.22727986120844434,-1.562335330551612e-16,-1.9081958235744878e-16,0,0,0.0831651642372498,0.2256367915297901
1034,0.27743,0.7089389999999999,0.06162890784435149,0.2776222935754049,1.4165101383523115e-16,-3.295974604355933e-16,0,0,0.0610802559845219,0.2765576540565938
1035,0.2712769999999999,0.6820469999999998,0.06138516671126126,0.27138796652070596,1.7683337433238575e-16,-4.163336342344337e-17,0,0,0.0608077974300107,0.2701457542333388
1036,0.2456919999999999,0.6867339999999998,0.055932216107976274,0.27360265370225534,1.0625181290357943e-16,-1.0408340855860844e-17,0,0,0.055350544441409,0.2722783203353448
1037,0.265124,0.655154,0.06121086047642166,0.2652456613286631,2.346213501258632e-16,-4.510281037539698e-17,0,0,0.0606397132339321,0.2638306643362524
1038,0.2262609999999999,0.7183129999999999,0.05075254942676111,0.2816904996470839,-2.6156377411212798e-17,4.475586568020161e-16,0,0,0.0502623621169914,0.2805319809960348
1039,0.615589,0.5759229999999999,0.12564627986103005,0.22437821883067954,-3.061515884555943e-16,-3.1918911957973246e-16,0,0,0.1249469599322954,0.223472401743097
1040,0.60406,0.552193,0.1250970946475718,0.2174515464284923,-1.9298798670241976e-17,2.60208521396521e-16,0,0,0.1243289392325022,0.2164804209244681
1041,0.57399,0.5597739999999999,0.12056053052947391,0.22140007503185188,2.3201926491189798e-17,5.20417042793042e-16,0,0,0.1196919074516821,0.220355390171452
1042,0.592531,0.528463,0.12470366403067601,0.21054188027483178,-4.678332374274952e-17,-3.0184188481996443e-16,0,0,0.1238244498767168,0.2094896095500668
1043,0.5554489999999999,0.5910849999999999,0.11628171864140313,0.23194873652391834,2.0738077054216486e-16,-1.873501354054952e-16,0,0,0.1155146698362788,0.2309590955925551
1044,0.5439199999999998,0.567355,0.11576640727798804,0.225370750456932,3.9227789853241157e-16,5.898059818321144e-17,0,0,0.1148951828077197,0.2242769105535264
1045,0.581002,0.504734,0.1244589179095783,0.2035967046576843,1.6569319701009722e-16,7.806255641895632e-17,0,0,0.1234409428194666,0.2024941921643904
1046,0.289497,0.132978,0.14679403227455623,0.0997062996520981,-8.42641928455734e-16,1.1934897514720433e-15,0,0,0.1432965731043944,0.0980400392348031
1047,0.2581189999999999,0.130111,0.14784331929877226,0.10749378114087449,-2.59839892657876e-15,1.6167622796103842e-15,0,0,0.1441754623895874,0.105610920549542
1048,0.245067,0.1551039999999999,0.13926697804708965,0.12703817959481967,-2.4286128663675295e-15,5.20417042793042e-16,0,0,0.1356844543207084,0.1248433230775798
1049,0.226741,0.127244,0.1486371517275984,0.1173478862583579,-6.320464984721497e-15,1.231653667943533e-15,0,0,0.1448502352277001,0.1154599449031881
1050,0.2633929999999999,0.1829629999999999,0.13160271261222078,0.13498839639976268,-9.302454639925628e-16,2.498001805406602e-16,0,0,0.1283400666127618,0.1326985249886509
1051,0.5311799999999999,0.5179719999999999,0.11673842663367395,0.21097621280205203,-4.5644911461639737e-17,-1.7347234759768074e-17,0,0,0.1156699331248213,0.2097073416963671
1052,0.556091,0.511353,0.12069727427842736,0.20728755279560573,-9.882502802205375e-17,1.1449174941446927e-16,0,0,0.1196193870559613,0.2060769268766226
1053,0.5375499999999999,0.542664,0.11619266981870169,0.2182254702274804,1.318931942828616e-16,-8.673617379884035e-17,0,0,0.1152196216875841,0.2170154529001
1054,0.0245216,0.5615339999999999,0.006583625062376086,0.2545983746595084,-9.020562075079397e-17,-2.0816681711721683e-16,0,0,0.0065873200715763,0.2525925230057213
1055,0.0245216,0.529391,0.006891110757806018,0.24924067464144173,1.495385846400632e-16,1.52655665885959e-16,0,0,0.0069255734660698,0.246960524733349
1056,0.0490432,0.5409249999999999,0.0135719599550157,0.2508586936583015,-1.1647041837925531e-16,2.706168622523819e-16,0,0,0.0135490446866019,0.2485036730813468
1057,0.0245216,0.497248,0.007293196011232794,0.24417907218412438,3.8624702394796095e-17,-2.1163626406917047e-16,0,0,0.0073219251899946,0.2417550517791413
1058,0.0735646999999999,0.5203149999999999,0.021129570265657094,0.24662785020882438,4.2281851847861263e-16,-3.079134169858833e-17,0,0,0.0208915656526716,0.2441832881285239
1059,0.944466,0.975716,0.16712690761778504,0.3424765118143114,-1.2164197803871644e-16,4.510281037539697e-16,0,0,0.1668731935935745,0.3425084814191714
1060,0.975716,0.975716,0.17143686338977204,0.3424896310461918,2.2580098428786727e-16,-2.949029909160572e-16,0,0,0.1714480973925298,0.342499927322055
1061,0.913216,0.975716,0.16256584410439245,0.34261265191526036,1.7469631020646315e-16,-1.1535911115245767e-16,0,0,0.1622855864702828,0.3425229168467411
1062,0.920182,0.951432,0.16347350442811148,0.3351936684011889,-2.7519931049702767e-16,1.3010426069826053e-17,0,0,0.1633276193956116,0.3350337382953411
1063,0.881966,0.975716,0.15779136115088477,0.34265371209403384,-2.1873609423305599e-16,-4.614364446098306e-16,0,0,0.1576793448628128,0.3425424665942011
1064,0.8958979999999999,0.927148,0.15987755835521966,0.3276434425933985,3.241188513327525e-16,-2.4286128663675294e-16,0,0,0.1597976850226166,0.3275812991793832
1065,0.927148,0.927148,0.16441505375041743,0.3275972862029448,-1.9171404914974927e-16,-2.324529457808921e-16,0,0,0.1643760758370439,0.3275299173263283
1066,0.975716,0.944466,0.17141627930141112,0.3327898224488308,2.3142125965113636e-16,1.2836953722228372e-16,0,0,0.1714562370846972,0.3328427796991237
1067,0.951432,0.920182,0.16793294787021296,0.32539054983499227,1.4172894086637855e-16,-4.0592529337857286e-16,0,0,0.1679291557152639,0.3253461439812229
1068,0.975716,0.913216,0.17144686024766997,0.3232326173601905,-1.6277686257270066e-16,1.52655665885959e-16,0,0,0.1714698285250539,0.323169043506605
1069,0.927148,0.8958979999999999,0.16439299297780963,0.31787410157267004,-3.3527851041282794e-16,-3.3393426912553537e-16,0,0,0.1644243379226328,0.3178637169321305
1070,0.975716,0.881966,0.17145532592803647,0.3136651473105303,2.2701838239130856e-16,1.5092094240998222e-16,0,0,0.1714881115062527,0.3134711484182395
1071,0.324606,0.137938,0.14523377051227726,0.09394874980171153,-8.734332701543222e-16,6.036837696399289e-16,0,0,0.1420879422893891,0.0924392074160519
1072,0.311554,0.1629309999999999,0.13952524032720248,0.11075927861384116,-6.531233887052679e-16,6.904199434387691e-16,0,0,0.1364108923410617,0.1090241671298636
1073,0.3336109999999999,0.192885,0.13371353042020928,0.12053121503413422,-2.0252896582029223e-16,2.706168622523819e-16,0,0,0.1308831491250087,0.118704225421826
1074,0.2985019999999999,0.187924,0.13280245860732975,0.12686108477464586,-2.7582103268031233e-16,4.163336342344337e-16,0,0,0.1297566380411465,0.1248482323042879
1075,0.3687199999999999,0.1978449999999999,0.1346576900978107,0.11555292542470852,-3.3339216803929256e-16,1.8041124150158796e-16,0,0,0.131960754104865,0.1139343050888012
1076,0.3556679999999999,0.222838,0.12926400962169282,0.1294125059430371,-2.179246366695864e-16,-1.3877787807814454e-16,0,0,0.126556411667634,0.127569707866038
1077,0.2854499999999999,0.212917,0.1251895477216749,0.14200668764351576,-6.114900252818245e-17,2.8796409701215e-16,0,0,0.1223059110969449,0.13966035555089
1078,0.974166,0.0559693,0.17309675053547835,0.022622165059146937,-8.326672684688674e-17,6.266688556966217e-17,0,0,0.1731183208140314,0.0225305811501931
1079,0.974166,0.0247193,0.17316590367590834,0.009826186754253285,-3.8831971356989213e-16,-8.760353553682877e-17,0,0,0.1731366649814752,0.0099566540249339
1080,0.974166,0.0872193,0.17318275555226137,0.03516057264278061,7.412554728011834e-17,-2.775557561562892e-17,0,0,0.173085370770825,0.0350616530020348
1081,0.948332,0.0806887,0.17134380225616042,0.032523186348043964,-1.8722477452930155e-16,1.4224732503009818e-16,0,0,0.1711948144392542,0.0324944641706322
1082,0.974166,0.118469,0.17322555021382868,0.04765103751014976,3.162973490978063e-16,6.418476861114186e-17,0,0,0.1730399395540717,0.0475282462625895
1083,0.922498,0.105408,0.16940359985164832,0.042570743775286246,3.563603134370402e-16,-2.5153490401663706e-17,0,0,0.1692104330849576,0.0424894923457066
1084,0.922498,0.074158,0.1695590192466625,0.029919905104179634,2.565154577464923e-16,7.979727989493313e-17,0,0,0.1693329907187236,0.0299455215612688
1085,0.0247237,0.974162,0.005260397611891676,0.34393801572650773,-2.3879129332519608e-17,5.898059818321144e-17,0,0,0.0051759843233672,0.3438178089848252
1086,0.0559737,0.974162,0.011904825230885763,0.34404930070923,-1.3244461273152416e-16,3.677613769070831e-16,0,0,0.0117112371517053,0.3438032159099191
1087,0.0806974,0.948323,0.017034522973517596,0.337882771632394,2.154496063977093e-16,8.153200337090995e-17,0,0,0.0169006724242562,0.3375749574591758
1088,0.0872237,0.974162,0.018469015099981334,0.3439774283532415,2.1322021568053598e-16,-4.1286418728248004e-16,0,0,0.0182222301582671,0.3437768015310225
1089,0.0741711,0.922485,0.01556001194876444,0.33173456378426636,8.35750468396873e-17,2.706168622523819e-16,0,0,0.0155929850341522,0.3314004380859995
1090,0.105421,0.922485,0.022284561778178613,0.3316448652051349,-1.4079042836082079e-16,-1.8041124150158796e-16,0,0,0.0221205814044261,0.331301385064182
1091,0.118474,0.974162,0.024927431739342865,0.34385196621781233,-3.7721257053254654e-16,9.367506770274758e-17,0,0,0.0246964018418923,0.3437400928291087
1092,0.942023,0.0247193,0.17129034511526697,0.009995720400183927,2.862962891390062e-16,3.469446951953614e-16,0,0,0.1708267770104838,0.0099777165781792
1093,0.916189,0.0494387,0.16932204516342608,0.020028927812745678,3.68627044579177e-16,-3.209238430557093e-17,0,0,0.1689484839130961,0.0200005461454422
1094,0.90988,0.0247193,0.16913813349674456,0.010058645168101066,-1.9473626270555267e-16,-1.5352302762394743e-16,0,0,0.1685446488228511,0.0100153480156762
1095,0.0247237,0.942019,0.005329287436325103,0.33634217481449014,-4.163336342344337e-17,2.788491754667464e-16,0,0,0.0051916294366718,0.3361365289613342
1096,0.0247237,0.909876,0.005266939016109973,0.32888591792561783,-3.984951203652581e-17,-1.5959455978986623e-16,0,0,0.0052194697212094,0.3284842569904677
1097,0.0494474,0.91618,0.01036939738332876,0.33033610379516176,9.889617878962308e-17,-1.734723475976807e-16,0,0,0.0104189474023482,0.3299499292403932
1098,0.267701,0.5307119999999999,0.06940627656877041,0.23547735547253978,-5.854691731421724e-17,-3.3306690738754696e-16,0,0,0.0684483582197078,0.2337117112796533
1099,0.311274,0.5385539999999999,0.07776480269967578,0.2337338684601491,7.394258816351139e-17,3.2265856653168607e-16,0,0,0.0768824348938277,0.2321101788633251
1100,0.2857919999999999,0.555316,0.07136088369952631,0.23992558107329387,6.093216209368535e-17,-2.740863092043355e-16,0,0,0.0704818459363319,0.2382740327802105
1101,0.3563779999999999,0.137471,0.14502828401964507,0.08725981468523969,-4.915772650049276e-16,5.20417042793042e-16,0,0,0.1421293764385187,0.0859145875256559
1102,0.388149,0.1370039999999999,0.14497485872198013,0.08164516236502095,-6.212478448341942e-17,3.41740524767431e-16,0,0,0.1422661528479013,0.0805466405458602
1103,0.378435,0.1674249999999999,0.14017145268371678,0.09904195175840869,-2.4817387728193196e-16,3.764349942869672e-16,0,0,0.1374904132953568,0.0976478733845964
1104,0.41992,0.1365369999999999,0.14515004373970442,0.07702868608612334,-3.415236843329339e-16,1.457167719820518e-16,0,0,0.1425670539253734,0.076084552652828
1105,0.400492,0.197378,0.13630653697327944,0.10969504599052016,-1.9298798670241974e-16,-4.510281037539698e-17,0,0,0.133725700303281,0.1083109467819978
1106,0.451274,0.494118,0.10632669169717701,0.20942378659674432,-3.220080452281948e-17,1.3877787807814454e-16,0,0,0.1052250936598508,0.2080791620502699
1107,0.421381,0.5015509999999999,0.1009691960625787,0.21421018610999454,1.0359551758098995e-16,1.5092094240998222e-16,0,0,0.0998431975657574,0.2127450354407034
1108,0.4325419999999999,0.480903,0.1044904950504133,0.20711627461423632,2.011195029960611e-17,2.1684043449710086e-16,0,0,0.1033140154218243,0.2056535975257547
1109,0.3914889999999999,0.508985,0.09528990533908654,0.21899008017135202,6.548581121812448e-17,-3.261280134836397e-16,0,0,0.0941845487949486,0.2174094697181786
1110,0.41381,0.4676879999999999,0.10268046364672045,0.20499351524631493,7.19910242530375e-17,2.0816681711721685e-17,0,0,0.1014388373177281,0.203376841897859
1111,0.5299869999999999,0.0229101999999999,0.15175054073915817,0.011383355791622307,1.439278383974507e-17,7.632783294297951e-17,0,0,0.1499698407824786,0.0113744195722516
1112,0.497844,0.0229101999999999,0.15171586564611061,0.011926557206606958,5.8275866771095856e-18,1.249000902703301e-16,0,0,0.1499018400677007,0.0118319026242188
1113,0.56213,0.0229101999999999,0.15198052392770478,0.011007972912921105,3.2553170228877277e-17,-1.7347234759768074e-17,0,0,0.150411303758133,0.0109841847778505
1114,0.542116,0.0458203999999999,0.15139397301936697,0.022424881459301105,2.084920777689625e-16,5.551115123125784e-17,0,0,0.1496440523516883,0.0223866634707186
1115,0.5221029999999999,0.0687306,0.15041505530462018,0.03432329288625624,-1.2468324983583301e-17,1.769417945496343e-16,0,0,0.1486086448887503,0.0342004959318476
1116,0.490827,0.1782759999999999,0.1423979227693053,0.08933439968677703,-7.589415207398531e-17,-4.163336342344337e-17,0,0,0.1401868044950778,0.0883450347370024
1117,0.4965789999999999,0.1506039999999999,0.14512401365936967,0.075959821442666,-8.001412032943023e-17,1.3877787807814454e-16,0,0,0.1428907320887789,0.0751390782277501
1118,0.476181,0.126551,0.1466963137863786,0.06618563155643642,-1.1405806854547507e-16,6.93889390390723e-17,0,0,0.1443810483832154,0.0653983703774288
1119,0.5023309999999999,0.122932,0.14733826168048836,0.06221086546429433,-2.289834988289385e-16,8.673617379884035e-17,0,0,0.1452119795925388,0.0616184466845293
1120,0.4500319999999999,0.13017,0.14608620882791,0.07044485930964584,-1.3113425276212176e-16,-2.255140518769849e-17,0,0,0.1436292028455041,0.0695816786335154
1121,0.455784,0.102498,0.14845326606882736,0.05565375717924326,1.3118846287074605e-17,2.0469737016526324e-16,0,0,0.1461738232898556,0.0550265815927262
1122,0.508083,0.0952598,0.14904100483909133,0.048205074650468305,-1.7520707107365752e-16,-5.204170427930421e-18,0,0,0.1471087631942387,0.0478617321084478
1123,0.296173,0.275397,0.11149049706000369,0.16328180238269852,-1.4755991567527715e-16,-8.673617379884035e-18,0,0,0.1091343903657968,0.1608237932594559
1124,0.3160049999999999,0.257877,0.1180775832181098,0.15239032795943785,-2.9967348047499343e-16,-1.5959455978986623e-16,0,0,0.1155883656940058,0.1500689015902429
1125,0.300727,0.235397,0.12125727510283468,0.14733693820380722,1.4224732503009818e-16,3.261280134836397e-16,0,0,0.118581517144926,0.1449427544000241
1126,0.335837,0.2403579999999999,0.12403127499419497,0.14103377821083996,-3.54750950837257e-16,-2.636779683484747e-16,0,0,0.1214107590856442,0.1389357221275879
1127,0.265618,0.230436,0.1179376188920287,0.15492388434540771,8.131516293641283e-17,2.1857515797307767e-16,0,0,0.1151594396454144,0.1522881982400486
1128,0.5542799999999999,0.7548719999999999,0.11010641699704138,0.2802511555819365,-8.454066439955722e-17,-7.979727989493313e-17,0,0,0.1096048171433444,0.2796824518484604
1129,0.57383,0.7276099999999999,0.11399666286524734,0.27173802284596604,1.6046192152785466e-16,1.1796119636642288e-16,0,0,0.1134593295170136,0.2711477081044571
1130,0.587084,0.7465209999999999,0.11559197312271863,0.2769435748268734,-3.253690719628999e-16,-4.597017211338538e-16,0,0,0.1150711173607064,0.2763748750598242
1131,0.59338,0.700349,0.11781273808446713,0.2631326680275379,8.922983879555701e-17,-5.724587470723463e-16,0,0,0.1173072223573973,0.2624633649748449
1132,0.6198879999999999,0.7381699999999999,0.12093416625066311,0.27368917880085064,1.9461428996114802e-16,-4.718447854656915e-16,0,0,0.1204109524351011,0.273069866450427
1133,0.3943479999999999,0.390124,0.10775902179739205,0.1835466305128648,-6.956342782620667e-17,1.6710265983432835e-16,0,0,0.1062350958402255,0.1817525318634162
1134,0.394154,0.4132359999999999,0.10505167324845388,0.1908006065787049,-2.19225679276569e-16,-9.714451465470121e-17,0,0,0.1036222755885414,0.1889749681222195
1135,0.363145,0.4025429999999999,0.10118681092717452,0.19143295293906704,2.1293730667615307e-16,-9.020562075079397e-17,0,0,0.0997932373688165,0.1895157930886607
1136,0.3939599999999999,0.4363469999999999,0.1025170808794087,0.19781288930244045,-3.290553593493506e-16,-2.5153490401663703e-16,0,0,0.1011791900231044,0.1960109482323421
1137,0.3319409999999999,0.414962,0.0941437994442822,0.19912794142510393,1.9461428996114805e-17,-1.4224732503009818e-16,0,0,0.0928386651843107,0.1971609971791581
1138,0.4607149999999999,0.184644,0.140525695605902,0.09548686394555261,2.0968470015869656e-16,3.469446951953615e-17,0,0,0.1382032016089044,0.0944089222194788
1139,0.430603,0.1910109999999999,0.1385215559930657,0.10222257023269776,-4.691342800344778e-16,1.3357370765021415e-16,0,0,0.1360777788146781,0.1010362131775772
1140,0.4403179999999999,0.16059,0.1426565084257163,0.0866042306588497,-2.992940097146235e-16,4.510281037539698e-17,0,0,0.1401552003828245,0.085534447715972
1141,0.4838239999999999,0.0494394,0.1512023861414491,0.026146596574108116,3.492757298662052e-16,8.500145032286356e-17,0,0,0.1492291720002975,0.0259080106384051
1142,0.4959529999999999,0.0723496,0.15013565542903962,0.03740857680895715,-1.216474837528736e-16,9.367506770274758e-17,0,0,0.1482154727115876,0.0371238084805344
1143,0.469804,0.0759685999999999,0.15010136938872165,0.040750760283117415,7.806255641895632e-17,1.457167719820518e-16,0,0,0.1480057208613328,0.0403421273324277
1144,0.653478,0.1624869999999999,0.15107470331713557,0.07147884063488164,2.521447677386601e-16,1.9775847626135598e-16,0,0,0.1497261007476567,0.0709471246951088
1145,0.646356,0.19092,0.14943929976288928,0.08366621911227412,1.1129335300563703e-16,-1.0755285551056204e-16,0,0,0.1480448449781442,0.0831390538957539
1146,0.6695299999999998,0.203649,0.15038026318143238,0.08783889673031808,3.068292148133977e-16,2.775557561562892e-17,0,0,0.1490563164074794,0.0873229452029722
1147,0.6392339999999999,0.2193519999999999,0.1476292019469838,0.09572870688134572,-9.139824314052802e-17,-4.163336342344337e-17,0,0,0.1461903585548428,0.0951697267321469
1148,0.699826,0.187947,0.15292098424833966,0.08022221280407393,-1.3412936126361294e-16,-1.3183898417423734e-16,0,0,0.1517736812720417,0.0797192878868588
1149,0.6927039999999999,0.2163789999999999,0.15140666382649215,0.09201280219986074,-2.4441305099612287e-16,-7.979727989493313e-17,0,0,0.1502127510190396,0.0914987824554725
1150,0.632113,0.247785,0.14563630457632826,0.10762915115810756,-1.9924925424852358e-16,1.214306433183765e-16,0,0,0.1441811012742024,0.1070122555379774
1151,0.685173,0.2670779999999999,0.14872208961241995,0.11247228271167842,-2.0979312037594514e-17,1.4918621893400539e-16,0,0,0.1475169049595763,0.1118883711895493
1152,0.711702,0.276724,0.15042087177789654,0.11508486141292451,1.275563855929196e-16,3.0184188481996443e-16,0,0,0.1493689568825709,0.1144698737066372
1153,0.6586429999999999,0.257431,0.14712918029545108,0.10996902639908512,4.304282624767453e-17,-2.5673907444456745e-16,0,0,0.1457839909216022,0.1094002575720467
1154,0.688938,0.241728,0.15011792363293353,0.10229215976778505,-2.357597624069729e-16,5.551115123125784e-17,0,0,0.1489044999198023,0.1017658696575903
1155,0.719234,0.226025,0.15288480152594275,0.09484167173562241,-2.1792463666958642e-17,3.469446951953615e-18,0,0,0.1518652141138755,0.0943313607283607
1156,0.1385,0.223775,0.08743915866398311,0.19845603415888036,1.605486577016535e-15,2.1857515797307767e-16,0,0,0.0856101634955761,0.1933877436212962
1157,0.1177789999999999,0.2131029999999999,0.08214356760800001,0.20538828881763038,1.3374717999781185e-15,3.0184188481996443e-16,0,0,0.0806910969916185,0.2001859195287447
1158,0.101787,0.230105,0.06775911375370924,0.21316685046986095,1.5059568175823657e-15,-1.3357370765021415e-16,0,0,0.0668394547619269,0.2084740792583616
1159,0.0970591999999999,0.202432,0.07519874242370861,0.2133602245557995,5.078402975922103e-16,-1.3973197598993181e-15,0,0,0.0742626720623509,0.20819392276698
1160,0.106515,0.257778,0.06199011500029883,0.21350734194857068,1.2741543931049648e-15,4.996003610813204e-16,0,0,0.0611447334963236,0.2090632046849698
1161,0.0857950999999999,0.2471069999999999,0.054124161169056606,0.21880246196087683,2.929947950924827e-15,1.096345236817342e-15,0,0,0.0535049877060185,0.2145521670489955
1162,0.076339,0.1917609999999999,0.06599374905727018,0.22216718128402135,5.1720780436248496e-15,7.667477763817486e-16,0,0,0.0655427215290946,0.2174701950783919
1163,0.599206,0.6041969999999999,0.12217835484989337,0.23390843190281885,4.526544070126981e-17,1.9081958235744878e-16,0,0,0.1214652288410531,0.2330136469498381
1164,0.582822,0.632471,0.11857924724245095,0.24326222931267694,3.1037997692828773e-16,-1.6826817716975026e-16,0,0,0.1179416041169615,0.2423645163481502
1165,0.5691359999999999,0.611778,0.11738826812870684,0.2375829559387057,-1.0619760279495516e-16,-7.45931094670027e-17,0,0,0.1166830764583464,0.236642428421488
1166,0.0226308,0.3044089999999999,0.011670650360429136,0.2281496735631663,5.551115123125783e-16,1.0680475601154704e-15,0,0,0.0115563064151029,0.2246649349273186
1167,0.0226308,0.272266,0.013486829208886775,0.22904938696046884,4.195862407518902e-16,4.232725281383409e-16,0,0,0.0133743089278519,0.2254491634322255
1168,0.0452615999999999,0.2838189999999999,0.025195126060680195,0.22646273458303767,1.1167282376600696e-15,1.259409243559162e-15,0,0,0.0249886383723196,0.2227232317583108
1169,0.0226308,0.240124,0.015830815225626793,0.23142358935911034,-7.921181072179094e-16,-2.3548871186385156e-16,0,0,0.0158103297081777,0.2277768357083738
1170,0.0678924,0.263228,0.04064926738374197,0.22310977483721217,1.9928178031369814e-15,1.7694179454963432e-15,0,0,0.0402628590209289,0.2190640048477917
1171,0.0226136,0.444336,0.007507189488023869,0.2370006149594701,-2.775557561562892e-17,-2.5424540944785082e-17,0,0,0.0075050285869279,0.2343377650199458
1172,0.0226136,0.4764789999999999,0.006984611026382481,0.24115253468880837,2.4414877671657956e-17,-8.456776945386935e-18,0,0,0.0070051159690304,0.238683795613904
1173,0.0226136,0.4121929999999999,0.00823340182978427,0.23351019722394994,3.620964205558464e-16,-4.926614671774132e-16,0,0,0.0081152419989888,0.230631014728114
1174,0.0452272,0.435101,0.015473147297598189,0.2351748244382179,3.3436794999452957e-16,-1.006139616066548e-16,0,0,0.0152543779446783,0.2324469274528254
1175,0.0678407,0.458009,0.022018048901372822,0.23705106986562896,-7.839459333428e-17,-8.478460988836643e-17,0,0,0.0216364979914057,0.2344499910119987
1176,0.371639,0.477644,0.09456972197949653,0.21207722309191013,7.686993402922226e-17,0.0,0,0,0.0933906872268506,0.2103478840868668
1177,0.3517899999999999,0.446303,0.09415592307232146,0.20546080216445262,-5.3125906451789723e-17,3.469446951953615e-17,0,0,0.092924884324137,0.2035896228514954
1178,0.3827999999999999,0.4569949999999999,0.09852361023786216,0.20506361726438627,2.168404344971009e-19,-2.706168622523819e-16,0,0,0.0972741075161974,0.2032982713944633
1179,0.45432,0.97853,0.08997359546992811,0.3442344975010201,2.7966995039263587e-16,-2.0816681711721683e-16,0,0,0.089503152588851,0.3441115084713417
1180,0.48557,0.97853,0.09537363329218351,0.34408140372033813,-1.8154965378269767e-16,2.012279232133096e-16,0,0,0.0949755924651508,0.3440382716882632
1181,0.42307,0.97853,0.08435147824275191,0.34437583959152107,8.551644635479416e-17,4.961309141293667e-16,0,0,0.0839324493413209,0.3441872430427986
1182,0.4398889999999999,0.95706,0.0874184320018685,0.33841093714363524,8.73731425751756e-17,-2.1163626406917047e-16,0,0,0.087024634585737,0.3382902010158949
1183,0.4567089999999999,0.93559,0.09050471998853027,0.33253289622371085,-9.959752206994964e-17,1.249000902703301e-16,0,0,0.090136988337719,0.3323126839360792
1184,0.978399,0.42398,0.17274668358641065,0.16366370547257247,3.1918911957973246e-16,-1.1858461261560202e-16,0,0,0.1726633336522986,0.163083744343878
1185,0.978399,0.45523,0.17257609742000568,0.17462763918774726,1.3405990456193811e-16,-4.163336342344337e-17,0,0,0.1725822889770519,0.1741155557512371
1186,0.956799,0.4417099999999999,0.17040771692973067,0.170007468892436,4.0107687678848924e-16,3.573530360512222e-16,0,0,0.1702315774564877,0.1694568261781354
1187,0.978399,0.48648,0.17250126704335855,0.18545498932144255,1.2739947273944074e-16,-3.892285799222961e-17,0,0,0.1725055557303867,0.18500324510929
1188,0.935198,0.45944,0.1679269761661999,0.17640020078761154,-4.4105767893183943e-16,2.7105054312137606e-16,0,0,0.1677097967972617,0.1758398652887472
1189,0.601859,0.417042,0.13225975920795463,0.17282845604677277,8.370040771588095e-17,0.0,0,0,0.1311425520844967,0.1719038631686153
1190,0.635573,0.427829,0.1354933342172444,0.17459916454026825,3.355605723842636e-17,-1.3877787807814454e-16,0,0,0.134517513692391,0.1736424839948561
1191,0.612325,0.439431,0.1321482018011011,0.17989940323786868,1.2815269678778662e-16,1.249000902703301e-16,0,0,0.1310975172146689,0.178967234513781
1192,0.680941,0.7145329999999999,0.1307725104088604,0.2650304730559583,-8.643801820140685e-17,7.979727989493313e-17,0,0,0.1301959307930937,0.2644283535393346
1193,0.651754,0.709805,0.12648576074570883,0.26430510520003736,1.4517467089580904e-16,3.261280134836397e-16,0,0,0.1259557970143029,0.2636960022207102
1194,0.6358209999999999,0.723987,0.12372302353469422,0.2690368872208637,1.4121733296623695e-17,3.278627369596165e-16,0,0,0.1231999351877716,0.2684073642307719
1195,0.6225669999999999,0.705077,0.12216209508551401,0.26366864721057937,1.9686400946905547e-16,-6.349087922075114e-16,0,0,0.1216627595865013,0.263043231296169
1196,0.6490749999999998,0.742898,0.12529045145493,0.2744261774860206,-1.5539327637148492e-16,-5.898059818321144e-17,0,0,0.1247889364077796,0.2738059051933701
1197,0.0405335,0.224003,0.03059063587051014,0.2307861577210133,8.001412032943023e-17,1.0408340855860844e-17,0,0,0.030532614271375,0.2265138750085874
1198,0.0584362,0.207882,0.04741882915664064,0.22796846906203427,3.185385982762412e-15,5.282232984349378e-16,0,0,0.0471250416575725,0.2231605297910846
1199,0.0631643,0.2355549999999999,0.04357189656548144,0.224904123282613,3.046499684467019e-15,2.282896094385478e-15,0,0,0.0431967436180484,0.2205616733172881
1200,0.981323,0.798647,0.17236614939520223,0.28769029553586734,3.642919299551295e-16,1.9530885697789657e-17,0,0,0.1723589898657918,0.2874253943301036
1201,0.981323,0.767397,0.17245919831111678,0.2779580419737613,-2.33665049928413e-16,1.231653667943533e-16,0,0,0.1723906010545129,0.2775622403296672
1202,0.981323,0.829897,0.1722556523645835,0.29745204871869646,7.473286990329966e-17,-2.1857515797307767e-16,0,0,0.1723322267168266,0.2972308176841299
1203,0.962647,0.816045,0.16971671680039435,0.2931966983960592,3.349845899801307e-16,3.469446951953615e-18,0,0,0.1696853294877398,0.2929181757671076
1204,0.981323,0.861147,0.17224878959223133,0.3072278463987459,1.0211617453861031e-16,2.7755575615628914e-16,0,0,0.1723096131979642,0.3069876976229374
1205,0.94397,0.833442,0.16700763167318655,0.2986689902281796,-5.849677296373978e-16,-2.6714741530042824e-16,0,0,0.1669821209068382,0.2984035991834481
1206,0.94397,0.802192,0.167209644063405,0.28897100250105723,-5.322839743840749e-16,-2.5500435096859064e-16,0,0,0.167059207658759,0.2886184138260668
1207,0.8298729999999999,0.981292,0.15001192577256006,0.3443248722687713,1.7516133129450576e-16,-3.885780586188048e-16,0,0,0.1499360532518736,0.3442904303196454
1208,0.8611229999999999,0.981292,0.1546546079989639,0.3443279003331554,-1.217347281464408e-16,-4.0245584642661925e-16,0,0,0.1545885015434323,0.3442664690595226
1209,0.7986229999999999,0.981292,0.14544390321680112,0.34434470791893546,-3.8433611761895525e-16,-7.702172233337022e-16,0,0,0.1452466221597995,0.3443183741945846
1210,0.815995,0.962585,0.14791697895270772,0.3386540245410288,2.004791460879368e-16,2.9837243786801077e-16,0,0,0.1478846312049916,0.3386025494185071
1211,0.7673729999999999,0.981292,0.14081173343583941,0.34438621624940424,4.827071359812807e-16,1.0755285551056204e-16,0,0,0.1405140204131506,0.3443506875346447
1212,0.802118,0.943877,0.14593853420956293,0.3330079233419383,-2.485872293601921e-17,-4.475586568020161e-16,0,0,0.1458474523834703,0.3329353089219157
1213,0.833368,0.943877,0.15055786825541873,0.3329565295789507,-9.788990364828498e-17,-2.636779683484747e-16,0,0,0.1505195373494783,0.3328549731971893
1214,0.981405,0.171329,0.1736543776569306,0.06865221774569363,2.2204460492503126e-16,1.5154435865916138e-16,0,0,0.1735143748132256,0.0683988129546358
1215,0.981405,0.140079,0.17375181069292012,0.05629949910508003,-8.76120058663013e-17,-6.505213034913027e-17,0,0,0.1735635469217502,0.0560861183465145
1216,0.981405,0.202579,0.17358049151516752,0.0808999729451898,5.095326694208244e-17,-2.0816681711721685e-17,0,0,0.1734600288323731,0.0805960666838052
1217,0.96281,0.1864079999999999,0.17207247024271055,0.07462131073771161,-3.3980590151590213e-16,-2.1510571102112408e-16,0,0,0.1719796969388893,0.0743516330555647
1218,0.981405,0.233829,0.17356153612490743,0.09310513965829159,-1.5224909007127696e-16,1.6479873021779667e-17,0,0,0.1733999677424709,0.0926658970729499
1219,0.944215,0.201487,0.17059877299470827,0.08058204569169902,2.7566179048622847e-16,1.0755285551056204e-16,0,0,0.1703947558102058,0.0803190164108414
1220,0.944215,0.170237,0.17073104614246404,0.06839721037249546,6.125064648185297e-16,-6.418476861114186e-17,0,0,0.1705560128992822,0.0680979140526013
1221,0.20258,0.981404,0.04211495163872314,0.3453278133765707,7.605678239985814e-17,1.6653345369377348e-16,0,0,0.0418302011036311,0.3453863292541985
1222,0.23383,0.981404,0.048488269539120665,0.34536139293413726,-2.721720147435408e-16,9.367506770274758e-17,0,0,0.0480667249381942,0.3453345043187408
1223,0.17133,0.981404,0.03569384206275572,0.34530985564060757,2.408013025090305e-16,2.4112656316077614e-16,0,0,0.0355161383009694,0.3454325752155533
1224,0.1864099999999999,0.962808,0.03870270408424403,0.34083242780525325,4.407959457511379e-18,1.7347234759768074e-17,0,0,0.0386132348874674,0.34082447678406
1225,0.14008,0.981404,0.02932399136989261,0.3454545449744728,-7.102201856137857e-17,6.245004513516506e-17,0,0,0.0291329966912682,0.3454735711242767
1226,0.170239,0.944212,0.035487690108311654,0.33645636787878175,9.012430558785757e-17,-4.440892098500625e-16,0,0,0.0353935424861797,0.3363114231782937
1227,0.201489,0.944212,0.041854302698993706,0.3364141480742546,-5.670377362099188e-17,3.538835890992686e-16,0,0,0.0417268346969411,0.3361750658639225
1228,0.494794,0.954974,0.09692147385430872,0.3375634982767224,-1.4056003539916762e-16,3.4867941867133823e-16,0,0,0.0966613842806255,0.3374552304459422
1229,0.480364,0.933504,0.09462269847790594,0.3318230102522648,-3.0676145217761736e-16,-5.134781488891349e-16,0,0,0.0942931992430138,0.3315712057822896
1230,0.5040189999999999,0.931418,0.0987068197609915,0.33105976851584273,3.238782939757323e-16,-3.3306690738754696e-16,0,0,0.0983927714452971,0.3308198497495106
1231,0.956293,0.4964899999999999,0.17011464035590507,0.18904812635082635,2.7843328228964454e-16,1.1796119636642288e-16,0,0,0.1699074002168572,0.1885567568306681
1232,0.934187,0.506499,0.16748197588435687,0.1926572312031567,-4.170235425699723e-16,-1.0321604682062001e-16,0,0,0.1672554470287386,0.1921504782531847
1233,0.934692,0.4829689999999999,0.16771405929921457,0.1845817356643238,-2.314314240465034e-16,-1.448494102440634e-16,0,0,0.1674831680207229,0.1840353380917938
1234,0.845021,0.6817149999999998,0.15440066150040366,0.25162365199503256,-7.171997370991612e-17,2.896988204881268e-16,0,0,0.1540604855206699,0.2511493300647338
1235,0.856306,0.7076409999999999,0.1556228633853607,0.2598231070514885,3.543850326040432e-16,-3.469446951953615e-18,0,0,0.1553335125743713,0.2592975840904396
1236,0.830264,0.703075,0.15211814056965522,0.2586305556978914,-1.111307226797642e-16,-2.289834988289385e-16,0,0,0.1517701130127761,0.2581501203588644
1237,0.867592,0.733568,0.15690684911169228,0.2679055208718637,-4.249530415056935e-16,-5.551115123125784e-17,0,0,0.1566700620801108,0.2674192152249373
1238,0.8155069999999999,0.724435,0.1498061756028619,0.2655516241575242,6.774908325318796e-17,-2.914335439641036e-16,0,0,0.1494429784514532,0.2650976116721657
1239,0.8073799999999999,0.846719,0.14724988757370738,0.3035298210234032,-7.377318157406054e-17,-5.898059818321144e-17,0,0,0.1471010176253035,0.3032060123816272
1240,0.77986,0.837347,0.14335193003353197,0.3008777469440247,-9.067995920125635e-17,2.740863092043355e-16,0,0,0.1431000854447817,0.3005548398399814
1241,0.802447,0.822574,0.14678794739302248,0.2961242616001982,3.266159044612582e-18,6.591949208711867e-17,0,0,0.1465587179429605,0.2958128596814886
1242,0.7572729999999999,0.8521189999999998,0.1399228490772657,0.30563152368267765,1.0012945876082535e-16,-5.030698080332741e-17,0,0,0.1396038770557963,0.3052709938468262
1243,0.75234,0.827975,0.1394340327824466,0.2983419675947516,6.872486520842491e-17,-1.3270634591222574e-16,0,0,0.1390865808070198,0.2979597186102969
1244,0.762206,0.876264,0.14041295564675238,0.31288108607259346,1.2215570352122618e-16,1.6306400674181987e-16,0,0,0.1401641932916213,0.3125743398884886
1245,0.734686,0.866892,0.13642744065145962,0.31035359660018,-1.638636058440279e-16,7.28583859910259e-17,0,0,0.1360726445223648,0.3099582767002604
1246,0.724821,0.8186029999999999,0.13539132395817433,0.29583696652116487,-2.7382881118837016e-16,9.020562075079397e-17,0,0,0.1350576082050754,0.2954241506121547
1247,0.7474079999999999,0.80383,0.13893335691682296,0.29103231419139775,8.296857124945321e-17,4.163336342344337e-17,0,0,0.1386134908190385,0.2906364661438591
1248,0.848882,0.3135749999999999,0.16120269142265897,0.12491103947832016,1.6530017372257122e-16,-1.7347234759768075e-18,0,0,0.1607290564711902,0.1243186902819909
1249,0.8377,0.289078,0.16065518238156073,0.11595817131455988,2.3242584072657996e-16,2.0816681711721685e-17,0,0,0.1601586389883599,0.1153361980377031
1250,0.8624439999999999,0.290297,0.16275738225886016,0.11588506003681687,-2.371692252312041e-17,-4.163336342344337e-17,0,0,0.1623857179089484,0.1153251652459242
1251,0.826519,0.2645799999999999,0.1602306098175177,0.10686219031777,5.4250766205743434e-17,-8.760353553682877e-17,0,0,0.1596513181825917,0.1062509318926577
1252,0.876006,0.267019,0.16430912806208653,0.10674391327847843,1.079797601159782e-16,1.1709383462843448e-16,0,0,0.1639551976126006,0.1062782628372268
1253,0.3187889999999999,0.8465209999999999,0.06622776458789303,0.3108668019049219,2.078957665740955e-17,1.0408340855860844e-16,0,0,0.0658274261598778,0.3103067006701906
1254,0.295511,0.860082,0.06149349094084755,0.31467369193705963,9.648382895584286e-17,4.0852737859253807e-16,0,0,0.0611257470704335,0.3141590742925779
1255,0.299505,0.8329769999999999,0.06271986299179844,0.3078138869641407,1.208072270691973e-16,-3.356689926015121e-16,0,0,0.0623330136968444,0.3071786424862519
1256,0.272233,0.8736439999999999,0.05674447305773356,0.3183932650863426,2.730698696676304e-16,0.0,0,0,0.0563980247933142,0.3179259174775134
1257,0.280221,0.819434,0.05916643581531389,0.3047863986794255,2.2079777242667295e-16,-2.949029909160572e-16,0,0,0.0588008484767395,0.3041138986607504
1258,0.0471352,0.4880129999999999,0.01442191592650488,0.24238472467004613,1.909280025746973e-16,1.5959455978986623e-16,0,0,0.0142484755764518,0.2397856670326107
1259,0.0697486999999999,0.4787779999999999,0.021709218148316722,0.24004073354626598,-8.414086484845319e-17,-7.589415207398531e-17,0,0,0.0213222633940266,0.2374839877437595
1260,0.0716567,0.499547,0.02140218871863908,0.24326624006243946,-9.784924606681678e-17,-3.337174286910382e-16,0,0,0.0210738035515339,0.2407381471647385
1261,0.803765,0.1885149999999999,0.16012039902125252,0.07745144654290925,-3.778444571111983e-17,-1.2836953722228372e-16,0,0,0.1593522625357164,0.0770548159803229
1262,0.782877,0.1680109999999999,0.15904733938805293,0.0696726791538822,-1.1996697038552107e-16,3.816391647148976e-17,0,0,0.1582209848144521,0.0692871667610191
1263,0.755955,0.172065,0.15705192901805276,0.07195682907149603,2.4864821573239437e-16,4.597017211338539e-17,0,0,0.1561940462967406,0.0715555002852418
1264,0.761988,0.147507,0.15803139757190365,0.061757208493872895,1.905485318143274e-16,-9.454242944073599e-17,0,0,0.1571765547732039,0.061433439232214
1265,0.749921,0.1966229999999999,0.15597709584835684,0.08206400919152657,1.3650105351592498e-16,1.0408340855860844e-17,0,0,0.1551104694365707,0.0816055519332514
1266,0.729033,0.176118,0.15514532488305122,0.07438710397320847,-1.706534219492184e-16,-5.551115123125784e-17,0,0,0.1541862271030828,0.0739451478274262
1267,0.7410999999999999,0.127003,0.15710195891733747,0.05374444561675773,3.5358543350183513e-16,7.28583859910259e-17,0,0,0.1562131594632035,0.0534781303733232
1268,0.1680369999999999,0.7828509999999999,0.03683571341434799,0.29815512917775777,-9.419006373467821e-17,4.996003610813204e-16,0,0,0.0365341532018825,0.2973008711613188
1269,0.1885149999999999,0.803765,0.04075098128396348,0.3026586919586407,-3.1230443578444955e-16,2.9837243786801077e-16,0,0,0.040491000750443,0.3019450232315985
1270,0.147559,0.7619369999999999,0.03282744233638368,0.29374726137939433,-1.3517290585463027e-16,-1.1102230246251563e-16,0,0,0.0325164837571896,0.2927415367281744
1271,0.1720909999999999,0.7559289999999999,0.03822032074731396,0.29182537116685126,2.8267861142128314e-16,-6.591949208711867e-17,0,0,0.0378855064967317,0.2908599320005867
1272,0.127082,0.7410229999999999,0.028656432111347385,0.28939720882499387,1.5742615544489524e-16,-2.5153490401663703e-16,0,0,0.0284271310725391,0.2882611964029372
1273,0.176145,0.7290069999999998,0.03972207131846517,0.2855466496621375,7.235694248625135e-17,-1.0755285551056204e-16,0,0,0.0393359283890122,0.2844535567632474
1274,0.1966229999999999,0.749921,0.04354382857309247,0.28984500016122183,-2.6709320519180397e-16,-2.706168622523819e-16,0,0,0.0432161877875598,0.2888847505581337
1275,0.7923219999999999,0.794555,0.14563126714347163,0.2875932311726501,1.0363617516245816e-16,4.1980308118638727e-16,0,0,0.1453320710104996,0.287259340494043
1276,0.819841,0.803927,0.14954541186307324,0.29018955476931296,2.206351421008001e-16,-1.8041124150158796e-16,0,0,0.1492541564385312,0.2898926335407411
1277,0.7648019999999999,0.7851829999999999,0.14171274649561383,0.28508462496392895,-8.988036009904833e-17,2.636779683484747e-16,0,0,0.1414036744394857,0.2846877717462119
1278,0.782196,0.766536,0.14449151726148557,0.2790977746335557,2.792633745779538e-16,-3.747002708109903e-16,0,0,0.1441663972275588,0.2786966396573555
1279,0.7372819999999999,0.775811,0.13778094390727347,0.28260809925268404,3.622590508817192e-17,-1.3444106938820255e-16,0,0,0.1374660495988698,0.2821821107363913
1280,0.77207,0.738516,0.14345144145408995,0.27058785811823327,-1.372464425095088e-16,-1.474514954580286e-17,0,0,0.1430654131113757,0.2701213730449013
1281,0.79959,0.747888,0.14725107584672514,0.2730769760601106,-1.3612158275555508e-16,3.989863994746656e-16,0,0,0.1468982035840467,0.2726643732501411
1282,0.168197,0.228519,0.09671535508641682,0.18773002594571153,1.0046217330250684e-15,4.1980308118638727e-16,0,0,0.0942013102458388,0.1831914131337124
1283,0.152205,0.2455209999999999,0.08525845812619082,0.197306295765884,1.397102919464821e-15,5.499073418846478e-16,0,0,0.0833286486111207,0.192703838178825
1284,0.165911,0.267268,0.08349839323818742,0.19691132320622273,9.337149109445164e-16,4.926614671774132e-16,0,0,0.0815608257158075,0.1927392435722702
1285,0.136213,0.262523,0.07381964307660382,0.20525906448892783,1.3639263329867646e-15,8.708311849403571e-16,0,0,0.072397666498187,0.2008035226096643
1286,0.195609,0.2720119999999999,0.0913376993703423,0.1889283687232819,5.30825383648903e-16,2.6714741530042824e-16,0,0,0.089065978765482,0.1852370414389136
1287,0.179617,0.2890139999999999,0.08209702314707101,0.1971682010735094,5.384147988563015e-16,5.447031714567174e-16,0,0,0.0802177659304425,0.1934179778364938
1288,0.1202209999999999,0.279525,0.06270348450971142,0.21168099995702505,9.22656048785164e-16,5.637851296924623e-16,0,0,0.0616677246056663,0.2075065573733712
1289,0.5545069999999999,0.331282,0.1330832246612772,0.1457716172808432,-2.8481991071194197e-16,-1.3530843112619095e-16,0,0,0.1317606767188762,0.1446576950117018
1290,0.5403,0.308792,0.13363012519494077,0.13855732466254267,1.489693784995083e-16,5.898059818321144e-17,0,0,0.1321462387660989,0.1374404638166286
1291,0.5655419999999999,0.3011869999999999,0.13659305723376747,0.1334494868206093,9.324138683375338e-18,-1.3183898417423734e-16,0,0,0.1351114591972401,0.1324349334837421
1292,0.526093,0.286302,0.134492828106886,0.13127744378289208,-8.654643841865539e-17,1.3227266504323154e-16,0,0,0.1327336912836812,0.1301043325126651
1293,0.5765759999999999,0.271092,0.1398856735895606,0.12083984081982635,2.4454180000410553e-16,3.079134169858833e-17,0,0,0.1382872047207474,0.119901859914242
1294,0.531279,0.240513,0.13904248417293275,0.11249310533457901,-2.576064361825558e-16,-1.8041124150158796e-16,0,0,0.1370812000876494,0.1113291314468987
1295,0.5539279999999999,0.255803,0.13935668403723867,0.11667544864758383,1.60136660876109e-16,7.28583859910259e-17,0,0,0.1375732717149656,0.1156000378668892
1296,0.5286859999999999,0.2634079999999999,0.13683876481263724,0.12202345291734673,2.953366717850514e-16,-6.245004513516506e-17,0,0,0.1349408754224103,0.1208403084414204
1297,0.8273479999999999,0.855252,0.15011123985095765,0.3060642911150353,1.5025686857933482e-16,-2.0816681711721685e-17,0,0,0.1499879656593218,0.305695859820246
1298,0.804761,0.870025,0.14668711683043512,0.3106714470050065,-6.93033887113996e-17,3.187554387107383e-16,0,0,0.1465638586733597,0.3103768324655424
1299,0.802142,0.8933309999999999,0.14618801981123397,0.31775431542337174,-5.645779525310923e-16,-3.885780586188048e-16,0,0,0.1460479445630758,0.3175232289869811
1300,0.782174,0.884797,0.14327609416795895,0.3152894629674847,1.654356989941319e-16,-7.632783294297951e-17,0,0,0.1431094919416564,0.3150344600799143
1301,0.8221089999999999,0.901864,0.14914621474963496,0.32024364423705265,3.2027332175221796e-16,1.5959455978986623e-16,0,0,0.148981002004951,0.3200366513875541
1302,0.799522,0.916636,0.14569649790792027,0.324800527181651,-4.368081146354647e-16,1.2836953722228372e-16,0,0,0.1455531785001963,0.3246483580845644
1303,0.759587,0.8995699999999999,0.1398468527404475,0.3198795154457912,-3.876768155629262e-16,5.551115123125784e-17,0,0,0.139627341131245,0.3196664360869103
1304,0.8458839999999999,0.808493,0.15327895240989164,0.2914258660239284,-1.1049375390342896e-16,2.3592239273284576e-16,0,0,0.1529919187749576,0.2910978699291387
1305,0.869715,0.805404,0.15671091161857476,0.29031827252038056,2.159391914412223e-16,6.002143226879753e-16,0,0,0.1564456806135826,0.2899707936066201
1306,0.853798,0.828857,0.15420421309318044,0.2977740420756163,1.939603805258677e-16,9.454242944073599e-17,0,0,0.1540075494801291,0.2973691928844582
1307,0.8856319999999999,0.781951,0.15910403455927735,0.28287947922217427,7.228240358689299e-17,1.1275702593849246e-16,0,0,0.1588612926055777,0.2825317965953283
1308,0.8935469999999999,0.802315,0.1600821093270497,0.2892225131727173,-4.4970673235625314e-17,-1.5612511283791264e-17,0,0,0.159877545451037,0.2888665647612029
1309,0.8777169999999999,0.761587,0.15811535698958323,0.2765675646587624,-9.802542891984567e-17,-4.510281037539698e-17,0,0,0.1578727828772167,0.2761837184202566
1310,0.901549,0.758498,0.16136291462862573,0.27547645879531046,1.841517389966629e-16,1.942890293094024e-16,0,0,0.1612513758140164,0.2750552182027205
1311,0.917378,0.7992249999999999,0.16345950234972406,0.2881511877858429,1.4267422963551435e-16,-8.673617379884035e-17,0,0,0.1632901646087594,0.2877851644088287
1312,0.901462,0.822678,0.1610393933369778,0.29554248812200967,-1.5539666450327394e-17,2.2204460492503126e-16,0,0,0.1609180802852023,0.2951900819823492
1313,0.823459,0.204186,0.16125680092955008,0.08323907039812184,1.0156263850757964e-16,-1.3877787807814457e-17,0,0,0.1605852650592906,0.082869133313825
1314,0.796537,0.20824,0.15915968141780468,0.08547467829339439,-1.2748862295713923e-16,1.52655665885959e-16,0,0,0.1583831400367629,0.0850239393767934
1315,0.789309,0.227965,0.15814255648729159,0.09346179065323668,1.4634018823123096e-16,0.0,0,0,0.1573515559648375,0.0929505956703017
1316,0.769615,0.212294,0.1570111823239131,0.08777318630927766,-7.654467337747661e-17,-6.93889390390723e-18,0,0,0.1561845186749766,0.0872955578997503
1317,0.809003,0.2436359999999999,0.15931455886675394,0.09913488806523674,-8.326672684688674e-17,1.0408340855860844e-17,0,0,0.1586067507406351,0.0985801785536145
1318,0.782081,0.2476889999999999,0.1570604391345114,0.1013907200867834,2.6042536183101817e-16,2.1163626406917047e-16,0,0,0.1562570464153648,0.1008290860037543
1319,0.742693,0.216347,0.15488426874799188,0.09018200066111604,1.6485294032642095e-16,9.020562075079397e-17,0,0,0.1539880214058433,0.0896900577107559
1320,0.213454,0.7941759999999999,0.04606873570901371,0.2998694081179565,2.5358472374899244e-16,-1.500535806719938e-16,0,0,0.0458159107013096,0.2991720134201946
1321,0.2094,0.8210979999999999,0.044801687807648705,0.30641209126224567,1.506634443940169e-16,7.71951946809679e-17,0,0,0.0445345973589516,0.3058011982156768
1322,0.217507,0.7672539999999999,0.04746306050219573,0.29339118692223565,7.556889142223967e-17,2.324529457808921e-16,0,0,0.0471931649393393,0.2925575978146185
1323,0.2383919999999999,0.784586,0.05137743076556944,0.29705026701049064,5.767955557622885e-17,3.0184188481996443e-16,0,0,0.051110693059304,0.2963120573940125
1324,0.221561,0.7403319999999999,0.049049649170228804,0.28697032049967675,1.0847442735717472e-16,-4.0939474033052647e-16,0,0,0.0486725025129933,0.2859572051907534
1325,0.26333,0.774996,0.05669414472504286,0.2941482498572441,-1.537940781670688e-16,3.469446951953615e-17,0,0,0.0563685986818752,0.2933642180948186
1326,0.259276,0.801918,0.05529095240490278,0.30084414167140494,-1.4214568107642767e-16,-1.5352302762394743e-16,0,0,0.0549755626005807,0.3001488928307578
1327,0.835758,0.780474,0.15211809775792062,0.2827439557440812,-2.3383530355081117e-16,2.1163626406917047e-16,0,0,0.1517512679667807,0.2824504759028544
1328,0.825632,0.7524549999999999,0.15094379369838862,0.2741644374546013,7.321075169708369e-17,-9.714451465470121e-17,0,0,0.1505672387680132,0.2737848762804354
1329,0.8516749999999998,0.757021,0.15457792090819567,0.27532916674681474,1.1058862159352145e-17,-6.106226635438361e-16,0,0,0.1542243332128586,0.2749584297982567
1330,0.8544209999999999,0.184675,0.16387276460591238,0.07490830536698923,-5.279386953646604e-17,-7.979727989493313e-17,0,0,0.1633323244806465,0.0746485141489356
1331,0.871936,0.205619,0.1649572893002187,0.08286647084969445,1.4852214510335804e-16,1.0408340855860844e-16,0,0,0.1644535432632515,0.0826263145189668
1332,0.848203,0.205406,0.1630925127028604,0.08319788698281627,9.500321536404233e-17,-1.3530843112619095e-16,0,0,0.1625423030484074,0.0829016874538832
1333,0.895669,0.2058329999999999,0.1668851991344127,0.08264488840723061,-2.0692676088243656e-16,-1.3877787807814457e-17,0,0,0.1663819560558092,0.0824188663870438
1334,0.889452,0.2265639999999999,0.16612651171453763,0.09080703914150945,-1.3615207594165624e-16,-1.9775847626135598e-16,0,0,0.16564139158479,0.0905495277893915
1335,0.901887,0.1851019999999999,0.1675296253961278,0.0745214127091458,-8.008527109699959e-17,2.168404344971009e-17,0,0,0.167082886956792,0.0742429307489061
1336,0.919402,0.206046,0.16874811436719028,0.08251112487050705,-1.3018557586119694e-16,3.469446951953615e-17,0,0,0.168324503159872,0.0822720570980882
1337,0.906967,0.247508,0.1673373043668107,0.09871879324418842,4.1362312880322e-17,1.942890293094024e-16,0,0,0.1669001384177312,0.0984259292857608
1338,0.8832339999999999,0.247294,0.1652709787558706,0.09898530691862106,-2.323445255636436e-16,-4.163336342344337e-17,0,0,0.164859395618531,0.0986288883323798
1339,0.205406,0.848203,0.04361230373115177,0.31304089995319373,-1.786358604441429e-16,3.2265856653168607e-16,0,0,0.0433351041579176,0.3124929994708122
1340,0.20562,0.871935,0.04339271781509524,0.31881378559228324,1.3931997916438732e-16,-4.3715031594615534e-16,0,0,0.0430996162981372,0.3183129308138441
1341,0.184676,0.8544199999999998,0.039235819946725314,0.3148719186629023,-2.0613393804380653e-17,-2.4286128663675294e-16,0,0,0.0390125404359946,0.314265555172692
1342,0.2265649999999999,0.8894509999999999,0.04747768914057815,0.3228721740470064,9.256376047594994e-17,2.1163626406917047e-16,0,0,0.0471528360197174,0.322419655853002
1343,0.2058349999999999,0.895668,0.043201750632761104,0.32461201225851255,-9.030048844088644e-17,2.740863092043355e-16,0,0,0.0429183986710973,0.3241540001583287
1344,0.247294,0.8832339999999999,0.051699932735573384,0.32109527199645527,-2.8366794590367617e-16,3.703634621210483e-16,0,0,0.0513578398840698,0.3206466298952905
1345,0.247509,0.906966,0.0514656955110695,0.32701502921554493,9.555548084565212e-17,-4.744468706796567e-16,0,0,0.0511789285603077,0.3265872039814783
1346,0.206049,0.9194,0.04300210255496495,0.3304084312985651,-2.8345110546917907e-17,-4.2674197509029455e-16,0,0,0.0427849276297176,0.3300118191515029
1347,0.1851049999999999,0.901884,0.03890357664840849,0.3263086081497022,1.855273205030039e-16,-2.463307335887066e-16,0,0,0.0386588041986304,0.3258521807609206
1348,0.764777,0.954051,0.14040196807764005,0.3361005598708289,5.736221468254e-16,1.964574336543734e-16,0,0,0.140177384866547,0.3361236909595694
1349,0.762182,0.926811,0.14008901541819796,0.32795753692334983,-2.1504472464892175e-16,-1.0408340855860844e-16,0,0,0.1398800916256421,0.327897997772112
1350,0.78215,0.935344,0.143023363314569,0.330467269392102,1.7464464119668066e-16,1.1796119636642288e-16,0,0,0.1428687441864591,0.3304052158330674
1351,0.954732,0.7644309999999999,0.16883673396660015,0.2771068152760563,-6.591271582354065e-17,-1.249000902703301e-16,0,0,0.1686766396773499,0.276683828323642
1352,0.936055,0.7818279999999999,0.16617865770604112,0.28264972501347074,-8.859795221690531e-17,2.3592239273284576e-16,0,0,0.1660011630569303,0.2822406766003087
1353,0.92814,0.761464,0.1650729941411555,0.276287835171388,2.1815164149945052e-16,1.994931997373328e-16,0,0,0.164965180616469,0.2758464741969426
1354,0.956592,0.2383889999999999,0.171429137702944,0.09485816270898795,-7.846913223363838e-18,-2.012279232133096e-16,0,0,0.171252137250564,0.094515679542438
1355,0.93178,0.242948,0.16943922156860936,0.09671989182243124,9.720888915869251e-17,1.9949319973733282e-17,0,0,0.169084546494586,0.0964324805028652
1356,0.937997,0.222217,0.1700483352287847,0.08865458199579734,2.4175336754174437e-16,-1.3010426069826053e-17,0,0,0.1697561243815579,0.0884001646908341
1357,0.2383889999999999,0.956592,0.049349114393407945,0.33933609867381165,8.222995851944748e-17,1.3183898417423734e-16,0,0,0.049048515601765,0.339099567552212
1358,0.222219,0.937996,0.04612413775521418,0.3348812317781267,6.54722586909684e-17,3.5041414214731503e-16,0,0,0.0459194056878554,0.3345271002652185
1359,0.242949,0.931779,0.05032855226454558,0.33323364536772715,-1.3545073266132968e-16,1.0408340855860844e-16,0,0,0.0500835897109213,0.3328489227942542
1360,0.840975,0.225131,0.1621848626564315,0.09113250830341713,-2.113110034174248e-16,5.551115123125784e-17,0,0,0.1616316472134655,0.0907303808431602
1361,0.8584899999999999,0.2460749999999999,0.16318611529641203,0.09898042278291541,2.5175174445113413e-16,-1.8041124150158796e-16,0,0,0.1627533989770699,0.098530607462776
1362,0.833747,0.2448549999999999,0.16122543846722692,0.09904013006234891,-1.8382647834491728e-16,3.816391647148976e-17,0,0,0.1606680680361408,0.0985145780938886
1363,0.2303439999999999,0.838613,0.048850619366930914,0.31031937079751515,2.6942423986264785e-17,-2.740863092043355e-16,0,0,0.0485255095595448,0.309773978540714
1364,0.255282,0.829023,0.054024834902520524,0.3075856524701521,-2.2146523438910934e-16,-1.6479873021779667e-17,0,0,0.0536823085279613,0.3069814230325187
1365,0.251288,0.856129,0.05283692844295729,0.31432590530312154,-1.895829142544575e-16,8.673617379884035e-19,0,0,0.0524776018464093,0.3138150226546194
1366,0.6521559999999998,0.837941,0.12404208048974397,0.3025416748459975,5.724587470723465e-17,-4.1286418728248004e-16,0,0,0.1236555517076238,0.3021807129207703
1367,0.6796659999999999,0.8475909999999999,0.12816619871591683,0.3051238326734165,-1.0842021724855043e-16,-2.463307335887066e-16,0,0,0.127821967679295,0.3047110613440319
1368,0.702243,0.8330969999999999,0.13179796311305836,0.3005166070724954,4.5705897833842054e-18,-2.576064361825558e-16,0,0,0.1314618037375398,0.3000882128421669
1369,0.707176,0.857241,0.1323300445001223,0.3077486734619015,4.265996735551559e-17,1.249000902703301e-16,0,0,0.1319604891367262,0.3073039188452997
1370,0.6973099999999999,0.808952,0.13127881393302232,0.2932754384892178,1.932590372455412e-17,3.0184188481996443e-16,0,0,0.1310137860323715,0.2928648990471742
1371,0.6826849999999999,0.1506589999999999,0.15315052949881647,0.0654003475974605,7.41594285980085e-17,5.551115123125784e-17,0,0,0.1519315588713892,0.0649107708833153
1372,0.7118919999999999,0.138831,0.15512485374347307,0.05948096896190691,-1.0722081859523835e-16,6.591949208711867e-17,0,0,0.1540863891182007,0.0590945548127577
1373,0.705859,0.163389,0.15409150177583797,0.06991020080886301,3.916680348103885e-17,1.8561541192951838e-16,0,0,0.1529944564481162,0.0694476687378517
1374,0.1516889999999999,0.68168,0.035495986508976785,0.27557341711144545,3.798773361846087e-17,-1.0234868508263162e-16,0,0,0.0351341226722758,0.2742669983251742
1375,0.163917,0.7053439999999999,0.0376427943847375,0.28049570701296034,1.4173232899816754e-16,2.1857515797307767e-16,0,0,0.0372457952644499,0.2792937179403317
1376,0.139385,0.7113509999999998,0.031998829736039625,0.2825137076442843,-3.290553593493506e-17,2.5326962749261384e-16,0,0,0.0316939789682518,0.2812632588462419
1377,0.149034,0.327583,0.06342139221058574,0.210906415773934,3.31115343477073e-16,1.301042606982605e-16,0,0,0.0622467244773899,0.2074324910594978
1378,0.134627,0.3035539999999999,0.06306150068621719,0.21083331332920352,5.616167253474913e-16,4.544975507059235e-16,0,0,0.0619215427192016,0.2070138133551777
1379,0.164325,0.3082989999999999,0.07258802435262623,0.2045638497093023,6.045511313779173e-16,2.914335439641036e-16,0,0,0.0710896118507137,0.2009145500309108
1380,0.848191,0.8496759999999999,0.153210778702487,0.3042679866339313,5.009014036883032e-17,6.93889390390723e-17,0,0,0.1530747868454335,0.3038505932914544
1381,0.8455719999999999,0.872982,0.15271648590714904,0.3113961589115206,2.480247994832152e-16,-1.734723475976807e-16,0,0,0.1525743774394189,0.3110559120360001
1382,0.863797,0.890711,0.1553482974668441,0.31663054079399444,7.271608445588718e-17,-4.683753385137379e-16,0,0,0.1551800736707092,0.3164403394402476
1383,0.842953,0.8962879999999999,0.15227834034885745,0.3184520218128455,-1.559421537213057e-16,-1.2836953722228372e-16,0,0,0.1520899435092053,0.3182379226865167
1384,0.8846399999999999,0.885135,0.15834094793899567,0.31477940151671646,-9.52912065661088e-18,1.1275702593849246e-16,0,0,0.158252529524558,0.314646183151557
1385,0.882021,0.908441,0.15793368922822992,0.3218919416249264,3.3720551036783147e-16,-1.4224732503009818e-16,0,0,0.1578022594647714,0.3218466966000295
1386,0.840334,0.919593,0.15178692999688792,0.32553068692504894,-4.1661230807408037e-16,1.7433970933566911e-16,0,0,0.1516222617161052,0.3253997611267857
1387,0.8720229999999999,0.8465869999999999,0.15667504613884375,0.3031729488793644,-8.645157072856291e-17,-1.4918621893400539e-16,0,0,0.1565613893871252,0.30276612856333
1388,0.895854,0.843497,0.16008305233481224,0.30202788415772375,-1.946634178720888e-16,-2.1770779623508927e-16,0,0,0.1600273092469732,0.3016982414207441
1389,0.890247,0.8643159999999999,0.1591789792655618,0.308432697544049,1.828879658393595e-16,7.546047120499112e-17,0,0,0.159138336745289,0.3081829803062085
1390,0.919686,0.840408,0.16349609397730092,0.3009104386510444,2.9820303127855996e-16,-2.324529457808921e-16,0,0,0.1634755725985545,0.3006484600754509
1391,0.908472,0.882046,0.16172393994565937,0.3136753751168726,1.752883862365939e-16,4.0592529337857286e-16,0,0,0.1617360298023175,0.3136174731519331
1392,0.8709149999999999,0.163279,0.16533889280253788,0.0662460632447619,-1.0462550964485118e-16,4.163336342344337e-17,0,0,0.1648780844741886,0.0659638824681736
1393,0.887409,0.141883,0.16670230226736749,0.05758696434713784,-2.514773057762237e-16,-5.898059818321144e-17,0,0,0.1663466473809891,0.0572879223270751
1394,0.894648,0.163493,0.16709281298244605,0.06612674596908619,2.1480755542369054e-16,1.6132928326584306e-16,0,0,0.1667085817871237,0.0657981206015047
1395,0.903903,0.120487,0.168001834928873,0.04882033235116978,4.662069341687669e-17,-7.632783294297951e-17,0,0,0.1677458115213408,0.0486222480696629
1396,0.918381,0.1637059999999999,0.16886173155216966,0.0660403094952926,-1.9309640691966834e-16,-1.3877787807814454e-16,0,0,0.1685573455738699,0.0656851606061444
1397,0.163284,0.870909,0.03463592126536241,0.3191195325193803,-5.390983544447357e-17,-3.2615511853795187e-16,0,0,0.0344353943144336,0.3184890824216075
1398,0.163499,0.894642,0.0345304461015985,0.32477223842488456,2.6188225850029556e-16,5.898059818321144e-17,0,0,0.0342880350926609,0.3242476637875082
1399,0.1418929999999999,0.887399,0.030109943388652027,0.3232194217086999,-1.4465967486387843e-16,-3.9551695252271197e-16,0,0,0.0298771739672657,0.3226519642871335
1400,0.163713,0.918374,0.0344010885910393,0.3303965451696058,2.4214977896105938e-17,1.8041124150158796e-16,0,0,0.0341818873586285,0.330026459908939
1401,0.120501,0.903889,0.025565024223396904,0.32719766741888634,-1.1619936783613394e-16,3.694961003830599e-16,0,0,0.0253360098785766,0.3267594289760478
1402,0.725775,0.7287569999999999,0.13704528577363817,0.26841691566369263,1.717376241217039e-16,1.4224732503009818e-16,0,0,0.1365100924729729,0.2678675049110987
1403,0.702627,0.7238769999999999,0.1337787988486525,0.2674028978581191,4.778621075229861e-17,1.1796119636642288e-16,0,0,0.1332073071625848,0.2668187991129306
1404,0.748923,0.7336369999999999,0.14025554860927514,0.26947876574558904,-1.3669078889610995e-16,3.469446951953615e-17,0,0,0.1397952722229825,0.2689693451448549
1405,0.7315279999999998,0.752284,0.137367794799502,0.2755078918780782,2.8296321449156054e-16,4.8572257327350605e-17,0,0,0.1369624218077937,0.2750341117007541
1406,0.714134,0.770931,0.13441308515757555,0.28149457805557176,-3.2557235987024086e-16,1.0408340855860844e-16,0,0,0.1340974838824159,0.2810497367688963
1407,0.868089,0.957009,0.15564841520244954,0.33695229497971013,5.897382191963341e-17,2.0296264668928643e-16,0,0,0.1556481487507379,0.3368132323408509
1408,0.854211,0.938301,0.15369777307205368,0.33120549749583006,2.1707082745875406e-16,3.434752482434078e-16,0,0,0.1536279455923063,0.3310988795377825
1409,0.875055,0.932725,0.15681615440917085,0.3294311001955066,-5.162564169561289e-16,-7.28583859910259e-17,0,0,0.1567201401111645,0.3293405622094998
1410,0.957039,0.868113,0.16874998931052687,0.309364288681536,-5.865533753146579e-17,-2.0469737016526324e-16,0,0,0.1688020217524278,0.3091852838265821
1411,0.932756,0.8750799999999999,0.16522426807932789,0.31148288127587875,-8.397569342373859e-17,3.9725167599868878e-16,0,0,0.165278080296802,0.3113961397891192
1412,0.938363,0.854261,0.16609697316744132,0.3050982881904929,-4.645001627800495e-16,1.1796119636642288e-16,0,0,0.1661310833605818,0.3049101274811412
1413,0.955571,0.133548,0.17175454527750844,0.053735495395812904,-1.7472934449140607e-16,1.9081958235744878e-16,0,0,0.1715878354634052,0.0535650290747213
1414,0.936976,0.148627,0.17028944032790605,0.059919367889960995,1.3941823498626882e-16,1.3270634591222574e-16,0,0,0.1700946025860515,0.059615473359816
1415,0.929737,0.1270179999999999,0.16984036759095034,0.05130600880511338,2.2287469721334047e-16,-2.949029909160572e-17,0,0,0.1696471182967011,0.0510786376988659
1416,0.133553,0.955566,0.028031308295794588,0.33934639542940204,-7.118973108493493e-17,-2.003605614753212e-16,0,0,0.0278417537340598,0.339201933430934
1417,0.127027,0.929727,0.026820488015800947,0.3332868802702649,2.24545046185326e-16,-3.434752482434078e-16,0,0,0.0265772083852182,0.3329620940347823
1418,0.1486329999999999,0.93697,0.031190361629342078,0.33486620551298074,-1.0078336819610567e-16,-2.498001805406602e-16,0,0,0.0310020951757212,0.3346313493242326
1419,0.653047,0.8141019999999999,0.1244861174163816,0.29546533651591744,-8.341072244791997e-17,-5.3884847972529564e-17,0,0,0.1241280210445223,0.2950751870389002
1420,0.6539369999999999,0.790263,0.12499182970714173,0.2884103752585361,2.5999168096202396e-16,1.52655665885959e-16,0,0,0.124642912371,0.2879394884133323
1421,0.675624,0.7996079999999999,0.12810202426408068,0.29080156707641436,-3.076152613884497e-16,7.632783294297951e-17,0,0,0.1278344640219935,0.2903759089540526
1422,0.6548279999999999,0.766425,0.12560809874048573,0.2813335486498545,-2.5299857694949246e-16,-1.1449174941446927e-16,0,0,0.1252010542696196,0.2807692849181469
1423,0.6982009999999998,0.7851139999999999,0.13175145460263593,0.2860666776978178,4.279617025343408e-16,-2.4286128663675294e-16,0,0,0.131490610107222,0.2856317013587665
1424,0.686694,0.73806,0.13107114697413635,0.27208204889757326,-2.2694384349195013e-16,1.8388068845354155e-16,0,0,0.1305702408566763,0.2715100608323963
1425,0.692448,0.761587,0.13136328654945828,0.2790798095302307,-1.0402919844998415e-16,3.122502256758253e-17,0,0,0.1310021790737131,0.2785765742304314
1426,0.670761,0.7522419999999999,0.12833491776837036,0.27673713358672103,1.396723448704451e-16,-1.5612511283791264e-16,0,0,0.1279000589690772,0.2761602519802488
1427,0.7351619999999999,0.267046,0.15266825505750603,0.1104015130767948,-8.477105736121038e-18,7.372574772901431e-17,0,0,0.1517297299469799,0.1098235771020007
1428,0.738928,0.241697,0.15381355129284202,0.10034336513172093,6.93889390390723e-17,6.93889390390723e-17,0,0,0.152892391790525,0.0998189733676088
1429,0.758622,0.2573679999999999,0.1548760667865281,0.10583945263624628,-2.013634484848703e-16,-1.7347234759768074e-17,0,0,0.1540231099450267,0.1052790343555345
1430,0.2727299999999999,0.730958,0.05990777178158169,0.2831423216048279,-4.517734927475536e-17,2.1684043449710086e-16,0,0,0.05942835734403,0.2821741920981663
1431,0.2680299999999999,0.752977,0.058250348945875885,0.2886460912632174,1.7119552303546115e-16,6.591949208711867e-17,0,0,0.0578601679041141,0.2877749774389314
1432,0.247145,0.7356449999999999,0.05452481291649747,0.2851209437540092,-6.404924333958117e-17,-1.52655665885959e-16,0,0,0.0540894334100785,0.2841044707836639
1433,0.19216,0.2288149999999999,0.10376411618926795,0.17872185899614124,5.269222558279552e-16,1.873501354054952e-16,0,0,0.100989994291049,0.174905550227059
1434,0.216122,0.229111,0.10949684308434371,0.1702169685941044,2.469812548921979e-16,2.2377932840100807e-16,0,0,0.106628857556791,0.1669309172269278
1435,0.2058649999999999,0.250562,0.10030467089018202,0.18021512083305424,5.722419066378492e-16,4.805184028455756e-16,0,0,0.0977018812774493,0.1766681028254576
1436,0.2400839999999999,0.229407,0.11413660366815748,0.16233579479160198,-1.3444106938820257e-17,1.1102230246251563e-16,0,0,0.1112951516966473,0.1594008128944624
1437,0.2195709999999999,0.2723079999999999,0.09747342696937267,0.18205070356816577,3.4542681215388166e-16,-6.93889390390723e-17,0,0,0.0950943635521199,0.1787687543581474
1438,0.270639,0.274367,0.10747121347958455,0.16908409998541174,1.5959455978986623e-16,-2.740863092043355e-16,0,0,0.105105940450783,0.1663882560599946
1439,0.2451049999999999,0.273338,0.1028551723320561,0.17533102075594797,-6.071532165918825e-18,3.278627369596165e-16,0,0,0.1004705725167403,0.1723819001029839
1440,0.255361,0.251887,0.11041072399166296,0.16566521371532872,2.5066754227864863e-16,4.0939474033052647e-16,0,0,0.1078258262720104,0.1628237562945725
