node1,node2,node3,Fxx,Fxy,Fyx,Fyy,Pxx,Pxy,Pyx,Pyy
144,441,443,1.1729634654892744,-0.047525334777441808,-0.051038906759398373,1.2769499536996953,1.9470933203588687,-0.038436201171809903,-0.044146046235473954,2.0342186080140059
441,442,443,1.1745809474599969,-0.050924033856378781,-0.054161309675070157,1.2835108354317004,1.9894339951282656,-0.039172784168222771,-0.044527167641725401,2.0761961074029052
441,199,442,1.1732788084713421,-0.05336278987831311,-0.057837738443309306,1.276625308713073,1.9437321186783232,-0.043135451552866064,-0.050394994818146077,2.0306565644915135
443,442,201,1.1678753028314723,-0.048371768787319525,-0.051974216331478473,1.2826783961580968,1.9424117850453173,-0.039110585961264197,-0.044962887310477137,2.0385979432347301
199,444,442,1.1751827639637691,-0.057363435261434947,-0.061373191545968986,1.2840541032351362,1.9918474303066531,-0.043827783170841114,-0.050464118078606721,2.0783050453450378
444,445,442,1.1677096620657543,-0.054519064885663937,-0.058680389873170924,1.2830291840770069,1.9391841983519265,-0.044195288399794613,-0.050945284240377628,2.0361066206737992
444,200,445,1.1693185011063576,-0.057899407323196428,-0.062354218566851749,1.290748290046003,1.9871026386488211,-0.044039216066562012,-0.051410440078981379,2.083485857984865
442,445,201,1.1693440624212217,-0.051457789356476269,-0.055223133484282094,1.2895047176548298,1.9852612874173179,-0.039349253910047025,-0.045575973407716769,2.0809172930894659
199,446,444,1.1736436507189998,-0.06024601671151153,-0.065382607295331852,1.2765449303370149,1.9408456970686214,-0.048841440356210339,-0.057161064282809829,2.0276713982677013
446,447,444,1.1757176519837425,-0.064603967103408433,-0.069366795905022371,1.2849166206576337,1.9943458572899024,-0.049074705054552858,-0.056962553176204869,2.0807763513752211
446,153,447,1.1740254083994559,-0.067773344003811076,-0.073756753758118521,1.2766947363245857,1.938061413113549,-0.055045342428828303,-0.064720979188534811,2.0249427757563101
444,447,200,1.1674241913385806,-0.061447356355468052,-0.066126355848944662,1.2836832624315906,1.9356819223130162,-0.049992711558074276,-0.057570004181014614,2.0337047923854246
201,445,449,1.1628812483879298,-0.048997949114595318,-0.052399505502945587,1.2884300041166057,1.9383422813308033,-0.039686262075490961,-0.045211602882060109,2.0434615010355337
445,448,449,1.1641039893108331,-0.051567136236297273,-0.055730320135554567,1.2954286134692357,1.980645622249225,-0.039267236268505701,-0.046149364897790937,2.085189601429656
445,200,448,1.1621747830510616,-0.055180170468569045,-0.058926163528965958,1.2894434102164016,1.9348633875131975,-0.044866344734202909,-0.050942440978860193,2.0417238237475539
449,448,180,1.1582152775799623,-0.049325807611673822,-0.052209058041000844,1.294088370324721,1.9359415914670313,-0.040066125012534301,-0.044751868401534237,2.0494443081101639
180,448,451,1.1581316690173797,-0.049150126924170756,-0.055808306264879093,1.3016512129682756,1.9731788193802844,-0.036397986513452316,-0.047390173781995656,2.0877502567456605
448,450,451,1.1567321534034494,-0.054778503117795641,-0.057183349325327093,1.296121257068104,1.9331041749242461,-0.044871993399210094,-0.048776840444211989,2.0496941269823017
448,200,450,1.1627186120952793,-0.056322879509620449,-0.062792950241382428,1.2975684123343978,1.9785405293394416,-0.042094900529413545,-0.052783715085426314,2.0859516298570666
451,450,203,1.156435119762167,-0.054154403753183367,-0.061045989814568991,1.3042370767599394,1.9717114890888152,-0.040271809696173472,-0.0516464130432394,2.0896424508146731
200,452,450,1.1613548268485454,-0.061806822525575345,-0.064419348594359604,1.2910284707194439,1.9332666345403258,-0.050896599258111422,-0.055131657451294669,2.0421907211920862
452,453,450,1.1612314696953496,-0.061547628117810227,-0.068729393352098267,1.3000846094959613,1.9774841775946754,-0.045908165432737486,-0.057770627118093859,2.0879881307399688
452,202,453,1.1596770197416504,-0.067798888445534833,-0.070400328487226105,1.2933649010257293,1.9293717928100786,-0.056060824940112913,-0.060272348874138931,2.0419074198234113
450,453,203,1.1549967260477656,-0.059939134454730425,-0.062479448260385873,1.2984721940314512,1.9298191735225489,-0.049213175368872125,-0.053333872540822114,2.0500050584010552
200,447,452,1.1684686128214159,-0.063641736783682568,-0.07035046945313006,1.2925583309474327,1.9858051063097695,-0.047630021550896073,-0.05872508433183822,2.0843002015164731
447,454,452,1.1670434380198902,-0.069373305509905281,-0.07229534794524195,1.2847366905916242,1.9330813026016016,-0.057474723169209943,-0.062200924793990836,2.0325035524705766
447,153,454,1.1758706547334321,-0.07165062803492539,-0.078324244696426071,1.2862920780730978,1.9960161852362661,-0.053656251388670639,-0.064712753202834011,2.0831672774709395
452,454,202,1.1672202772568738,-0.069744885139686019,-0.077241548248335512,1.2951297872187588,1.9855189078846256,-0.052035185266888426,-0.064433641569534669,2.0868715988990099
203,453,456,1.1545123056121853,-0.058921256470291894,-0.066596880625436228,1.3071238599170591,1.9698752190405673,-0.043725911617166754,-0.056389995988429933,2.0916014063777855
453,455,456,1.1529242828782165,-0.065306885147520588,-0.068033948300608493,1.3013452395224014,1.9263549406509766,-0.05370748789413643,-0.058126747290415254,2.0508370197143186
453,202,455,1.1592699811654552,-0.066943680562691732,-0.075061316179111159,1.3031578632879217,1.9754547342035376,-0.04978994116704373,-0.063191897120080817,2.0899346314074068
456,455,128,1.1518733325895507,-0.063098659433785897,-0.072256618606512113,1.3102177896807454,1.9640081671027236,-0.046643463114950628,-0.06172560672181697,2.0907829909383482
0,457,5,0.54401659166533811,-0.27672527203152875,-0.69443513883017483,3.7321114194913942,1.4284650774557504,-0.014278240515150697,-0.43857269649126307,2.9150698791952694
457,458,5,0.63303379701144991,-0.68477377608584633,-0.56299899634580397,3.1296175407981019,-1.0585198103500781,-0.88250127532677602,-0.8395084146271119,2.3869323533510367
457,204,458,0.77723913090266095,-0.65608977044202632,-0.82525842466385235,3.077451294799916,2.786567701001597,0.055099290077098129,-0.1993134373474017,3.0105009645335468
5,458,6,0.8001169823185954,-0.80698010083364213,-1.0324055214065018,3.4729462015179191,3.4213358582876001,0.25843214040860074,-0.089611364119205117,3.1760207388159856
204,459,458,0.79963024286874607,-0.75947956677660367,-0.69004790804984095,2.4531237582225063,-1.2706646161157549,-1.3503459279554282,-1.3391062131502514,1.7972259567793727
459,460,458,1.0455365608720788,-0.93023473791087419,-0.99044586263447632,2.6617174395885543,3.207604995615092,0.10799204199616286,0.0053488056700627951,3.1122329120298993
459,205,460,1.0222881807799959,-0.82288869943545651,-0.86954101076104973,2.1034567422985,-0.43695570783590298,-1.4761594601743304,-1.4914107632784397,1.4588061133880028
458,460,6,0.84481800297521303,-1.0133716615272514,-0.86771652410151523,2.7125515017201969,-2.8774437686228764,-2.1396279401802678,-2.1988821122249025,1.4302652592823988
204,461,459,0.95584943187768445,-0.69477449191259755,-0.7730786957754523,2.4187328913265338,2.7075182093147059,-0.035274490191170349,-0.16557027676723268,2.9076829737235217
461,462,459,0.94219183717233079,-0.63850695446425121,-0.67699546624213536,2.0228823164222236,0.37154975671176205,-0.89698463201484202,-0.92607092449482931,1.8691971589914933
461,154,462,1.0294759197278402,-0.60235439771357413,-0.6574386160600536,2.0309826494425383,2.4015842252524768,-0.14682930663488158,-0.23879776559997423,2.7081489575385556
459,462,205,1.1216389255553496,-0.78173234880019393,-0.80924292839386958,2.1284354077946581,2.7110925585578114,-0.093793720850066986,-0.14094775275883475,2.8596409950124184
6,460,7,1.2017115110948318,-1.2611796144903273,-1.2612365597282738,2.9857909758490999,4.2572873436484633,0.50722758135050938,0.50712154923356145,3.5398484560997057
460,463,7,1.1678947905382708,-1.104267619396146,-1.0810804732244188,2.149853886254665,-2.3623943527387636,-2.9306244761460665,-2.9451931093878576,0.27783149611742197
460,205,463,1.300206938760172,-1.0158607679607972,-1.0073311249350576,2.1991309009905815,3.189592426449456,0.068290351936768801,0.083675048410929431,3.1220727115464095
7,463,8,1.6255625623351104,-1.4039093542219403,-1.2264516089530098,2.2450304793809259,3.6386002566474946,0.18884017626742677,0.51488457298361201,3.4728682865128939
192,464,466,1.1511374961815548,-0.086212190881651551,-0.096380093408228618,1.3125992081372448,1.9492799823874229,-0.06581226922083,-0.082442768306890402,2.0803781405509847
464,465,466,1.1452696692561661,-0.089134169643966477,-0.087585392804812923,1.3169786707067561,1.9340581621377313,-0.073877389367675184,-0.071355545935699871,2.0751732823492173
464,206,465,1.1405166258037602,-0.0823968249636442,-0.092648763146864432,1.3241558975888816,1.9386645408224854,-0.062792578965371271,-0.079541651067070049,2.0879865239435458
466,465,208,1.1497263245393823,-0.079771891905016545,-0.089367231509211109,1.3132354893798457,1.9497113121381993,-0.06073376207052919,-0.076441971306740755,2.0823210191541501
206,467,465,1.1354052846642064,-0.08494209946587894,-0.083271034822079759,1.3288256881863574,1.9298711994015538,-0.070107028988080605,-0.067382421507438284,2.0879638781180558
467,468,465,1.1395213191071045,-0.076295377835279954,-0.085496912248473222,1.3241496965840351,1.9381888708061339,-0.058282260603544356,-0.073320995078599974,2.0883671985540015
467,207,468,1.1348736444536822,-0.078609762155766649,-0.076747808578641497,1.328506453427345,1.9306262680268658,-0.064968415825203296,-0.061930328267216991,2.0887888870591369
465,468,208,1.1439893436014417,-0.082628713804096865,-0.080805097134126314,1.3174991418566857,1.934448978687902,-0.068577062352782894,-0.065605214261701586,2.0769038331097263
206,469,467,1.1305445542574142,-0.078052110666784635,-0.087504437765044241,1.3348264527665759,1.9274319167981111,-0.059787681076220067,-0.075206013117294093,2.0940020005418631
469,470,467,1.1264558551038624,-0.080088144149721874,-0.077977002848149901,1.3395707921686228,1.9259089586961045,-0.066016813794091911,-0.062570888660167842,2.099280259304269
469,152,470,1.1217540828526982,-0.073423475378718628,-0.081340520935150096,1.3443385122447244,1.9178729170857665,-0.056773054081387372,-0.06967099727656037,2.0997270801460597
467,470,207,1.1302675631516474,-0.072080733404368935,-0.080626631839106899,1.3340046083509192,1.9272974349667882,-0.055327659330486667,-0.069271579041743733,2.0935335599864522
208,468,472,1.1481044774347851,-0.073983884120766952,-0.08247646064613523,1.3139880402776356,1.9483762146743038,-0.056533852048451724,-0.070439399120361637,2.0829967494877906
468,471,472,1.1428716578329052,-0.076589650776487161,-0.074460293951453149,1.3179798193697723,1.9348454893037841,-0.063685812030404534,-0.060213112330347374,2.0784781990031043
468,207,471,1.1386702043015386,-0.070634173852571536,-0.078818209378590076,1.324157077923017,1.9378817221836837,-0.054103685910419502,-0.067484401396388116,2.088785934592742
472,471,128,1.146448849568058,-0.069074898025448306,-0.075871921127369291,1.3150143565181658,1.9472290412379123,-0.053262739015180929,-0.064394635502825551,2.0840583631779581
147,473,475,1.1293769551795929,-0.11138371756620202,-0.11382915234129465,1.3366550893803497,1.8934228363247676,-0.092971821775973434,-0.096900330389068978,2.0681745965310885
473,474,475,1.1345576696262851,-0.10050005113725664,-0.11207422541103362,1.3403418471649484,1.9584610532141844,-0.074068673000471458,-0.093143655292886901,2.1203322448320328
473,209,474,1.1243634177359858,-0.10058562074900479,-0.10163994341150273,1.3404294315673342,1.8912139459513782,-0.084298546812773351,-0.085994320621724629,2.0731617684397272
475,474,210,1.1359525924301181,-0.10678644733368436,-0.10901281965144727,1.3265452345711255,1.8948503509521601,-0.089786040807874223,-0.093358594416210916,2.0566026145671907
209,476,474,1.1293148947578358,-0.090183850777882268,-0.10012079405620078,1.3436207706517918,1.9508997465867342,-0.06704348186614964,-0.083402776280473212,2.1203202941261279
476,477,474,1.1306330391632491,-0.096124867028729355,-0.097452127728424376,1.3315928092567297,1.8963079690923614,-0.08059769990353069,-0.082733507634474374,2.0658684168981822
476,206,477,1.1352123276981176,-0.086504968610356461,-0.095523518162237586,1.3356443181263167,1.9566621154493653,-0.064538019223459059,-0.079400015781162264,2.1151526207862674
474,477,210,1.1410692926360939,-0.096037262287535466,-0.10664687254694716,1.3315156260757863,1.9653005028329369,-0.070940347877183202,-0.088448784993219953,2.1150659295649747
209,478,476,1.1206503995715975,-0.090256582899648663,-0.090444877462156459,1.343701992919077,1.8933429470392291,-0.075554595900112875,-0.075858206850332233,2.0802416408244015
478,469,476,1.1251873893806787,-0.080725543141787356,-0.089359376857050421,1.3459823483661484,1.9439821204815608,-0.060474372160639778,-0.074671189089190196,2.1194207111186874
478,152,469,1.1182505207973663,-0.080783773097443223,-0.080522732515025508,1.3460565255546006,1.8978560413413772,-0.067351083007538198,-0.066928920507891718,2.0874937190251774
476,469,206,1.126485933831977,-0.086578220326424926,-0.087081381799912538,1.3357151837078272,1.8985469457340074,-0.072435275234192686,-0.073247096436044129,2.074068557965524
210,477,479,1.1421426728141473,-0.10087524695451222,-0.1035687300476904,1.3176416916407661,1.900000247945232,-0.084766435544959357,-0.089090887792434903,2.0492430386057086
477,464,479,1.1467408086649238,-0.091215464059744622,-0.10072149785518913,1.323623168857434,1.9706099241722248,-0.067663815679600642,-0.083365327347462409,2.1097930758171848
477,206,464,1.1362769426032506,-0.091303300588494452,-0.092870984463210959,1.3236890681953257,1.9013156303733829,-0.07654011622624865,-0.079064358766192527,2.0596556798639254
479,464,192,1.1473814376579083,-0.09410293422981475,-0.097673032472424426,1.3098829963806526,1.9041776682774629,-0.078843880318969245,-0.084578132903527059,2.0426534759343071
15,480,482,1.2132469389920535,-0.0018350343506022548,-0.00013789962691568292,1.234509612399707,1.9971763815184416,-0.0022036995157689999,0.0005779051705629471,2.0146978670744944
480,481,482,1.2143362229296488,-0.0018084225534101273,-0.0032133121128268272,1.234434478405225,2.0033426155881409,-0.0009011509392309559,-0.0032092731440722033,2.0197935750334146
480,211,481,1.2149953172486259,-0.0043929190187700917,-0.0028214840553602016,1.2328980090405297,1.9994352097059704,-0.0042577358186923807,-0.0016811840423367605,2.0141727632854316
482,481,213,1.2125364057703552,-0.0032921619798029211,-0.0018401093842417282,1.2355665239679166,1.9982417452090837,-0.0033009816751259158,-0.00091929962379193667,2.0171794767214797
211,483,481,1.2157940036087671,-0.0043734066779536618,-0.0065985335964025005,1.2328057336723699,2.0036836037589443,-0.0026681865076012678,-0.006322486712253308,2.0176234268058941
483,484,481,1.213774709119144,-0.0060380260502274369,-0.0045585073618177319,1.2344874434019237,2.0001030587206499,-0.0055659401111838366,-0.0031382784907885136,2.0171169405281608
483,212,484,1.2140311554381349,-0.0060317609276123729,-0.0082414693041279463,1.2343974666448156,2.0010702158824452,-0.0040429065751495866,-0.0076699242487452482,2.0177831220569828
481,484,213,1.2130712425109842,-0.0032790956282472972,-0.0048151171142860605,1.235493842916056,2.0010541027271636,-0.0020568244748345281,-0.0045789383412251031,2.0194365029358305
211,485,483,1.2166563628314844,-0.0077554991136598028,-0.0062688716401826383,1.2315128302290086,2.0021605308464463,-0.0069818838307097574,-0.0045428843949035392,2.0143690888212089
485,486,483,1.2170278729306931,-0.0077464229205078117,-0.010773547322410426,1.231402778559711,2.0036377942584513,-0.0051134356236615525,-0.01008242504247377,2.0154325790319816
485,174,486,1.2181457069078931,-0.012129732727852227,-0.010582720565835757,1.2306544985730064,2.0062820150376002,-0.010567748880106666,-0.0080263705635458642,2.0165226510142307
483,486,212,1.2149130436056952,-0.0094898395529964263,-0.0080502813475131774,1.2336477763660163,2.0024184125150168,-0.0083728219229109255,-0.006009266317334977,2.01778002725215
213,484,488,1.2115330908795527,-0.0045470815591419078,-0.0031481717938355303,1.2368680008148676,1.9987618565952303,-0.0043063568134038138,-0.0020104634970480682,2.0195585823561752
484,487,488,1.2115994272656911,-0.0045454609252617573,-0.0061039509284852578,1.2367957895280215,1.9987217466629523,-0.0030925485980471869,-0.0056502294421929295,2.0194070394947374
484,212,487,1.2123350383867932,-0.0074299898885742399,-0.0059698877152207785,1.2362700916280298,2.0004055340179474,-0.0066915216001114837,-0.0042941386679530725,2.020028277686277
488,487,182,1.2102776915403406,-0.0056350736936821022,-0.0041294564717446747,1.2384235236733385,1.9990320453407073,-0.0052371613357336914,-0.0027647154267734873,2.0220971059520099
124,489,491,1.0676348589687157,-0.00032362198996316316,-0.002450895927359753,1.4080393982916037,1.8655415076167192,0.00058731020599646919,-0.0028580935780083581,2.1441430487441311
489,490,491,1.067546875061514,-0.0040104445647717313,-0.0024212577578787142,1.4092813375938573,1.8711354296288256,-0.0039051937830260307,-0.0013257427277335553,2.1490698220135447
489,214,490,1.0688331536219859,-0.0024498184378078935,-0.0043745790530858031,1.4069113966329077,1.8693996656310472,-0.0012240923797854622,-0.0043453140452603227,2.1453060941920601
491,490,216,1.0663683793094405,-0.0037097098674268025,-0.0058184800592833152,1.4101482585130283,1.8659325541085139,-0.0021831698506918074,-0.0055999966744407319,2.1467514786275106
214,492,490,1.0687497223060607,-0.0059463575446034866,-0.0043657851099392353,1.4072799436919305,1.8705171132539213,-0.0054843193800595789,-0.0029201091688585909,2.1464203035607041
492,493,490,1.0681693397557739,-0.0057982290171052497,-0.0079760730151236421,1.408201381855382,1.8704120427709094,-0.003843059182425371,-0.00737650414772348,2.1473778753546653
492,215,493,1.0680683207002115,-0.010031381527031868,-0.0079800576296226167,1.4080344085969876,1.8685236527450766,-0.0090125991351186294,-0.0056867933947278987,2.145974828598769
490,493,216,1.0662633512069561,-0.0081107417327705988,-0.0058019918999816511,1.4108391680198213,1.8684564247806275,-0.0075379735920445331,-0.0037934632469533627,2.1491014229188323
214,494,492,1.0703232564584884,-0.0040372002486999126,-0.0060049292687714972,1.4052911822627352,1.8730418810431331,-0.0024911154385800736,-0.0056854561187665532,2.1457817625582289
494,495,492,1.0702416967512072,-0.0074553017478882211,-0.006013599774239542,1.4049278083771826,1.8703927581877886,-0.0066679277822036861,-0.0043298700267207849,2.1436748947503341
494,181,495,1.0721083131334987,-0.0051905588028196004,-0.007396209096422357,1.4032503053091145,1.8768561702439983,-0.0033209434572459753,-0.0069053893854160459,2.1458980924656652
492,495,215,1.0702002321131934,-0.0074447189505213451,-0.0097537423305404936,1.405882384919805,1.8747735379962873,-0.0051115231625563154,-0.0088624353005354855,2.1475193600475961
216,493,497,1.0654567850851082,-0.0079049179798069691,-0.010232324108409796,1.4119697233175346,1.8674697464334173,-0.0054999485334415905,-0.0092738819091321024,2.149724533059977
493,496,497,1.0653333862766567,-0.013076324098130421,-0.010233473363428169,1.411921560255762,1.8658789561350908,-0.011811971010289975,-0.0072049877347782308,2.1486378697189097
493,215,496,1.0678822276400428,-0.0099838850317750527,-0.012488841198459388,1.409185184543158,1.8726302768945493,-0.0070923231348209437,-0.01116007884023865,2.1498373545249843
497,496,173,1.065210231873202,-0.013044891423884097,-0.016058123563656101,1.4134081845842408,1.8720165023952997,-0.0093416609337284746,-0.014236182902497937,2.1541095074200181
193,498,500,1.2396441329026215,-0.21193353799128989,-0.24155280205584112,1.2588715252621085,2.0047798572003033,-0.1588761989921057,-0.2065921992173142,2.0202753719861186
498,499,500,1.2240736986782332,-0.21347307865109455,-0.20731684144901763,1.2622566365969687,1.963376360476039,-0.18150081558425041,-0.17169868814663575,1.9954260700334259
498,217,499,1.2114700613588432,-0.20302403012059544,-0.23164999938042496,1.2824300469929026,1.9734466967652733,-0.15441903159261661,-0.2003878800057588,2.0313684764004347
500,499,219,1.2227971740161294,-0.18179566636069344,-0.20737960831918312,1.2638142187443737,2.0001650075465762,-0.13586697197586728,-0.1773647362066369,2.0331779963480727
217,501,499,1.2009603906398434,-0.20406322231515794,-0.1994249408227633,1.2856164483767154,1.9576132773763193,-0.1705868427179798,-0.16315304660181673,2.0276354141340125
501,502,499,1.1997685000148364,-0.17451590656862503,-0.19934313630504352,1.2835884905558772,1.9725783016032838,-0.13224483456429281,-0.17236910491197377,2.0408733930615841
501,218,502,1.1912999441790348,-0.17535327410934842,-0.1723075356518331,1.2862617603399942,1.9571245653324516,-0.14601438727969795,-0.14110607653301471,2.0355500879542325
499,502,219,1.2100679333622053,-0.18305428145599123,-0.17888849229761661,1.2666313034143499,1.9618582099489577,-0.1546483083940865,-0.14796910233543703,2.0091503838188753
217,503,501,1.1873701354071604,-0.19279670986947384,-0.21991944823344112,1.3026066828393681,1.9464943244399489,-0.14850434605476981,-0.19194521751858262,2.0415529537442367
503,504,501,1.1810314570640732,-0.19342345238018144,-0.18977029539167223,1.3055877073881801,1.9524821533230765,-0.1595210882200484,-0.15363466027482336,2.0542727123464544
503,132,504,1.1673515275934201,-0.18208259873185861,-0.20690265639157462,1.3197906752592452,1.9269363064057137,-0.14140844998088758,-0.18112896520963656,2.0533352585880529
501,504,218,1.1799231606496781,-0.16592176079110699,-0.18956812739452628,1.3005710332976683,1.9487368151111744,-0.1272615527756229,-0.16536261474770048,2.048049016302794
219,502,506,1.209006240009511,-0.1567090160840765,-0.17898185068788841,1.268947934257123,1.9935801437139027,-0.11712880834731793,-0.15340118319278903,2.0418865697827471
502,505,506,1.1987707120267261,-0.15772110115042448,-0.15520437460434433,1.2712990419381418,1.9603271055089622,-0.13236803391111832,-0.12831176269657454,2.0207461884998916
502,218,505,1.1903056088518782,-0.1507034117369046,-0.17227481795927202,1.2854506792119667,1.9704742320542641,-0.11399211755391497,-0.14900487464565842,2.0479496314050469
506,505,159,1.1978668011700806,-0.13531288773918204,-0.15532359797704209,1.2742546240725821,1.9893989207749634,-0.10063072192487099,-0.1333350585133285,2.0508920143117777
133,507,509,1.1218169240279519,-0.028237001787654314,-0.026276980005352613,1.3398220686264928,1.9265940652901958,-0.023742077156765587,-0.020533087941631875,2.1036534810938416
507,508,509,1.1224537162595039,-0.028025807081175635,-0.03258730376085639,1.3377292243559458,1.9194482653899525,-0.021113168396072635,-0.028558072338187232,2.0958622695270486
507,220,508,1.1256673789144802,-0.032086123651499321,-0.030620621391955094,1.3352444106501116,1.9294828480318365,-0.026683395077089569,-0.024283894569999069,2.0998245436890568
509,508,222,1.1205022942108362,-0.032593976769547339,-0.030794208353108754,1.3419267602481035,1.9262741828478018,-0.027180955701365118,-0.024233892959786008,2.1058739834913016
220,510,508,1.1266436307513059,-0.031762318169902937,-0.036980471833158557,1.3331349606523615,1.9245281641551026,-0.023864430858230042,-0.032388245003326689,2.0935013735437318
510,511,508,1.1245043707344404,-0.036770526318117946,-0.0352817520930504,1.3371118227340486,1.9287999503607614,-0.030478214235209841,-0.028040722938234876,2.1014740475651976
510,221,511,1.1255799256377088,-0.036413783764301932,-0.042139972704196005,1.3348370721583098,1.9234552286309721,-0.027457415870861396,-0.036808856370442525,2.0946523470287972
508,511,222,1.1210536580189396,-0.032411104314132189,-0.037367341148747624,1.3397466299667213,1.9178510106331532,-0.024549012307178618,-0.03263537092841521,2.0970728697020209
220,512,510,1.1298818122224763,-0.035853241037782979,-0.034643415397711763,1.3301824647220348,1.9321676316450338,-0.02967871910691864,-0.027698119635605908,2.0951912248136759
512,513,510,1.131333588325226,-0.035371726189110664,-0.041167001465700626,1.3280187677494926,1.930130269080967,-0.02653002291770911,-0.036005106911161863,2.090829742505492
512,143,513,1.1346460978376267,-0.03955655061448482,-0.038442009186195225,1.324576177107101,1.9355949648622885,-0.032687154554216995,-0.030862564329018682,2.0903414521806414
510,513,221,1.1290276907874663,-0.040769703138113123,-0.03961636058515472,1.3316487311768794,1.9313662090956452,-0.033646624539306565,-0.031758853022396075,2.096227197392583
222,511,515,1.1189544048126177,-0.037325338460396651,-0.03540665749199956,1.3443364805607301,1.9254504812890925,-0.031037194942025857,-0.027895446190294743,2.1080710846947026
511,514,515,1.1195204199257525,-0.037137601250195829,-0.042476447225819669,1.3419915562459268,1.9160034148420879,-0.028272944475047745,-0.036979780401950865,2.0983436943437255
511,221,514,1.1232551167362037,-0.04185603115633274,-0.040272955019745815,1.3392076559587656,1.9282008796596481,-0.034613664776175591,-0.032021806808289713,2.1034142843412407
515,514,158,1.117158747192831,-0.042666144806291051,-0.040196002856122792,1.3473299487544983,1.9253111350385048,-0.035520268040793022,-0.031474291164001383,2.1114059759915156
141,516,518,1.3010161136511791,-0.1626538246488316,-0.15749037207339711,1.1727681334764344,2.0433430015893177,-0.13744287170098951,-0.12913575892819018,1.936553088525222
516,517,518,1.2827574850246861,-0.14751716509833246,-0.17928044912602203,1.1908324133668824,2.0329370292354882,-0.10967181759082606,-0.16090423644928475,1.956826549617827
516,223,517,1.2911140000865258,-0.18577045480375154,-0.1793156252313679,1.1909934376381921,2.0447548702539153,-0.15450868661841322,-0.14408668549468229,1.9628686022330779
518,517,224,1.2647693910875986,-0.16178152583707694,-0.15694700283293805,1.2085425907529976,2.029712514712803,-0.13416119142779101,-0.12631615045204903,1.9837617880719243
223,519,517,1.2686025490404536,-0.16710814574195876,-0.19955170710505077,1.2077694337014169,2.0048481260129538,-0.12838900736740083,-0.18025015584494825,1.9536413149370908
519,520,517,1.2534265627659722,-0.17914112505868562,-0.17456688578975577,1.2275797994121875,2.0319778302632066,-0.14551115855698543,-0.13805663469491392,2.011256474166816
519,219,520,1.2314817158799967,-0.16094853880284399,-0.18859707225658817,1.2392110210292557,1.9653427308834011,-0.12706133375833772,-0.17112184724583876,1.9719362875565132
517,520,224,1.2462880124472158,-0.1464602033968232,-0.17338524023745494,1.2221701204154076,1.9926976934038167,-0.1128216867799558,-0.15607175765568437,1.9724218283257597
223,521,519,1.2775066975792608,-0.20787213392842907,-0.20099476267136662,1.2143758711166721,2.0467729837286788,-0.16898390659642493,-0.15782535592100944,1.9963122127297752
521,500,519,1.2508500524222024,-0.18577340073466697,-0.21822336283239863,1.2286586226038683,1.9713592278427421,-0.14745043658923146,-0.19880088518488637,1.9523397390755253
521,193,500,1.2603071017403358,-0.22906342934278068,-0.22112382767312155,1.2419356185999622,2.0447589459136064,-0.1825619455896727,-0.16963153284812577,2.0303864454697726
519,500,219,1.2389637015772266,-0.19519852989721187,-0.19100637353062666,1.2502399845315497,2.0318128875669195,-0.1552837842293458,-0.14842515345654955,2.0406804806158592
224,520,522,1.2348426287707597,-0.15553520271218191,-0.15231163216387866,1.2388793006618717,2.0210698370006033,-0.12613883245675461,-0.12086719580140703,2.0243087278328131
520,506,522,1.2165818112186111,-0.1403967285115737,-0.16322683218541179,1.2479281547697756,1.9601292711025324,-0.11078729488283348,-0.14734966980744532,1.9867795414565901
520,219,506,1.2226078912803027,-0.1679853841553911,-0.16534948473411326,1.2576461023606007,2.0219318017482975,-0.13363436328996081,-0.12930735843163749,2.0495706970675638
522,506,159,1.2101506088648777,-0.14549633682857044,-0.14295609658402331,1.2640017917319972,2.0157488409880489,-0.11588901744081695,-0.11170620847922919,2.0582385921948716
134,523,525,1.1678570419984924,-0.023777694618843936,-0.028095514217431727,1.2833879273143944,1.956467045351999,-0.017865262304527077,-0.024925692926065543,2.0517701324794393
523,524,525,1.1688825707217572,-0.029011752017814141,-0.028516329976346455,1.2855356719719433,1.9733222051421226,-0.023673394015320336,-0.022857722261142348,2.0676761072734919
523,225,524,1.1691867902985313,-0.028793583472055184,-0.033610181936867711,1.2818826582956966,1.9558217078999334,-0.021855562218104564,-0.029725386393711022,2.0489724935590075
525,524,227,1.1646322745664413,-0.026712329332143403,-0.031010513601248846,1.2868850326281791,1.9520816027299728,-0.020336562297349814,-0.027358741832595908,2.0530967672673062
225,526,524,1.1702686940089504,-0.03431550947364248,-0.034129335107080827,1.2845323630354111,1.9753565588338828,-0.027798521804932981,-0.027491895725816853,2.0676598726593296
526,527,524,1.1655722204661694,-0.031774568471257592,-0.036730780555862985,1.2859398274544187,1.95154104066496,-0.024296304533886801,-0.032388507389301636,2.051139324020498
526,226,527,1.1666281188875594,-0.037164342677833861,-0.037363161866930561,1.2891677823505256,1.9738159792080125,-0.029870772741035195,-0.030198365821231941,2.0725828984667847
524,527,227,1.1656176274994281,-0.031742008054076454,-0.03155275602669505,1.2896528786436461,1.9718084870650634,-0.025706517518836701,-0.025394825062167281,2.0719489639732807
225,528,526,1.170551022024974,-0.034113040279069695,-0.039731853878154588,1.2805145631757417,1.9555816486213156,-0.025976613524104408,-0.035151218184971238,2.0466080210511626
528,529,526,1.1717110538048141,-0.040034357367090712,-0.040330608328281059,1.2835708716482204,1.9773893883221878,-0.032173626199609957,-0.032661693135596269,2.067633525775642
528,144,529,1.1722946459878782,-0.03961585442604032,-0.046754982761783914,1.2789638538147905,1.9562469555204103,-0.029947027526168013,-0.04159925200687889,2.0446076245753675
526,529,226,1.1665326334405057,-0.037232816762269971,-0.043087828426600083,1.2850625358080299,1.9509090876353132,-0.028502922459472058,-0.038056000333142728,2.0491306918286698
227,527,531,1.1611841841288815,-0.029343374709426939,-0.033803395021935856,1.2908705456553911,1.9485394532509059,-0.022456099904483502,-0.029739438635766655,2.0557349520863717
527,530,531,1.1621420829200453,-0.034232392272524281,-0.034411068790616284,1.293972050485662,1.9697656458044104,-0.02752302169496975,-0.027817345034152424,2.0760469818264804
527,226,530,1.1617407047518062,-0.034520237296150169,-0.03949900459588207,1.2903232795310773,1.9473199679287247,-0.026583866622434268,-0.034707883939825372,2.0537929727660327
531,530,156,1.1578898984750889,-0.031931825750115994,-0.03650715853042108,1.2951061014530598,1.9470883359646125,-0.024490443915510043,-0.031964991592560943,2.0602782171313354
133,509,533,1.118561276299848,-0.024123638987395335,-0.027962041567953566,1.3419510672549118,1.9142510863236395,-0.01825167083219896,-0.02451024549134978,2.0976522715727106
509,532,533,1.116863129823479,-0.028105670919675863,-0.026003694357561002,1.3465432512830828,1.9250419029828192,-0.023612533581701019,-0.020168758480752502,2.1108820514865205
509,222,532,1.1169297051153642,-0.028080583509065615,-0.032508236559676273,1.3440921599481706,1.9118674997853866,-0.021281893009046253,-0.028496993320275534,2.0985008424479843
533,532,229,1.1131746631492123,-0.023445884925746618,-0.027416445515788368,1.3483280357589584,1.9076314582319154,-0.017678553362847939,-0.02414472194476109,2.1009942899542078
222,534,532,1.1150715205667487,-0.032437893265099937,-0.030339114390206312,1.349178596167921,1.9238866669080428,-0.027094131288146604,-0.023655831002721339,2.113142665282802
534,535,532,1.1111132823982208,-0.027437040371837362,-0.031774723807935779,1.3509923504708654,1.9046655133313797,-0.020836480982772264,-0.027895492396269941,2.1020887875985363
534,228,535,1.1094144259462233,-0.031420390986717672,-0.029400800290432905,1.3565585474806254,1.9202807470139347,-0.026185692486986323,-0.022877060750229918,2.1196449948073899
532,535,229,1.1115414225705762,-0.027275717173865122,-0.025228319151429091,1.353459035455387,1.921592407653224,-0.022876713783665591,-0.019522351541955876,2.1169503532514002
222,515,534,1.1150826197048627,-0.032433710687174155,-0.037194486790510517,1.3465952307772282,1.9093776693029494,-0.02474173931291309,-0.032495097369085728,2.0996892095955011
515,536,534,1.1130906544961316,-0.037104726515045483,-0.03481634639372988,1.3521717997783138,1.9227874795285165,-0.030910504985812708,-0.027161656179489617,2.1158318577460435
515,158,536,1.1128336405744017,-0.037201569349365027,-0.041912076043872926,1.349498129160529,1.9055556136392449,-0.028736388791950673,-0.036399903738966642,2.1004075545857499
534,536,228,1.1087804606130769,-0.031659269096158127,-0.036246771962239244,1.3539789856580104,1.9009775104577544,-0.024252269243858482,-0.031710770837223456,2.1030516510060333
229,535,538,1.1077463710282505,-0.022481085624352026,-0.02635070222795477,1.3548770434190027,1.9012607146227223,-0.016953092775864959,-0.023247834316969675,2.1047118389852417
535,537,538,1.1062351239697286,-0.026024851800206861,-0.024030285332888646,1.3603182549404722,1.9176628301153757,-0.021815839344786453,-0.01854873588563246,2.1225560387300799
535,228,537,1.1053945179245068,-0.026341624170492128,-0.030459115521928481,1.3578956268988103,1.8978733856060934,-0.020058210553924496,-0.0267507791774114,2.1059573274901502
538,537,148,1.1025605836666847,-0.021382423850321075,-0.024953247909054621,1.3614843293081269,1.896615473996619,-0.016159096750107939,-0.021964866313258564,2.1096521893446698
136,539,541,1.242206427299466,-0.086060350401368946,-0.10046978910597026,1.2104986844906769,1.9989071847795323,-0.066854464137969388,-0.090184462695263617,1.9722125716936909
539,540,541,1.2464731999694376,-0.1055921875181276,-0.10140486054868081,1.2147791241869612,2.0347872605786002,-0.086843647277962094,-0.079963534771546274,2.0092468023048569
539,230,540,1.2548982914797953,-0.097086064827186958,-0.1158377734252225,1.2002073978662913,2.0050770328763292,-0.074781650225142854,-0.10505775779156717,1.9588840935977416
541,540,231,1.2323888349506908,-0.099190927215655922,-0.1159061429020074,1.2213698709433607,1.9817479182306601,-0.077901579401134735,-0.10483748427635858,1.9723865858596796
230,542,540,1.2601427138543735,-0.12109262194571602,-0.1169199438012356,1.2051610768586021,2.0452759520338595,-0.099085535919480633,-0.092236830022741106,2.0010798952399882
542,543,540,1.2436269076097626,-0.11358652176759199,-0.13399285551916185,1.212920370216068,1.9842208956721852,-0.089393390994012195,-0.12214096651361286,1.9579849153977225
542,224,543,1.2491904067636093,-0.13905433261135114,-0.13615138969023555,1.2228014070327449,2.0483845650252581,-0.11090494222326158,-0.10611840666183847,2.0275745722408636
540,543,231,1.2369955394428713,-0.12028138445925252,-0.11766182809736314,1.2294077651926516,2.0364396953170512,-0.096629855459332614,-0.092310466997461538,2.0304145748769176
230,544,542,1.2709782783044674,-0.11015376942222244,-0.13423637208743511,1.1876795828276441,2.0123211563709336,-0.084299429587506081,-0.12302870266029012,1.941654791331797
544,518,542,1.2773006267446008,-0.13909804590201347,-0.13558706081719141,1.1938631566060272,2.0585442791268909,-0.11284404875692308,-0.10708948053569711,1.9917379731643947
544,141,518,1.2925156582672452,-0.12373797982210821,-0.15730834874434052,1.1719348144001587,2.0244878982349079,-0.092607224990062159,-0.14636511782617825,1.9219585860583071
542,518,224,1.2578866101097128,-0.13027449057445573,-0.15574126271844246,1.2030231217437359,1.9884007225749745,-0.10252559296516053,-0.14319183829080517,1.9412672508139834
231,543,545,1.2200852253829328,-0.11259574709113984,-0.12952393932140183,1.2347990243357421,1.9600385328438712,-0.090466509928094102,-0.11758544612226152,1.9726820097061686
543,522,545,1.2248581303599266,-0.13444653285121078,-0.13225344407583783,1.2472949411637031,2.036670512929124,-0.1060457555571869,-0.10241666813354711,2.0542079421180479
543,224,522,1.2292645232405217,-0.12999813682132189,-0.15019378145357365,1.2291835907397677,1.959504761986038,-0.1050570961521822,-0.13725037683167512,1.9594347722809076
545,522,159,1.2058500487426596,-0.12580747257971114,-0.14008427883754582,1.2508540090825333,1.9379381183440945,-0.10391120099454249,-0.12666213093787396,1.9769641995610143
130,546,548,1.0938426957666527,-0.041606425935196256,-0.039198746788198013,1.3761086065533306,1.8984948232231331,-0.034773956641563138,-0.030849242942472058,2.1277275762144634
546,547,548,1.0965501399287314,-0.03525766317633483,-0.041327752367403381,1.3711162408661675,1.8946955672987174,-0.026397520464453067,-0.036271520021056998,2.1193701214998359
546,232,547,1.096489929344076,-0.035265084682687409,-0.033351811709548151,1.3720993486469499,1.9010225361430346,-0.029437215920681915,-0.026316884598684163,2.1249667259247706
548,547,233,1.099585804675014,-0.042353580729691309,-0.040161800586407725,1.3683908089095378,1.9023523487040288,-0.03536430613913083,-0.031791108904190651,2.1211201873441841
232,549,547,1.0989238420949849,-0.029558081173428508,-0.035212511327673113,1.3677364070228712,1.8980154291661937,-0.021878714340616043,-0.031084394417503831,2.1178242739221322
549,550,547,1.1016999510111236,-0.036047533158308553,-0.034099654959999004,1.3651349860475968,1.9045656101729744,-0.030140847731713556,-0.026963718299969179,2.1190195855472602
549,228,550,1.1041652051428255,-0.030267040831465419,-0.035695577139448709,1.3613928907423243,1.9048574118430714,-0.022493750131974063,-0.031344027498090517,2.1148030956803692
547,550,233,1.1023069473837763,-0.035972695859410486,-0.041963729306906394,1.3641654150435976,1.9024470010123837,-0.026933967731576774,-0.036695300517556283,2.1162348755072324
232,551,549,1.0988646252704874,-0.029565382085581682,-0.027909058046393653,1.3686368583942885,1.9035188892071906,-0.024705033856543421,-0.022002376494172741,2.1227530803504
551,537,549,1.1011142067937181,-0.024290274440614712,-0.029611323403970324,1.3646451679804081,1.9007450233870087,-0.017695935539481129,-0.026364320422061813,2.1161605596231663
551,148,537,1.1013318581283773,-0.024263446918974196,-0.02327193024970331,1.3654265562833992,1.9073533901711288,-0.020098497822588796,-0.018479022558789748,2.1216804704956878
549,537,228,1.1036958435666187,-0.030324893947150322,-0.028594433946092401,1.3622681717186138,1.9071303478321122,-0.025385337449328672,-0.022561069410467434,2.1175471073498686
233,550,552,1.1051888864803177,-0.042709082650456587,-0.040528704735409704,1.3608111177304263,1.9055973952829297,-0.035739260734409951,-0.032185059459365062,2.1141921552996745
550,536,552,1.1079566224292674,-0.036219108577290549,-0.041983088623414488,1.3574007802200279,1.9100926959920059,-0.027145014651917293,-0.036551589966260546,2.1132678811128813
550,228,536,1.106773726922371,-0.036364915957118882,-0.034388314352955973,1.3583369357217654,1.9077153094715034,-0.030473245643778638,-0.027249353973926214,2.1129480927159574
552,536,158,1.1106086901563696,-0.0424186009947638,-0.040259790120520833,1.3533723853594606,1.9080453823932566,-0.035607081504877167,-0.032089468283301115,2.1068187784087002
116,553,555,1.0392861073082376,-0.0086617475913062236,-0.0080550913472897112,1.4567209144871403,1.8776965336629428,-0.0070226657807423206,-0.0060306914603846309,2.2036508413524576
553,554,555,1.037311063992842,-0.013538867767502016,-0.013170246645496264,1.4440896841162425,1.7951149609536465,-0.011656332565217871,-0.01107156973785604,2.1412598983778754
553,234,554,1.047156275565992,-0.01459177251085908,-0.013326994353310639,1.4441064476366443,1.8794839890689505,-0.012013126644370868,-0.0099462436118991499,2.1917032158062333
555,554,236,1.0427920473670622,-0.020646422209064319,-0.018966736780099525,1.4516063770869683,1.8795035180797504,-0.016868940189661067,-0.014122317485599813,2.1993384051978024
234,556,554,1.0460705943929387,-0.017272633344073696,-0.017802886900914472,1.4330541743520202,1.8128418538936359,-0.01438145851427915,-0.015226815937012066,2.139506033456557
556,557,554,1.0511717821495472,-0.023887707462625585,-0.021745667765521226,1.4381670596048313,1.8808244244109391,-0.019750150235117184,-0.016250595482701052,2.1861298835843996
556,235,557,1.050979278550483,-0.024363066584174975,-0.026238621052995903,1.4270723770208116,1.8215103432563775,-0.019783368072825179,-0.022780083048793677,2.1378598754834615
554,557,236,1.041881863180607,-0.022893930222504633,-0.024298719692492199,1.4384401690804198,1.8030663429944076,-0.018901614857442003,-0.021134575080528711,2.1394891479244507
234,558,556,1.0542173866934741,-0.018144119082724508,-0.016354207234967055,1.4328992049331157,1.8807491121208657,-0.015122085250079177,-0.012199204091497107,2.1806499081549542
558,559,556,1.0537764638495508,-0.019232885114670251,-0.020148561644767193,1.4235298464353832,1.8284266469567354,-0.01576667511794811,-0.017232865224742606,2.1382601515514721
558,173,559,1.0600047461700148,-0.019899133440478778,-0.017372736804295297,1.4232329124562302,1.8788642164927176,-0.016949645696775345,-0.012831336611512111,2.1690909081773988
556,559,235,1.0583396861237575,-0.025150225487891475,-0.022578572250573137,1.426680953044057,1.8813853717222717,-0.021072654038077364,-0.016875634796880347,2.1742467352856156
236,557,561,1.0481277692934801,-0.030993537181260855,-0.028264854473338819,1.4435833992682876,1.8806316604651676,-0.025518998931007168,-0.021059624397872782,2.1914699791837235
557,560,561,1.0482990354090918,-0.030570613550485515,-0.033471998652141233,1.4307249052562439,1.8151255921216958,-0.024708474204008624,-0.029334924448211758,2.1378418747380392
557,235,560,1.0564377117425598,-0.031440999769480449,-0.028658417513961032,1.4302101194956329,1.8815786216947277,-0.026098442091034096,-0.021555789799472265,2.1779514951509458
561,560,150,1.0547220852688848,-0.038899612923570359,-0.035301422305241248,1.4330971845927563,1.8790488744117142,-0.032364866721518046,-0.026495333059635133,2.1791960875838696
23,562,564,1.2502832259238637,-0.0063563185270663347,-0.0064875713554162218,1.2037376699101499,2.0564892656231408,-0.0049805615693893617,-0.0051985704423009801,2.0196006467112553
562,563,564,1.2408696595069615,-0.010259687216975899,-0.010685616097123152,1.2019969357741287,1.9935731353012596,-0.0085825147098797031,-0.0092719207659553281,1.9604368026709924
562,237,563,1.2469431223348928,-0.014951536533006127,-0.016844693226036989,1.2067549235371828,2.0518268313407577,-0.011062551160910303,-0.014204095390527062,2.019891566617372
564,563,239,1.2408699267481482,-0.010262571832789558,-0.01160690250772789,1.2119413510894645,2.0442547255323902,-0.0076094749087962203,-0.0098376460011856352,2.021175965183061
237,565,563,1.2373778323620934,-0.018917850170048711,-0.018793961751731203,1.205946645862622,1.9922625412725246,-0.016137992690203423,-0.015937313428799553,1.965529141913589
565,566,563,1.2371938242566709,-0.016931075801496415,-0.019663966970194124,1.215340275912661,2.0392470824892626,-0.012373798072334682,-0.016899038804747513,2.0217661531773143
565,238,566,1.2292455761709737,-0.020226925411283458,-0.020331719800815051,1.2150633830826294,1.9910577336534385,-0.017040511334674987,-0.017210722334305723,1.9790810611865142
563,566,239,1.2328608452289214,-0.013583677807645744,-0.013986838264366419,1.2109544690303711,1.9924477108934198,-0.011340518980610535,-0.011994855307032811,1.9739064008017302
237,567,565,1.241828386445889,-0.022356106375500451,-0.025855247793148628,1.2114018116899006,2.0445689024151337,-0.01633630038677706,-0.022134172808281088,2.0202898762655455
567,568,565,1.232627316531246,-0.02617130516084154,-0.025735476497524168,1.2114514745340941,1.9910204572463628,-0.022345916219414161,-0.0216390376034565,1.9730763967084655
567,151,568,1.2350934397531868,-0.028076520226354429,-0.032975044851446644,1.2170444370320705,2.0325657455478399,-0.020523447185494183,-0.02861515585199511,2.0180386359019975
565,568,238,1.2322948340781965,-0.022582481049559622,-0.026512435896636544,1.2198379941818107,2.032280491240591,-0.016463125206637168,-0.022961235379368186,2.0222773589738541
239,566,570,1.2327650393742535,-0.012549544233665832,-0.014744507690302999,1.2191327937690328,2.0336472190272015,-0.0091324990780741744,-0.012763791453401726,2.0227109311063076
566,569,570,1.2260735575248793,-0.015324190906689683,-0.015876227096500273,1.2186635223048192,1.9916473492404632,-0.012672738075272191,-0.013570782337376221,1.9854145670214489
566,238,569,1.2290008823110614,-0.01758570058353115,-0.021034436550162239,1.2226485056758811,2.0285522191502494,-0.012681781665266928,-0.018381724312916077,2.0234427839118534
570,569,174,1.2258946052606003,-0.01339200042998423,-0.016464334039466788,1.2250134538860813,2.0231146028839171,-0.0095194414319063891,-0.014590696460576365,2.0224030392736703
15,16,480,1.2154729582335446,0,-0.00097658142426126915,1.2338182392621047,2.0070838157996991,0.00040500010232176822,-0.0012014946514484232,2.0220461281870126
16,571,480,1.2155655754538763,-0.0022765810031178946,-0.00088716498178342817,1.2316203350971655,1.9964069221644181,-0.0024453009461639866,-0.00017080069440585013,2.0096826033481188
16,17,571,1.2183272202787214,0,-0.0016133616970179787,1.2310216898146304,2.0099469896497997,0.00066984629909026144,-0.0019848330751094869,2.0202937454945382
480,571,211,1.2175624940774417,-0.0022765810031178946,-0.0043713380569059268,1.2316203350971655,2.0083632830856395,-0.00098990170657491019,-0.0044351721976994508,2.0198352678944116
17,572,571,1.2184363988168456,-0.0026836670864458512,-0.0015079586843107506,1.2284308271701221,1.9973514729835438,-0.0026979517918666171,-0.00077453710100678069,2.0056312057997454
572,573,571,1.220824316296431,-0.0026836670864458512,-0.0056893712925945583,1.2284308271701221,2.0115554971812997,-0.00094180016168054007,-0.0058865388620146265,2.0177587214687942
572,240,573,1.2209517132460264,-0.0058121530014397793,-0.0055893993911002582,1.2259758179512268,1.9996908680523304,-0.004903371895106751,-0.0045389133927750576,2.0038516198788736
571,573,211,1.2176844763636439,-0.0052720990706520143,-0.0042884842668016177,1.2295856952084456,1.9986376973363702,-0.0047557127308104638,-0.0031451617889870272,2.0084728751081142
17,18,572,1.2216918662527683,0,-0.0026391527159663752,1.2274983195499765,2.0120461722067056,0.0010942000034763122,-0.003247110473672874,2.0167828340992284
18,574,572,1.2218067560727668,-0.0028240534613726553,-0.0025289869915177121,1.2247903868936145,1.9988722766273701,-0.0024621869257122706,-0.0019797491431520278,2.0013480840635238
18,19,574,1.225232411405589,0,-0.0043127690874626978,1.2233198665075946,2.0117123806416588,0.0017755045280428775,-0.005308414097866419,2.0101456730262464
572,574,240,1.224576361031362,-0.0028240534613726553,-0.0070273602086796672,1.2247903868936145,2.0152363205221198,-0.00055531907733663045,-0.0074722276721168775,2.0154107221534354
211,573,485,1.219668892966542,-0.0052720990706520698,-0.0086066151463572993,1.2295856952084439,2.0103908379259336,-0.0029180541471645234,-0.0084031251136960951,2.018480196501923
573,575,485,1.2198153858925207,-0.0088729738451309714,-0.0085232203744549651,1.2275358069393469,2.0006372575797311,-0.0074721042030474662,-0.0068993664618538474,2.0070153080426438
573,240,575,1.223528246640174,-0.0058121530014397793,-0.010415530371199466,1.2259758179512268,2.0148557677750145,-0.0028189641996763347,-0.010395786926170889,2.0168489078305356
485,575,174,1.2220962459422666,-0.0088729738451309714,-0.014365780190024324,1.2275358069393469,2.0139477490308551,-0.0049374760558875963,-0.013979148801626531,2.0183756170058627
120,121,577,1.0568939147581009,-0.0052633077520320981,0,1.4239520071420189,1.8589765720246505,-0.0064029930767936089,0.0021188083363409826,2.1577515539062802
121,576,577,1.0585348322346135,-0.0032724025432116499,-0.0037404475861460562,1.419413767596664,1.8492563292755326,-0.0025127864478041015,-0.0032675610798331015,2.1467110906519071
121,122,576,1.0608193960258969,-0.0033677584664681959,0,1.4192576442113904,1.8673686619588101,-0.0040973121500058503,0.0013685594218586384,2.1577960656301327
577,576,241,1.0585348322346135,-0.0086319142358668444,-0.0037404475861460562,1.4228397813202127,1.8666724422716281,-0.0089726785038075733,-0.0010324939717593646,2.1612753565526335
122,578,576,1.0619329275396039,-0.0020167242294910903,-0.0035480753336015747,1.4149528075794089,1.854421110077364,-0.0010534235931122021,-0.0035260515010820427,2.1449339542631249
578,579,576,1.0619329275396039,-0.0070377512886317106,-0.0035480753336015747,1.4178363420781666,1.8690771276676086,-0.0071191474168547644,-0.0014530229439039984,2.1572799114721919
578,216,579,1.0632710542801673,-0.0054142183956128187,-0.0069521228581541639,1.4137062526344832,1.8588012403441956,-0.0038285855397702118,-0.0063152430713328666,2.1462552672433208
576,579,241,1.059918066804749,-0.0069536525620667589,-0.0077207679627683268,1.4180105070367623,1.8532153544999712,-0.0054120893122603549,-0.0066506516046349502,2.1475763020758651
122,123,578,1.0641644408997886,-0.0021098658688414318,0,1.4148047136629647,1.8719772377438713,-0.002567801268577891,0.00086023043893803828,2.1557597806579105
123,491,578,1.0649072247757925,-0.0012086552297145559,-0.0030211883786608884,1.4111391425626536,1.859232758809485,-0.00027228935390861964,-0.0032025165363531089,2.143661408828645
123,124,491,1.0668389537554868,-0.0012892841012046574,0,1.4110130404996353,1.8743307286000332,-0.001569769564739123,0.00052575948443196892,2.1530289733124781
578,491,216,1.0649072247757925,-0.0054825108848888249,-0.0030211883786608884,1.4135421784738134,1.8714617048932203,-0.0054449001135471959,-0.001447230338301379,2.1540255052454365
241,579,580,1.059918066804749,-0.012702586797473714,-0.0077207679627683268,1.4210474238507027,1.8684876422256569,-0.012299455351085934,-0.0042093840998512731,2.160399849915339
579,497,580,1.0617392869761204,-0.010492913895075479,-0.011757138444610571,1.4161501255350075,1.858217039437482,-0.0080921657603855203,-0.010136438254215358,2.1485720793242669
579,216,497,1.0632710542801673,-0.010556848925628692,-0.0069521228581541639,1.4159495671228255,1.8700661130353609,-0.010019090590314564,-0.0041656022910328896,2.1557845693959452
580,497,173,1.0617392869761204,-0.017256064422837447,-0.011757138444610571,1.4186264156248598,1.870395098931068,-0.016192028078212854,-0.0072592299381853305,2.1588655644260508
131,581,583,1.1951978024082575,-0.037764183858740197,-0.042688204695600973,1.2528379457869163,1.9708043165230564,-0.029551315218241156,-0.037576270270773038,2.0188978998432896
581,582,583,1.1969457735887794,-0.042502613742894546,-0.044389989627991344,1.2574511732073095,2.0038615951860463,-0.033272398389183139,-0.036391549191399281,2.0523702693867296
581,242,582,1.1970618551844454,-0.042231183010275231,-0.047398446966008478,1.2504165716011961,1.9679319527876178,-0.033387486955125723,-0.041791604422640738,2.0126845541538296
583,582,244,1.1900806839935241,-0.040931911467968041,-0.045438584514360336,1.2576910871007336,1.9620093014076012,-0.032553015656310677,-0.039882050835320544,2.0187111182594895
242,584,582,1.1991161292266259,-0.047800351191479074,-0.049471179402873933,1.2560357807712084,2.0075341163398521,-0.037503680170136028,-0.04026706363714147,2.0530426388317373
584,585,582,1.1913166640879047,-0.046015801548516588,-0.050855191177406223,1.2563524483470196,1.9602964157215186,-0.03681512071940779,-0.044674858309200954,2.0150059272713698
584,243,585,1.193092729397079,-0.050830741621990416,-0.053356429043572629,1.2631333422549691,2.0041858639551453,-0.039458658606638372,-0.0436378279152978,2.0600481050079926
582,585,244,1.1916599453565253,-0.045213115423281547,-0.047681901597977028,1.2637724731185287,2.0014973042615272,-0.035090012207935062,-0.039172739113872285,2.0591459800258156
242,586,584,1.1991884203364607,-0.047631314672022251,-0.052858821861001104,1.248114539949301,1.9665637496736665,-0.038050479383364297,-0.046539721077600724,2.0077485903815626
586,587,584,1.2014664674197839,-0.053806849901339771,-0.055231866763727044,1.2545476038244132,2.0111985250719888,-0.04229395912122734,-0.044652373694003225,2.053524868348974
586,165,587,1.2012955019584026,-0.054206627156080489,-0.058914435597241521,1.2459364653712794,1.9647818732874884,-0.043982764830925516,-0.051614750167938053,2.0025075192950079
584,587,243,1.1926797163125356,-0.051796479932838535,-0.056868147473888797,1.2549219776469551,1.9582032776963065,-0.041756235190912677,-0.049980288869994102,2.0107492518626593
244,585,589,1.1842858867295187,-0.043525689074767615,-0.047764013306892394,1.2637912629692951,1.9550795934498268,-0.034914518034926359,-0.041799795797551165,2.0218910762907734
585,588,589,1.1856664447633607,-0.04726823014712922,-0.050331954864326178,1.2707526702513698,1.9978912254086432,-0.036398127412721082,-0.041466458894099625,2.0657722826756464
585,243,588,1.1849406035114283,-0.048965501752348928,-0.05356952323006503,1.263182099079655,1.953090563768763,-0.039463376545409601,-0.04693345584246772,2.0190174739103885
589,588,144,1.1779655590781075,-0.045506301406514127,-0.049464004698288377,1.2705540870746481,1.9479771244733912,-0.036755570356966596,-0.043178820264217904,2.0259068255290953
8,463,591,1.583098721015979,-1.2289585122719906,-1.1208841853298357,1.8100931521956838,0.22046211526693149,-1.9916549965098265,-1.96543647408156,0.60271652251285746
463,590,591,1.6990204768963331,-1.0480886219433629,-1.1301731542993068,1.795599800313503,3.4009295158631287,0.32112856282875013,0.16186387935620328,3.3795146961244789
463,205,590,1.3071124930984943,-1.0443113007719251,-0.90886774845637186,1.7934667955537043,-0.25347569562670502,-1.9339310103553224,-1.9142183569541487,0.7047385561699806
591,590,246,1.6718078915121861,-0.93597462594765446,-1.0341697474773284,1.4000723112464692,0.38499587455494511,-2.0443189840587568,-2.0508769206611994,-0.17984112443935052
205,592,590,1.4201944217410576,-0.86787537641095447,-0.90734654718838126,1.7958402477496365,2.8607792121426243,-0.03922915266675675,-0.10983836219203647,2.8923226428572719
592,593,590,1.4111981241075586,-0.83081166197436929,-0.83328511816548012,1.4907156545115319,0.70413727222984246,-1.4003691888967047,-1.4016836614314241,0.83803112106042665
592,245,593,1.4791636892321929,-0.72476574552569983,-0.79911560437129658,1.5440299674031397,2.6495510372372011,-0.11105176060871447,-0.24174270019519328,2.6645682586456934
590,593,246,1.7371921477475305,-0.83395513587435832,-0.97519942580832808,1.4920840965373385,2.973268452594624,0.11269216204157573,-0.14719706111748532,2.9685936565607056
205,462,592,1.1418965659331484,-0.86519307361771514,-0.72809587977659485,1.7941125859805833,0.2080814774909796,-1.3699455630433846,-1.2994873207228497,1.3008191679925492
462,594,592,1.2473935168223695,-0.7005884778156013,-0.74285031714841487,1.7710915585536753,2.4770957329556396,-0.1845060715383724,-0.25610796222269583,2.6369561353814697
462,154,594,1.0528639131045792,-0.69871355392190093,-0.59401047169118648,1.7696570037237196,0.67217143795280299,-0.95157098752125113,-0.86435035618509992,1.6790683830755038
592,594,245,1.2527321130951634,-0.72258329587564685,-0.68747660891647544,1.5429539404164476,0.93083668478862192,-1.0342229883983571,-1.0055730544014647,1.3506722768029649
246,593,596,1.7050392471996196,-0.70148737831322006,-0.8977657565601187,1.1730626598941143,1.0000981264191384,-1.4937630165367026,-1.5608757907557798,-0.015998883316043155
593,595,596,1.7229602941322346,-0.6735265987125848,-0.81183346789939037,1.30713595331583,2.6995201998771425,-0.053432362532902289,-0.29541067928221221,2.6018621093092262
593,245,595,1.4661257704995319,-0.67105121778230714,-0.74145058628428551,1.3064576004195638,1.1742595508363591,-1.0534145624697449,-1.1068460085930587,0.93006527704182962
596,595,157,1.6890785238128245,-0.53393601559471637,-0.75220336498647677,1.0614639958436509,1.4127625792860798,-1.0023550722155634,-1.143478292094199,0.3656317516512162
89,597,599,1.1297468037045535,-0.0022301688096169059,-0.0020777433612675367,1.326589226200297,1.9201855123079119,-0.0019036914025076291,-0.0016552897590341375,2.0828068577915562
597,598,599,1.1324134980189748,-0.0033908756148104402,-0.0039615194561365419,1.3274091595990924,1.9432503592284338,-0.0024951401657979638,-0.0034332277819650731,2.1004788567329249
597,247,598,1.1323707494152666,-0.0040778277208852742,-0.0041989033433820211,1.3235945002383414,1.9234059992493795,-0.0033173430620755621,-0.0035147671290604648,2.0812535512165935
599,598,249,1.1302894488503137,-0.0053877852260342252,-0.0055058577928814856,1.3259572609739916,1.9206617804097734,-0.004403827389770687,-0.0045962519142179296,2.0823180622700477
247,600,598,1.134914689589416,-0.0051851472019199818,-0.0058011546159068006,1.3242919238906765,1.9448557466362366,-0.0039267397685106651,-0.0049393572286261789,2.0976857850063841
600,601,598,1.1330742907176949,-0.0069155112650245432,-0.0073936752231951175,1.3227946178061383,1.9240870738465994,-0.0055157399252216618,-0.0062954798296007437,2.0806877636931675
600,248,601,1.1357470114224051,-0.0080788859912708233,-0.008747673736512751,1.3233839826608325,1.9458270429039943,-0.0062380511815089915,-0.0073376002556403367,2.0972123622719976
598,601,249,1.13309340498955,-0.006608344835222546,-0.0071522735156118733,1.3266739442711994,1.9440972763598314,-0.0050990189178642155,-0.0059933219159636463,2.100141232071898
247,602,600,1.1348945594266207,-0.0055086390034588817,-0.006023414203097488,1.3207202113815448,1.9264193760418085,-0.0043362701707904457,-0.0051760805749728658,2.0796998671472791
602,603,600,1.1373146817789839,-0.0065620227634930473,-0.0073624050942143748,1.3213030212788048,1.9463116715246906,-0.0049659763289645713,-0.0062815684023512352,2.0949294172383359
602,167,603,1.1373273941783557,-0.0063577344516607681,-0.0075634422292392145,1.3180723536660066,1.9298698894072366,-0.0047495186459843557,-0.0067179283013173788,2.0787569613427994
600,603,248,1.1357498517554783,-0.0080332418267472505,-0.008971295656503564,1.3197903774578315,1.9274484817648223,-0.0062458900730585718,-0.0077764959271041361,2.079213108918792
249,601,605,1.1311513761765131,-0.0084341293129286399,-0.0089149431072312879,1.3250167830807476,1.9216988123744194,-0.0067728200007472414,-0.0075565397252352357,2.0818207535755349
601,604,605,1.1340438860647555,-0.0096932848555759676,-0.010253150531829069,1.325599326048966,1.9450018702756462,-0.0075785546701585445,-0.0084991450961695147,2.0994039372543751
601,248,604,1.134044751967477,-0.0096793697951618185,-0.010493128033925103,1.321742886572129,1.925258117124597,-0.007659127157088181,-0.008986369229822249,2.0801387198076497
605,604,145,1.1324063207203148,-0.011232884617766281,-0.012120821053940745,1.3238433869034205,1.924222197202065,-0.0089048451493467518,-0.010353128868775693,2.0820853688325212
50,606,608,1.1594944607497504,-0.0016016704881021693,-0.0023774834315410942,1.2918016851236249,1.9476951552498132,-0.0010107315795371318,-0.002278197754625109,2.0570523503099709
606,607,608,1.1601904039146804,-0.0035856493966233138,-0.0033274005902992343,1.2945096873036714,1.966156331522054,-0.0030082000041315102,-0.0025830684325581551,2.0747936437174435
606,250,607,1.1591161553157896,-0.0047156196382689697,-0.0054629796621270543,1.2922633350139554,1.9473917606040063,-0.0035957344863780244,-0.0048166991960571399,2.0574355678271194
608,607,252,1.1572770830832635,-0.003675992272423878,-0.0042635144971807648,1.2944806581553852,1.9464260794848629,-0.0027981074802030555,-0.0037581137296335866,2.0597249297858689
250,609,607,1.1597153697052653,-0.0064236693589703187,-0.0064771911626291256,1.2951543264530638,1.9661011937907777,-0.0051705495303989314,-0.0052586677291599684,2.0755917431200923
609,610,607,1.1567344205237271,-0.0065161902126433802,-0.0070819493931626454,1.295135556341819,1.9459426302275518,-0.0051520389781906911,-0.0060764462463206177,2.0602255508062974
609,251,610,1.1572469497556179,-0.0079772968623124108,-0.0080660807312398219,1.2979410955242541,1.9636383947456835,-0.0064135952575473214,-0.0065597265708695549,2.0774093523752217
607,610,252,1.1578585564905604,-0.0053337036618699152,-0.0051909617065160063,1.297124699624403,1.9637899452990017,-0.0043749930892550606,-0.0041400775127720026,2.0764644104481529
250,611,609,1.1584788677965276,-0.0077244021855065181,-0.0084580628875201569,1.2930705570229333,1.947011920172919,-0.0060860925118329558,-0.0072847141924765046,2.0582186771491711
611,612,609,1.1589935524042945,-0.0091915013005876567,-0.0095101299979987175,1.296069455189885,1.9656771679775542,-0.0072946681881620647,-0.0078192738022983977,2.0764566614834501
611,146,612,1.1576706463446733,-0.010583026950614527,-0.011182659370938097,1.294310171145534,1.947607429703623,-0.008487045432550893,-0.0094671848207466998,2.0603195883616561
609,612,251,1.1560045474104053,-0.0092841886505014293,-0.009855546346200228,1.2960587440247981,1.9454768541729217,-0.0074331661487186083,-0.0083667407250783421,2.0610920005776761
252,610,614,1.1550956819945557,-0.0054193811556609572,-0.0057962597083758283,1.29710592916781,1.9450387012944148,-0.0043193429630895997,-0.0049352177550642373,2.0622181358891036
610,613,614,1.1555942962710524,-0.0068408193677247375,-0.0066989609804561923,1.2996793293745394,1.9614857870468334,-0.0055956110764291914,-0.0053622161645969675,2.0780946876467361
610,251,613,1.154430806393131,-0.0080647025750895107,-0.0083600956795439885,1.2979319700704646,1.9445545851455559,-0.0065338452438173031,-0.0070165580932198893,2.0629425627034239
614,613,166,1.1530440539756301,-0.0069199722079368031,-0.0068329764122498915,1.2996751698866043,1.9441811399796063,-0.0057380936216135242,-0.0055958907177763913,2.0650217551305183
58,615,617,1.1870478521716155,-0.0029839974941312519,-0.0025432224622985444,1.2650417081864713,1.990722303427054,-0.00259586219780371,-0.0018688534171645843,2.0537233038515139
615,616,617,1.1859764015851386,-0.0048231853675914649,-0.0044184375798987929,1.2618228262819351,1.9673824905101103,-0.004168824706133052,-0.0035077870496747175,2.0303847963574326
615,253,616,1.1899268938874963,-0.0051744408983058765,-0.0052696432049348374,1.2618985106930634,1.9927941079293647,-0.0041417085749876643,-0.0042987240601696768,2.0509582875056531
617,616,255,1.187614452630253,-0.006585148144929498,-0.0069380459882530943,1.264533032561669,1.991509350980774,-0.0051684898465687648,-0.0057506392138791627,2.0536162684106318
253,618,616,1.1887766442432544,-0.0071488297397977463,-0.0070652870484781971,1.25881631094127,1.9696390412477194,-0.005973090843757611,-0.0058366468237588624,2.0278311964371367
618,619,616,1.1904799529050731,-0.0089810552462905591,-0.009429788784273363,1.2613597726681913,1.9932141335778208,-0.0070695106306074285,-0.0078095870840524731,2.0504971002089065
618,254,619,1.1893433300631671,-0.010932113908179941,-0.011277791804655379,1.2581876014191373,1.9696070932202878,-0.0089497788873893064,-0.0095142185245956287,2.026840134394885
616,619,255,1.1864285088462034,-0.0086207180759946267,-0.0088184952985805865,1.2613054039636877,1.9673097649027975,-0.0070854134366650171,-0.007408359435107573,2.0295401354972964
253,620,618,1.1927037153467548,-0.0074979936904202571,-0.007631948753521911,1.2588666939963229,1.9946364766857918,-0.0060071163335680064,-0.0062280157386411239,2.0481404992600707
620,621,618,1.1915761500882429,-0.0094333619316559203,-0.0093814191826311344,1.2558638793193708,1.9720244816413621,-0.0078588833870615622,-0.007774044002571364,2.0254402188221392
620,170,621,1.1952418143324546,-0.009759292155277377,-0.0094335870685728906,1.2558685177940383,1.9950365515079316,-0.00804578108098296,-0.0075090485891745728,2.0441713391971184
618,621,254,1.1932961795590717,-0.011283579027271617,-0.011565410195476744,1.2582131748268992,1.9946105978546926,-0.0090119781659993917,-0.0094766270385866942,2.0471391663998562
255,619,623,1.188172976769013,-0.010497293657476092,-0.011277672217463675,1.2639508130859625,1.991670166240054,-0.0081503838656313103,-0.0094375447549999159,2.0528769292642957
619,622,623,1.1870331664506462,-0.012453763529269302,-0.013189838518178121,1.2606686040228203,1.9674055300794404,-0.010060364621078288,-0.011262056693962106,2.02863272510166
619,254,622,1.1910936005473554,-0.012814785057294831,-0.013619860817119189,1.2607068381878754,1.9932472488904409,-0.010023953016538811,-0.011351446024329179,2.049537419757951
623,622,149,1.1887732869626324,-0.014325587032490095,-0.01542979305381742,1.263078092053723,1.9904360496601858,-0.011132481144985693,-0.012952377258822086,2.0505804909057872
81,624,626,1.1018145130083774,-0.0028246463426642165,-0.0034058973121581237,1.3663146677872815,1.9189645218875597,-0.0020200957800108358,-0.0029738658860767727,2.1309690766775309
624,625,626,1.0983761450141278,-0.0048277268637582083,-0.0057156949340955165,1.3649690553828182,1.885954088677479,-0.0036513428335410558,-0.0050906922244857832,2.1069985098670894
624,256,625,1.1013550096722735,-0.0075970999908694381,-0.0079040708148084282,1.3670035316184173,1.9187199069679388,-0.0059587252434609179,-0.0064624306345886541,2.1315852279963288
626,625,258,1.098465830986799,-0.0058364049162946685,-0.0062159864235556972,1.3705957217417142,1.9153942872249763,-0.0045203472977014755,-0.005142816595657471,2.1335780202698791
256,627,625,1.0979508167846945,-0.009580417455485879,-0.010430156079654029,1.3655318086026162,1.8851606983816049,-0.0076101938509944046,-0.0089872603564369151,2.1071015263482815
627,628,625,1.0980226911550495,-0.010388535559212819,-0.010936906543661973,1.3712294477194793,1.9147997422888974,-0.0081004329647493128,-0.008999561336473328,2.1338729956249902
627,257,628,1.0947210060427381,-0.012311989112270716,-0.013415455572051371,1.3697855262754559,1.8819116345428368,-0.0097746564060195995,-0.011562022864123583,2.1100323639356686
625,628,258,1.0951831892622055,-0.0077488232791509404,-0.0086991010514494427,1.3691490960024861,1.8827903000542474,-0.0060480382115099176,-0.0075876757811535987,2.109914444898537
256,629,627,1.100870309245396,-0.012294382722240371,-0.012702757218499894,1.3676444225720079,1.9177536641355997,-0.0096851339098280691,-0.010355036094253804,2.1316260749965035
629,630,627,1.097484264400598,-0.014267042208694569,-0.01514206630060233,1.3662233172937959,1.88443920550674,-0.011489807831826352,-0.012907564994946077,2.1073812530181906
629,148,630,1.1002106228058814,-0.016801571867016918,-0.01724418667836175,1.368177530808965,1.9146716438537768,-0.013321624679608172,-0.01404690304741011,2.1300834914655913
627,630,257,1.0975437635710377,-0.014936233494050377,-0.015642909205094924,1.3718563320827508,1.9136305081641642,-0.011689634357125969,-0.012847884424900015,2.1337462212900942
258,628,632,1.0952545074531379,-0.0085509439054742842,-0.009194227052148729,1.3747178123790507,1.9117842397938973,-0.0065898704841028891,-0.0076440682727134373,2.1359502157989976
628,631,632,1.0920992191705015,-0.010389247010944125,-0.011665466676312519,1.3732780429923812,1.879951120879116,-0.0081046359640647055,-0.010171592837377261,2.1129574791189101
628,257,631,1.0947708809957521,-0.012872921541036142,-0.013911656130342509,1.375366182847511,1.9107867543411678,-0.0098970237311459888,-0.011598756454041813,2.1359766006625853
632,631,169,1.0921386992952598,-0.010833271133892985,-0.012127395083537884,1.3784732483554754,1.9067948960701071,-0.0081691702449401792,-0.010287317235774158,2.1369593856359148
104,105,634,0.7750058132157136,-0.079724763216302286,0,1.9753831800198647,1.2959615707244723,-0.088980438203307644,0.017394029088090762,2.373803659004484
105,633,634,0.81778530921180792,-0.058097476362793277,-0.10099570690186888,1.9243245344402382,1.6893678518497182,-0.023290841801343332,-0.088289708028337799,2.4654429332923957
105,106,633,0.82049518713123426,-0.059954004026678831,0,1.8551327371076485,1.4192856642804841,-0.068504627920234207,0.015569851336646137,2.3327910830115024
634,633,260,0.81778530921180792,-0.15777754410058087,-0.10099570690186899,1.8587644078560366,1.2557167671646217,-0.16387052602419905,-0.089010486689716978,2.2729928869312657
106,635,633,0.85481302773273882,-0.042604529340266595,-0.075667258016391292,1.8168789555603302,1.6949591597643452,-0.018235651879170603,-0.068964532393044023,2.4042773163894848
635,636,633,0.85481302773273882,-0.12095429445374295,-0.075667258016391292,1.7708191369294561,1.4056082630358953,-0.12335891478618019,-0.060127083890884864,2.2604194148590504
635,259,636,0.89580596707422711,-0.10022868755084691,-0.12302633759872905,1.7468748752474661,1.8001616350405216,-0.060151167996563781,-0.096357027123334188,2.3967854227990064
633,636,260,0.8700168507120436,-0.13136981597822706,-0.16028587239047054,1.8287879123213342,1.825462313928901,-0.072805387704899138,-0.11866683542215761,2.4548963827894004
106,107,635,0.85940328736323846,-0.045749299784480613,0,1.7650395879080993,1.5147900542269748,-0.053129686410574285,0.013393896264713635,2.3013851312325388
107,637,635,0.88707940772402871,-0.031757564255625592,-0.058193096807967692,1.7356199145749955,1.7117879151006525,-0.013678830975008383,-0.054687343234837676,2.356713337877383
107,108,637,0.89256929660431528,-0.035518464121237159,0,1.695754187829507,1.5885718515161542,-0.041726838641187716,0.011310328722316833,2.2763854103246013
635,637,259,0.88707940772402871,-0.094250476223972868,-0.058193096807967692,1.7024602555904651,1.5110783384867768,-0.094985999407912663,-0.042653741600245931,2.2472773562035449
260,636,639,0.8700168507120436,-0.19110122888064929,-0.16028587239047054,1.751506198887351,1.3345090311722885,-0.19454437640373573,-0.15292457623313399,2.2061693154088085
636,638,639,0.91845761659860337,-0.16661196283975643,-0.1891129217546399,1.7369326621537176,1.8831045076289474,-0.098134007219405295,-0.13458498287528037,2.4185595580577934
636,259,638,0.89580596707422711,-0.15109345630540361,-0.12302633759872883,1.6916571475845521,1.4603870178065836,-0.149038694549503,-0.10922259224856065,2.2101962419089372
639,638,142,0.91845761659860425,-0.20187880628164123,-0.18911292175463967,1.6647208875997637,1.4435980406765356,-0.1985119556546453,-0.18066707957274591,2.167315108925099
143,640,513,1.1352697723299618,-0.039349688807180261,-0.044488274153533958,1.3225707378692366,1.9283528530245464,-0.030272587009098947,-0.038657725557808567,2.0823488906519829
640,641,513,1.1336415284163683,-0.042612210805550887,-0.042171580779539752,1.3272127101395128,1.9403748019263101,-0.034658602493502694,-0.033935690400160257,2.0969834895852464
640,261,641,1.1333830357462071,-0.042697948256066987,-0.049084473069735957,1.32491982593401,1.9249992261385802,-0.03258378673631869,-0.042995610039626,2.08272262081138
513,641,221,1.1295161672869698,-0.040607684115762321,-0.046560722937194043,1.3293454089080146,1.9213991887740673,-0.031040587908969311,-0.040742621113327521,2.0859586284267393
261,642,641,1.1315493595861339,-0.04637225470059203,-0.046390321058821016,1.3303183473914979,1.9393497839105953,-0.037457364729299183,-0.037487006950830334,2.0999384348683248
642,643,641,1.1271315334040271,-0.044225894900613127,-0.050860760108323966,1.3324902686642206,1.9183044056248508,-0.033774214037196645,-0.044579999397786063,2.087526071607348
642,262,643,1.1253158569850523,-0.04786382003965528,-0.047840682560487124,1.3385413556962065,1.9360638931833516,-0.038556118082445121,-0.038518143316670445,2.1077820190617449
641,643,221,1.1278252363920442,-0.0439958123908748,-0.043826885905156487,1.3348232144029613,1.9371837953867788,-0.035564872678094189,-0.035287653285677831,2.1041831007603142
261,644,642,1.1311743094291695,-0.046496652209633726,-0.053930876550981388,1.3278172783941966,1.9217083732462008,-0.035337572519479638,-0.047447371336347591,2.0838061301691728
644,645,642,1.1292723129854183,-0.050307858322748533,-0.0509701598886938,1.3337499400874293,1.9382550192649526,-0.04030421985770144,-0.041390957480709076,2.1031954110976683
644,178,645,1.1291634779680781,-0.05034395697462779,-0.05960743440884464,1.3308851087701639,1.9201309312179891,-0.037737479418112271,-0.052823883008459763,2.0862787669705511
642,645,262,1.1246775497128159,-0.048075535281457693,-0.055561373983993967,1.3359805387939065,1.9160057224387264,-0.036587905047108932,-0.048775169738484919,2.0900505968680489
221,643,514,1.1233538997141728,-0.041823266588269181,-0.047747876647191489,1.3367283565544854,1.9143302638083135,-0.032103619954762713,-0.041747859255346118,2.0902576740668453
643,646,514,1.1216929714995842,-0.045151565162738105,-0.044663864102668427,1.3429083434229221,1.9338950228375293,-0.036519402820127486,-0.035718827732743652,2.1118177602729356
643,262,646,1.1205284641198645,-0.045537811680991247,-0.051893424885513184,1.3405104258746898,1.911022571706912,-0.035010481190504567,-0.045349444457370922,2.0924606270314499
514,646,158,1.1168134189969336,-0.042780674292296705,-0.048259813426935416,1.3446555535244311,1.9069509847995316,-0.033118044725281987,-0.042026263602140887,2.095010605698242
0,101,457,0.52876816285293682,-0.26455476400412614,0,3.1778491715166934,0.40707678834991157,-0.22662325853522478,-0.0038192688661040641,2.7145798311521068
101,647,457,0.62452913551467581,-0.21342319233389961,-0.35564373538158911,2.9879531978305822,2.3946606798576324,0.0398295531818883,-0.17000706585415187,2.9353082747849575
101,102,647,0.59515172713361153,-0.18997566282611977,0,2.7040967435290595,0.63147063102402701,-0.18086290420718526,0.0045572266969368114,2.5886633283211467
457,647,204,0.62452913551467581,-0.53419821355038444,-0.35564373538158911,2.702609651524587,-1.0023347294175213,-0.73242727964590282,-0.66488693434952284,2.2608643660317105
102,648,647,0.67344890030857751,-0.14816888694975727,-0.25072040748127744,2.5702245811231856,1.9210838931804544,-0.014767052665872304,-0.16295953087731513,2.7661992327130056
648,649,647,0.67344890030857751,-0.37068042988321181,-0.25072040748127744,2.3625558460034335,0.068541113181723734,-0.45444398269817277,-0.36140255662506804,2.2861951189868144
648,263,649,0.78199459172649277,-0.31272695603627731,-0.36959252729304981,2.2990890036382448,2.1567565431300353,-0.085489488241955569,-0.17582464358275685,2.7377720627374353
647,649,204,0.77659376491161858,-0.45300960617517649,-0.54805076056104385,2.5998818936924257,2.6299616466434004,-0.0011245713903660359,-0.15730329422637301,2.9185153205730323
102,103,648,0.66037230971269256,-0.13773182797297689,0,2.3701125060087236,0.8710336516247561,-0.14146723189422797,0.011201162106143747,2.4880973253450351
103,650,648,0.72326323869945064,-0.10415121623198775,-0.17146646951897104,2.2785579840405843,1.7227696731424045,-0.031834038987199498,-0.1295172841536984,2.6332659076316123
103,104,650,0.71941555103704946,-0.10108019074088226,0,2.1417023073420118,1.084641442253603,-0.1091757828510687,0.014517894378768909,2.4165607843833392
648,650,263,0.72326323869945064,-0.26584819056561759,-0.17146646951897104,2.1409468101195475,0.68105684263901578,-0.2984218514562742,-0.2002656269107414,2.2976983822047905
204,649,461,0.77659376491161858,-0.55170188026137268,-0.54805076056104385,2.2391272201055319,-0.45560253630436653,-0.90389824123191886,-0.90209365333768454,1.9461407899420258
649,651,461,0.89066130647845387,-0.49079551606357796,-0.56504671334615297,2.2300522310595738,2.4013671112955786,-0.086531879492184771,-0.20974588596443788,2.7772109060921006
649,263,651,0.78199459172649277,-0.40406335890357425,-0.36959252729304981,2.0740507984126699,0.45642460180839661,-0.51748199846127807,-0.48623281606376856,2.1326943478132194
461,651,154,0.89066130647845387,-0.49155399276765177,-0.56504671334615297,1.95723637738375,0.54754133897256452,-0.67017877944916837,-0.73504387290354745,1.9660293651478895
140,652,654,1.2077227445345835,-0.012239087178917196,-0.013728355936359016,1.2397536401637179,1.9894604362198034,-0.0095208074616153944,-0.011958068806950287,2.01595467521497
652,653,654,1.2105358133036215,-0.012170347342137622,-0.011860879545503522,1.2397992736099059,2.0069774517766104,-0.010003672570440963,-0.0094937270836692698,2.0307199507976339
652,264,653,1.2081396447068082,-0.0098241323413948978,-0.011203957391405339,1.2391560464954523,1.9892749293167404,-0.0075741667546889886,-0.009831813071359741,2.0149487242581636
654,653,265,1.2103118934097041,-0.012460832143270317,-0.014215634824649825,1.2367445177013892,1.9898287458508688,-0.0096232964950286222,-0.012492853705805301,2.011742738050065
264,655,653,1.2108484696693242,-0.0097579397947221702,-0.0092812726188711281,1.2392030290075393,2.0061235985321915,-0.0081275226487688944,-0.0073424418181838452,2.0291625780818454
655,656,653,1.2108077739906218,-0.0098107331215142937,-0.011453667865815476,1.2363848434937381,1.9913595415022525,-0.0074586778324018353,-0.010146712376935376,2.0125355101684756
655,212,656,1.2134555985954074,-0.0097460311728250204,-0.0091886700348187134,1.2364401907297973,2.0078175964798244,-0.0081560559151584947,-0.0072382314188138269,2.0265045253988889
653,656,265,1.2134363228928926,-0.012384483930575452,-0.011879305743779156,1.2368016079799675,2.0092363268279478,-0.010261028497489631,-0.0094286100848837151,2.028196844740155
264,657,655,1.2086588806532448,-0.0076139977524886104,-0.0087594941843116558,1.2386921282337564,1.9903120370129814,-0.0058342995802692296,-0.007709080589237402,2.0151541227011043
657,487,655,1.2110465338161738,-0.0075556533243280599,-0.0069844084921779626,1.2387355040310677,2.0051430689677066,-0.0063861861830289534,-0.0054458059999492481,2.0276750006246567
657,182,487,1.2091140501082942,-0.0056635028448357438,-0.0066040323861047412,1.2383630668257446,1.9915663381141286,-0.0042981271067570725,-0.0058380737057165902,2.0157336954058955
655,487,212,1.2111205388097632,-0.0074596510307947117,-0.0089408461824698193,1.2361975333305253,1.9925516883136662,-0.005569246090235222,-0.0079937095521885396,2.0132899720319983
265,656,658,1.2134320947590633,-0.012389968966286746,-0.014411723288711542,1.2335163759532097,1.9922548499478749,-0.009459936754109232,-0.012765839030911878,2.0089100941905649
656,486,658,1.2164825952109917,-0.012315427275209179,-0.011428339756665018,1.23358927758267,2.0112301981558733,-0.010371011970479932,-0.0089095866654155011,2.0251212996124077
656,212,486,1.2136288949166998,-0.0095212188680894316,-0.011404378665988979,1.2335658160155454,1.99407704662964,-0.0071178873026898036,-0.010199539163844345,2.0105762727347054
658,486,174,1.21659655728243,-0.012167587576469185,-0.013750276251887961,1.2305770965331959,1.9963804798876903,-0.0094315736335974579,-0.012021341845790765,2.0079525495956418
139,659,661,1.0745758736032878,-0.016544731385502054,-0.015822386087122275,1.397673575253864,1.8666441315247642,-0.013919003511111267,-0.012750421094859254,2.1328658549087018
659,660,661,1.0746254728080666,-0.014466124352943144,-0.015719307548471617,1.4019933980474144,1.8894052046366754,-0.011102330562155812,-0.013147507046379573,2.1524002497705257
659,266,660,1.0714423170610869,-0.016919992874661283,-0.01627166625507126,1.4015675892744359,1.8613976600629532,-0.014226889577382499,-0.013179457052046362,2.1339820345303622
661,660,267,1.0735368893853687,-0.013357153882141759,-0.012760436306048506,1.3989791129073579,1.8656016976613694,-0.011242700031153168,-0.010277493803393229,2.1337573613989003
266,662,660,1.0715004974352755,-0.014481700354204374,-0.016159916141356145,1.4062509463383472,1.8861343484207462,-0.010939897596154172,-0.013677060063569189,2.1550672106414526
662,663,660,1.0706669248644944,-0.013632475937941813,-0.012840604582490214,1.4028693086504254,1.8624576006397655,-0.011547646367829439,-0.010267523700841618,2.1362093271875962
662,215,663,1.0707227370282197,-0.01129605251513599,-0.012746490864589344,1.4068091217705589,1.883297724784045,-0.0084985649060070785,-0.010862110799521991,2.1539371243380554
660,663,267,1.0735839758613146,-0.011383850469813606,-0.012664367726296311,1.4030051618404071,1.8867804711093132,-0.008633063432004498,-0.01072125956386169,2.151902983851318
266,664,662,1.0681117695598772,-0.017094042734874471,-0.016292791108009963,1.4061485141220456,1.8579658824127701,-0.014428516811056613,-0.013134794705370257,2.1370403264949136
664,496,662,1.0681868324159693,-0.013948303176112287,-0.016184711711395794,1.4106779132299201,1.8821271578033454,-0.010289431952812823,-0.013933899628642818,2.1574489284664846
664,173,496,1.065132406809131,-0.01630282464917876,-0.016122192681556458,1.4107261063821459,1.8573032330231016,-0.013493402326262779,-0.013201636671644798,2.1418254336878317
662,496,215,1.0677971030071003,-0.013551294256705759,-0.012541772637734816,1.4069669299882408,1.8602943341960991,-0.011556140473656131,-0.0099245146786763327,2.1395098867768656
267,663,665,1.0726962004426497,-0.010479492852399019,-0.0099411264156383794,1.4002310548178749,1.8656971957212083,-0.008839801716114367,-0.007968768844110935,2.1352968899536062
663,495,665,1.0727394271475093,-0.0086679450036752925,-0.0098566989804491634,1.4037692458293622,1.8842951365719489,-0.0064997013555906265,-0.0084367903644677021,2.1512057530497213
663,215,495,1.0701229499903362,-0.01068500338158529,-0.0098031571276189222,1.4038105215739347,1.8633388587836501,-0.0091416608657449439,-0.0077154033079436177,2.1378873135177887
665,495,181,1.0720422763213389,-0.007957724044573844,-0.0074425180475394814,1.4013098040080905,1.866258670247837,-0.0067464760515684053,-0.0059126033501656159,2.1369182970555123
116,117,553,1.0369285112239464,-0.0056044964784636164,0,1.4462753436153337,1.8040895355503439,-0.0068226383129067663,0.0020994793790875092,2.1490643528010112
117,666,553,1.0445524984998453,-0.0059227158025905169,-0.0070829763712001448,1.4465709815633105,1.8709167967298641,-0.004202589789148975,-0.0060936132540281886,2.1891823587176411
117,118,666,1.0438362253518676,-0.0049939049012941439,0,1.4373862931720502,1.8179572481118884,-0.006081918758170728,0.0018994048470008136,2.1475647728713643
553,666,234,1.0445524984998453,-0.011215383865810225,-0.0070829763712001448,1.4360096594406118,1.8165117716302264,-0.010980415624605201,-0.0043806520233063521,2.1451313775721932
118,667,666,1.0501549529088106,-0.0052576436956730532,-0.0059362071679946449,1.4376340658616567,1.8726339845093403,-0.0038992680369755502,-0.0050048880073346215,2.1808545001891932
667,668,666,1.0501549529088106,-0.0097340756923653959,-0.0059362071679946449,1.4288728695335864,1.8275383610077145,-0.0095870472739942765,-0.0035028178161286665,2.1438929845972492
667,241,668,1.0560114792961413,-0.0099785225678994394,-0.0095022846250722992,1.429021714844722,1.8770876158267487,-0.008151318719307207,-0.007374886000646997,2.1743768001196369
666,668,234,1.051521577054551,-0.011506267807138926,-0.011584630922670813,1.4361975550150636,1.876119928971232,-0.0090986808570973181,-0.0092264927600795507,2.1814027230698132
118,119,667,1.0498165832106441,-0.0048188572796430407,0,1.4299361925527614,1.8304925070846345,-0.0058702008753337455,0.001858997577121429,2.1469030048907083
119,577,667,1.0548545870046233,-0.005029139656075543,-0.0047681724241262491,1.4301352123768003,1.8736055249367005,-0.0041266951449742293,-0.003701681986810393,2.1734671851161398
119,120,577,1.0549733478982652,-0.0051831447787797913,0,1.4239520071420189,1.8430203663100504,-0.0063138070628076561,0.002030786992319217,2.1479207830595426
667,577,241,1.0548545870046233,-0.0084783036503122133,-0.0047681724241262491,1.4228826777589783,1.8363188404769142,-0.008490758578582655,-0.0025327967775113959,2.1425873158231186
234,668,558,1.051521577054551,-0.014648270385942297,-0.011584630922670813,1.4267141550338924,1.8272545612187323,-0.013429851476437858,-0.0085239205653239933,2.14124546263744
668,580,558,1.0578410326555749,-0.014912040598211718,-0.013888990372759036,1.4268103375881611,1.8802252748499684,-0.012295575398060792,-0.010626306926534129,2.1738769499437112
668,241,580,1.0560114792961413,-0.012539528223848073,-0.0095022846250722992,1.421121783266742,1.8364259439498143,-0.011620663785126084,-0.0067443440280879757,2.1406320285883322
558,580,173,1.0578410326555758,-0.017093357483147109,-0.013888990372759036,1.4187153957361045,1.8385152533960425,-0.015478253650181115,-0.010331641737938244,2.1391422298498979
19,20,574,1.225232411405589,0,-0.0042224685690310793,1.2211023573684336,2.0004020219503458,0.0016949631042416603,-0.0052046543672101672,1.996969145107613
20,669,574,1.2298498125055861,-0.0035670178293058519,-0.0039555171314692994,1.2208961330191261,2.0264901570163669,-0.0027164341969336345,-0.0033577782120894975,2.0192603400295854
20,21,669,1.2297045578351309,0,-0.0037407452103188632,1.2156219805972306,1.9987841588136783,0.0014833493966487825,-0.0046139132370624893,1.9869986977351768
574,669,240,1.2246065867489926,-0.0035670178293058519,-0.0068689318599304272,1.2208961330191261,1.9955299364528647,-0.0016690094002753206,-0.0070535450125316212,1.9924286725028917
21,670,669,1.2354953249912155,-0.0044734622883696451,-0.0040570134907411681,1.2158663030138186,2.0337425843907124,-0.0037757338372118674,-0.0030874132916633486,2.0179501632743317
670,671,669,1.2291117896805528,-0.0044734622883696451,-0.0077965250600868785,1.2158663030138186,1.9963736382618393,-0.0024409536239910386,-0.0078525458403277786,1.9852617759561444
670,239,671,1.2346851269907309,-0.0087790862047709139,-0.009155665023737658,1.2169162924918542,2.0340691557302755,-0.006893707354254942,-0.0075164017157385299,2.0197923564642526
669,671,240,1.2292199047518788,-0.0071309887899214663,-0.0080378907003397781,1.2217992000435025,2.0271771287479741,-0.0053654396383692807,-0.0068633782533654517,2.0211947193969517
21,22,670,1.2353131584527832,0,-0.0037888638551937248,1.2092813544684926,1.9991680999838528,0.0014874442109092051,-0.0046756056671934986,1.9772634876060562
22,564,670,1.2422741813210725,-0.0053776659972808449,-0.0044923105603237867,1.2098247949223815,2.0419947949240185,-0.0046876399985946934,-0.0032224634606208558,2.0159888563988715
22,23,564,1.2420554039194083,0,-0.004171891209347578,1.2019487152381565,2.0006704665862407,0.0016217986495941509,-0.0051505437751896612,1.9667466955467088
670,564,239,1.2345467483938939,-0.0053776659972808449,-0.0088671645082829542,1.2098247949223833,1.9972405725531195,-0.0031666033113133697,-0.0088392385635234858,1.9764043917294791
240,671,575,1.2235819517425892,-0.0071309887899214663,-0.010245451810666495,1.2217992000435043,1.993808030782821,-0.0047311311892809377,-0.0098079009524669782,1.9923163855805883
671,570,575,1.2279547372022543,-0.010509037038397118,-0.012133546774771686,1.2232577842675134,2.0268115974433178,-0.0077766956254477909,-0.010460675305584352,2.0230284570727983
671,239,570,1.2278842908377372,-0.0087790862047709139,-0.011875311088227036,1.2169162924918542,1.994148359596311,-0.0061568456264287884,-0.011196165514962605,1.984933479355802
575,570,174,1.2221628052366817,-0.010509037038397118,-0.014191739131156567,1.2232577842675116,1.9924102589728416,-0.0073346272989534417,-0.01333698191670124,1.9933266260727773
133,533,673,1.119138224098184,-0.02390623906238698,-0.022563370979117536,1.3439853424259769,1.9296970525202899,-0.019849904751434173,-0.017646890791832896,2.111128452889258
533,672,673,1.1151575212902367,-0.020747961278803295,-0.024206498433434476,1.3452889948675013,1.9075036941710786,-0.015714654748870745,-0.021343903793202251,2.0972143644922916
533,229,672,1.1139771443280599,-0.023143487831103648,-0.021635666225235717,1.3505063932186903,1.9255684567232165,-0.019285515265968674,-0.016812651691612737,2.1162436156612974
673,672,269,1.1162919552708805,-0.020320506605159494,-0.018782794092357058,1.3473326464229127,1.9270137866310151,-0.017038377348541023,-0.014516451433712156,2.1134545555940005
229,674,672,1.1099235506799103,-0.019927570403215356,-0.023044514085743817,1.3516241022889925,1.9016021264706573,-0.015193338486597589,-0.020261676130874408,2.1010222079552503
674,675,672,1.1113755759143147,-0.019380407150286771,-0.01765337062652339,1.3536556341950923,1.9234719379983476,-0.016337642969638869,-0.013505631316435635,2.1187107353172352
674,268,675,1.1074597519446816,-0.016273789259705573,-0.018727684569837422,1.3545079408723799,1.8989965883017643,-0.012449242240058139,-0.016438006526774698,2.1028892165295034
672,675,269,1.1124243511186385,-0.017251960959064228,-0.020210734207784409,1.3484655698689538,1.9045949829404925,-0.013040046388025535,-0.017853941398739775,2.0992487444162151
229,538,674,1.1088748442833971,-0.022055876951811992,-0.02032240820754172,1.357148504338801,1.9221844391840075,-0.018472201426938731,-0.015629400410279354,2.1219690569438296
538,676,674,1.1047397963164989,-0.018775142177584137,-0.021316051069749875,1.3579368576341686,1.8956461404956464,-0.014490735825103199,-0.018618209693635295,2.1047466194201263
538,148,676,1.1036591087899792,-0.020968499632535664,-0.018340504403763447,1.3639760107679324,1.9185702705937744,-0.017943941993586936,-0.013634729416442247,2.1276944168694607
674,676,268,1.1065664438763294,-0.018086842397832648,-0.016062944426850301,1.3599162827979669,1.9201212793862454,-0.015397978891802749,-0.012079556932870057,2.1239711397347958
269,675,678,1.1136477487303162,-0.016790984793189079,-0.014933759274569525,1.3504539337899848,1.9243823904833592,-0.014325256285271822,-0.011280334708115663,2.1155127682853543
675,677,678,1.1099772391400444,-0.013878951124021377,-0.016090684238430963,1.3513717912058585,1.9021436810087506,-0.010560284884308508,-0.014157666372241119,2.1012378207737927
675,268,677,1.10910224444818,-0.015654835534038014,-0.013591905965115281,1.3564432978343324,1.9216871482790621,-0.013470664500944075,-0.010088197977417283,2.1209255441921968
678,677,176,1.111119045748004,-0.013448718444732055,-0.010809811071643693,1.3533616239811259,1.9212536640669526,-0.011960264133890206,-0.0076362600622854708,2.1169420524535942
134,679,681,1.1727398509713054,-0.019960456438911756,-0.02287852113932054,1.2804927274610325,1.974947694695627,-0.014967087629035092,-0.019769326526417538,2.0623201941291898
679,680,681,1.173257259581868,-0.020579700026245096,-0.019862561755243036,1.2768831750297025,1.9601466839248012,-0.017294371747984483,-0.016121869179966344,2.0457697031242206
679,270,680,1.1749380883579379,-0.016361965954312607,-0.019431995160415383,1.2779636035796456,1.9771403585684599,-0.011982010487908895,-0.017035686545384728,2.0606617988980243
681,680,272,1.1770938133631752,-0.018728760494495234,-0.02201361770758048,1.275845401359855,1.9797776581773969,-0.013793223628829822,-0.019202767831106318,2.0597535137357648
270,682,680,1.1753616506679776,-0.01686889266363556,-0.016441709791084946,1.2743847782538715,1.9618327837714284,-0.014115742365847811,-0.013417267310265619,2.0436807399495693
682,683,680,1.1790863797810391,-0.01507190277286119,-0.018313314519147639,1.2734818254017899,1.9813517172134911,-0.010853880310491244,-0.016192215072187183,2.0578235341742381
682,271,683,1.1793203138310562,-0.015351876372384776,-0.015303073724473926,1.2698791521241901,1.9646808800605222,-0.012719775014766826,-0.012639985937908646,2.0395970186942369
680,683,272,1.1774563305962666,-0.019162623177719773,-0.018870454112465573,1.2720836453198459,1.9631833976516784,-0.015965880673674594,-0.015488228669904496,2.0414420639566742
270,684,682,1.1769558955759836,-0.012868425059061828,-0.015966875787785995,1.2755762878131627,1.9786758295255558,-0.0091422939346609347,-0.014242930191852739,2.0586562669817248
684,685,682,1.1772587192613122,-0.013230867605297902,-0.013122614048296732,1.2721720578372171,1.9634211473357239,-0.01098205607300384,-0.010805039840354986,2.0418884268470925
684,177,685,1.1788386064924703,-0.0092663151703229474,-0.012688765319632367,1.2732607532831395,1.9795124282870358,-0.0060959358672912842,-0.01172862914160213,2.0561704799174803
682,685,271,1.1808572833226294,-0.011494745851686305,-0.014690901712647531,1.2714154398408146,1.9828037134506606,-0.0079767561065960772,-0.013240944318296664,2.0561811554754477
272,683,687,1.1814315382930132,-0.017244790275527055,-0.020768027334545636,1.27116816400736,1.9841672791559766,-0.012479037915123892,-0.018284000010122856,2.0567893943712043
683,686,687,1.1815775586388595,-0.01741955859291755,-0.017619336758830428,1.267399570317826,1.9661321110215204,-0.014338860197633502,-0.014665434511173532,2.0371733608740286
683,271,686,1.183134923407557,-0.013511523788839908,-0.016947336826994785,1.2690858798932938,1.9851767830757803,-0.0095031315244088511,-0.015163529701732223,2.0547829036866831
687,686,149,1.1858515465578816,-0.015357579627293561,-0.019724529055096696,1.2663839234990366,1.9883044001608314,-0.010591723957938653,-0.01778930164119889,2.0534541741444459
144,588,441,1.1796490618285596,-0.050069969178436313,-0.051951529344030689,1.2772973110192414,1.9914428066616354,-0.039200709956306548,-0.042310600000107113,2.0694600561801768
588,688,441,1.179031894245832,-0.051008165525858074,-0.056604133826799519,1.2702245861161603,1.9495721720940251,-0.040687219071224814,-0.049770976844113385,2.0262281532121307
588,243,688,1.186782118960342,-0.053958012842857173,-0.056095820731970392,1.2700311148202665,1.9976946098872395,-0.042174073248750527,-0.045708526445268655,2.0641724229759806
441,688,199,1.1809820817312036,-0.056294766794437123,-0.059149489798956623,1.277124580199974,1.9950897378815664,-0.043584756045428705,-0.048307628606543473,2.071618130990033
243,689,688,1.1864473171098453,-0.054466956394391142,-0.061156115798906008,1.2623387901232768,1.9544009652117027,-0.043260245295534683,-0.054112201204794097,2.0183132818078011
689,690,688,1.1888593840984871,-0.061006283120620175,-0.06364076580345035,1.2690748958187488,2.0012727758766431,-0.047440693936100148,-0.051799186407074732,2.0651377277828411
689,273,690,1.1884672311203748,-0.061602408049825641,-0.069288448501272804,1.2604896634315894,1.9525434925898664,-0.049095666950107184,-0.061542832552258453,2.013422105897074
688,690,199,1.1800807137408533,-0.057664994557359961,-0.064283768107364025,1.2693196317703994,1.9470805243489069,-0.046071092052187873,-0.056797312333349975,2.0223569347543955
243,587,689,1.1948437417413962,-0.05766275672072263,-0.059350656975041716,1.2616516064526486,2.0036709796393475,-0.045360232226960798,-0.048150430503405978,2.0570601382617322
587,691,689,1.1950262267812903,-0.057385349412433451,-0.064746071815544148,1.2534496874960266,1.9611171665843625,-0.045497217637222004,-0.057436448615094129,2.0103570832745183
587,165,691,1.2036833848445918,-0.060680388643755911,-0.061185912309225987,1.2520946394355299,2.0082677122470405,-0.048440071271894869,-0.049274868504944794,2.0470848650602687
689,691,273,1.1979073098428961,-0.065195438177036991,-0.067025307983341165,1.2596282795065115,2.0072925945345563,-0.051208318054545107,-0.05423420950760513,2.0565134258632836
199,690,446,1.1822397798128994,-0.063517827436785801,-0.067205001124674091,1.2772385597150038,1.9985330370637182,-0.0487805397276352,-0.054885759104247381,2.0738693192905493
690,692,446,1.1811790898345484,-0.065130250855134353,-0.072990419988475885,1.2684437704256264,1.9437617139697121,-0.052153682054923031,-0.064864909229411613,2.0176940944691353
690,273,692,1.1911714633957391,-0.068933820682845592,-0.072096913252384542,1.2681036595158943,2.0049456551444016,-0.053353175753683826,-0.058589194277778034,2.0660101630364935
446,692,153,1.1834817734188858,-0.071372572930542777,-0.076406019429930527,1.2777030850527673,2.0022974317103839,-0.054169771944065623,-0.062511841002697091,2.0766917972256791
50,693,606,1.1624998233729658,-0.0015083919051530614,-0.0022559672544399945,1.2918054566674364,1.967802420311028,-0.00090777653734386028,-0.0021384242339988796,2.0724393327790613
693,694,606,1.1611855204963364,-0.0037920362734694402,-0.0033082824723198456,1.2899770244515949,1.9496317292965843,-0.0033282121265050743,-0.0025376668289037625,2.056031934658439
693,274,694,1.1641717012123753,-0.0036994339927192144,-0.0047746328555877682,1.289931552525152,1.9692627879878204,-0.00254371681874255,-0.0043138630061153238,2.0710330754516164
606,694,250,1.162075129274271,-0.0046238635337334522,-0.0057440854144985565,1.2922546180839802,1.9671337264948914,-0.0032744939573619292,-0.0051182971013014498,2.0725132239402186
274,695,694,1.1627928800495835,-0.006095077601320914,-0.0058105101755483446,1.288131759377332,1.950788762964897,-0.0051521104745666461,-0.0046870865326258462,2.0543732267880461
695,696,694,1.1636245354844044,-0.0068726803756424815,-0.0084138982332575551,1.2905659426839646,1.9686389113160796,-0.0049175602831650084,-0.0074546690301055697,2.0713792457888189
695,275,696,1.162226986956608,-0.0093007847089552065,-0.0093835548206762098,1.2888812588859415,1.9505503153584423,-0.0076501550611747342,-0.0077854224231343697,2.0551824231717042
694,696,250,1.1607290493156439,-0.0069625462452955478,-0.006685157651372009,1.2906195968086067,1.9496688692970219,-0.0058609193805994799,-0.0054075441587288949,2.0569152537152271
274,697,695,1.1658047827707074,-0.0060016776741584899,-0.0075004096952131505,1.2880793551310248,1.9704659436892276,-0.004231089345833914,-0.0066985010589906187,2.0694440465753696
697,698,695,1.1644060430759344,-0.0084320337842345716,-0.0085253012490333901,1.2862985724312137,1.9519349176625713,-0.0069333791849133311,-0.0070857854875171697,2.052707323115329
697,162,698,1.1673865785112776,-0.0083395282796958625,-0.010485282495084292,1.2862377413966612,1.9712635974860468,-0.0058585200095445898,-0.0093905513978506279,2.0675391931015539
695,698,275,1.1652353580340633,-0.0092074152824213051,-0.01122645666922395,1.2888240615906845,1.9701668390192157,-0.0066057788058107268,-0.0099299136347116394,2.0701784665742489
250,696,611,1.1614453900671342,-0.0076323291053559394,-0.009279230284684914,1.2930450701380618,1.9667180624403739,-0.0054880672905570881,-0.0081987665569813184,2.0732240867506282
696,699,611,1.1600502631389027,-0.010056407915038951,-0.010172078868011525,1.2914937164316007,1.9492736263299768,-0.0082538285008966275,-0.0084428923373589867,2.0577678834230677
696,275,699,1.1629392359666531,-0.0099667417664450753,-0.012113174913107372,1.2914334698952725,1.9681530602254793,-0.0071667012112874642,-0.010700066367073619,2.0721288426562277
611,699,146,1.1605190197291861,-0.010494698112906597,-0.01312005535352867,1.2942500919662194,1.9663022485983399,-0.0073897682071067707,-0.011711346580231777,2.074472446735879
89,599,701,1.1297534791626287,-0.0021228941700170978,-0.0018347517774259803,1.3304941019835823,1.9402161454219156,-0.0018333162719355884,-0.0013598735828496598,2.1021818514874808
599,700,701,1.1279697683079295,-0.0033150331660536381,-0.0042868631701704629,1.3288552390444375,1.9190550320637261,-0.0023460836053278474,-0.0039299025372153407,2.0849023910408433
599,249,700,1.1302694902705783,-0.0057085196870669819,-0.0052623461246937842,1.3298704945149034,1.9405390943827365,-0.0047931795204926332,-0.0040600905631562462,2.1016131271767757
701,700,277,1.1278930302763168,-0.0045482136596488587,-0.0040411672901069506,1.3328035728794809,1.9386866440948147,-0.0038806781508438888,-0.0030476559955199848,2.1039708150463676
249,702,700,1.1286749693902705,-0.0067742140042819088,-0.0078822745002096184,1.3281194714861186,1.9200875416590857,-0.00514426110893711,-0.0069504829764421398,2.0846719993445628
702,703,700,1.1285843371272231,-0.0082306748559766163,-0.0076410878693859985,1.3319953416667261,1.9392198489039032,-0.0068862112180282705,-0.0059175678886203443,2.1033118665991708
702,276,703,1.1269746278990072,-0.0093064746796134301,-0.010403510863384646,1.3301491609294445,1.918069463119072,-0.0072419906996959299,-0.0090296051903403594,2.0858003774521134
700,703,277,1.1261593096676155,-0.0057068926883729887,-0.0067062571759883838,1.3310224417416627,1.9170498086261696,-0.004311381759596904,-0.0059395617544095117,2.0862284955783661
249,605,702,1.131097735979506,-0.0092957619431537353,-0.0086707037147999433,1.3289400466376122,1.9413604730779064,-0.0077621775740942759,-0.0067350750203847842,2.1010006608638796
605,704,702,1.1296027714181527,-0.010294875685719518,-0.011411376463280831,1.3271084020102615,1.921141661559679,-0.0080438669495240429,-0.0098641219144266663,2.0840868171274005
605,145,704,1.1322906179381864,-0.013092179728460884,-0.011886847963151315,1.327603236197735,1.9425305308092788,-0.011067082109916557,-0.0090862146909014112,2.1001104499848879
702,704,276,1.12950068524118,-0.011935400982804545,-0.01117236453399717,1.3309493247278805,1.9399783191640816,-0.0099480061233253106,-0.0086943504442901637,2.1024984626475121
277,703,706,1.1260689898141116,-0.0071583331173759035,-0.0064559750726106424,1.3350444762047999,1.9369369517249242,-0.0060676224818221654,-0.0049139824619968808,2.1055012447069861
703,705,706,1.1243733657587889,-0.0082915995061760839,-0.0092163753987684061,1.3331995690749174,1.9151392231212796,-0.0064773407224981948,-0.007983565260539548,2.08762154099897
703,276,705,1.1268757167845607,-0.010895976708422239,-0.010153028620123239,1.3341744116413636,1.9378801578751488,-0.0090972957478435458,-0.0078768063950187366,2.1050476399323435
706,705,161,1.1242655950144889,-0.010023475824306516,-0.0089658990746946943,1.3372247246654769,1.9348812091405141,-0.008529726047053425,-0.0067932550004793125,2.1067230272570647
132,707,709,1.1518453456258233,-0.17779031631891362,-0.1967597199933695,1.3503447863925313,1.9950927234889329,-0.12529354263821735,-0.15667650226943164,2.1445277543280858
707,708,709,1.1308293918903358,-0.17199450359435975,-0.17958291578850494,1.3456077403545201,1.8402147600862984,-0.14926974392034043,-0.16112853335186672,2.029836805426056
707,278,708,1.1311137974651806,-0.17256758684471496,-0.19365744620953818,1.3739682169215288,1.9767146744059483,-0.12059308559844512,-0.15541723689589176,2.1597451081103305
709,708,280,1.1436898698843025,-0.15743681542161259,-0.17453722487359702,1.3513193161598474,1.9856198764519917,-0.11187154719457643,-0.14017023180914778,2.1432565849316987
278,710,708,1.1123587236985513,-0.16739528314845042,-0.17266613767259509,1.368179200888533,1.8307794453562036,-0.14460315980308713,-0.15285904031779216,2.0545534971059629
710,711,708,1.1258341748354637,-0.1521415647153892,-0.17020647116689691,1.3709634535221513,1.9666161739001606,-0.1080399776457443,-0.13785071711408045,2.153603535176515
710,279,711,1.1105502065270709,-0.14792652793340988,-0.15140585887008706,1.3657785911385201,1.844784708146094,-0.1266152884219941,-0.13210922217732612,2.0653884310001849
708,711,280,1.1260470401218536,-0.15257053803461318,-0.15822618473230454,1.3468203754078978,1.8522424600180174,-0.13095714701839734,-0.13986959238824551,2.0446232612412318
278,712,710,1.1107315262050976,-0.16411609976612818,-0.18639273958702418,1.3958415129770363,1.9534701324039885,-0.11474667335983374,-0.1513927237358656,2.1699525472996517
712,713,710,1.0952682459432461,-0.15985161205203191,-0.16277383231603659,1.3893278536387932,1.8256627505981391,-0.1371378858736807,-0.14173128448861691,2.0798403434279384
712,163,713,1.0916760523522577,-0.1526130126395584,-0.17571280105726972,1.4154010618765924,1.928817071575442,-0.10701947713386195,-0.14485124663070151,2.1771583504152301
710,713,279,1.1088425238993782,-0.14448514818845481,-0.16297722759710798,1.3890976044685091,1.9466124890707435,-0.10285198881664392,-0.13326655812897867,2.1618369445152159
280,711,715,1.1374351306713493,-0.1396795497540575,-0.15439742503281284,1.3511544203648365,1.9744033590259316,-0.10074842859756516,-0.1250728354569213,2.1385180782636
711,714,715,1.1230442759759134,-0.13571081724680223,-0.13959860104776523,1.3470731774462195,1.8629686183015013,-0.11555139496404515,-0.12171963409836012,2.0560443522188421
711,279,714,1.1224319471761084,-0.13447683155488876,-0.14978887369776617,1.3676089592856377,1.9582709628325912,-0.096956879281676817,-0.1222032911161551,2.1472949455314461
715,714,147,1.1329262957161914,-0.12452473188783042,-0.1368952009208102,1.3501333276355894,1.9631286099370322,-0.091399769601374303,-0.11180129547282502,2.131963096861698
129,716,718,1.1467567265542555,-0.025034497612585582,-0.025119722472299877,1.310742012137764,1.9544380783863653,-0.020191111125647421,-0.020331263833470462,2.0869308819619419
716,717,718,1.1451281426746545,-0.025978159269920642,-0.028400714772503832,1.308840884003994,1.9328443323829283,-0.020526147243554255,-0.024476099988362941,2.0683278522250279
716,281,717,1.148893180176815,-0.027438905290697591,-0.027567110894264335,1.3085174653003708,1.9569854303170751,-0.02209749345946313,-0.022308412218356499,2.0858488063749085
718,717,283,1.1455191987189923,-0.028392235574088431,-0.029044446592321194,1.3128147843053881,1.9553820212481052,-0.02260462621437373,-0.023677940928312317,2.0901890623328283
281,719,717,1.1472380991359477,-0.028397920382037256,-0.03122154704885105,1.3063999500029047,1.9340219636503337,-0.022388599119200069,-0.026991617808458795,2.0658488158698507
719,720,717,1.1476971954960526,-0.031232024752254617,-0.031870737786231729,1.3104075494216785,1.9570633530189838,-0.024904683302077221,-0.025955804871306512,2.0882070256351253
719,282,720,1.1457676644651089,-0.032350134549629761,-0.035932834787649526,1.3080536767021758,1.9307443014582037,-0.025418055686711641,-0.031252670060177505,2.0654318550503126
717,720,283,1.1434571711122077,-0.029587123467897269,-0.032666130279409344,1.3107161189050469,1.9295433180234878,-0.023299686501420551,-0.028315281803106225,2.0682198492778787
281,721,719,1.1511668563742288,-0.029922185810767221,-0.030011994531954578,1.3059306720674364,1.9584720648555101,-0.0241327419273989,-0.024280478470682862,2.083486116536176
721,722,719,1.1496908957492877,-0.03077741191667327,-0.033934197376821018,1.3036580028587137,1.9358964884386995,-0.024235775775128761,-0.02938185809117045,2.0634679098046096
721,156,722,1.1534981991544444,-0.032254556113983757,-0.031677749095688545,1.302782553983139,1.9575093316432002,-0.026389584180316471,-0.025441801569371252,2.0785375810727031
719,722,282,1.1502258269469618,-0.034079661676929884,-0.03455997726276494,1.3075210818627383,1.9585612879797034,-0.027289491939538377,-0.028079809191195917,2.085446109496889
283,720,724,1.1438676503581076,-0.03212110353348141,-0.033408662820906265,1.3152999381285397,1.9552382533470736,-0.025293256070728187,-0.027412877653179187,2.0931226620134993
720,723,724,1.1415346367023966,-0.033472937823696203,-0.037449036330315266,1.3129587964717295,1.9259852306913829,-0.026219514525005191,-0.032690082975227672,2.0683745024831897
720,282,723,1.1462456247970969,-0.035300690431554926,-0.036679020615850266,1.3126600484804554,1.9568603050753426,-0.02782683604928643,-0.030095722624792078,2.0907751135644186
724,723,143,1.1419071339433882,-0.035772446489687582,-0.038281102109481102,1.3180953243686151,1.9542099027918474,-0.027681114922113267,-0.031811177702574273,2.0957539554411952
136,725,539,1.2518474899424399,-0.090442156147525932,-0.087339282245331162,1.2045309470593857,2.0278210947477984,-0.075397256056324691,-0.070323198338350018,1.9890375851101529
725,726,539,1.2594757886162147,-0.084791259805879537,-0.099781370122794755,1.1953140886383977,2.0206483048937103,-0.064751499370712617,-0.089102976889978647,1.9671649430870466
725,284,726,1.268087032446001,-0.088704896105998188,-0.083193776421259358,1.1877753625118217,2.0357871139581141,-0.07541757528481674,-0.066429407532695078,1.9695157001204486
539,726,230,1.2671186083733734,-0.10263974254111696,-0.098503379698177795,1.1923295631943454,2.0395516913544669,-0.085691557155545883,-0.07893416321694266,1.9783405482564664
284,727,726,1.2783193581960484,-0.081124461251417812,-0.095951273177389496,1.1783242000459557,2.0412731386788336,-0.061196969360371445,-0.085337326154630994,1.9585248157553099
727,728,726,1.286465644238534,-0.10014870235685958,-0.093208501391072396,1.171918931253777,2.0445055406670067,-0.085868041674732942,-0.074592819247313619,1.9494469453571266
727,285,728,1.2997534067527003,-0.090304878907179753,-0.10778975485601805,1.1611168654709978,2.0575372963793157,-0.067615115591115382,-0.096039596547014855,1.9430035363058102
726,728,230,1.2765585376217112,-0.095645981203707708,-0.11356501672538144,1.1811708466459665,2.0302515402369767,-0.072952807075483128,-0.10197598993982226,1.9504944806290951
284,729,727,1.2856020693046886,-0.084434077570644472,-0.07596039576711977,1.1692393780441339,2.0411447137384586,-0.07382965564829691,-0.060073632808740868,1.9440007991804578
729,730,727,1.2986630829101848,-0.074758060095263423,-0.087363675258911755,1.1607914631294127,2.0664938679722762,-0.055947830751425204,-0.076553387554322491,1.9538121380929971
729,183,730,1.3030388077473061,-0.076746801061371883,-0.062917116711198151,1.1496806473734118,2.0410500536953586,-0.070570150233272455,-0.048289088036575376,1.9105365007661834
727,730,285,1.3066643872233916,-0.093445878510591829,-0.082601505274677578,1.1496689555425661,2.0451475442281564,-0.083335447698868748,-0.065864772188324539,1.9120938604731352
230,728,544,1.2856200821006498,-0.11680838234032898,-0.11203051135823472,1.1775871509303713,2.0498098580973463,-0.097805111684186347,-0.09002509816524179,1.9611367841963183
728,731,544,1.2985042513411378,-0.10726288657142513,-0.1302011042954927,1.1641251019023251,2.0447311412636253,-0.08081203725540792,-0.11785624302603684,1.9323062029509617
728,285,731,1.3090714816249038,-0.11206563001300118,-0.10397357903898063,1.1522048473482052,2.050742856854193,-0.097315764977514763,-0.084264598505791877,1.9188968803976125
544,731,141,1.3087103939618225,-0.13109839107052013,-0.12780313714803837,1.1585248708594982,2.0556065977110527,-0.1102702819664155,-0.10494606423449496,1.9307622997389342
132,709,504,1.1546008873505742,-0.18334337713018556,-0.18278167069531781,1.3221757490385198,1.8744138517451008,-0.15994806551999979,-0.15906475763231759,2.0204255218942273
709,732,504,1.1639573176196176,-0.15983439491622098,-0.18137176663750321,1.3257182763128597,1.9859436954417375,-0.11446741823227419,-0.14991118000580758,2.1112818057332592
709,280,732,1.1457718534226624,-0.16163249901178878,-0.16274726503110726,1.3275597906263616,1.8826186272990049,-0.13857364500558217,-0.14034114192095226,2.038927218004678
504,732,218,1.1675836754797193,-0.16714183846308694,-0.1698593760197169,1.3025197537802331,1.8927961195101846,-0.14433432162180143,-0.14862817584649812,2.0100989920181225
280,733,732,1.153764576537073,-0.14155158660743483,-0.16180140026559364,1.3299361806539833,1.9721474496519662,-0.10212601802575863,-0.13540887444732927,2.1100953349590497
733,734,732,1.1575946977036375,-0.14927017622683092,-0.15191344863320611,1.3100096463466357,1.8963097896962067,-0.12745009125650456,-0.13165316080045933,2.0274298294189772
733,286,734,1.16454584176144,-0.13180472013699562,-0.15012573108357419,1.3145014684272152,1.9847759077979814,-0.095126572523878239,-0.12532950123353515,2.1020340065576137
732,734,218,1.1753970724539053,-0.14750988426528572,-0.16749149518179163,1.3084692951013244,1.9989349635948999,-0.10547186478781317,-0.13846195741850972,2.1019847215256564
280,715,733,1.139084513484792,-0.14300309101840858,-0.14470624117228814,1.3316264798537798,1.8893799002895135,-0.1210261035722873,-0.12374385624230819,2.0531858116651072
715,735,733,1.1460587077986348,-0.12548028039156101,-0.14418957872947047,1.3329246051620336,1.9615298270835493,-0.091086028926833401,-0.1218073919245525,2.1090528771560564
715,147,735,1.1339924998007742,-0.1266733823930033,-0.12909644371380802,1.3344170085416556,1.8931714325307845,-0.1061480583912737,-0.11003112940682705,2.0625722104643911
733,735,286,1.149915034694154,-0.1332514087070753,-0.13575258229715459,1.3159226798456771,1.9004344779350817,-0.11260860574754913,-0.11660742257256185,2.0418881900170267
218,734,505,1.1776049378341031,-0.15195924919749437,-0.15682714640449369,1.2869781390280837,1.906500443038371,-0.13021394108381615,-0.13793274837782282,2.0014789208265897
734,736,505,1.1842733549262063,-0.13520417335064727,-0.15384227756198587,1.2944779254329188,2.0075839954810246,-0.096678769421286059,-0.12751213774078426,2.0930611309286209
734,286,736,1.1670765017021223,-0.13690459157680479,-0.14082819188689522,1.2957647532141614,1.9075033578104557,-0.11637637270501044,-0.12263056336692182,2.0182478810848092
505,736,159,1.1849605598376785,-0.13658905191333837,-0.14434570615806575,1.2753401137892499,1.9186008338751985,-0.11547275880818458,-0.12781716499451451,1.9968696637812904
108,737,637,0.91510349711224404,-0.024125404996889532,-0.04504645890082315,1.6729791632876334,1.734808037729898,-0.010340018686432043,-0.04312204168559635,2.3205605725968921
737,738,637,0.91437226624430235,-0.073874156894598197,-0.045404747388622324,1.6486032707087128,1.5830477131016751,-0.073952259658203484,-0.031568355899812897,2.2325884514111252
737,287,738,0.94097020378272589,-0.060426514283344446,-0.076033092646683675,1.6331178955660159,1.7968500151873561,-0.038727634698408744,-0.063664888914215914,2.3162033276344913
637,738,259,0.91990639301795252,-0.077654707364226638,-0.096151650794698007,1.6832702086649389,1.7970734476575811,-0.048556688963463907,-0.078045981831866673,2.3531169599498867
287,739,738,0.94044595301032619,-0.096093528289087349,-0.076489568058568214,1.6020619281433564,1.6097263644350934,-0.091714130426537283,-0.062337007135094769,2.2002980702114008
739,740,738,0.9514834242717215,-0.1036336008005172,-0.11869267610977385,1.6308923085246725,1.844920916774047,-0.067824808143357757,-0.092193656301818472,2.333922792303297
739,288,740,0.95107168867773684,-0.13164484610344029,-0.11931931858288158,1.5882604926507797,1.5924733379646892,-0.12370526593222145,-0.10542231695816529,2.1742198621413222
738,740,259,0.91928526349177719,-0.11991146577131717,-0.096758556003778695,1.6419811607041135,1.5430896849587965,-0.11610658684996425,-0.082228572300311664,2.2046302368845416
287,741,739,0.96666245626337055,-0.082838734914434831,-0.095257911009911433,1.5925728477193384,1.8380213342632348,-0.055968287888342627,-0.076058637324470713,2.3020223490705725
741,742,739,0.96629717137181892,-0.10768452016276786,-0.095743339612619049,1.5595551809742518,1.6452943073394781,-0.099815199148000855,-0.08175533469480098,2.1748096531184085
741,155,742,0.99055601711422447,-0.095420533101765681,-0.10550884474156574,1.5546182590028903,1.8673779923209772,-0.066008753801935049,-0.082464296728803038,2.2841813619492717
739,742,288,0.979978843711379,-0.11703086602094182,-0.12991922969150638,1.5829017193769173,1.8734566167100677,-0.07862102619350203,-0.09965253693251877,2.3087073463159369
259,740,638,0.93553180260695434,-0.13101002993398803,-0.14972102592107128,1.6781616275976157,1.8618541071400259,-0.081600325436779142,-0.11192258553834103,2.3737885102341281
740,743,638,0.93507445007504231,-0.16211803098599864,-0.15054881622021421,1.6218573552917559,1.5230598909424615,-0.15550290424467766,-0.13879539240900829,2.1694956770904099
740,288,743,0.96990420898565244,-0.14450988509943485,-0.16086539666374033,1.6166418195205698,1.8898519667806597,-0.092964036443353548,-0.11971236027016521,2.3402676776840292
638,743,142,0.9614553689313512,-0.18013966715555041,-0.20300953974018743,1.6576949270464751,1.9222235984628564,-0.1074781278156256,-0.14505395648292013,2.3811122601579213
89,90,597,1.1321188740494392,0,-0.0015466820733625042,1.3270885184421273,1.9395950185095683,0.00064343336245763585,-0.0018955993634623453,2.0974389375289126
90,744,597,1.1323508666097331,-0.0020799548763683617,-0.001222554547705812,1.3241825173759629,1.9263536297198565,-0.0020582006608658963,-0.00065841929874961569,2.0841529345632113
90,91,744,1.134563165185364,0,-0.0014424712764373737,1.3239757564634207,1.9409314310039067,0.00059925100533820999,-0.0017683846058281886,2.0944517321956133
597,744,247,1.134495748011088,-0.0020799548763683617,-0.0035734703508900623,1.324182517375962,1.9414713345969823,-0.0010634084907307868,-0.0035154109961279662,2.095102353148254
91,745,744,1.1347708866789521,-0.0018623499519518916,-0.0011563896436310728,1.3214108600441623,1.9292596898991261,-0.0018172726211011223,-0.00066415373145582929,2.0826791332411818
745,746,744,1.1366746663124059,-0.0018623499519518916,-0.0032867352893245494,1.3214108600441623,1.9426176501135708,-0.00091831346491269387,-0.0032564820041305937,2.092398783736531
745,289,746,1.1368356601753655,-0.003305217430891183,-0.0030160059798873817,1.3189845159028604,1.9313116027339374,-0.002833994103352922,-0.0023614787792893208,2.0810214577792214
744,746,247,1.1346806483232061,-0.0037370779635059748,-0.0032663498216844999,1.3214300259731662,1.9286636099104011,-0.0032645069488781847,-0.0024957888763356252,2.0822643456405667
91,92,745,1.1367517345294713,0,-0.0014165574416402649,1.3211662559540542,1.941941865770116,0.00058753560461567125,-0.001737089925811286,2.0915965876777411
92,747,745,1.1369371320034327,-0.0016622014927731854,-0.0011717022634449847,1.3189709798587899,1.9320003860729664,-0.001564589478058273,-0.00076300225984843924,2.0815116315970288
92,93,747,1.1387050963168193,0,-0.0015790851147663432,1.3185879673859322,1.9424248232605386,0.0006534515496777007,-0.0019369552146756973,2.0886362732505113
745,747,289,1.1385832221240646,-0.0016622014927731854,-0.0030304033299088928,1.3189709798587899,1.9435046412523833,-0.0007816116180883537,-0.003027150920216807,2.089916742844224
247,746,602,1.1367788416338254,-0.0037370779635059748,-0.0052684354158909485,1.3214300259731662,1.9433675182750472,-0.0023906467229632862,-0.0049051044433903283,2.0929613322817442
746,748,602,1.1369128412365077,-0.0049384661747353675,-0.0049767154767579314,1.3188145786968928,1.9308980108431237,-0.0040457512913551043,-0.0041082308477468771,2.0804891701841344
746,289,748,1.1386500105908572,-0.003305217430891183,-0.0047959654792535389,1.3189845159028604,1.94397745878121,-0.0020624824392770852,-0.0045095717664626793,2.0902731488330444
602,748,167,1.1388369712787378,-0.0049384661747353675,-0.0067739890101599087,1.3188145786968928,1.9443105820161022,-0.0032432293051841768,-0.0062565107101498641,2.0902868484832098
46,47,750,1.1535764387793161,-0.0014783067267885031,0,1.3009948827248188,1.954811062661445,-0.0018152154223695064,0.00061170156127894398,2.0748268465672957
47,749,750,1.1538797750723608,-0.0011592251410462162,-0.001748881650406986,1.2991552217838693,1.9474505080402682,-0.00071227626423121153,-0.0016772196499564341,2.0668185750483814
47,48,749,1.1554884807186792,-0.0013124717601940006,0,1.2989886218836162,1.9574962950365882,-0.0016115616071462602,0.0005442832392701792,2.0741880221255298
750,749,290,1.1538797750723608,-0.0027908929391280424,-0.001748881650406986,1.3009091493709679,1.9564029136475125,-0.0027008188489113013,-0.00098917832328700595,2.0759106038845099
48,751,749,1.1556826244170697,-0.0011082506347806498,-0.0019417098824110468,1.2969461235656217,1.948352530884931,-0.00057232901365945367,-0.0019359979368088918,2.0645294584334999
751,752,749,1.1556826244170697,-0.0030045857184095581,-0.0019417098824110468,1.2989347890889036,1.9585001081204052,-0.0028823334874742597,-0.0011358396327092049,2.0748724489479455
751,252,752,1.1556630108057462,-0.0030252174144747568,-0.0038968893518891434,1.2968781220172865,1.9478172453359142,-0.0021352334634228655,-0.0035611060424875478,2.0640259725307386
749,752,290,1.1538432051219321,-0.0028293611278708553,-0.003485967656994049,1.2990818963509354,1.9467829855098631,-0.0020594098661163721,-0.003133620502746029,2.0662112781576822
48,49,751,1.1575439418453031,-0.0012855612594373511,0,1.2967611546898521,1.9599668753020241,-0.0015785654497745094,0.00053394459648320675,2.0730919423549623
49,608,751,1.1577103387743115,-0.001110527156403418,-0.0021431719271287619,1.2945067370263346,1.9495465049667529,-0.00049433852744126166,-0.0021836859908052862,2.0621396179503413
49,50,608,1.1597744427968721,-0.0013071553983374784,0,1.294302576710967,1.9623728387792347,-0.0016051786689227775,0.00054352132652740227,2.071635120303144
751,608,252,1.1577103387743115,-0.0032202475557472354,-0.0021431719271287619,1.2967110614572022,1.960791655063308,-0.0030625176678857505,-0.0012920816978104427,2.0736473548195491
290,752,753,1.1538432051219321,-0.0044239713552851612,-0.003485967656994049,1.3010615651154183,1.9568741557964542,-0.0039832190921542518,-0.002442106990593375,2.076461167384918
752,614,753,1.1536468690239801,-0.0046304914738829472,-0.0052266932049622739,1.2992305475370816,1.9461294551354669,-0.0035674058141646533,-0.0045425804415578381,2.0659082429198401
752,252,614,1.1556630108057462,-0.0048226248047242848,-0.0038968893518891434,1.299103820515219,1.9591582164711252,-0.0042995303391731863,-0.00277795751713821,2.0755867892773612
753,614,166,1.1536468690239801,-0.0062858668076053448,-0.0052266932049622739,1.3013648305196508,1.9569931834838912,-0.0055443179130826303,-0.0038039447042773986,2.0769409879561502
58,59,615,1.1861688107551447,-0.0020384602593908063,0,1.2623061015480683,1.9711851856154194,-0.0025101518440863719,0.0008244583748631489,2.0341464983330568
59,754,615,1.1892298050387229,-0.0014759271544417807,-0.0027502303213005064,1.2618006789766287,1.9880044816207332,-0.00066787246458082251,-0.0027656734170953428,2.0469647609689066
59,60,754,1.1895832333474177,-0.0018560908411808796,0,1.2588424051977416,1.9751463697188325,-0.0022855030528507658,0.00075248098688126402,2.0323503795450808
615,754,253,1.1892298050387229,-0.0044245618695057942,-0.0027502303213005064,1.2591883039674023,1.9746106211332448,-0.0043338738929795499,-0.0015937055552566583,2.0324080526756476
60,755,754,1.1923292849730662,-0.0013514362080062625,-0.0025756087163415486,1.2583690736478861,1.9900276892174436,-0.00058906776620972889,-0.0026040071329782757,2.0437245517763225
755,756,754,1.1923292849730662,-0.0042318058421944027,-0.0025756087163415486,1.2559701838881914,1.9777291538713764,-0.0041661946368242468,-0.0014549036212878168,2.0302794639722839
755,291,756,1.1949400796588383,-0.0037520938894122224,-0.0047827561283870779,1.2555646387869697,1.9920010636777312,-0.0026227241224241905,-0.0043191017999954029,2.0413100890517279
754,756,253,1.1920301532459932,-0.0039100210232634325,-0.0051562197660182107,1.258746223285538,1.9899798510887536,-0.0026591827996748042,-0.0047105345382724923,2.044211653388933
60,61,755,1.1927862611014293,-0.001842980675261785,0,1.2555986308703453,1.9787636835842146,-0.0022692905191375205,0.00074868246346283156,2.0305889668054093
61,757,755,1.1952277363951707,-0.0013942994460891533,-0.0023983418184503336,1.255157876479819,1.9918033805847173,-0.00071712368058767786,-0.0023693857493067147,2.0405754445907811
61,62,757,1.1958575740386392,-0.0020717816813760059,0,1.2525781101019362,1.982576570910638,-0.0025508101438673748,0.00084390760347352904,2.0293075696298852
755,757,291,1.1952277363951704,-0.0040615347224548515,-0.0023983418184503336,1.2529996540075672,1.9807405281835138,-0.0040271832032267724,-0.0013035806720802226,2.0284145741912449
253,756,620,1.1920301532459932,-0.006773479424940998,-0.0051562197660182107,1.2562036864326878,1.9769067668710347,-0.0062521526571034788,-0.003605305638666222,2.0299330768352819
756,758,620,1.1947605759356956,-0.0062716969937541833,-0.0071820659579646673,1.2558313872896871,1.9920900169048803,-0.0047202598756504524,-0.0062187871478479474,2.0417457511081625
756,291,758,1.1949400796588383,-0.00646477942516821,-0.0047827561283870779,1.2532505796746687,1.9801050382851955,-0.0060199311757982866,-0.0032660035558024266,2.028246028347934
620,758,170,1.1947605759356954,-0.0092416500801757451,-0.0071820659579646673,1.2534466784984222,1.9797852172501063,-0.0084667905407582334,-0.0050949864801185657,2.0282448858982813
77,78,760,1.0879802805384839,0,-0.0026371694698932302,1.3802385136775723,1.8845010219952907,0.0010595894946582888,-0.0032236451291535943,2.1243275039004876
78,759,760,1.0908754278490149,-0.0026915432827356867,-0.0015791804881095661,1.3792549287916609,1.9018428506661578,-0.002632763978669531,-0.00081502634766873576,2.1346539869077152
78,79,759,1.0913700652314064,0,-0.0022812731110164464,1.3754345287363581,1.8861120876802377,0.00091428674336342533,-0.0027902499170658181,2.1197072981438283
760,759,292,1.0885028785240536,-0.0026915432827356867,-0.0051852846868651881,1.3792549287916609,1.8834328188434499,-0.0012136371788352748,-0.0052617015382758463,2.1224526394416996
79,761,759,1.0944433560017817,-0.0028571586318966169,-0.0014802237387803174,1.3746898139340606,1.9058783703710571,-0.0028757838592964931,-0.00062401967210816076,2.1320072793106579
761,762,759,1.0918433529165599,-0.0028571586318966169,-0.0053126804673726546,1.3746898139340606,1.885849948205196,-0.0013686469617999342,-0.0053552566486181723,2.1186369489430272
761,258,762,1.0949412376779593,-0.0057369576914974019,-0.0046598762188675424,1.3740829659698064,1.9064416246218214,-0.0050749658401757812,-0.0033133943217215044,2.1316583947764483
759,762,292,1.0913820088026671,-0.0053679877948544785,-0.0045776639804763208,1.3786900835267053,1.9027304463837877,-0.0046586967368936767,-0.003366921874234298,2.1345729725168621
79,80,761,1.0949684292843935,0,-0.0022474978036859383,1.3705147324927216,1.8885385532498173,0.0008995841986154684,-0.0027503924065219159,2.1154501697149679
80,626,761,1.0982205649268888,-0.003023426065838386,-0.001552856192373997,1.3698689422229022,1.9099869761824748,-0.0030488747164049896,-0.0006422565880819962,2.1290927421021855
80,81,626,1.0987761939463629,0,-0.0023811246111584694,1.365361963215161,1.8911541183344602,0.0009518404861369829,-0.0029154861904448883,2.1109998156999623
761,626,258,1.0954398266946193,-0.003023426065838386,-0.0054341682655438817,1.3698689422229022,1.8887330414400025,-0.0015260268521941258,-0.0054409415812966379,2.1147948398904206
292,762,763,1.0888789505460927,-0.0053679877948544785,-0.0082414578550240591,1.3786900835267057,1.8832658521072996,-0.003265486924839342,-0.00792919432841384,2.1216549342806124
762,632,763,1.091796924838178,-0.0080807527296435921,-0.0077488483909141648,1.3782321172984187,1.9033459639554393,-0.0066564739218322126,-0.0061139079708594692,2.1344248627454694
762,258,632,1.0922276549141028,-0.0057369576914974019,-0.0085113571588371073,1.3740829659698064,1.8854913694412241,-0.0036165050967320363,-0.0081197183027644209,2.117653343094315
763,632,169,1.0891779643494885,-0.0080807527296435921,-0.011868023467335398,1.3782321172984191,1.8829133589347027,-0.0051376286280160402,-0.011283069099079029,2.1208462940415038
144,443,529,1.1736077456173954,-0.0463186724656941,-0.047616240837971446,1.2833602118976861,1.9854124439974319,-0.036503150246990537,-0.038646584217439439,2.07321652458584
443,764,529,1.1676669913365569,-0.042389271033236753,-0.047360746061779757,1.2831912196296855,1.9465463967513472,-0.03337147024670975,-0.041463859140876663,2.0428727703431249
443,201,764,1.1685803123870329,-0.047051267055255419,-0.0485256853494338,1.2891375868157997,1.9815006783058631,-0.036989012473725533,-0.0394242933646448,2.0778856293865355
529,764,226,1.1675761515804226,-0.042559396517178882,-0.043966546952945329,1.2895479051884475,1.9793032609194543,-0.033494941562916686,-0.035817918973119423,2.0770105011772606
201,765,764,1.1628201227607911,-0.04324139100534552,-0.047756013936476105,1.2886285145676961,1.941833271464654,-0.034275955514595918,-0.041621415460396965,2.0467651229920758
765,766,764,1.1630243425446114,-0.04285888189447018,-0.044470702753805824,1.2947819901807147,1.9756507690690239,-0.033631441861105504,-0.036291875676028734,2.0811468832519853
765,293,766,1.1578443162934458,-0.039432649869161729,-0.043568710651721965,1.2941853842801105,1.9388926565998224,-0.031189306814375845,-0.037921810816285435,2.0524171040110857
764,766,226,1.1622792170919938,-0.039055837712601793,-0.043367572186200576,1.2891517244687645,1.9430351267739616,-0.030802864752387332,-0.037823733468633401,2.0486705111839147
201,449,765,1.1636615764254048,-0.047536543991363089,-0.048973951917924197,1.2948454106105816,1.9778203736070756,-0.037360601795990461,-0.039734603572574703,2.0826135833222974
449,767,765,1.158074798716838,-0.043841273779350765,-0.047719912299971412,1.2940159494280099,1.9374170424289976,-0.035030560570259342,-0.041338999379821134,2.0508031430625753
449,180,767,1.1588985416423914,-0.048046132890820381,-0.048935264434283532,1.300219807861354,1.9732852199897803,-0.038016133409361566,-0.03948390847428683,2.0862182602748658
765,767,293,1.1585380332278299,-0.042973689010681326,-0.044658710463336249,1.2997492271184026,1.9709212307663921,-0.033724887718748431,-0.036504375389810467,2.0840889421281599
226,766,530,1.1625353749672147,-0.038576047168992655,-0.040369659161233251,1.2947668956544911,1.974301618443461,-0.030169993592133099,-0.033129511134452318,2.0803262543335466
766,768,530,1.1576645866780013,-0.035354590225766813,-0.039751614316840822,1.2943581312539525,1.9403710192981853,-0.02763355594030624,-0.034796343435261529,2.0539936458859147
766,293,768,1.1582973083410755,-0.038584282429577677,-0.040751426799828572,1.2994616179370109,1.9698188534464789,-0.030046690013711588,-0.033620379756852434,2.0831035021305881
530,768,156,1.1583199662724064,-0.034127139894861713,-0.037270834690615651,1.2990043451414559,1.9693562927509349,-0.026080587464661416,-0.031264000343827418,2.0823495220992063
104,634,650,0.76817672764458944,-0.075046181132974787,-0.13643843122664689,2.0688566609370618,1.5679934351899514,-0.031940920604016293,-0.12002768795669225,2.502635995893963
634,769,650,0.77987842686053543,-0.20313378247181646,-0.12834893177063023,1.9803084456538391,1.1585515636293022,-0.20822718498665044,-0.11384595293270378,2.3249057848107118
634,260,769,0.83839079732779354,-0.17189352698769333,-0.21268704375839631,1.935279605692199,1.80618457066855,-0.090240214619568493,-0.1535973244900925,2.5016504575427243
650,769,263,0.80652891228010049,-0.22139193465008056,-0.27901212820893062,2.0835272623067889,1.8739417678378167,-0.095285417551283058,-0.18422989355788927,2.5872465101180118
260,770,769,0.84484169840452683,-0.24250328177896519,-0.20314338750979299,1.830817419788191,1.2264907800579001,-0.25067463139796919,-0.19992514625894403,2.2234250588210624
770,771,769,0.88594001961495172,-0.27065807217411564,-0.3164570803559783,1.9084440278107042,1.9669302424396906,-0.12570368078851413,-0.19945971923245681,2.5332261017906541
770,294,771,0.88910663773358589,-0.3053200910558953,-0.30433231607761435,1.7757255273130743,1.1968647584489613,-0.32466842248835637,-0.32343176779028121,2.1393983469619049
769,771,263,0.81451389056360401,-0.30879605401789201,-0.26550261148213949,1.9356511666348259,0.99388364900066195,-0.33770153931095276,-0.28720550102573572,2.2138178384538074
260,639,770,0.90115774281433048,-0.21243566357843546,-0.2441193508485302,1.808940002189352,1.8943755039775776,-0.11692407317812525,-0.16783770642099777,2.460576035128454
639,772,770,0.9044069547976461,-0.2480005198984041,-0.23537718174899025,1.7132509583391564,1.3599286570745832,-0.24936000216026982,-0.23235667101669366,2.1659932338584231
639,142,772,0.95013837317903782,-0.22358192530901011,-0.24918869668703092,1.7058762082029435,1.9129379293127988,-0.13240223725709233,-0.17400997391857254,2.4027469198145899
770,772,294,0.94472867857857512,-0.2756234995844502,-0.31683133612782921,1.7690523041341721,1.9608189249002348,-0.14370036660396124,-0.2107374720005401,2.4539729453265995
263,771,651,0.87842121261656469,-0.35257636435962336,-0.42463054398838107,2.0446632492157235,2.1145166467975285,-0.11452414049011961,-0.23157168248064397,2.6338526088231706
771,773,651,0.88110401068632971,-0.38194245583842257,-0.40692093917828798,1.8508127016223772,0.9352314698567421,-0.45005087540193445,-0.47757878751485272,2.0755183075815808
771,294,773,0.94845856596330602,-0.34598128219139657,-0.41086280753715432,1.8487081043614504,2.0481020342054941,-0.14587634817223993,-0.25186345429443724,2.5212048547634489
651,773,154,0.97520884267303654,-0.44641333942922889,-0.56348172697247101,1.9580719370056323,2.2416681100414264,-0.10291891693539856,-0.29739984994406443,2.6312715005565104
147,774,473,1.1296072010456448,-0.11242149149977188,-0.11700783936786552,1.3509822023735758,1.9667146475210524,-0.084930802455150972,-0.092519867602711831,2.1379357471561509
774,775,473,1.1186155523622012,-0.10547803428119984,-0.11033038023670017,1.3467640315475879,1.8730824878170911,-0.08815670578348761,-0.095912886590482416,2.0676772984884431
774,295,775,1.1190211167576805,-0.10730570615660673,-0.11379338287681096,1.3623700181685443,1.9535094576481986,-0.080563415177682451,-0.091272924528197685,2.1426381631200231
473,775,209,1.1239767114755528,-0.098842932869803946,-0.10461517956862565,1.3538373034310345,1.9571253870837573,-0.074504320305622457,-0.084040119737801122,2.1362439211292363
295,776,775,1.1097487129198709,-0.10144830102882718,-0.1058123898241552,1.3573284010809905,1.8668889085263582,-0.084680243934936894,-0.091657648726064606,2.0775303007572066
776,777,775,1.1153676698391521,-0.094494601113428001,-0.10098564977783653,1.3633016986758819,1.9472232109260144,-0.071026236987350055,-0.081732252588790133,2.1409718253612056
776,296,777,1.1075020360667605,-0.089525856826885075,-0.093673785557961242,1.3586827722653982,1.8713514736117411,-0.074168311573578699,-0.080820654536799624,2.0838532127171594
775,777,209,1.1150864021742615,-0.093226897999041825,-0.097951854151650419,1.349628060914406,1.8769262073929129,-0.077229879957875447,-0.084807253814609684,2.0757163851975116
295,778,776,1.1097795173189993,-0.10158713971377331,-0.10911495110577185,1.3722133940779191,1.9420445000647717,-0.076015755815731584,-0.088417250151084897,2.1468492604501455
778,779,776,1.1018265705413721,-0.096563593163175199,-0.10067546833003327,1.3668825229213102,1.8622773849009302,-0.080350521164338967,-0.086928547068379464,2.0870721715318661
778,191,779,1.1015166044895848,-0.095166543383711222,-0.10371870606876099,1.380598717282675,1.9298979192299388,-0.071035255660726965,-0.085089074076261373,2.1489765483457499
776,779,296,1.1075044261243101,-0.089536629395652767,-0.096609474237128623,1.3719146328001965,1.938108398696984,-0.067099438185312915,-0.078747790338628471,2.145276290393479
209,777,478,1.1199688313296161,-0.087184682745882647,-0.093093651007688294,1.3556402954405735,1.9503089588542417,-0.065746498391816482,-0.075497504086527778,2.1349522277811923
777,780,478,1.1124722922603618,-0.082449096682880807,-0.08681960984982795,1.3516769649501441,1.8800554839971084,-0.067868822542377666,-0.074895736666461696,2.0818054137790343
777,296,780,1.1126333978394447,-0.083175238582374522,-0.089515692778796119,1.363828864284538,1.9422133992142951,-0.062554305144394445,-0.073004397983875896,2.1393964903853133
478,780,152,1.1172956026511367,-0.076479725524986275,-0.082857607607003114,1.3565803736051354,1.9461346650512525,-0.057369168825071787,-0.067888755566756526,2.1342406987040432
23,781,562,1.250417734574591,-0.0078086253478181211,-0.0055149037356514441,1.1932356552749033,2.0036073393924037,-0.0075208311115114636,-0.0038051078014988814,1.9549985411521011
781,782,562,1.2546804752650829,-0.010179965923038992,-0.015044170324413519,1.1985367369392037,2.0540609138833075,-0.0060448704109422151,-0.014101484909895524,2.0092192713288459
781,297,782,1.2553618447950803,-0.017536798442843726,-0.014162715203250187,1.1890195551243092,2.0088062150239723,-0.016184297619263269,-0.010716328733452803,1.952507270953675
562,782,237,1.2473131771650339,-0.018945938900386872,-0.01598015748850834,1.1974230534590227,2.0059716605026625,-0.017156065015086042,-0.012340172409586354,1.9638378097111757
297,783,782,1.2583975871702058,-0.019225496204533066,-0.024986568365998663,1.1950405590008426,2.055273997990934,-0.012923699599019983,-0.022456880581073053,2.0045727145993268
783,784,782,1.2503513676622025,-0.028799283204749254,-0.024869271461366971,1.1951801246166722,2.0095417065617571,-0.025814249394538462,-0.019430256793040696,1.9630303804625298
783,298,784,1.2515562777783189,-0.029469550668074218,-0.035356797502017923,1.2010141261590253,2.0444154348469592,-0.021264534874208978,-0.030981746322633605,2.0036813885782023
782,784,237,1.249554004538908,-0.020192457182033441,-0.025571346534412731,1.2027584008525078,2.0447775889994184,-0.013958190554942969,-0.022845654327323883,2.0071439571903698
297,785,783,1.259301368800894,-0.028980963979242769,-0.024175568119130908,1.1862865784982981,2.0144483840681735,-0.026371168780395915,-0.018576002139810789,1.9527098144158042
785,786,783,1.2610397809948592,-0.029948000800588126,-0.03570629726934027,1.1927008453240386,2.0549417775055052,-0.021583176798001875,-0.031099325993621224,2.0001050604116766
785,160,786,1.2622321213018337,-0.042818254367874675,-0.034977413925833645,1.1848331976423943,2.0190903351656089,-0.039134757062128836,-0.026404623966960999,1.9538851937969903
783,786,298,1.2525378061381518,-0.040064109143725712,-0.034697788591881995,1.1939008233548032,2.0117770924911826,-0.03583547025014451,-0.027118015924914515,1.962401640599188
237,784,567,1.242414904193992,-0.028686943907635265,-0.025105801355874036,1.2033123316208414,2.0058193400636819,-0.025507736804114993,-0.019681815788189547,1.972970528367368
784,787,567,1.2430799358296172,-0.029056868444132133,-0.034457635564558498,1.2085142990908455,2.0346928325392382,-0.021249533683820362,-0.030152607253467523,2.0067189428117782
784,298,787,1.2439559487229424,-0.038512574044603065,-0.033921052207758429,1.2027224045985667,2.0085015203537298,-0.034090670942616107,-0.026617076725758096,1.9739430463177323
567,787,151,1.2359681954376258,-0.037518904345553938,-0.032410462983045285,1.2109501652679473,2.0049328227090095,-0.033359073574836612,-0.025031272590124075,1.9840430092046406
1,788,38,2.8558377396791923,9.6328273181742957e-14,-0.3116682800577264,0.55859486463597463,2.5566149639412261,-0.054428844149267075,-0.28965912520792836,0.020413218137178113
788,789,38,2.6139183002929016,-0.26865648207303439,-0.2146113806272183,0.66637853521686541,2.7360534738815714,-0.1624040870752349,-0.088935358707552314,1.7231709650817693
788,299,789,2.4350450458311079,-0.26865648207303439,-0.53327953459035182,0.66637853521686541,2.20831447242016,-0.51803534889540293,-0.67110389749551935,-0.41432713220488893
38,789,37,2.3734845022750521,0,-0.20066307399709515,0.65079294358616302,2.4398196252860713,-0.0039262452203717157,-0.20734783741828675,0.62603260667085525
299,790,789,2.3039454101701407,-0.41424530704342066,-0.40956044632667066,0.80377111145023949,2.7204642576199554,-0.169475620758468,-0.16218392744466148,2.1165025492876417
790,791,789,2.0956140803335757,-0.18145955628414767,-0.3482073249999118,0.73521621660711389,2.2115122292351295,-0.25158471127196852,-0.41176189056993806,0.50777100632114891
790,300,791,2.0118949691291466,-0.27443134042654105,-0.25924565476538852,0.8340099697060257,2.548764188085594,-0.16766292697600577,-0.14413470094244901,1.8605918439717566
789,791,37,2.210084037157682,-0.18145955628414767,-0.12464171496350041,0.73521621660711389,2.5614849442802989,-0.14432410707507032,-0.064948399339351981,1.5531608553976883
299,792,790,2.0841661036425028,-0.41424530704342066,-0.52572242583566275,0.80377111145023949,2.0332826144420686,-0.6194510557308146,-0.70669426110953681,0.22684845377068674
792,793,790,2.0428011074699741,-0.46018223735032082,-0.43398976632415653,0.90564267380385122,2.6270254837901335,-0.21950861323412607,-0.17731745840225044,2.1223640627150662
792,157,793,1.8545912086715459,-0.46018223735032082,-0.47597397936102581,0.90564267380385122,1.9725301895081524,-0.59146075585500069,-0.6070803348074354,0.75761136329099155
790,793,300,1.8765644924984166,-0.27443134042654105,-0.36988252136496858,0.8340099697060257,2.0947888745144838,-0.34255224828969172,-0.44519962332304963,0.82013947568812928
37,791,36,2.0476870238141855,0,-0.13079407134009724,0.742090751028738,2.3523637459157247,0.015151770093760036,-0.14476394082954627,1.0585652939946413
791,794,36,1.9388892567684608,-0.12082214404128111,-0.073646910230493745,0.80555384148198961,2.4237910372581664,-0.10980606295382531,-0.041651791189612958,1.5411182096104157
791,300,794,1.8744226021406682,-0.12082214404128117,-0.23377887677069964,0.80555384148198961,2.2040646235933536,-0.12689746014162356,-0.26313987463623467,1.0283806910429318
36,794,35,1.8307596231473084,0,-0.090831755452412288,0.82475588420789414,2.2933631401070755,0.020169233545162452,-0.10469725431781791,1.3571761808338849
136,795,797,1.2346659805948355,-0.076486496729845532,-0.076862825426587733,1.2136475669584841,1.9860911117529452,-0.064939979003393183,-0.065547791486628121,1.9682061553926766
795,796,797,1.2372863000207728,-0.066005219026099127,-0.075063887604418511,1.2208433182471592,2.0433246540553247,-0.048410010334275055,-0.063422042487824182,2.030289536373068
795,301,796,1.2254053758354151,-0.070962180260629504,-0.070488272600409019,1.2227523571270602,1.9827640863099061,-0.060269728321832597,-0.059502527110142964,1.9805176598900835
797,796,303,1.2340517038121108,-0.063626827861412938,-0.063607911677512341,1.2124197654542472,1.9861088321276619,-0.054193072414649268,-0.054162501560481788,1.9676866535194062
301,798,796,1.2278967722390359,-0.060998168292180077,-0.068989877982099657,1.2287449891660991,2.0326056801609278,-0.045166816556121106,-0.058393567833583099,2.0332814474605394
798,799,796,1.22553124024591,-0.059258823499152902,-0.058909853991012451,1.2213332791180296,1.9844689569795506,-0.050272842647186095,-0.049707303024083188,1.9809171463474753
798,302,799,1.2276081476956591,-0.050951456101602899,-0.057327953108742946,1.2276606827859737,2.0322768879036426,-0.037904357362235228,-0.048460383592962147,2.0323187904176954
796,799,303,1.2362631294955191,-0.054781125127778996,-0.061667141051097829,1.2201828479598991,2.0423931561624098,-0.040515250796525556,-0.051930115525539305,2.0296274227951234
301,800,798,1.2176497599800804,-0.065273428511414711,-0.064632978292779697,1.2305627756047426,1.9805367543981369,-0.055253115315454876,-0.054214055473962283,1.9914180598053588
800,801,798,1.2199680970269986,-0.056001251792691664,-0.063394009574819776,1.2355180244186017,2.02354327526551,-0.041642710265774999,-0.05386476576763545,2.0359820797931318
800,165,801,1.2113678894210982,-0.059589431890996192,-0.05923120130975601,1.2372548319997949,1.9804576627214678,-0.050051591509672436,-0.04946894225849166,2.0021397752776684
798,801,302,1.2183523614382858,-0.054813156837766552,-0.05438074079273747,1.2288903192159717,1.9829840776777454,-0.046297273766606667,-0.045594939240635152,1.9918523045821941
303,799,803,1.2324731135318352,-0.051994221826894171,-0.052301859232875003,1.2132962978601043,1.9885056420912681,-0.044000405810231735,-0.044498601382021788,1.9722334185253181
799,802,803,1.2342199764060002,-0.045007873704964063,-0.050449449323032525,1.2207047674578435,2.0390481582449325,-0.033503820702453557,-0.042519452751807671,2.0282844955623345
799,302,802,1.2248445407538453,-0.048919494582222334,-0.048802174399941833,1.2213920437849195,1.9866819010060941,-0.041326891641515734,-0.041136470990788931,1.9837684785021519
803,802,151,1.2306380184106593,-0.042374106752691154,-0.043098225872734375,1.2152995088235028,1.9927813962923548,-0.035434640035446302,-0.036610737168018312,1.9798524323223581
81,804,624,1.1018165213013091,-0.002847233163585372,-0.0029340301636406885,1.3610076836263243,1.8918051406889687,-0.0023199457329482441,-0.0024608448804722483,2.1061421472891397
804,805,624,1.1040019729881196,-0.004581060670108883,-0.0058718927747394289,1.3633384361367744,1.9200647424504946,-0.0031352548351020332,-0.0052531647726190758,2.1281803801935637
804,304,805,1.1041138013031278,-0.0058387686888963231,-0.0054072523953503371,1.3581127298300126,1.8941139755200787,-0.0050002439876007075,-0.0042995292312583595,2.104155590722284
624,805,256,1.101371762994249,-0.007785525761907941,-0.0074114303737946585,1.3614627705035458,1.8904813801614597,-0.0065930267416261113,-0.0059860114184985581,2.105767565062556
304,806,805,1.1062211802101005,-0.0075107568539500846,-0.0084915122522148945,1.3605597724389895,1.9222255691965686,-0.0056159110164497456,-0.0072255551317971182,2.1263266501515039
806,807,805,1.1036760538623582,-0.010611561943491665,-0.010095604540079073,1.3586054578586113,1.8928913515625192,-0.0089876338629202839,-0.0081501332134678826,2.1038772800369236
806,268,807,1.1059861484471973,-0.012444384125220864,-0.013131935279139917,1.3610144736478933,1.9221933456299121,-0.0096948212433722834,-0.010823268276326264,2.1267847070294144
805,807,256,1.1035806023656689,-0.0095380123580763865,-0.010572654938213577,1.3639708766828855,1.9196900361580262,-0.0072197719175693328,-0.0089172295489296158,2.1286298081015538
304,808,806,1.106325431224453,-0.0086832752231753574,-0.0080374836696233132,1.3554532815664846,1.8968146718452763,-0.0074341276204788233,-0.0063849436189198586,2.1027093644048049
808,677,806,1.1084271708101314,-0.010350789167464569,-0.010961295042999031,1.35777302482526,1.9240932351909434,-0.0080526263572969527,-0.009054789370875109,2.1242455592249572
808,176,677,1.1085192153744505,-0.011386020748865633,-0.010550796812849317,1.3531561228375732,1.9010851767971402,-0.0097222976987393281,-0.0083638230033646448,2.1027795485591301
806,677,268,1.1060567757670401,-0.013238713776929423,-0.012659736665393329,1.355703761571716,1.895496305823487,-0.01118411289795148,-0.010243936795954763,2.1020510581886915
256,807,629,1.1009140844381604,-0.012786712513302767,-0.012199856224879291,1.3619884077041338,1.8891172916840384,-0.010826770145600729,-0.0098749582179777605,2.1054210899201817
807,676,629,1.1033321238613614,-0.014705063437782329,-0.015325240459224787,1.3644679304438299,1.9196106709028167,-0.011536083590485802,-0.012553552510317645,2.1290879567483452
807,268,676,1.1034101540430945,-0.015582651419556726,-0.01483382617532758,1.3589411040281716,1.8918553248793315,-0.013203968151436141,-0.011988940464151148,2.1035027074977251
629,676,148,1.1003475588730249,-0.018341250031864043,-0.016758914613366649,1.3627212414757741,1.8876598971782432,-0.015835812436358943,-0.01327068208526053,2.1052309038239834
58,617,810,1.1832988358899215,-0.0026506560766832443,-0.0025426490528452916,1.265041657202133,1.9668150399293156,-0.0022404435744057343,-0.0020639251305373894,2.0345659679288
617,809,810,1.1852490501910602,-0.0049848217026096098,-0.0041222921328820661,1.266932294849747,1.9888597332168649,-0.0043908260178657284,-0.0029684868466512259,2.0548666552879893
617,255,809,1.1836556022745794,-0.0062331586357812219,-0.0071596912649170008,1.2645527394980576,1.9663872331574366,-0.0047982298020788228,-0.0063119992080425489,2.0334966032676172
810,809,305,1.1814717152481196,-0.0046489623492627086,-0.0053512334507317405,1.2670415653916904,1.9652182806559111,-0.0035702547782399535,-0.004717905188359274,2.0361385526678082
255,811,809,1.1858006549371545,-0.0088003698436613931,-0.0087035623049125377,1.2664004531260531,1.9893436158127868,-0.0071517427010312894,-0.0069921017277397111,2.0544713252267539
811,812,809,1.1819132071036023,-0.0084546275777093172,-0.0098159468594101185,1.2664993865067586,1.9649549039067884,-0.0064650444587055055,-0.0086890853213663563,2.035113066951276
811,271,812,1.1839907486982864,-0.010941041156157016,-0.011475985467315652,1.2684861301397161,1.9881794354796178,-0.0086109706512175095,-0.0094931949485497075,2.0564185647684861
809,812,305,1.1835682407156192,-0.0071581203434045726,-0.0068436932842725895,1.2688277671718824,1.9876528670703262,-0.0059147433318933601,-0.0053962301305560123,2.056527390529312
255,623,811,1.1840970973479004,-0.010134889410203685,-0.011774245330457234,1.2639949655710183,1.9659400855869571,-0.0077576457334726442,-0.010435042496702983,2.032284878480179
623,686,811,1.1862625764394084,-0.012726572295929328,-0.013486675523424196,1.2660444316875594,1.98993359812658,-0.0099604953315882219,-0.011214047867645686,2.0543798030420861
623,149,686,1.1846854805913676,-0.013962025256721522,-0.017085345615186043,1.2632253337707762,1.96509499389883,-0.010361866369550648,-0.015459788686039231,2.0304154683854594
811,686,271,1.18217546389213,-0.01236316926233072,-0.014479972947874842,1.2661327501013855,1.9642232627404275,-0.0094161669686943714,-0.012872970450222749,2.0339369898064779
305,812,813,1.1798568014642381,-0.0068281200639001005,-0.0080525276679885849,1.2689352499184621,1.9643354984782715,-0.005161609420225078,-0.0071628521538451336,2.0381121199555232
812,685,813,1.1818579041533257,-0.0092231928044121947,-0.0095452072092410134,1.2707218029519805,1.9861535328183919,-0.0073152600237694852,-0.0078462340985272286,2.0579395922768469
812,271,685,1.1801060311154892,-0.010595642943974526,-0.012304873996004773,1.2685598283197785,1.9635976187129995,-0.0080977097203133556,-0.010890185910147135,2.0369388220506783
813,685,177,1.1785573863047061,-0.0089297293421850554,-0.010649487238755029,1.2708199893141185,1.9653525123529536,-0.0066794157983814141,-0.0094927510536246002,2.0415601687676195
129,718,815,1.1436114275072926,-0.023814195540064809,-0.024498195966469183,1.3105008744679063,1.9317588850407132,-0.019427706465729562,-0.020543014255214369,2.0698330160808482
718,814,815,1.1443385561129014,-0.0254366334552798,-0.026118012259627399,1.3141151613346826,1.9548190154414258,-0.020200275397139311,-0.021321758677971835,2.0915568377932363
718,283,814,1.1417803826709694,-0.02694177615154203,-0.028612783595349356,1.3126473222924719,1.9289393852076091,-0.02164607677992169,-0.024368925765050682,2.0704658899149937
815,814,307,1.1408872061284718,-0.024097695395446372,-0.025301158644767341,1.3137982660910286,1.929561098180306,-0.019444313909048619,-0.021406437004718358,2.0725511893070285
283,816,814,1.1426174049744717,-0.028809419248803536,-0.030369014433569319,1.3165659901564943,1.9542096857292992,-0.022515463388714983,-0.025082882833194396,2.0941198602152356
816,817,814,1.1389300338307593,-0.027378849296856522,-0.029160104803719555,1.3160969758577759,1.9265600946729458,-0.021954758906493038,-0.024856835578073326,2.073245988994342
816,306,817,1.1396517825266081,-0.028989283050077308,-0.031001375309910983,1.3202053922484618,1.9520543916773425,-0.022452532139018586,-0.025764683850361805,2.0971735258161903
814,817,307,1.1416424999507995,-0.025783125693701336,-0.026921460787918683,1.3174139534482743,1.9528342859291727,-0.020274218830776361,-0.022147705501714937,2.0943127377652813
283,724,816,1.1397220775835351,-0.030512718774811542,-0.032873820019682753,1.3150924316978125,1.9257480479160467,-0.024362453086463287,-0.02820680727409984,2.0711904396334249
724,818,816,1.1405242426617925,-0.032302741792520351,-0.03486527118780014,1.3195363342388147,1.9533834921512312,-0.0248613984038379,-0.029080645019916605,2.0971465363260533
724,143,818,1.1375197218171911,-0.034070418266443969,-0.037698625557796461,1.3178693616594304,1.9228858168238505,-0.026828709384494616,-0.032732580132808609,2.0725583851151512
816,818,306,1.1366046110322436,-0.030782135654919163,-0.033222018811819964,1.3188988407484281,1.9232788198148871,-0.02453863928355695,-0.028510860092723946,2.0743724121949545
307,817,820,1.1382821909164837,-0.02447940480177424,-0.025889162768667262,1.3170134460899776,1.9276863460498157,-0.019662143437287435,-0.021960587343599819,2.075383278383903
817,819,820,1.1389331557437705,-0.025931955879587854,-0.027530110055936419,1.3206750260261604,1.9505196796270337,-0.020195772210015485,-0.022825536912886676,2.0967686702930992
817,306,819,1.1360871236696459,-0.027606387245408648,-0.029390527599245431,1.3195804700243645,1.9243776495762597,-0.02212733098608427,-0.025033914759521436,2.0762064779208185
820,819,171,1.1360279641799131,-0.024804844017525696,-0.026230218412651496,1.3201707139151235,1.9279260764615767,-0.019864468386137327,-0.022190143036158072,2.0796659082084692
133,821,507,1.1238269059643686,-0.02353174668285396,-0.027826164991942903,1.3361955133652925,1.9230573240075348,-0.01748303046041786,-0.024500182560129417,2.0966608875606325
821,822,507,1.1258617148945533,-0.028072004256398664,-0.02691235116965407,1.3341565257896502,1.926660944779762,-0.023376941884454806,-0.021480379667146082,2.0965919594738813
821,308,822,1.127737903039213,-0.023679832930792122,-0.027973342123217115,1.3316727375532627,1.9279356261125797,-0.017573195993577803,-0.024595217460529804,2.0944231345860009
507,822,220,1.1277052796892022,-0.02731538177647419,-0.0319724357025164,1.3320798026286385,1.9285285088709967,-0.020369641514892053,-0.027987718637762525,2.0952240094316554
308,823,822,1.1295758255580219,-0.027781298744251615,-0.026957133638538355,1.3294049899651021,1.9289372384931738,-0.023035816769018141,-0.021688068615193991,2.0922071067799939
823,824,822,1.1316754353946035,-0.026919637860166823,-0.031658485372308753,1.3274755977414952,1.9333670112909331,-0.01998031978665539,-0.027738984458248982,2.0928710548252778
823,306,824,1.1334344645038081,-0.030844549490289808,-0.03037569627344805,1.3246133177333004,1.9306794354312726,-0.025446285813935467,-0.024679904401043035,2.0872137231086878
822,824,220,1.1296514755474525,-0.03165791750744873,-0.030804732519012834,1.3294743131677311,1.9284851056369485,-0.026226027428300297,-0.024831196418285302,2.0918211047614874
308,825,823,1.1314519808886843,-0.023389204236476724,-0.027853966581193212,1.3273054969340903,1.9321019737284815,-0.017247949662699422,-0.024554932141679996,2.0918743151268999
825,819,823,1.1331185232432324,-0.027107750697833666,-0.026773582377264127,1.3248948418148494,1.9311373710052278,-0.022315792192256441,-0.021769381801161364,2.088046858754228
825,171,819,1.135041965799152,-0.022604791447799144,-0.02754161058894411,1.323096815807038,1.9361137527622769,-0.016397189993556924,-0.024481887171401415,2.0894150547995447
823,819,306,1.1354372368623462,-0.0261561716033889,-0.030995596822087634,1.3231621652785921,1.9381222768286723,-0.019280892375949037,-0.0272113561003023,2.0908341571005002
220,824,512,1.1321038965531072,-0.030651466111069725,-0.035826243456907214,1.3274135305028794,1.9346295814348071,-0.02280682167465637,-0.031282015196952444,2.0935410571582684
824,818,512,1.133967873876129,-0.034810912094360269,-0.034351747009785605,1.3241232070377773,1.9304068779438208,-0.028709983664824135,-0.027959689211944104,2.0862140817966512
824,306,818,1.1361357646181993,-0.029736001322295813,-0.034943057005612843,1.3227389834654297,1.9395230915184838,-0.022011842316344565,-0.03054745047509147,2.0911600118566391
512,818,143,1.1372482464642761,-0.033464676858089737,-0.039546051054338172,1.3219915116450207,1.9418349175009173,-0.024625958913422161,-0.034600353256602441,2.0916986787282852
116,555,827,1.028792225607738,-0.0075394702551024873,-0.0092234736858958777,1.45684586815596,1.7866495554095221,-0.0057873071797840368,-0.0084545823739540279,2.1503262891446324
555,826,827,1.0351657259048341,-0.018075334345983851,-0.01228970933033996,1.4619145808749661,1.8675367961865617,-0.016643559177934152,-0.007212740239931327,2.2028120741976629
555,236,826,1.0333755615292137,-0.01963911640154492,-0.023531228441352248,1.4520946525474663,1.7999088552329325,-0.015089857454502108,-0.021279370363936182,2.1526623499893631
827,826,310,1.0252212783682113,-0.017011551112122381,-0.020705653744338526,1.4628148561825443,1.7836512387095049,-0.013073881133071723,-0.018921573327650938,2.154861285809929
236,828,826,1.0398917154222209,-0.03041079736361807,-0.024695757136643737,1.4540197040092377,1.8644956881054022,-0.026481891896443434,-0.01718454681773296,2.1926507432971434
828,829,826,1.0321538371672654,-0.029583263220992251,-0.035035766300636539,1.4551255253127442,1.8009016828866811,-0.02280073578718176,-0.031475256021135052,2.1561717643299478
828,309,829,1.0392329757948149,-0.04128511206559482,-0.035175608192973051,1.4553566846066022,1.8610634348529549,-0.035329351392752353,-0.025403981833399633,2.1915936703137775
826,829,310,1.032593826433474,-0.029198914538543619,-0.02261675281411879,1.4659740433049779,1.862982267777076,-0.025742980777334605,-0.015029043130941611,2.2039947349792568
236,561,828,1.04019571765427,-0.030145225667508324,-0.035728553772454319,1.4443816217633771,1.8154850700894347,-0.023052887793594365,-0.03197106745938337,2.1530990234812135
561,830,828,1.0464006314737331,-0.040402756923763494,-0.035372932446366301,1.443793733361721,1.8633471360643465,-0.034362309312103927,-0.026193483541375788,2.1809220015569828
561,150,830,1.0488415740506687,-0.038270567853352255,-0.046274614043432916,1.4342709995743657,1.832923650282887,-0.028581911382554046,-0.041427158006089218,2.1520850121787736
828,830,309,1.0409148161934745,-0.0398159297986872,-0.046989711538178547,1.4450364002633258,1.8197968156024273,-0.030360929853673474,-0.041833705760031516,2.155897212491789
310,829,832,1.0232717499739863,-0.028201707946033938,-0.033682146230133103,1.4671577370143263,1.7844534692610798,-0.021810974327640467,-0.030490266827670191,2.1596044413962461
829,831,832,1.0312846150800459,-0.041447562468780674,-0.034379376091721259,1.4683103091833658,1.8584043991108643,-0.035659226368125775,-0.024173951429500407,2.2032506576282258
829,309,831,1.0323172180174005,-0.040545492412858208,-0.047676986385877917,1.4566936696912967,1.8043926363325515,-0.031217919495828431,-0.042574825248145522,2.1593577608692001
832,831,164,1.0230736394533251,-0.040569430169400067,-0.048349537229603223,1.4698043642482463,1.7894055417034846,-0.031173838178627733,-0.043514150859249687,2.1646395379176613
133,833,835,1.1213006412731843,-0.021506267883059316,-0.022760577248775782,1.3367642882488724,1.9087351061635847,-0.017328170672267031,-0.01936730393425086,2.0873460002238438
833,834,835,1.1245225183504708,-0.019353025091895404,-0.021070503350554937,1.3378937973364575,1.9382676211526104,-0.014832889898204825,-0.017656294081724411,2.1097583100190653
833,311,834,1.1213462159365284,-0.017959948120496172,-0.018439196768613719,1.3367397470835902,1.9098884180196978,-0.014679541832081609,-0.015459048813525299,2.0882348457374347
835,834,312,1.1244120601866217,-0.01896751835766608,-0.0196569094433241,1.3329602555165403,1.9124253774249786,-0.01543772567021897,-0.016559216234930549,2.0851892180901883
311,836,834,1.1245219687186463,-0.015837531088256362,-0.017147222815165897,1.3376031982752101,1.9375862821313878,-0.012191140795069076,-0.014343664078714718,2.1090008958375921
836,837,834,1.1244544562367444,-0.015601899907268013,-0.015818369548086686,1.3329652519893092,1.9135081343592939,-0.012823878100625991,-0.013176191869127059,2.0860494706682879
836,276,837,1.1274186538162914,-0.013620869310309924,-0.014542861776517313,1.3338176985129717,1.939421602260873,-0.010583424276005733,-0.012098729511572322,2.1056486855612446
834,837,312,1.1274694608293174,-0.016924327912063664,-0.018131341415880797,1.333979757499455,1.9399691351652466,-0.013114691985399062,-0.015098786428435422,2.1061726026509753
311,838,836,1.1216435180715796,-0.01457499777222715,-0.014524506634423506,1.3364528340818707,1.9112865137023423,-0.012074012643353331,-0.01199184503939791,2.0889380075487907
838,705,836,1.1246730966629395,-0.012550271780009226,-0.013465154504828547,1.3371608196075866,1.9370185521576395,-0.0097221876707782179,-0.01122546610285834,2.1081139323623859
838,161,705,1.1221443688176549,-0.011441132335462179,-0.010806430572200654,1.3359946618530714,1.9130883075206331,-0.0097029794635379168,-0.0086694454905231512,2.089689604323524
836,705,276,1.1246292881917852,-0.012397372027177944,-0.012214699692123965,1.3327964985813754,1.9144708329231608,-0.010323263831120814,-0.010025846222277264,2.0865822066440725
312,837,839,1.1273528607668846,-0.016517385521274797,-0.016829998648445699,1.3294379800254896,1.916061041883536,-0.013546732007333549,-0.014055632700497069,2.0833313481664
837,704,839,1.1301905424457628,-0.014620947835300768,-0.015361993068802704,1.3304190559245863,1.9416347952885118,-0.011470048048753408,-0.012688132976965666,2.1029650894248695
837,276,704,1.127347960736881,-0.013374108422302911,-0.013311544597740532,1.329519669300077,1.9170381348405703,-0.011083337174260834,-0.010981446100378645,2.0842019261991691
839,704,145,1.1301604016199769,-0.01451575424063023,-0.014126362878288834,1.3261066199501013,1.9194674702794319,-0.012162036529681529,-0.011527758838079518,2.0815339053845778
134,840,842,1.1673713962685577,-0.020073527244357514,-0.022245198984786718,1.2825125523189467,1.9500744976032929,-0.015813540471958619,-0.019355605150582052,2.0457630129512583
840,841,842,1.1681914341605317,-0.018648745998078642,-0.020039491838044654,1.2863448754447662,1.9754992231570931,-0.014451800504707457,-0.016744427041577203,2.0707721496546134
840,313,841,1.1643884000652491,-0.01749502396604985,-0.019201435095181019,1.286090635145019,1.9492428246035793,-0.013822545218669345,-0.01660756417852528,2.0501629793569593
842,841,314,1.1671468209538731,-0.016496322104478267,-0.018371191291966404,1.2829073447547454,1.9514280296199533,-0.012932703230223348,-0.015992796323690946,2.047461002820286
313,843,841,1.1652222567694315,-0.016046233116466802,-0.017307488606538968,1.289381287278152,1.9719377735644983,-0.012424930910416954,-0.014502928977663934,2.0721765716555889
843,844,841,1.1643159287771467,-0.014178625108604237,-0.015777147511085943,1.286227818215119,1.9501056707988824,-0.011102390245606275,-0.013712427033293506,2.0510952629865402
843,275,844,1.165054869391382,-0.012894787823674703,-0.013985231765111905,1.2893410971468975,1.971177578556593,-0.0099616457093385756,-0.011757780143378534,2.0716025614824214
841,844,314,1.167861708684784,-0.015254181217700058,-0.016358646816856393,1.2864042068086157,1.974333522353394,-0.011850531481541075,-0.013670572176682286,2.0700331345239982
313,845,843,1.1617595356698756,-0.014995714995083453,-0.016547923575729762,1.2891508509229581,1.9478878218738847,-0.011796004601511173,-0.014330096972206025,2.0534000136408488
845,699,843,1.1626034001145218,-0.013529536118593199,-0.014844441681688636,1.2921105788571929,1.9689225836758868,-0.01038140548074637,-0.012546831280954265,2.0735737988651208
845,146,699,1.1593417997308864,-0.012540068202189225,-0.014424741460932644,1.2919832548891712,1.946578373224789,-0.0096164900136902938,-0.012694076794680528,2.0563253391347951
843,699,275,1.1618189756751702,-0.011913230776842809,-0.013416656018200079,1.2891686287100477,1.9488819903941099,-0.0092508623533610126,-0.011706364723112511,2.0542474670880031
314,844,846,1.1668369844523139,-0.013142738524596353,-0.014892457434076967,1.2833831258573927,1.9524252184470963,-0.010183039978014348,-0.013040462546305764,2.0489684925911553
844,698,846,1.1674584269073573,-0.012062961870427547,-0.01304218510820121,1.286598034728077,1.9731871956995881,-0.0093378064347680659,-0.010950916726389065,2.069469863260192
844,275,698,1.1641666067119831,-0.011064405768554941,-0.012587056918326844,1.2864599740187561,1.950784041001995,-0.00854370707683242,-0.011030760286772471,2.0519967042027156
846,698,162,1.1664452018656646,-0.0099750784355761013,-0.011777672375507642,1.2839923399622446,1.9533947740342257,-0.0075230297929998295,-0.010468465890885924,2.0506169068157107
147,714,774,1.1222145971186803,-0.12157064282699404,-0.12119277595714539,1.3458028882200768,1.8758712761346561,-0.10367312130932479,-0.10306955594542033,2.0662839920892733
714,847,774,1.1206856099818245,-0.11902473630922739,-0.13158820228941703,1.36311224486301,1.9488057638366247,-0.087515967594203159,-0.10818830984149774,2.1381173359999925
714,279,847,1.1107941229806251,-0.13126733412225899,-0.13193356405029277,1.3626847939511406,1.8619427322849862,-0.11158692428564163,-0.11264775247249137,2.0765416321201733
774,847,295,1.1115810018821497,-0.11651377397698592,-0.11654570939210007,1.3589636716751643,1.8716327427778423,-0.098575612702899718,-0.098626705693784206,2.0809545661558086
279,848,847,1.1085701626029461,-0.12756445624028068,-0.14308374288012748,1.3812497607479823,1.9358896858344381,-0.092908242182853651,-0.11836820541402565,2.1487519070332479
848,849,847,1.0999038736555518,-0.12517418007172409,-0.12494827820300758,1.3762477617047306,1.859095114522096,-0.10587524612994365,-0.10551472470869183,2.0926460193032534
848,315,849,1.096785317289084,-0.1199814921883311,-0.13513091614876416,1.393202805791939,1.9193609816369948,-0.087933166127120349,-0.11270683585542718,2.1524864727432096
847,849,295,1.1095860357829479,-0.11319208963513194,-0.12608297237792732,1.3748435290506098,1.9346759210731614,-0.083344210466825275,-0.10450150328655489,2.142919449387771
279,713,848,1.0974393221849947,-0.14134025610103174,-0.14152342090888492,1.3831808533148566,1.8486087564690039,-0.1199988507270518,-0.12028977004784774,2.0913420728816847
713,850,848,1.0936362107626212,-0.13500795017007716,-0.15343431998874824,1.4030128930607071,1.9176395368441181,-0.097802925456584033,-0.12789562489949799,2.1597187184779467
713,163,850,1.0816458394555388,-0.14984654835500688,-0.14930873970514913,1.4081184754100922,1.8372316842723886,-0.12648625475179215,-0.12563310904699304,2.1123733132514588
848,850,315,1.0862824593815192,-0.13297992106589063,-0.13198411010629219,1.3970973204939887,1.8479700246930271,-0.11218513517383316,-0.11059830660783562,2.1093051357614798
295,849,778,1.1020760792942932,-0.11112098204108078,-0.1104690846353904,1.3705375065689784,1.8672019677732821,-0.093810236343865067,-0.092766076392428953,2.0932434323754139
849,851,778,1.0994981880890369,-0.10682855219431797,-0.11937119059085033,1.3853603451838685,1.921178455907522,-0.079012396104368054,-0.099546202806077344,2.1468336473055452
849,315,851,1.0903123851977856,-0.11819637681112249,-0.11706090026851612,1.3882194284353944,1.857381182938366,-0.099553328213423692,-0.097737050943753595,2.1072106217703275
778,851,191,1.093442684764784,-0.10515836494664654,-0.10342500956492451,1.380962179288741,1.8629591758345032,-0.088838883840149069,-0.086059940566382331,2.1040465669266952
134,852,523,1.1719163478669516,-0.025973790999172408,-0.024730723857683046,1.2815675658612147,1.974003237764957,-0.021582361301452704,-0.019537035380600171,2.0629261264289189
852,853,523,1.1716476557211815,-0.026081700377689199,-0.030135389944359048,1.2793969994055763,1.9603129395389172,-0.019856950279587803,-0.026488033313072715,2.049140759274275
852,316,853,1.1753789208442158,-0.028100433040723516,-0.027040579032691969,1.2777226086380242,1.9762724290532094,-0.023249824618381751,-0.021506251700712208,2.0593413051844398
523,853,225,1.1734840730557969,-0.031118549610438695,-0.030410485981260837,1.2801515213959132,1.9752869786413909,-0.025528280931593483,-0.024363275015752466,2.061779557558709
316,854,853,1.1752614913241679,-0.028147593877864807,-0.032426066371460394,1.275559744554041,1.9635671385441362,-0.021464814757525826,-0.02846485768681372,2.0462410088351883
854,855,853,1.1771660934902626,-0.033371274957807007,-0.032591768217599792,1.2760142088059441,1.9772873337321195,-0.027422347603017483,-0.02614026280091418,2.0575529314811138
854,317,855,1.1772791681280488,-0.033325863083728979,-0.038531098971262168,1.2736289158209395,1.964689701323417,-0.025373629645547312,-0.033887599837501801,2.044150401377681
853,855,225,1.1732074573203208,-0.031229641179629564,-0.036051607642590966,1.2778859920821874,1.9608539984343549,-0.023811965754182353,-0.031696929279211826,2.0472166908644476
316,856,854,1.179049297349648,-0.030196808046861978,-0.028888404114289834,1.2736458588973427,1.9785817041860756,-0.025079488402679456,-0.02292751600675088,2.0554418419638836
856,857,854,1.1792169544983695,-0.030129475305629594,-0.03436560550828105,1.2714461615569519,1.9674811880073935,-0.023098558068322866,-0.030031727594376355,2.0434585192337127
856,172,857,1.1828550572802925,-0.032097804190116541,-0.029962960997715449,1.2690641913714664,1.9791417613409505,-0.027051023925049558,-0.023543423124684194,2.0494229358765566
854,857,317,1.1811448919714584,-0.035417342175039668,-0.034333399110030083,1.2713578271847634,1.9784521600604996,-0.029288392036849638,-0.027507076054369833,2.051909241504009
225,855,528,1.1751698906395422,-0.036611933598881485,-0.036341159364191356,1.2786801347523511,1.976576151015252,-0.029798152497952507,-0.029352674175605213,2.060502908055609
855,858,528,1.1750925041620746,-0.036643014037041066,-0.042708721186906828,1.2761227549886387,1.9616326460655906,-0.027800839771278521,-0.037715656909512986,2.0450479371648647
855,317,858,1.1793231117470306,-0.038931906794489546,-0.03863720349512656,1.2739199349044323,1.978183161131488,-0.031763983290360648,-0.031279476974663781,2.0550657119259315
528,858,144,1.1771304983376267,-0.042232203779448696,-0.043004861924704763,1.2769349196129838,1.9776444621024516,-0.033934453515599386,-0.035205258061810629,2.0586004270236171
134,859,840,1.1677876630019366,-0.02093124420344239,-0.024276311647632554,1.2866976568133541,1.9738651273984373,-0.015497864225904552,-0.021008848870841909,2.0698891867992533
859,860,840,1.1640806769314183,-0.021069795509657041,-0.02170614934282078,1.2867937185027518,1.9500928360627694,-0.017190237974143159,-0.018229278414589649,2.0517022009064156
859,318,860,1.1639404368546122,-0.020780831048712756,-0.023681429310915547,1.290863779816144,1.9697743018118357,-0.015579581677828185,-0.020355766015815499,2.0723564562698136
840,860,313,1.1647834787389406,-0.018309082960984213,-0.020961761893739883,1.2897177857856708,1.9701343452215643,-0.013694972116249149,-0.018062569306531467,2.0711662034828375
318,861,860,1.1605821248204755,-0.020906350408686158,-0.021144077908357595,1.2909586151741603,1.948141160262604,-0.017189405094492911,-0.017577683041348623,2.0559358037985187
861,862,860,1.1613172719003297,-0.018018580703553638,-0.020510900769275864,1.2934458314201707,1.9661931463521687,-0.013544844505386636,-0.017645993590910895,2.0731554087637871
861,319,862,1.1584163350074475,-0.018127005334266144,-0.018198403824850828,1.2935322626789283,1.9474224923591246,-0.014936986986046584,-0.015053649618186622,2.0589756112376825
860,862,313,1.1615175004309592,-0.018431151280644542,-0.018741874576927664,1.289800755692097,1.9490313985100636,-0.015113990533038985,-0.015621544621467455,2.0550990217624783
318,863,861,1.1602607866636074,-0.020244233634401532,-0.022995339925992564,1.294773137692804,1.9653615127315551,-0.015234706762019483,-0.019761464988667644,2.0742297774157912
863,864,861,1.1573284139641089,-0.020353833201298244,-0.020359097495225242,1.2948716691750715,1.9464638533470802,-0.016800278671956218,-0.016808879619872659,2.0600079524151775
863,194,864,1.1568121268270746,-0.019290024355471225,-0.022029720306454781,1.2983139848888374,1.9605256801795514,-0.014505313187188319,-0.019008921913635384,2.0752971188001563
861,864,319,1.158074573268514,-0.017422805800784147,-0.01983933109302205,1.2969133907722341,1.9623232690338406,-0.013113436400298762,-0.017087360149041705,2.0748515143282709
313,862,845,1.162174425416771,-0.015850649875477352,-0.018095496299206815,1.2923398280214453,1.9667353390252009,-0.011898008800562597,-0.015591882166134319,2.0721444392755033
862,865,845,1.1593455869068072,-0.015956384211930796,-0.016108010415510243,1.2924141148711126,1.9483643440440077,-0.013111776196352776,-0.013359558796231529,2.0582214494608246
862,319,865,1.1590985214048406,-0.015447273256660843,-0.01766584449524311,1.295624236843512,1.9630286714312828,-0.01159915578431954,-0.015247555538822764,2.0737179305348517
845,865,146,1.1599147489220849,-0.013720629122819794,-0.015600798823364403,1.294406519262056,1.96261180137114,-0.01035827363187258,-0.013448903680636986,2.0718107608977236
135,866,868,1.0553415871361018,-0.086682372620209946,-0.080373309523469327,1.4409133518293351,1.8885660722836102,-0.070474830642095698,-0.060166384726945993,2.1900916672537178
866,867,868,1.0471433563838661,-0.073129815237928497,-0.078865025007319733,1.4384199952659862,1.813740546124875,-0.059323630310511064,-0.068452689955145585,2.1426720351254329
866,320,867,1.0455311508327885,-0.076781596357577087,-0.071965558488472858,1.4540478670050168,1.8822048357858381,-0.061900436671688153,-0.054033925213364212,2.2006050422154808
868,867,321,1.0536976210754805,-0.071767422548344451,-0.068001474152949992,1.4406781314510957,1.8869426991560008,-0.057811717003908691,-0.051656403484076255,2.1900289374829245
320,869,867,1.0379993622511989,-0.064330739577849627,-0.068962567832837829,1.4490836003956813,1.7984773073357765,-0.05269146271940324,-0.060037736725298593,2.146140651959537
869,870,867,1.0459223082215789,-0.062683847946540361,-0.059338326144422693,1.4510841293849754,1.8820174453144198,-0.050385060184758648,-0.044917981670243315,2.1984611924287707
869,309,870,1.0395126729688826,-0.052088031338427321,-0.055918564793768555,1.445430895981437,1.8029268759601638,-0.042557608690106843,-0.048644388598929209,2.1456888368079028
867,870,321,1.0468842516793559,-0.060504965139112521,-0.065649106246844502,1.4367896818730608,1.8149111842367027,-0.048923595313088111,-0.0571204510499842,2.1426623940266509
320,871,869,1.0373044215737695,-0.065904838639484264,-0.061884191321194937,1.4651167183102827,1.8774693512633829,-0.052914644517016038,-0.04634764942605521,2.2097798004794607
871,831,869,1.0302259625061465,-0.054203384314605252,-0.057661068334226906,1.4581354416979213,1.7855182335363009,-0.044806088535865277,-0.050273577059433527,2.1492217087978602
871,164,831,1.0306880552616811,-0.053156705372790825,-0.050754353999074464,1.4737797303502451,1.8730242020290504,-0.042241165716909237,-0.038318346702430617,2.2165415284616596
869,831,309,1.0394227533802818,-0.052291706766613544,-0.049566912900893101,1.4598179215350324,1.8783373147142437,-0.041894414876137237,-0.037441714912346186,2.2057767178010717
321,870,872,1.0536404160304773,-0.059100655619087394,-0.056591582858345646,1.438672342753003,1.8860160949699114,-0.047454777592867106,-0.043353132273108511,2.188231221563405
870,830,872,1.0477998407468485,-0.049446220852249034,-0.053874043304540153,1.4341802667032233,1.8178648813078235,-0.039851291752562037,-0.046916256677356938,2.1423441361291973
870,309,830,1.0473530566515352,-0.050458301396876681,-0.04819908892687641,1.447035493595862,1.8817352573444805,-0.040489622696815983,-0.03679739380833634,2.1948416855559554
872,830,150,1.0547304965012128,-0.048005590182290003,-0.047074686334965143,1.4355936051424041,1.8863019336325531,-0.038143620147586349,-0.036621438948641089,2.1857883662363107
131,583,874,1.1964284630612478,-0.034886560401459654,-0.040962030755460788,1.2568742157443786,2.0001820802710273,-0.025527967518672132,-0.035555201687747409,2.0488608768397643
583,873,874,1.19092507695354,-0.037096864542291552,-0.040440005904538445,1.2570838746102169,1.9662548108467321,-0.029659974243626035,-0.035105903603949162,2.0215166828165723
583,244,873,1.1913642069587727,-0.03793058428001439,-0.043342028205234584,1.2625935716078445,1.9964122096081431,-0.028233068198828953,-0.037164398594778006,2.0537281967152738
874,873,322,1.1923111712690377,-0.033855689536617994,-0.038812930369025445,1.2608885482886762,1.9954991415614041,-0.025220191707436647,-0.03339667970506946,2.0508158834478829
244,875,873,1.1858546377584527,-0.040143371712939135,-0.042623310500085054,1.2628822274805565,1.9625173951490964,-0.032509966195323745,-0.03655010431825053,2.0267887980308474
875,876,873,1.1875655084832291,-0.036142884886592563,-0.041186471142390602,1.2662419535187626,1.9918566252772201,-0.02700866526159576,-0.035327196703456624,2.0552783873283338
875,317,876,1.182503587084585,-0.038175801742650339,-0.040242717218196056,1.2666209742718273,1.9611649713536679,-0.030970986672552811,-0.034340324362270712,2.0312226173131087
873,876,322,1.1873997240737293,-0.035828174489399345,-0.038444358451589444,1.2610365703547295,1.9648001268720523,-0.02882749485489422,-0.033091915900461337,2.0261895793527547
244,589,875,1.1857871676438287,-0.040015280933832997,-0.045675034711981866,1.2686758701043832,1.9910747954426506,-0.029828072693133395,-0.039164412129325671,2.0578115964844432
589,858,875,1.180377058159648,-0.04218812273726158,-0.04438425629846865,1.2691942805550456,1.958736704786485,-0.034275719350406783,-0.037854226830389109,2.0327369984443933
589,144,858,1.1798293349518594,-0.04114828024089956,-0.047508734940200803,1.2751260461337992,1.985087275567968,-0.030482450739190425,-0.040967612906094145,2.0618883732050497
875,858,317,1.1822769685208629,-0.037745609190675822,-0.043135934420626576,1.2721132008188789,1.9872893090726809,-0.028152934423457704,-0.037040923922919161,2.0597010156414295
322,876,877,1.188796340826958,-0.032562499975343773,-0.037037377994046494,1.2643264780630226,1.9914555707459214,-0.024421992366550752,-0.031798736097819733,2.0524665877234649
876,857,877,1.1843044858896821,-0.03436647259716441,-0.036437214625428815,1.2645675095078737,1.9638094785333768,-0.027764663715554153,-0.031142285481153845,2.0305863660108172
876,317,857,1.1842096765143613,-0.034186494900500186,-0.039022262185452128,1.2694747341789476,1.9878401538642714,-0.025567415958410895,-0.033538431748901511,2.0566797806204167
877,857,172,1.1857765114107701,-0.030924471620772387,-0.035457970708407949,1.2668572514112775,1.9857891986206986,-0.023185638936287389,-0.030648327459072547,2.051542998561553
133,835,821,1.1249075055554139,-0.023088294772195539,-0.024539181521150866,1.3375444118032553,1.9383010271063847,-0.017952261812920166,-0.020337093737630214,2.1092471015182688
835,878,821,1.1246380467640451,-0.021754962958810076,-0.023570387276006244,1.3327506391409627,1.9121403955387275,-0.017306588837295425,-0.020259245473561394,2.0846249571081801
835,312,878,1.1278044809911192,-0.020455486995250016,-0.02130170186932645,1.333681687109574,1.9400723032016776,-0.016110579892853992,-0.017501475334177105,2.1057912179610643
821,878,308,1.1284035908861405,-0.023406640660156075,-0.024429060921885792,1.3331272784970944,1.9407060694274554,-0.018408466247196643,-0.020089081898336469,2.1054650205806364
312,879,878,1.1275216914016166,-0.019056466520182447,-0.020421319506137792,1.3293262475965544,1.9160324339357668,-0.015229683452506752,-0.017451317923736345,2.0830928403714726
879,880,878,1.1309319558437754,-0.020552261655347515,-0.021190566484783568,1.3296636513105229,1.9417860446905815,-0.016300350089729645,-0.017349348215159936,2.1019874947127515
879,323,880,1.1306303360967291,-0.019059732300581445,-0.020393677800106147,1.3257203426710631,1.9197376333128724,-0.015230587966605067,-0.017403285763006579,2.0811062608715067
878,880,308,1.1280645645078851,-0.021729075592004765,-0.023534657712676932,1.3287016064053683,1.9159868691388979,-0.017276812131867512,-0.020215231576353909,2.0821749450025089
312,839,879,1.1304250699172158,-0.017864946241037405,-0.01843433408980566,1.3301416884373576,1.9412602640835599,-0.014165030969021941,-0.015100726787953427,2.1022788331675986
839,881,879,1.1301821794704461,-0.016663079498445033,-0.017647007294986139,1.3262458501990433,1.9198036192218144,-0.013381172222733186,-0.014984061908434234,2.0818956581698922
839,145,881,1.1327000850423081,-0.015629698972018602,-0.015992198827412096,1.326925004677459,1.9413964382655224,-0.012480890013847872,-0.013076271466557678,2.0983711292255225
879,881,323,1.1332216978591179,-0.017996165118005614,-0.018355834044726294,1.3265567306169288,1.9427271513975866,-0.014378872463812961,-0.014969827068788098,2.0988157274380401
308,880,825,1.1316574707956848,-0.023304868560571013,-0.023978227969381649,1.3288961494397773,1.9422762129971489,-0.018507084041647907,-0.019613654719035971,2.1012946507454235
880,882,825,1.1312900364896183,-0.021486735824503445,-0.02318913382628196,1.3249915660361129,1.9200412794872277,-0.017096048883017204,-0.019868609136134537,2.0803092463660082
880,323,882,1.1338078089799675,-0.020453464769968122,-0.020886543860195061,1.3259365281292079,1.9431207790290355,-0.016333903107876718,-0.017045454343188375,2.0982521736659137
825,882,171,1.1344204844302483,-0.022859841779742318,-0.02306130042449972,1.3249354945701133,1.9417257631808436,-0.018415934717617724,-0.018746677970825125,2.0959038866620259
130,548,884,1.0948034319363051,-0.041487971847044336,-0.048196766508731503,1.3749991945681925,1.8978871619341617,-0.031006824452032886,-0.041936421589796893,2.1257786496971924
548,883,884,1.0972591682582054,-0.049163912358496376,-0.046949372829160119,1.3711001930372211,1.8947942168064458,-0.041125877908154029,-0.037524925444805748,2.1188820372135391
548,233,883,1.1010658720359912,-0.042171148863523411,-0.049018587032163552,1.3672991288129754,1.9057151040284972,-0.031429814601565853,-0.042602614761841864,2.1218566969713528
884,883,325,1.0997176243427607,-0.04886088511580311,-0.056453384902624748,1.3699287364506083,1.9047309615877754,-0.036515653036484436,-0.048900948357694166,2.123889436988641
233,885,883,1.1034172222853948,-0.049520807894528396,-0.047588368872053977,1.3628286694165412,1.8987923674363112,-0.041402436960757238,-0.038260076083969308,2.1115978764430334
885,886,883,1.1064450112532935,-0.049147593207764295,-0.056626591809027627,1.3617145899420144,1.9132218027981811,-0.03669389975901656,-0.04891480815241192,2.1198251323078043
885,324,886,1.1088285227463652,-0.056597779233853451,-0.054848892151158513,1.3561580011912797,1.9005910950278408,-0.047294436288937369,-0.044453068803987847,2.1042029418533268
883,886,325,1.1022657973753498,-0.056825018389253579,-0.054862253331078303,1.3649557680809874,1.8963447651280836,-0.047444676984244927,-0.044255871574178832,2.1120256931645596
233,552,885,1.1072644543733543,-0.042453249886308497,-0.049273358543314494,1.3597332590091056,1.9134056447695529,-0.031594474333285438,-0.04273945559316282,2.1180027486383506
552,887,885,1.1094598076040416,-0.049314670004912742,-0.047688794697164028,1.3547808175973044,1.902815528810994,-0.041201735245939355,-0.038557740746748989,2.1045266250811538
552,158,887,1.1134009857880591,-0.042074335572077126,-0.049045051199493095,1.3522892401564788,1.920992109318628,-0.031149922046892944,-0.042557843824965635,2.1142322105351368
885,887,324,1.1130329936811973,-0.048874127677935419,-0.056167639169373729,1.3537354508592703,1.9215695170904936,-0.036446609960745571,-0.048384399226970798,2.1159591676954808
325,886,889,1.1057333404601288,-0.056397611926106483,-0.064770448212974507,1.3637344922591428,1.9129383034578007,-0.042136621227126775,-0.055815578197409954,2.1215063059806547
886,888,889,1.1083164495087425,-0.064471683728902107,-0.062799119683433435,1.357572674157443,1.8982663245403983,-0.053813513552805781,-0.051099035150586003,2.1037345474709825
886,324,888,1.1128743717768521,-0.056098961733728581,-0.064196627492865588,1.3550055078728573,1.9217286338202864,-0.041897900126966786,-0.055150091676697127,2.1170669721777666
889,888,152,1.1126972299346183,-0.063931712394193041,-0.073039899274597531,1.3563104042222429,1.9206383798730107,-0.047814778751546452,-0.062710448441124708,2.1172148901967374
136,797,891,1.2481944939329876,-0.070842128065268239,-0.082586442883476607,1.2112595582975043,2.0524421841449771,-0.050987565409236268,-0.070449496654741012,2.0232085802382214
797,890,891,1.2431318812954353,-0.068026044539181596,-0.068577282821947083,1.2034669484954126,1.9897116420937482,-0.057986625296284067,-0.058875575859361345,1.9557788569614554
797,303,890,1.2460591275735835,-0.058617088451952126,-0.066117727684675387,1.2113726195875429,2.0512563014311231,-0.04319138036676913,-0.055629303635610625,2.0237760473128179
891,890,326,1.2562842654264348,-0.062538604567182854,-0.070768892101053638,1.2025525648945843,2.0612857668760953,-0.045797450203762233,-0.059454635951070603,2.0188622444563573
303,892,890,1.2403181442815188,-0.055423660546289,-0.055213087712830511,1.205306902302592,1.9914804027777753,-0.047309624059824834,-0.046969252605867859,1.9616456451915059
892,893,890,1.2518872909916317,-0.050596779163668448,-0.056017580079561924,1.2049712518588089,2.0571910898440522,-0.037686189807747725,-0.046682226913233718,2.0200644591673576
892,298,893,1.2450950978809432,-0.046818333153660463,-0.046429993049334595,1.1996377492081027,1.9947203230538439,-0.040109435677815997,-0.039481885593970062,1.9559205870188243
890,893,326,1.2493689598642805,-0.05869167202514558,-0.058835302670074086,1.1959139987296137,1.9932678374820147,-0.050308462298129186,-0.05053992855504072,1.9473988203688806
303,803,892,1.2427143232588338,-0.047721697461389989,-0.05279096765156055,1.2130922470016694,2.0480356281121916,-0.03568878403783482,-0.044095348927624553,2.0245224552383183
803,787,892,1.2369605746515058,-0.044520930328644681,-0.043897287050836287,1.2081447592856289,1.9924649974079527,-0.038031070125169333,-0.037020921141723659,1.9680052832530497
803,151,787,1.23867113412088,-0.039022528832756587,-0.041458618370887379,1.215983586147769,2.0442799030658461,-0.029970807326756332,-0.034010544447631873,2.0262436295011446
892,787,298,1.247129759637879,-0.040278141217478636,-0.043766472293281566,1.208199337841303,2.0523065825719677,-0.030443963676358307,-0.036231584167238748,2.0214217097331306
326,893,894,1.2619828341016397,-0.053428909243703471,-0.058664475965226615,1.1959852710768262,2.0663147659248855,-0.039907043252908822,-0.04859870742495509,2.0142049661580801
893,786,894,1.2541350624965895,-0.049063578155651211,-0.048602253337399759,1.1903881493124899,1.9976718838067415,-0.042285079790455968,-0.041541413156002016,1.9429579671104444
893,298,786,1.2562862230993326,-0.042149169962913291,-0.045619362978834843,1.1999759604257081,2.0612181080418268,-0.03183996874001821,-0.037601180221565195,2.0166662714402026
894,786,160,1.2651772336339409,-0.044456561612244316,-0.046522875574389388,1.1912557076608463,2.0653436915518655,-0.034401436607513519,-0.037826742145921813,2.0066577141836106
134,681,852,1.171164840281762,-0.023912659270945547,-0.023641115086896924,1.2785791366649129,1.9542448564481745,-0.019961869520099283,-0.019518744193819812,2.043423526282953
681,895,852,1.1757008278070644,-0.022696923266865898,-0.024648558843840984,1.2783091214497979,1.9825162781037509,-0.017465851644496579,-0.020684934931013442,2.065197601371044
681,272,895,1.1756108924675126,-0.02245025235090381,-0.022920508484173041,1.2735694966574425,1.9579471729898974,-0.018457851837650203,-0.0192253468231404,2.0393077998403299
852,895,316,1.1745039036461142,-0.025700472193138424,-0.026009382358305189,1.2748942852061464,1.9566417799428402,-0.021227614498989494,-0.021731663518197268,2.0400436450051056
272,896,895,1.1800836275551583,-0.021251420203794336,-0.023422961132674835,1.2734348237166984,1.9863081341698994,-0.016209070895194098,-0.019791704284118125,2.0615350388341174
896,897,895,1.1789695189825289,-0.024047352200114336,-0.024808467615635266,1.2699578000208134,1.9607789965890534,-0.019670547140094682,-0.020912839926579357,2.0363608339593808
896,327,897,1.1834832115293767,-0.022837406946571548,-0.025186725788123088,1.2698564037303779,1.9894166063122494,-0.017406238775119737,-0.021283004504673408,2.059000651991489
895,897,316,1.1791210743141922,-0.024462977471899183,-0.026555185709205009,1.274747998916526,1.9859589007739964,-0.01881542770423953,-0.022267604242093765,2.0629637114807515
272,687,896,1.1799647815379406,-0.020925454281258027,-0.02172290951020095,1.2687719926984489,1.9619421577229292,-0.017058571738197616,-0.018360441816761934,2.0356956041916567
687,898,896,1.1843451883305718,-0.019751417046672604,-0.022114610415988167,1.2686670089674887,1.9896251292191054,-0.014927710220714589,-0.018826752457567261,2.0576095528712437
687,149,898,1.1842283755061249,-0.019431038884859309,-0.020537916929864508,1.264342670751903,1.9669768791629871,-0.015667740457836407,-0.017476118192132763,2.0334108608205668
896,898,327,1.183307465279074,-0.022355394283286589,-0.023492448900188201,1.265209573919277,1.964808360104048,-0.018111048319511554,-0.019967492342669473,2.0328314677929704
316,897,856,1.1779918835190761,-0.027296678708172095,-0.027983430662773756,1.2711638220811032,1.9596759470849525,-0.022402996088652094,-0.023523701532462929,2.0370831645779108
897,899,856,1.1825753186004493,-0.026068175518944248,-0.028288007605720811,1.2710821859852199,1.9889550450047309,-0.020051966345115052,-0.023715268610419026,2.0602201824247608
897,327,899,1.1823939620226414,-0.025570758225735624,-0.02657287956485721,1.266378003992461,1.9640537414271859,-0.020831566249383239,-0.022467621890145728,2.0337926585425041
856,899,172,1.1815733417630401,-0.028582705222881533,-0.029546854886689289,1.2679230222575413,1.9657433985732808,-0.023272224983684885,-0.024847838647374117,2.0372242787327863
130,900,546,1.0911145904277122,-0.035229187454445032,-0.040678764858700811,1.3795683073415268,1.8964301789061504,-0.026362142659724939,-0.035244413403274083,2.1305379310072938
900,901,546,1.0917882282936291,-0.035536666375855397,-0.034251549373642387,1.3766346342435627,1.8879373018989967,-0.02966498426551268,-0.027577539839656509,2.1215774241423748
900,328,901,1.0897830839722622,-0.030849607699685144,-0.03607035046646434,1.3808861124795646,1.8948733320434592,-0.022915480437548694,-0.031423028815696717,2.1312468301995473
546,901,232,1.0941534675714357,-0.029803197326740971,-0.03476228646573376,1.3753965796681906,1.9008984767604282,-0.022121122109158058,-0.030213264207480515,2.1288637116322646
328,902,901,1.0905348311901144,-0.031192739277368098,-0.030096746278492681,1.378159488182483,1.8878019424131567,-0.025999270204982328,-0.024218440660119273,2.1234680070165592
902,903,901,1.0927360824472379,-0.025857564854301796,-0.030646019087080312,1.3768282152393421,1.8988516707284957,-0.019015151687272178,-0.02682575194607377,2.1293333353221069
902,329,903,1.0932037550813072,-0.026071031888107221,-0.025181438393141686,1.3743339323868797,1.8905136484538398,-0.02172514148681786,-0.020278946572482262,2.1209145766212028
901,903,232,1.094489615797591,-0.029956636909745704,-0.028886150987707193,1.3727143350294471,1.8907910782570152,-0.025006443718320781,-0.023266633356215212,2.119039327454975
328,904,902,1.0886236745911106,-0.026725205992661039,-0.031734456111886633,1.3819878103593211,1.8931754782126005,-0.019673217469842331,-0.027833538875668758,2.1315753939276054
904,905,902,1.0894732876876825,-0.027113023833451599,-0.026201296806468655,1.3794621220157213,1.8876823033770773,-0.022562676404220855,-0.021080849773210369,2.1250694655925884
904,185,905,1.0876040121438995,-0.022743265861405959,-0.027703776224473398,1.3829744299986153,1.8916666330739949,-0.016472841822551501,-0.024551426062958494,2.1318661501616116
902,905,329,1.0915234559062283,-0.022143304221232007,-0.026777630360706128,1.378065058037377,1.8970853156974048,-0.016081671271711798,-0.023638231888510761,2.1297342784632614
232,903,551,1.0967195516719137,-0.024551381105270664,-0.029262840847505078,1.3718012571806124,1.9040603638999674,-0.017954064866556541,-0.025647697321963231,2.1269391247696872
903,906,551,1.0968692096371875,-0.02461969179870227,-0.024031622135960884,1.3694134913371778,1.8937549260145199,-0.020426317708816692,-0.019469917913370924,2.1172533272043701
903,329,906,1.0953079767868439,-0.020970283674438761,-0.025650343708742529,1.3731972803199244,1.9015431235109361,-0.015094304019639397,-0.022732077701751924,2.1270129951481844
551,906,148,1.0991348396866036,-0.019127680953556769,-0.024495971355673607,1.3682878834952179,1.9059622635419251,-0.013302299769945528,-0.022070611075317412,2.1242091575636519
135,868,908,1.0588972676977639,-0.078628457203583579,-0.087267829203063085,1.4252966850971207,1.8383146021228924,-0.061909041193090181,-0.075752761850206352,2.1423551899246696
868,907,908,1.0626040928597882,-0.077700088688873237,-0.075449909549616834,1.4282564644328275,1.890993419988733,-0.062121865536176116,-0.058445271525531681,2.1788527742652741
868,321,907,1.0556354004170023,-0.067377855435491796,-0.074261876505919755,1.4264967147681022,1.8292616127922334,-0.053695777340099407,-0.06470221895210275,2.1392681054593163
908,907,331,1.0650123975037449,-0.072245259430260056,-0.08110205125072345,1.4154543183246151,1.8447728590711532,-0.056586578762245238,-0.07079998330467592,2.1358871361931637
321,909,907,1.0606797396372802,-0.066114286783029996,-0.063959726048131715,1.4290773251915816,1.8897213687635999,-0.052984428571358405,-0.049462723600121966,2.1798737419042387
909,910,907,1.0623881714429277,-0.06224454510653854,-0.069357307713999727,1.4168513489157757,1.840262242989628,-0.049123436180529848,-0.060529927010911866,2.1356082332199171
909,330,910,1.0666166744377996,-0.061185523201481296,-0.059797530595365522,1.419245580015617,1.8916169443333186,-0.049029083123427547,-0.046760805359098462,2.1708154145400167
907,910,331,1.0685426147553176,-0.071361090991583609,-0.070249193609349003,1.4181724950010439,1.8932276627246303,-0.0569339484923337,-0.055117192041653149,2.1698772504060386
321,872,909,1.0545516629491711,-0.057036604735002605,-0.062066061110630066,1.4262721892438721,1.8285263605493118,-0.045791356470654951,-0.053835794007413729,2.1394636224989947
872,911,909,1.0598454510009088,-0.055710551045341283,-0.053526209166777194,1.4284113572779222,1.8873364780230639,-0.044917390744845159,-0.041348244207014898,2.1783975811247567
872,150,911,1.054696318852256,-0.048083005430669346,-0.051542712236918087,1.4254731508244305,1.832511441419034,-0.038761468016476758,-0.044305230346178087,2.1416606047310456
909,911,330,1.0610613469296371,-0.052956444540109615,-0.05845242029468567,1.4172530749011565,1.8392402605758065,-0.042030328534016601,-0.050846329423397604,2.1361815976509773
331,910,913,1.0708173532369174,-0.066208225020100819,-0.075260170958011852,1.4068213463425687,1.8533766165512509,-0.05137321411315339,-0.06593359350277922,2.1319940102448074
910,912,913,1.07377332776344,-0.065467775857963595,-0.065179669894154912,1.4093464352767548,1.8949079330212091,-0.052171289545460173,-0.051700617539656768,2.1617070154159888
910,330,912,1.0683033788531762,-0.057364995890688775,-0.064567923459653453,1.4084402391063984,1.8494428532775729,-0.044884079842964483,-0.056463464856440895,2.1321559699001851
913,912,168,1.0761207627132503,-0.060150638335643158,-0.06963963662241035,1.3992442356647805,1.8622056856732336,-0.04600939052383192,-0.061310658340311325,2.1293876984821072
133,673,833,1.1209403264948588,-0.020248701958147208,-0.023996279337259452,1.3410771195100359,1.9282039996704514,-0.014848619228494085,-0.020990097303305016,2.106516203497947
673,914,833,1.1189449508122149,-0.020291528458201036,-0.019362220195045854,1.3411765797449284,1.9147809090552843,-0.017036274957514082,-0.015520738266445993,2.0972402811871071
673,269,914,1.117974749557515,-0.01690534473326899,-0.02026447830302569,1.3443256291881527,1.9241334930926004,-0.012326927837875357,-0.017827343721643976,2.1077621825661437
833,914,311,1.120885678144881,-0.016352638946962372,-0.019582417670028107,1.3407296681618295,1.9270215848662386,-0.011929747539098666,-0.017220456720578987,2.1053571106053734
269,915,914,1.1163736907899706,-0.01693970659801991,-0.015757757334506906,1.3444223522688636,1.913393661969399,-0.014370622535061082,-0.012442748493027848,2.100403681624464
915,916,914,1.1182856327711628,-0.013059498893906132,-0.016144348879253201,1.3436377806108184,1.9236698855433907,-0.0093327107382589099,-0.014382826460453291,2.1066713614589352
915,332,916,1.1169469879223974,-0.013088285731707394,-0.011975621273038861,1.3437274268568355,1.914691061483663,-0.011176666475020476,-0.0093610744647072835,2.1005183510659005
914,916,311,1.1192393514185701,-0.016388043822797016,-0.015337253742007118,1.3408209620097455,1.9159526309031036,-0.013869023108492872,-0.012154626636632498,2.0977117526956341
269,678,915,1.1153444328573872,-0.013347404028641208,-0.016547498679284622,1.3471786971773421,1.9202411460142121,-0.0095286879840308092,-0.014764284384612351,2.108632572882319
678,917,915,1.1141755045114539,-0.013372492592316654,-0.012120851764232388,1.347273705749406,1.9125071789446932,-0.011459409716069593,-0.0094173341509664645,2.1033935285366185
678,176,917,1.113065600138949,-0.0094982662769798054,-0.012741718017800885,1.3494408982008155,1.9156810921018674,-0.0064115518109598285,-0.01171167778323216,2.1083019024581109
915,917,332,1.1159794407182,-0.0097114781703284692,-0.012671517281593658,1.3461561527044497,1.920247618181705,-0.0066804564289279882,-0.011522640291324904,2.1074401215280654
311,916,838,1.1210879820592421,-0.012636073250663848,-0.015614708317285064,1.34025784173107,1.9268089590031949,-0.0090256103763638948,-0.013904402520923755,2.104700239528805
916,918,838,1.1196158382303845,-0.012667669690528349,-0.011627426190568002,1.3403434202713411,1.9168698988805033,-0.010807687148871124,-0.009109991219920871,2.0978274471745886
916,332,918,1.1187107609541918,-0.0095087808232952042,-0.012368534284092014,1.3429300260426178,1.9237032412716086,-0.0065468995869417783,-0.011228172107757521,2.1058788644098332
838,918,161,1.1214368490600561,-0.0089717561347608665,-0.011896156080855924,1.3397980075652889,1.9275246381435367,-0.0060701357180681995,-0.010861152420102957,2.1046930896223652
134,842,679,1.1705234418472696,-0.021029759646961965,-0.020063674710126378,1.2818507458360098,1.9675663584127627,-0.01756587586333579,-0.015979874043001448,2.0584460319124505
842,919,679,1.1708826538967925,-0.016956164132333473,-0.020183456902781671,1.2804923721305963,1.9634283884581525,-0.012599106222896433,-0.017887358685581736,2.0534027267908881
842,314,919,1.1700257201366249,-0.017369590520492917,-0.016410537291292826,1.2823126114539822,1.9674401202605303,-0.014571332233535742,-0.012996653607165329,2.059077530491205
679,919,270,1.1726163138432248,-0.017482102534706501,-0.016504090122701598,1.2793761669082047,1.9693823734510387,-0.014677038550166135,-0.013071238710108218,2.0565472416366339
314,920,919,1.170361012339824,-0.013567415512496517,-0.016525855236116271,1.2810049192273407,1.9632997787130175,-0.0099230649090049916,-0.014771471124203069,2.0540941615607058
920,921,919,1.1719915972530706,-0.014062027589535564,-0.012945241950397035,1.2799187969653598,1.9686767000144323,-0.011944904870689669,-0.010111389487645912,2.0568186753668605
920,333,921,1.1723090169792041,-0.010462524415192576,-0.013039718600973416,1.2788474426175869,1.9655334531262025,-0.0075252385453507993,-0.011750311022312727,2.0529117813496374
919,921,270,1.1729590562776426,-0.013595278455807325,-0.01661224447219567,1.2781496571806672,1.9657045415383012,-0.0099201495205615657,-0.01486538973679654,2.052014358281669
314,846,920,1.1695410896616245,-0.013962985960498386,-0.01286877263242836,1.2827692731626406,1.9671908503440934,-0.011845550994819841,-0.010048816649920696,2.0595835822156041
846,922,920,1.1698513168398321,-0.010445045452111223,-0.012978981534612188,1.2815195168916924,1.9630900081194194,-0.0075321167967094572,-0.011685235086410277,2.0547039349547807
846,162,922,1.169134548697004,-0.010790849151546489,-0.0093682868207700665,1.2832614910601503,1.9674821026395883,-0.0093869781666388718,-0.0070504422196040889,2.0605392917768461
920,922,333,1.1713825197737577,-0.010909511581636888,-0.0096157463352035677,1.2804993328252028,1.9680959514963556,-0.0094442191748700319,-0.0073202126378969744,2.0572193807579446
270,921,684,1.1744878286348408,-0.014059060348439623,-0.012941131169878162,1.2770359558062272,1.9702333653490587,-0.011951713216846713,-0.010116583688467087,2.0540499010935069
921,923,684,1.1748181770809758,-0.010312946976755555,-0.013021877438241347,1.2761203024130578,1.9679711620536326,-0.0073456374050654277,-0.011787692752426849,2.0510335830585538
921,333,923,1.1736592161377191,-0.010872085919647612,-0.0095581607573738125,1.2777913672532391,1.9691382348241979,-0.0094317019252094618,-0.0072752288139782233,2.054292793352674
684,923,177,1.1759546469133721,-0.010657677079265238,-0.0091782462798768449,1.274954397850121,1.9696069891512684,-0.0093395269623725973,-0.0069127551054828477,2.0507210289537023
135,924,926,1.0580544367556977,-0.087798598852994347,-0.10258759497690484,1.4269199154781016,1.8256992992619385,-0.068057576322224728,-0.091629670957943665,2.1350868222169344
924,925,926,1.0665942012950718,-0.10201758842124509,-0.10326000402964053,1.4280394987244955,1.8930565308282015,-0.079683015746434632,-0.081710162936277336,2.177231753148241
924,334,925,1.0686044769384511,-0.092510534879897244,-0.10616117787045498,1.4143191837377249,1.842995252179201,-0.071837944878331617,-0.093686376838214069,2.131029172852605
926,925,335,1.0607736691017378,-0.10267682839579362,-0.11813442102440108,1.4263548056491309,1.82532398276145,-0.080407283172814537,-0.10500403338312883,2.1322960234217616
334,927,925,1.0763805486899751,-0.10545795077258369,-0.10588304809330173,1.4138560884870621,1.8956790949864522,-0.083393727981969284,-0.084086587106326272,2.1631166014007945
927,928,925,1.0725962270568674,-0.1058867138350994,-0.12149442986981596,1.4120873213183218,1.8446607859737179,-0.08228685710660083,-0.10723909766863773,2.1276322440691757
927,315,928,1.0812287772425238,-0.12026019456413994,-0.12045823135335243,1.4103620166183743,1.895760168101229,-0.095497607368705273,-0.095819756752793028,2.1573475541193678
925,928,335,1.0700193648019432,-0.11807177605562025,-0.11838791890493905,1.4267769033180686,1.8928194595972625,-0.092842728098314092,-0.093357634493296898,2.1737484485316059
334,929,927,1.0785846770517455,-0.095035414147331632,-0.10836429589593344,1.4021231528977307,1.8580916957063458,-0.073596557084723097,-0.095004636275366566,2.1262777866006473
929,851,927,1.0859601109271271,-0.10731620103041184,-0.10707522755700993,1.3999767336069437,1.8985957788363184,-0.085784771073935451,-0.08539238797854326,2.1493169654049629
929,191,851,1.0882459922557759,-0.096505386114711045,-0.10909831643712575,1.390408765590919,1.8730838822113733,-0.074598389160413753,-0.094896527775819361,2.1221798543753452
927,851,315,1.0839168630680067,-0.10754762156411929,-0.12303646796275736,1.3981689456986666,1.8618056892895138,-0.083114693801166289,-0.10797611583786154,2.1222342601586415
335,928,930,1.0654451617341341,-0.11858983277345514,-0.13655751494700219,1.4247190844695397,1.8295687601896282,-0.092590555149044879,-0.12116469632867385,2.1305583193201136
928,850,930,1.0756326864368937,-0.13555198743797803,-0.13558026493454767,1.4230919702940357,1.8918011100492291,-0.107180258633779,-0.1072261862432361,2.1665655806698867
928,315,850,1.078808071436514,-0.12053436640632609,-0.13870901313172634,1.4082949126980746,1.8509921339101205,-0.093223113670728802,-0.12227704978024687,2.1248832869776946
930,850,163,1.0732247803177781,-0.13582469766147176,-0.15685430893400465,1.4206825535615351,1.8402485363147307,-0.10508033663403932,-0.13855468098586485,2.1294830861074239
137,931,933,1.3766986017256426,-0.4178644756321197,-0.47476943758180967,1.2831204765958413,2.2001344718104203,-0.23764911842726533,-0.33051547907110723,2.1405716689502921
931,932,933,1.3351220291782031,-0.48273111542731961,-0.48091661763970084,1.2735298131490982,1.6703582705065478,-0.53594873273872645,-0.53367258631638592,1.6019926789195678
931,336,932,1.4490172720634609,-0.45944300089745038,-0.52966333004298516,1.2635625924588894,2.2831109591908669,-0.22897124281297543,-0.34439369393208652,2.1756066319872898
933,932,337,1.3291551689535797,-0.47114519622066631,-0.53744420622066835,1.3832900638657719,2.2006009172968461,-0.24355251284310531,-0.35191020038162979,2.2325617046365922
336,934,932,1.4059897794212866,-0.52657984813695902,-0.54479743140996728,1.2399484846131898,1.6110151813113263,-0.63467107985690807,-0.65547846821583788,1.4110687146953178
934,935,932,1.4069602170216724,-0.52846415767495802,-0.6140801289590252,1.3744754730131996,2.2965989513559104,-0.22883148326308222,-0.36969188819560561,2.2795817742255569
934,245,935,1.3440888053150744,-0.62655814917148378,-0.61166030506450841,1.378250959805825,1.4596233794046598,-0.75135884155623023,-0.73515899606379209,1.5006360551956741
932,935,337,1.2751431097578774,-0.55542153083001611,-0.5323860767078612,1.3911823868333921,1.5541719181850322,-0.61493729642857897,-0.586975401175859,1.6823830830743569
336,936,934,1.5481246139367615,-0.49751138453852217,-0.59450233020327348,1.2297831718933159,2.3675181227685376,-0.20833177780625367,-0.36779206706201584,2.1995677636337674
936,595,934,1.5043285034075478,-0.56584726576084066,-0.62070530175969729,1.188898190777075,1.5282126006730878,-0.7742510528825618,-0.82783205210173383,1.1023186381989412
936,157,595,1.6934074693854424,-0.52718153301279491,-0.67804594849152533,1.1771723062469466,2.475542326731683,-0.15341281781156924,-0.40113549625995604,2.2380126124029238
934,595,245,1.5173498895547031,-0.59113152492338639,-0.70806982821771136,1.3585381433607706,2.4318373315180697,-0.18121460186859051,-0.37620893967360103,2.3636990050085629
337,935,937,1.2581080508550602,-0.52234746594373771,-0.59718367767499059,1.5169888234937083,2.1415910180113631,-0.26614145008568846,-0.38571115920546128,2.2923256430387151
935,594,937,1.1893057164375875,-0.62969735499813706,-0.56940677133454454,1.5603281642176476,1.4210029036729541,-0.67975169847891359,-0.60869423439196779,1.819669169052303
935,245,594,1.3308051922667659,-0.6007639643739946,-0.69246857505750681,1.5351648537731144,2.2579831386320786,-0.24906699603266835,-0.3968336908444916,2.3600498912943331
937,594,154,1.1482233261568653,-0.54992721849578974,-0.64014310279156383,1.6976776898281298,1.9671318103240136,-0.30892360492120896,-0.44467049690901794,2.3150655082584617
31,938,940,1.4183894335071359,-0.033444779543826464,-0.036051267655110131,1.0382318194837348,2.0351245160840761,-0.031613879549302594,-0.035542664295389964,1.6677644646415115
938,939,940,1.4373676994241946,-0.044823130200703831,-0.0773124861891481,1.0629698337502713,2.2305279927470236,-0.017453294399206565,-0.071862561960088667,1.9567367189140021
938,338,939,1.4409529717683438,-0.083435752297813526,-0.074069864768299354,1.0280474893622538,2.0549752720789964,-0.082411905496396209,-0.068320203882632491,1.6598267339090154
940,939,340,1.3988080773086913,-0.087204630743274447,-0.077715472317021472,1.0625269052188155,2.0465561792487863,-0.08385148879465916,-0.06927510721826638,1.7343226174826192
338,941,939,1.4487033460609975,-0.08808226778874606,-0.12665835242679746,1.059575414766007,2.2258960494841675,-0.047481546883791248,-0.11151678773218698,1.9377777932997424
941,942,939,1.4068528185435647,-0.13407862144527188,-0.11969064899135518,1.0672333576977162,2.0622372458868181,-0.12637836089985505,-0.10418706034658323,1.7536715006384545
941,339,942,1.4007746492053172,-0.13043450230779108,-0.16845115759252283,1.0964673412639012,2.157995392024687,-0.085793079212751422,-0.1478756060891088,1.9200880645264893
939,942,340,1.4027193882738773,-0.089549626801739279,-0.12170173090053771,1.0888985243314551,2.1795491348697751,-0.054139468573283472,-0.10729512233887603,1.9397327221315228
338,943,941,1.4536199344887717,-0.14103288150668858,-0.12406951104661701,1.0316941426374289,2.0738365437033566,-0.13664080022286848,-0.1110214695038238,1.6796677161054536
943,944,941,1.4495246657983596,-0.13857757798226289,-0.18297063349453047,1.0670080974647558,2.2038204108338082,-0.08586050605000306,-0.15848607001493689,1.9131435840800308
943,175,944,1.455991885164404,-0.20824898112124068,-0.18145002470533722,1.0506265674791191,2.0884615818407051,-0.1960421042044177,-0.15529267663234814,1.7230027715322069
941,944,339,1.405973724824559,-0.18644342715288031,-0.16731391982035859,1.0842160355363193,2.0741625295766308,-0.17079149751288503,-0.1411035124814472,1.7904804560453058
340,942,946,1.3691843398298338,-0.12640674759856574,-0.11398527139222292,1.0973793971322303,2.0525252553796456,-0.11652392673742709,-0.097067313839102248,1.8110232489929934
942,945,946,1.3619957654558683,-0.12209680401234024,-0.15430938520950577,1.1215559092855223,2.1214196755129753,-0.083913811347374578,-0.13645861811028331,1.9297223933649919
942,339,945,1.366289143009999,-0.16833606828585812,-0.1535051074390017,1.1128939148741832,2.0631158893469927,-0.15088456996358995,-0.12751187663578911,1.8439260018524293
946,945,141,1.3332993537730808,-0.15363777015091107,-0.13973354922575609,1.1375765865146752,2.0498940258167311,-0.13654027177048744,-0.11441189450040756,1.882471209788255
149,947,898,1.1878607865856292,-0.018457291027321077,-0.019416408197261426,1.2646433158886126,1.9918886659645592,-0.01449215727764841,-0.016074354115208852,2.0538571059311708
947,948,898,1.186963979416789,-0.020585261964460755,-0.020802176451139687,1.2613551234294924,1.9689850790048329,-0.016990944150128546,-0.017345305682760503,2.0307021845798374
947,341,948,1.1908110487935268,-0.019554169897870288,-0.021385777519986604,1.2611987065902781,1.9926175087463034,-0.015047474407428693,-0.018066902105022372,2.0495507377590632
898,948,327,1.187430977400346,-0.02125020999406102,-0.023506534535870038,1.2652057986852512,1.9912421558482214,-0.016204337784039284,-0.019925817747815044,2.0540263556151772
341,949,948,1.1898467467693246,-0.021842206077643311,-0.022642119561430363,1.2582177359266806,1.9708604349949588,-0.017813398289764797,-0.01911991739779835,2.0276257627849694
949,950,948,1.1904015429744601,-0.022632185404220628,-0.025257532359449719,1.2619418458282521,1.9929746139769762,-0.017183682310573517,-0.021512710064278573,2.0507814200957251
949,342,950,1.1893850405386273,-0.025043951332294201,-0.02659987611973591,1.2587569848474023,1.9697337148300009,-0.020184778212312897,-0.022725153042356637,2.0273736208586017
948,950,327,1.1863960569465211,-0.023705900274548219,-0.024834271035894417,1.2620553057115127,1.968048210649546,-0.019222012863475191,-0.021064905141202031,2.0308431672597416
341,951,949,1.1936520521860439,-0.020822265845605425,-0.022941945795778018,1.2581373731684948,1.9945238897342357,-0.015963119519088055,-0.019456947979882615,2.0467143516716644
951,952,949,1.1927382656293606,-0.02299044204954015,-0.024243261671733407,1.2550496913729923,1.9725570392064757,-0.01860432152501814,-0.020650002590299706,2.0243419451004092
951,186,952,1.1965341073358007,-0.021973080030229575,-0.024247085567317583,1.2550486664919696,1.9964780884031323,-0.016840846413486175,-0.020588531108447293,2.0438635422817741
949,952,342,1.1934208291849868,-0.023962278700950357,-0.026807898129506569,1.2587012307595629,1.9950384208093133,-0.018178119881542568,-0.022869742104116436,2.0478178492353747
327,950,899,1.1868643183607066,-0.024372612701539342,-0.027664754747781295,1.2660853594548751,1.9911568903692978,-0.018274946219116295,-0.02370544688039139,2.0550673187768145
950,953,899,1.1857961746365584,-0.026907038042054854,-0.029043094602862141,1.2628149199273251,1.9670241948395275,-0.021485227153778173,-0.024972900590778176,2.0309766206568587
950,342,953,1.1899176360208692,-0.025802358175314399,-0.029385192139345762,1.2627232271451341,1.9928671091066152,-0.019330544649647022,-0.025238823527300787,2.0516647759292299
899,953,172,1.1861176200846641,-0.02736474711842396,-0.032141995152442426,1.2672274724044819,1.9910892179995505,-0.020041022117646433,-0.027922576221434806,2.0564653456373523
128,471,955,1.1450382719832488,-0.069777317813525919,-0.069315130632942257,1.3182794157670639,1.9566319454170253,-0.056128508798175034,-0.055368215264205989,2.0955023170328451
471,954,955,1.138485773070895,-0.066714275533088063,-0.073333023469603908,1.3201576267826756,1.920044192442578,-0.052827701543625205,-0.063571829195599602,2.0710397394553763
471,207,954,1.1372572861285715,-0.07133775917415619,-0.071271870444689966,1.3279148987276272,1.9501506655832004,-0.057154142534849045,-0.057045815197960106,2.102826830288512
955,954,344,1.1397908682276876,-0.066064382416022305,-0.065851596018715597,1.3238831238706519,1.9516020919118402,-0.053080526794370725,-0.052730655305000262,2.099264410124174
207,956,954,1.1305579234463923,-0.068206063706217179,-0.074734087468197874,1.3295333525830051,1.9106919935172688,-0.054220895110842771,-0.064800848903413505,2.0763725416155254
956,957,954,1.1324188857653521,-0.067279367598336748,-0.067223665373547625,1.3332732880200289,1.9466717926264634,-0.053858133340115771,-0.05376654843635699,2.1073885485867687
956,343,957,1.1258676734459332,-0.064216926750820136,-0.069944284205629259,1.3345450731241684,1.9063435586467201,-0.05122899353036553,-0.060508750951461729,2.0801429884383
954,957,344,1.1335205358093592,-0.063133242164550296,-0.069291434350856385,1.3254911165449181,1.9153764308407006,-0.050052065324335357,-0.060045259786459554,2.0749799729833307
207,470,956,1.1294156868920346,-0.072504938884584647,-0.072466339424696713,1.3380681571624935,1.9454941557496095,-0.057886133606187731,-0.057822660751300922,2.1120300796668978
470,958,956,1.1223448912196563,-0.069199612719632597,-0.075076217968309988,1.3392881754231345,1.9009348398180017,-0.055427449384437943,-0.06493563859254925,2.0819212425861688
470,152,958,1.1211415321964031,-0.073728525943419054,-0.072574360427766216,1.3487040650125697,1.9396936261493232,-0.059192053693848307,-0.057294537013708818,2.1208792765354572
956,958,343,1.124879044565577,-0.067937690316095534,-0.067709275005729097,1.3429566631194394,1.9418118309709504,-0.054311662261134985,-0.053936098428193191,2.115840153749204
344,957,960,1.1349543530242849,-0.062419249828999934,-0.062057304645353639,1.3290934677444515,1.9470567012350715,-0.050241963404983617,-0.04964707092689026,2.1028480370198177
957,959,960,1.1289968994984845,-0.059634368476504385,-0.064808864820552259,1.3303797167414428,1.9112264398996224,-0.047541130195851003,-0.055935841705796255,2.0786801741784555
957,343,959,1.128070786077596,-0.063119851393526272,-0.062750243225890401,1.3381274614981455,1.9438293011448549,-0.050611034366588842,-0.050003228063723051,2.1117381084743903
960,959,178,1.130492836616277,-0.05888944253653916,-0.057527092705360161,1.3340057922448878,1.9434133273419123,-0.047818657107312437,-0.04557980255246917,2.1066873548417502
50,51,693,1.16237667075346,-0.0013932434739833965,0,1.2896961138766816,1.9562071907485514,-0.0017128741469468092,0.00056948915796480102,2.0606936949317927
51,961,693,1.1641930760271841,-0.00068190289620684297,-0.0023543924109752368,1.2887740867926585,1.9635693115646686,0.00013620801540124112,-0.0026106289854216165,2.0650962825332857
51,52,961,1.1651035502504277,-0.0015332017061462366,0,1.2865727158955735,1.9583663375389879,-0.0018852367685902392,0.00062652856528664876,2.0580885297548401
693,961,274,1.1641930760271841,-0.0037194195716026002,-0.0023543924109752368,1.2876686133252626,1.957876881747598,-0.0036103922918109799,-0.0013739589162799727,2.0592045891686883
52,962,961,1.1670185939903122,-0.00078323233526766955,-0.0024491610418362342,1.2856135755232287,1.9661246322933441,5.1226186480638793e-05,-0.0026853648078670935,2.0627699302856204
962,963,961,1.1670185939903122,-0.0039599985676346261,-0.0024491610418362342,1.284434947726222,1.9600549598920409,-0.0038686369863200317,-0.0013932520060001771,2.0564532175245054
962,345,963,1.1689087710940256,-0.0032197674680523036,-0.0049549970492854811,1.2834536123055766,1.967464205092317,-0.0019070933072922449,-0.0047574247346353514,2.0608474651538216
961,963,274,1.1660031545650198,-0.0030105566699414332,-0.0048586966012358346,1.286687877794817,1.9648296044126761,-0.0016902960239758508,-0.0047254953403566627,2.0632236932064094
52,53,962,1.167995950285055,-0.0016970662795579017,0,1.2833235953930533,1.960878398212365,-0.0020870005118082723,0.00069361497371377167,2.0555687911402369
53,964,962,1.1699318478956577,-0.00093893011646484226,-0.0024966018064009887,1.2823458762699378,1.9686056568099066,-0.00012048852845677983,-0.0026795779510166463,2.0602266225702324
53,54,964,1.1710375821016141,-0.0019727981707262643,0,1.2800115387429418,1.9639397778651453,-0.0024262771072099654,0.00080717641425944982,2.0533760979761775
962,964,345,1.1699318478956577,-0.0041763503580147798,-0.0024966018064009887,1.2811549981425401,1.9624718044426541,-0.0041160729033272768,-0.0013636862678188108,2.0538071029120797
274,963,697,1.1660031545650202,-0.0061871649021059127,-0.0048586966012358346,1.2856092255416218,1.9592276935847075,-0.0056220106683180608,-0.0034454927422035413,2.0574118375893482
963,965,697,1.1678582517458875,-0.0054607505534751688,-0.0074308190142833297,1.2846020402326559,1.9662733009802746,-0.0036387499107898551,-0.0068742535727935386,2.0614772130095469
963,345,965,1.1689087710940256,-0.0064430369841979029,-0.0049549970492854811,1.2822870268772029,1.9614100645106893,-0.0058997027522742348,-0.0034617581997144278,2.0545301684865871
697,965,162,1.1678582517458875,-0.0087805455573439772,-0.0074308190142833297,1.2833817998885699,1.95989604506008,-0.0077671747800958282,-0.0055565392143501566,2.0548419521905985
85,86,967,1.1178463309600808,0,-0.0023051488886043359,1.3426169959713556,1.9165122549807279,0.00093820988349594151,-0.0028252448227682556,2.1005134274414585
86,966,967,1.1201447543908953,-0.0023921350452722479,-0.00077245452939500581,1.3410218104014566,1.925054537460583,-0.0026116922645311362,4.0161124241008903e-05,2.1045382317296855
86,87,966,1.1212279567704835,0,-0.0019970175957819691,1.3383174956017001,1.9190754644308281,0.00081230807842068084,-0.0024484774397172736,2.0969383199429048
967,966,346,1.1190748879602399,-0.0023921350452722479,-0.0047127609961243877,1.3410218104014566,1.9172254579900869,-0.0010154293811368382,-0.0048039767901463058,2.0990154915987738
87,968,966,1.123474666851715,-0.0023383132323777645,-0.00063509964248398276,1.3369000493552026,1.9280406685577529,-0.0026031377425686526,0.00018635188757310135,2.1015125230358924
968,969,966,1.1224046707353175,-0.0023383132323777645,-0.0044429255231808185,1.3369000493552026,1.9202675633136248,-0.0010592513247339183,-0.004496267626231799,2.0959925574882594
968,277,969,1.1246066943950064,-0.0046300101873741895,-0.0030259229717817249,1.3354253420249815,1.9285670669690691,-0.0044268199529172688,-0.0017999344241572826,2.1000309381405384
966,969,346,1.1213216173247327,-0.0047303582612920891,-0.0032608570135974624,1.3395107803445958,1.9257683580287497,-0.0044513221887147771,-0.0020454268418588235,2.1031531717985867
87,88,968,1.124533497732747,0,-0.0018385579520021622,1.3342423421234155,1.9220709213815905,0.00074814214284400988,-0.0022548335438838428,2.0939265391070676
88,701,968,1.1266950510002833,-0.0022496843941688383,-0.00057293628403565222,1.3329251183667274,1.9308313673265487,-0.0025209201873506839,0.00022592382913418996,2.0985114446445547
88,89,701,1.1277137491268379,0,-0.0017253185839525287,1.3303802069659305,1.9251021877328709,0.00070253764002076191,-0.0021164700806556944,2.091191327461948
968,701,277,1.1256844416520488,-0.0022496843941688383,-0.0041579567452121324,1.3329251183667266,1.9235404113459476,-0.0010655310753070303,-0.0041832385943513899,2.0933000084579314
346,969,970,1.1202859894036408,-0.0047303582612920891,-0.0071470443069152623,1.3395107803445958,1.9181526210772037,-0.0028927701601582159,-0.0068383012632734583,2.0977619326402861
969,706,970,1.122534564417486,-0.0070706124635551149,-0.0056686826865504081,1.3379721427749249,1.9265149226036133,-0.0063284807361350722,-0.0040332875372585987,2.1017455172336765
969,277,706,1.123639713643243,-0.0046300101873741895,-0.0068219205182220577,1.3354253420249815,1.9215020796421414,-0.0029006063228763316,-0.0064807486254288282,2.0949956331639097
970,706,161,1.1214282761578103,-0.0070706124635551149,-0.0096840709765686483,1.3379721427749249,1.9183469324910538,-0.0047377501889888061,-0.0090034983773565301,2.0959440268997396
1,11,788,3.1538504919549766,-0.33299418925013358,-0.37487047400364792,0.62921588058626554,3.0667195428134146,0.033482858375141755,-0.034375410623325497,3.0635362107229813
11,971,788,2.7135041185518052,-0.37241394457086296,-0.69617333786399627,0.60045288617498294,1.9395105692104426,-1.3083671652770414,-1.2023044296671488,-3.0251542691189486
11,10,971,3.0139322677330878,-0.74488959840178115,-0.91322215335562307,0.86955350036106083,3.311745666474935,0.42474878778873348,0.10779554133410629,4.0004668885789565
788,971,299,2.6797537711843038,-0.54208969249499583,-0.65582346209762266,0.80330695682368081,2.9629840101452727,0.031588509958277999,-0.15557278158831722,2.7687713573840385
10,972,971,2.3723864311939691,-0.78473222212148341,-0.98146052117950688,0.86531561826814674,0.96791541861251273,-2.5833176808590004,-2.4404724836304097,-3.3188237019521676
972,973,971,2.3844327892989146,-0.7556483782711968,-0.90424516213880857,1.0517387202230446,3.0796561493494403,0.18478124337331048,-0.085040445955114619,3.1597359652702224
972,246,973,1.9828046539630315,-0.78059315579117561,-0.91566680616764096,1.0510293317511099,1.1176899667793343,-1.7438121687307064,-1.7577012901718616,-0.80573209385262734
971,973,299,2.2426812262467459,-0.56923589176323297,-0.71264915544789886,0.79977756195980731,1.7049524788077615,-1.2413687026533451,-1.2689113333857858,-1.1206458619072905
10,9,972,2.5484951424365745,-1.0163279919686978,-1.3022248906151086,1.287144104518644,3.5545455374567716,0.77657472741623179,0.20680850157656794,4.0895307283827851
9,591,972,2.0400525588680671,-1.0360232157879876,-1.2574017485360391,1.2888803906678774,-0.0010427572562814458,-3.0965014362210463,-2.9643490535950714,-1.9861707969321947
9,8,591,2.1809875651651707,-1.2347211605387445,-1.630578640222911,1.8150057540878359,3.5162728738829823,0.7271173566605742,0.020982143429736588,3.6118268573915566
972,591,246,2.104119881845794,-0.94014329579961142,-1.1821494101231691,1.4014992398817325,3.1210878390745287,0.29426547699807148,-0.14017711823048673,3.1721013779960576
299,973,792,2.2364144683143126,-0.58436589267857819,-0.65237721172221175,0.94529372415587432,2.8290941267277914,-0.070155528905929909,-0.18540052250512695,2.5623016796157452
973,596,792,1.9039849763073065,-0.58116036326413445,-0.66176424237345088,0.94538424080253414,1.6700438147298335,-0.9773340237087218,-1.0280671474462677,0.12338601349885892
973,246,596,2.0143393787996384,-0.70446842477327598,-0.86524425597640642,1.1727492164316455,2.8734717026735033,0.051582629012167036,-0.23340986040208178,2.7759863405018232
792,596,157,1.9226124044241915,-0.53618792086054956,-0.61423545645957534,1.0601336078977361,2.800628371999891,-0.03385041218485485,-0.17629239893257198,2.6430831391713938
130,884,975,1.0915339675547768,-0.04749430153660672,-0.04528590795367915,1.3803467298587124,1.8992334098079384,-0.03932811268652113,-0.035725809525122068,2.1328665381957217
884,974,975,1.0926401229730349,-0.047088705090669869,-0.054337960872559155,1.3770275936580201,1.8881864645073103,-0.03569587954428842,-0.047465164840380464,2.1213594555297282
884,325,974,1.0958609266888488,-0.055945831842696414,-0.053637568371240008,1.3751015324299187,1.9003634082733238,-0.046338093116309154,-0.042575970253089915,2.1269343749133354
975,974,348,1.0892744526388034,-0.053271610041525363,-0.050589458414563193,1.38391378039179,1.8966530660986443,-0.044190647926865986,-0.039818381611157902,2.1349749354594354
325,976,974,1.098091640856909,-0.055127890960671166,-0.06341240917308677,1.3715173700026595,1.8959465113977656,-0.0417025432486028,-0.055172368087208587,2.1193987317653171
976,977,974,1.0941581448942803,-0.062353759014665666,-0.059773736410360989,1.3782016451423622,1.8987098521162722,-0.051615367904225495,-0.047412236109412351,2.1290277438189018
976,347,977,1.0966732832671786,-0.061431527682386466,-0.070545023444685384,1.3742521135781898,1.8939628703692797,-0.046521218546015874,-0.06132883042974771,2.1207977905730466
974,977,348,1.0906699528664874,-0.052759965266236719,-0.060526004486840757,1.380270655309169,1.8856530637282649,-0.040145909829679985,-0.052745268423713326,2.1231171603992496
325,889,976,1.1014284930975147,-0.064305445381496185,-0.062259620516431191,1.3683467829135987,1.9019737221836861,-0.053204515923692672,-0.049873466809173553,2.1193591331859412
889,978,976,1.1050237182022777,-0.062987295728531123,-0.072822192750939596,1.3644741322395468,1.9056629931045534,-0.047259873156948976,-0.06327968073817386,2.1168377302063712
889,152,978,1.108302685472343,-0.072004710642477043,-0.071129676097556604,1.3598195798590922,1.9031556077518934,-0.059325283822605282,-0.057902783079410367,2.1091497087760489
976,978,347,1.100356619736186,-0.071560989330853531,-0.069325369774079437,1.3708979711628082,1.9010504507291557,-0.059136486686669071,-0.055497777016975544,2.1211804109269408
348,977,980,1.0868816005484376,-0.059719017859285017,-0.056418465583649269,1.3878160409690778,1.893841239159382,-0.049652387746527596,-0.044276072661590463,2.1372278515994414
977,979,980,1.0885649590441167,-0.05910183302322114,-0.067195063392406773,1.3838649201775244,1.8829005501866507,-0.045221920688059705,-0.058341499343305542,2.1250464364122506
977,347,979,1.0923200986138331,-0.06942875878092547,-0.066441092355179698,1.3817914412081427,1.8974768602888887,-0.057440160948795699,-0.052574444642609547,2.131863483364131
980,979,168,1.0842445216755863,-0.067038692829142654,-0.062701381112335586,1.3921200395617452,1.8900532772443093,-0.056023128691031696,-0.048965967993972459,2.1391942830439197
145,981,881,1.1323552504659888,-0.01392332618729597,-0.015320677627503443,1.3236020620882325,1.9221721826044835,-0.010946639028315788,-0.013223867639297757,2.0802398796527224
981,982,881,1.1353255230177122,-0.015097176103314069,-0.016162688760856136,1.3239348243788847,1.9446567321183679,-0.01174466627370372,-0.013495753791349308,2.0969471535650936
981,349,982,1.1352151166131765,-0.014550843174726324,-0.015473133208050882,1.3205226409446729,1.9265287044632435,-0.011631512511197178,-0.013135998086589596,2.0793934021374243
881,982,323,1.1329653133144708,-0.016727776037336994,-0.017622058876698432,1.322926588199131,1.9225493343618587,-0.013469127199456286,-0.014926454272414055,2.0795824284360225
349,983,982,1.1378573715333085,-0.015595060721126153,-0.016277876323850915,1.3208406749373278,1.9465371567846532,-0.012313874489565415,-0.013436091723121778,2.0943683363678334
983,984,982,1.1358108584293038,-0.017008841028367527,-0.017804877870554847,1.3197857856665802,1.9264908162930585,-0.013719556510394609,-0.01501781728444173,2.0783549784713511
983,350,984,1.1386375783436877,-0.01812591680342468,-0.018529162724481907,1.320072011783445,1.9475813492480036,-0.014468641555623118,-0.015131505396362585,2.0940954466428372
982,984,323,1.1359961243057151,-0.017925390873384295,-0.018510720503909894,1.3232777398717506,1.9454938195166211,-0.014224170399912719,-0.015186240703790193,2.0966633350812041
349,985,983,1.1377024187129772,-0.014828325578162715,-0.01564843592744225,1.3177260877275438,1.9296406617366224,-0.011890026046212268,-0.013228578227946451,2.0780141462726158
985,986,983,1.1402304761628199,-0.015827316792702995,-0.016254341242076364,1.3179655182381911,1.9483808392352484,-0.012613896125115608,-0.013315774923347953,2.0920333639832855
985,184,986,1.140049682133581,-0.014932714580507156,-0.01567332807499433,1.3150905578936785,1.9325432214363087,-0.011997615307925074,-0.013207034693200177,2.0766926647041943
983,986,350,1.1384250820981743,-0.017074610810118518,-0.017876818230593727,1.316844596285029,1.9297572525567697,-0.013757564668775545,-0.01506665472518896,2.076898681741139
323,984,882,1.1336275960337074,-0.019561737863553752,-0.020123973714335719,1.3221631903574158,1.9227377207784353,-0.015952495478548573,-0.01686858737623723,2.0786614050553296
984,987,882,1.1368266367212376,-0.020825875884624701,-0.020860537484738595,1.3224542520718661,1.9465087822551932,-0.016789432153833397,-0.016846412140162963,2.0962875965483971
984,350,987,1.1365697085043758,-0.019554547665723288,-0.020152454516288998,1.3189505269064945,1.9270092743142111,-0.015903466634161451,-0.016878564642138875,2.0775825577277844
882,987,171,1.134354582333029,-0.022533746044119063,-0.022351662883830059,1.3214240770945986,1.9234340433539108,-0.018707353474906499,-0.018410658309297376,2.078131257367736
31,940,989,1.4175751378055086,-0.024672436847527235,-0.039553425776508,1.075960289812306,2.2245680921469515,-0.010794058999691651,-0.035864664551639405,1.9763921688923241
940,988,989,1.3825230075326207,-0.050639638255696395,-0.052506373624295222,1.0663645304968394,2.0134707090936943,-0.048035102977843594,-0.050873654977901347,1.7103000705897835
940,340,988,1.3967136188178826,-0.064647818293206205,-0.080651562848143676,1.0941478916158136,2.2068589903464737,-0.039625404254771457,-0.066562764534186636,1.9857369163396232
989,988,351,1.3819130862466757,-0.04406902259199641,-0.055776252885030964,1.101590584061622,2.1908066387714351,-0.027148259774438105,-0.046824158559535201,1.9831239687503581
340,990,988,1.3615591695507203,-0.090692156980080596,-0.086382406600774786,1.0899021691321309,2.0110300837229635,-0.086334723552979317,-0.079711646556797106,1.7562918654140427
990,991,988,1.3599776726726822,-0.073659771309545263,-0.089198251833780162,1.1202282245692894,2.164739848927749,-0.048322614993560997,-0.074315703299152311,1.9841993477015354
990,285,991,1.3311441844867216,-0.095021196320991375,-0.090195954838233838,1.1194890716171439,2.0109808283187545,-0.087928916580734262,-0.08038848418696587,1.818637742192915
988,991,351,1.3522578106366929,-0.066039120351929992,-0.064083460144020776,1.0954361932546588,2.012722541753547,-0.062003504469187495,-0.058978032269606392,1.7739425097237653
340,946,990,1.3663039081406509,-0.095375919009819121,-0.11600563158844712,1.1191446940396386,2.1677132099055916,-0.062215993051121687,-0.096658994718475361,1.9819476262664124
946,731,990,1.3337779227769746,-0.11947204434557301,-0.11293780883430582,1.1214174197008351,2.0093087643879284,-0.11076798756735809,-0.10058684664837855,1.8161869224886973
946,141,731,1.3297585558703506,-0.11550443722755865,-0.14078557341874542,1.1489065719859717,2.1168850448653234,-0.078975902565061401,-0.12072094507980893,1.9759682335508431
990,731,285,1.3315449671244057,-0.095416850858483171,-0.11503502522667775,1.1440103207487287,2.1268272602798093,-0.065010680446284719,-0.09757173679592912,1.9819493114983815
351,991,992,1.3512576360656423,-0.055267481613074931,-0.066751702973098848,1.1241725245454894,2.157124522686412,-0.036581390152153337,-0.055798803480972173,1.9851993730095088
991,730,992,1.3264566975972274,-0.073641373245253106,-0.070778154264403703,1.1211895092139157,2.0131272652627534,-0.067555886527451384,-0.063063208936770879,1.8274749858414714
991,285,730,1.3294322676242243,-0.076578703014875016,-0.092328490388463802,1.1424628932271439,2.127536719954346,-0.052143474464200451,-0.078334612376450896,1.9831058891674656
992,730,183,1.3252192492223553,-0.060314316922296163,-0.072747397228823951,1.1423978379275201,2.1192669333576983,-0.041593607093520932,-0.062230702020359976,1.9766165335788892
131,874,994,1.195855119744768,-0.033798078597143011,-0.037866702772504368,1.2509977921583761,1.967388684447976,-0.026744179451418534,-0.033363827593214108,2.0136389635746328
874,993,994,1.1966897376017926,-0.031817930867286792,-0.035751228684361536,1.2560167971771965,1.999050053183929,-0.024016904425833846,-0.030505251559180095,2.0469215853705904
874,322,993,1.1917888125472995,-0.032864043213720606,-0.036196613110285547,1.2559217289723801,1.9675056438460092,-0.02611738339260157,-0.031547829922305738,2.0210562253639242
994,993,352,1.1958997615489768,-0.030318175773575096,-0.033246000327293856,1.2512606669425761,1.9705196588784004,-0.024175638025879909,-0.02894611840046836,2.0167857904049709
322,995,993,1.1928052294069893,-0.030452258816147215,-0.034475922422558369,1.2600046354237473,1.9955636244956292,-0.022885873450617635,-0.029522018320092672,2.0498047741843077
995,996,993,1.1922390536031133,-0.029377430100435031,-0.032081282470556971,1.2554586485296024,1.9693565891978249,-0.023413224587366825,-0.027822348133954213,2.0220601363072288
995,342,996,1.193149059780839,-0.027218140159297022,-0.030455460332172279,1.2593164480428656,1.9954384208502325,-0.020623248150680958,-0.025961862464229088,2.0488842795276732
993,996,352,1.1966973885921846,-0.028425789496927534,-0.031416799085286939,1.2556004838495887,1.9983247611305086,-0.021704646919740465,-0.026637301477127485,2.0459077694664067
322,877,995,1.1882022705245956,-0.03143476968163883,-0.034731915659837576,1.2599499931504745,1.9659480896209733,-0.024884255658433614,-0.030260224874560808,2.0257439048897994
877,953,995,1.1893082485898221,-0.028810573357495928,-0.033178112621435218,1.2636367608631627,1.9925744752434955,-0.021418545553031181,-0.028621051176630496,2.0525752434633251
877,172,953,1.1851325320048887,-0.029701888492115192,-0.033702645342278181,1.2635247982950197,1.9651807821595091,-0.023095958795546358,-0.029624107422360664,2.0303629579417977
995,953,342,1.1889424816064857,-0.028116233805585367,-0.030857072695337884,1.259230704833854,1.9682223844283766,-0.022293715633046114,-0.026766203733304163,2.0266951879481305
352,996,997,1.1958983541856874,-0.026908837284357556,-0.029240807967755522,1.2514694044950243,1.972804364385329,-0.021498510184593526,-0.025302211998232266,2.0191228277568714
996,952,997,1.1966248367398906,-0.02518524274539935,-0.027609121636224643,1.2553406132859917,1.9976384910299969,-0.019346225219334087,-0.023342670497584796,2.0451153702627138
996,342,952,1.1925377290174042,-0.026057644139453995,-0.028285050548002566,1.2551963348952668,1.9710424107378461,-0.020798092076563281,-0.024432796441163682,2.0231948561297743
997,952,186,1.195822386864831,-0.023661806328207469,-0.025673099080334438,1.2516651098585303,1.9743251796304571,-0.018881220645004082,-0.022164316599850617,2.0207850754691368
151,802,999,1.2329146017603403,-0.033269211317174419,-0.041796783298621687,1.2205044570870029,2.0350635686511529,-0.02297316883930943,-0.037085568803570841,2.0251344705707113
802,998,999,1.2240324921791066,-0.038734778731675634,-0.039104897309656828,1.2221608973966234,1.9905141760968623,-0.032377675908119408,-0.032979783218532281,1.9889427065620602
802,302,998,1.2270065841833573,-0.0402715940219045,-0.04752250408406189,1.2265105633718374,2.0282246555376866,-0.029211987023669075,-0.041198887005302887,2.0278268468053327
999,998,354,1.2257291781358686,-0.031948034904627498,-0.037996647731938005,1.2265938957075058,2.0248551988215642,-0.023154736061740865,-0.033144994080903663,2.0255512255114803
302,1000,998,1.2187870929052966,-0.04532916186838476,-0.044377339705580887,1.2284458269659417,1.9886018809154602,-0.038301506022816748,-0.03675147687955535,1.9966828648975903
1000,1001,998,1.2207720909718403,-0.037390423390782912,-0.04352528374288589,1.2318535126307903,2.020011427209321,-0.027526103128303947,-0.037653918116876441,2.0289378436585275
1000,353,1001,1.2137562568016413,-0.041707227499748312,-0.040534219730041343,1.233693897837679,1.986851228224547,-0.035260281012158987,-0.033347803271099791,2.0034837584472682
998,1001,354,1.2186591071949249,-0.036298572240338389,-0.035874199368846504,1.2278999350561728,1.9889175003851998,-0.030538557899272373,-0.02984723333467202,1.9966491516660978
302,801,1000,1.2205020748885866,-0.046215389299043341,-0.053334557431517826,1.23307452401842,2.0200994449780949,-0.034176302406383252,-0.04592848386678304,2.0302161088594062
801,1002,1000,1.2127347793199714,-0.050994960770253228,-0.049180761376338644,1.2356305443149531,1.9860711019344783,-0.043231201428002394,-0.040273765735461348,2.0051566654135273
801,165,1002,1.2134271316925118,-0.051352722974927545,-0.058440980151226452,1.2404156167954863,2.0120710172325649,-0.038439893629098901,-0.050127060678211197,2.0338417368538186
1000,1002,353,1.2149079347666154,-0.042302338983677412,-0.048620330357545427,1.2378722683901273,2.0131870224580246,-0.031495082688759127,-0.041914172890936019,2.0317279941254882
354,1001,1004,1.2202277720647969,-0.030023912760851035,-0.034972551103412464,1.2315065281179098,2.0181105024599555,-0.022157554421667378,-0.030322739565460922,2.0272173430215066
1001,1003,1004,1.2140854840709763,-0.033803542904171979,-0.032827121830783845,1.2328267086690907,1.9875955749805847,-0.028585566295941604,-0.026993059447702895,2.0032281896642221
1001,353,1003,1.2155440318790862,-0.034557256406161141,-0.039844358140392,1.2364529084575295,2.0134793801918516,-0.02570076262270015,-0.034420296210110612,2.0303750323435135
1004,1003,190,1.2155523186139501,-0.027936945932145463,-0.032111528612917439,1.2356887199472109,2.0122359598595074,-0.020869199602202293,-0.027750837540911281,2.0285399973586959
129,815,1006,1.1460103087023157,-0.022402886200161731,-0.022249918936569912,1.3118235803933045,1.9555983803425825,-0.018126273990490702,-0.017874534236023136,2.0892834148500259
815,1005,1006,1.1427477462985534,-0.021113646836377065,-0.022305488225441206,1.3118455392421389,1.9333087128269111,-0.016939894024245526,-0.018885097277199697,2.0728307680837128
815,307,1005,1.1431020511296701,-0.022794615934693674,-0.023002163237748618,1.3151508545085617,1.9523733515251616,-0.018302891977451857,-0.018644283937201363,2.0911760690789447
1006,1005,355,1.144614565240075,-0.02001532464302791,-0.020135698139963409,1.31312211114356,1.9531662360172808,-0.016110458586430326,-0.0163084442240032,2.0892232869919298
307,1007,1005,1.1400351536760203,-0.021582695844712951,-0.022641138472271116,1.3150081913863421,1.9305245085255103,-0.017385720578146392,-0.019112592385620741,2.0749312699292752
1007,1008,1005,1.1420430264758403,-0.020401331426593838,-0.020655706406161656,1.3161763524360408,1.9508746790153146,-0.016364315776431229,-0.016782613920860959,2.0914592272009491
1007,350,1008,1.1391938950197535,-0.019275464095581007,-0.020185524155672763,1.3159905544679216,1.9302663265694429,-0.015532193847448552,-0.01701722744624325,2.0760971637257559
1005,1008,355,1.1417205687256744,-0.018871771590353248,-0.020000562003155142,1.3130687125506455,1.9329851090217618,-0.015104369422139056,-0.016947031659501035,2.0742667758174451
307,820,1007,1.1403850021150754,-0.023242181842101139,-0.023375651365986627,1.3184923111535056,1.9504803976921479,-0.018680855869350317,-0.018900396404521236,2.0940626976870007
820,987,1007,1.1372798509601323,-0.022015145358496468,-0.022630168489654601,1.3181977249509274,1.9275244411286871,-0.017929969361627156,-0.018932958369166003,2.0769054609780437
820,171,987,1.1376648902591402,-0.023841852604676639,-0.023397326416013442,1.3218372831639789,1.9485070037393939,-0.019393963432978577,-0.018662807196253149,2.0968797455676618
1007,987,350,1.1394965040536498,-0.020711104863686103,-0.020869131256798568,1.3192337300304899,1.9487268555569455,-0.016650446581327624,-0.016910265929327484,2.0937984071227542
355,1008,1009,1.1434489049729786,-0.017854924152307827,-0.018037284176470436,1.3142237852579104,1.9512118466482438,-0.014356582264588826,-0.014656386098773271,2.0892553505078553
1008,986,1009,1.1408456824721807,-0.016826230596330483,-0.017772132032249921,1.3141190073136411,1.9327350341969933,-0.013482696386415083,-0.015027081250368335,2.0755158939344258
1008,350,986,1.1411227966206017,-0.018140705659376533,-0.01838944096622086,1.3170471768225616,1.9494475141589558,-0.014552933121610753,-0.014961834014733073,2.0915867496918361
1009,986,184,1.1424510944564341,-0.015881660504646344,-0.015941052754669727,1.3151963524051613,1.9496741615137816,-0.012823195136777155,-0.012920805152707347,2.0894219553112579
108,109,737,0.92033436209300401,-0.027698787007893522,0,1.6422063931076196,1.6448094317991395,-0.032811061788058343,0.0093545358026536282,2.2561217628700199
109,1010,737,0.93857169522801875,-0.018060825420174176,-0.035946112245728967,1.6232097971422259,1.7476927065320085,-0.007185151115702379,-0.03535331560444098,2.286946668565232
109,110,1010,0.94442588498884295,-0.022060021816425746,0,1.5986537836842496,1.6898262473836989,-0.026296213902212241,0.0077832854891976451,2.2388589888348767
737,1010,287,0.93857169522801875,-0.058788011405874308,-0.035946112245728967,1.6057331140495543,1.6468218552026026,-0.058343272898100706,-0.02359362039442052,2.2238592718773496
110,1011,1010,0.95932932500229473,-0.014183937012187897,-0.029108095704199199,1.5832709036210408,1.7662523720207575,-0.0053789754215169822,-0.029023848627709393,2.2620792251241948
1011,1012,1010,0.95932932500229473,-0.047580084880261886,-0.029108095704199199,1.5700348487406102,1.6911616116686199,-0.046993175266206617,-0.01848402180518087,2.2125885854948963
1011,356,1012,0.97644841968525053,-0.038533083558885739,-0.050361574592985625,1.5588029316823955,1.8047966903726373,-0.025200153914438597,-0.04416111065635147,2.2591867090801561
1010,1012,287,0.95952580795133091,-0.047714301667892478,-0.061555218221351016,1.5921993600811641,1.7964594069039412,-0.030985150508620371,-0.053114887521390083,2.2834009606751366
110,111,1011,0.96501041311069535,-0.018064667629787756,0,1.5633872693481834,1.7257412779655721,-0.021636213749234367,0.0065855538387784296,2.2242816743948874
111,1013,1011,0.97717572661707308,-0.011635612273448892,-0.023845514242355981,1.5507855282599547,1.7823644643844481,-0.0044762360868984621,-0.023910183478415843,2.2412768523256399
111,112,1013,0.9827422677054436,-0.015438306065365559,0,1.5344958453967619,1.7557511979844462,-0.018556922115556217,0.0057798479378403829,2.2123943271032327
1011,1013,356,0.97717572661707308,-0.039029931693221442,-0.023845514242355981,1.5406889078243651,1.7258770558102974,-0.038428120995228944,-0.014738131753998303,2.2023728289024684
287,1012,741,0.95952580795133091,-0.077963698041309648,-0.061555218221350905,1.5695505741135887,1.666057702201984,-0.073355031886095573,-0.048285842933989007,2.1979135121926312
1012,1014,741,0.98042971975125504,-0.066916476558676941,-0.078689783008411895,1.5604953631070111,1.8303262844476067,-0.045953795381523485,-0.064962715052882092,2.272195041843057
1012,356,1014,0.97644841968525053,-0.064196704644206015,-0.050361574592985625,1.5411433262451208,1.7046885630420481,-0.05999711391234118,-0.038590684085402574,2.1906597887708403
741,1014,155,0.98042971975125504,-0.08850299273692297,-0.078689783008411673,1.5362974517585037,1.6931560641663626,-0.080434399219271271,-0.065340723629420588,2.1778162808518404
137,933,1016,1.3084542684901974,-0.43181836701635101,-0.396610031476893,1.2991016989440958,2.0010976224442314,-0.3563195419183367,-0.30238060025270996,1.9936612056085858
933,1015,1016,1.262931525828531,-0.40187401016000912,-0.45474248183966315,1.3373405821224198,1.8405589892130205,-0.34914382842461678,-0.42535580012649976,1.9078350538214968
933,337,1015,1.263951950206363,-0.48448012144934505,-0.45551706587725249,1.4000452534356962,2.0026636913022715,-0.36829264551341589,-0.32365743920039192,2.1028446003179071
1016,1015,358,1.2492956081563107,-0.40466214076516882,-0.38294715519455114,1.3520205437017208,1.9981151449956678,-0.31700331139009497,-0.28299076398575385,2.0763701288268441
337,1017,1015,1.200918695216348,-0.44301831744733189,-0.50362761860653493,1.4316912521709027,1.6597983499452633,-0.42426597956663648,-0.50591198288976724,1.8865563580276297
1017,1018,1015,1.2014209160973408,-0.44291561032550053,-0.42472273901666835,1.4478277637892476,1.9963957832057211,-0.3232652721569359,-0.2946409701608953,2.1718794158207699
1017,357,1018,1.1363262301465162,-0.40009704554679271,-0.45736465985839125,1.469299258453475,1.5822117207068696,-0.39481920840024154,-0.47176442172922117,1.9187270120446835
1015,1018,358,1.2005523289609481,-0.37259819968565289,-0.42387182756158304,1.3789413070384597,1.7657986373392835,-0.3344228169518958,-0.40792675329439809,1.9320660129870664
337,937,1017,1.202036475613613,-0.53381239839406391,-0.50491000721478585,1.5358559838011274,2.0276950770750721,-0.36190714647882949,-0.31679412722193312,2.2458127610391792
937,1019,1017,1.1118515512436018,-0.47448762277380396,-0.53855511543252976,1.5579881584376309,1.3532489004270469,-0.52714794797249054,-0.60404960691863996,1.8514200240845378
937,154,1019,1.1128727537198762,-0.55715672323491328,-0.54053232941377605,1.718048974041025,2.0794783553532943,-0.31658195419643853,-0.29019427949622689,2.4140052842688844
1017,1019,357,1.1371811892290085,-0.46930829397484275,-0.45866202482912755,1.5743244592263987,2.0165776357075882,-0.30586127000522823,-0.28892565184168051,2.2967666619072129
358,1018,1021,1.2003400082673457,-0.37264162209068274,-0.36039222588598552,1.3919237296573821,1.9901979677873738,-0.28190391255228575,-0.26242283461899818,2.1324617174942322
1018,1020,1021,1.1505314959612436,-0.33987874517444983,-0.38976696758453333,1.4112457491708561,1.7099813570136106,-0.31104160463957642,-0.38246790534744024,1.9577835585866825
1018,357,1020,1.1512377028651626,-0.39704810271402891,-0.39065259703922894,1.4829398471216217,1.9900986455587473,-0.27941113919996552,-0.26918675795832203,2.2211141808743688
1021,1020,188,1.1607473372272765,-0.33778946979743685,-0.33555693963810374,1.4223324207063939,1.9827222800231405,-0.2474260895440018,-0.24383384789532792,2.1735694724106942
136,891,725,1.2462001103924103,-0.077252612654306496,-0.085798989691488359,1.2009335696472192,1.9838903457238566,-0.063513737784284319,-0.077234362700291159,1.9448157243541047
891,1022,725,1.2605166606893632,-0.078567904351465323,-0.077701612785185503,1.2001896465377619,2.0641966594266514,-0.062353798724518447,-0.060917151392735805,2.0166085661857793
891,326,1022,1.2551770298416527,-0.066097689126746628,-0.074112014881923649,1.1918064718014296,1.997432406884823,-0.053676795224977036,-0.066582701602692695,1.9430787408708459
725,1022,284,1.2618757004288932,-0.07419890322097844,-0.082249345039329569,1.1855697301500463,1.9967543235793397,-0.061098590411061027,-0.074017763970171388,1.93085275781399
326,1023,1022,1.2677768473243471,-0.067255205220779768,-0.064664606516266154,1.1909385602427758,2.0662367077771653,-0.054492054606748053,-0.050202170360983275,2.0052562924178092
1023,1024,1022,1.2699208850531343,-0.06036369185884799,-0.068760157952372225,1.1777743574549895,2.0115916905366769,-0.048482762866884618,-0.062013219824268606,1.9327385496690495
1023,359,1024,1.2818873349636799,-0.061463074872586621,-0.056666411212719758,1.1766632794128427,2.07442564962688,-0.051020713128143283,-0.043089802908898828,1.9905965355287409
1022,1024,284,1.2764167205119143,-0.075534817431225143,-0.071682231980201294,1.1845989071667642,2.0756260403069877,-0.061323072384656716,-0.054938025992337491,2.0031151465432626
326,894,1023,1.2619296084371756,-0.053599990830994315,-0.062098776145722123,1.1849465075023851,2.0084162061423165,-0.042467835362906006,-0.056191574297533547,1.9427706725681779
894,1025,1023,1.2728277131210424,-0.054601174505548355,-0.051599781354356722,1.1839819891306806,2.0662234221372096,-0.044893332730733787,-0.039931568688847924,1.995260503602132
894,160,1025,1.26656868563092,-0.039983945002087129,-0.049969929990613338,1.180175661154335,2.0166491225429639,-0.030087567142334848,-0.046249586702930237,1.9433337973147624
1023,1025,359,1.2754036540447344,-0.046321193459059495,-0.055050618467915147,1.17288978370315,2.0248275908228477,-0.035861271899349886,-0.049990819478214529,1.9380082867506909
284,1024,729,1.2786784226317307,-0.068265099100175197,-0.076250211689104841,1.1699161929690316,2.0136576857574444,-0.055762230671418833,-0.068590510503102248,1.9200698069303335
1024,1026,729,1.2922018146084866,-0.069507461847136742,-0.061875615973455034,1.1685956321030559,2.0839542590328541,-0.058466411760786791,-0.045844538858925588,1.9858177363276879
1024,359,1026,1.2847780621947518,-0.052170152979315487,-0.060311943878646357,1.1649438580991767,2.0316000750690035,-0.04105745294729389,-0.054224357840204851,1.9300904101582992
729,1026,183,1.2954576806741982,-0.059041962011310289,-0.065722157506753476,1.1562314933538662,2.0398541962417855,-0.047410254898097762,-0.058205234879501452,1.9219962574328984
136,541,1028,1.2345381108503819,-0.093802419489720013,-0.088215456593916386,1.2228708772098846,2.0197173140860971,-0.078598879356995832,-0.069436726513904923,2.0102283230157103
541,1027,1028,1.2223766598058698,-0.086100037811911889,-0.10143569018130982,1.2312438324260997,1.9877063537461035,-0.065960675104108385,-0.090854196902878187,1.9951209651078137
541,231,1027,1.2259098838035796,-0.10573191351354372,-0.10215684289198457,1.2352508187895577,2.0184817492236644,-0.086680635594443362,-0.080805629553711511,2.0260073044333047
1028,1027,361,1.2160799927622481,-0.092457265190534876,-0.089952429417677671,1.2428375373523233,2.0115904814564964,-0.075575772758750798,-0.071455491561283502,2.0331583900023031
231,1029,1027,1.2121297737475809,-0.097004642383028195,-0.11339183422350896,1.2423662057567695,1.9700356277811417,-0.075551994444294418,-0.10202786163982425,1.995555927984316
1029,1030,1027,1.2071661606036885,-0.10201557027836605,-0.10062170075428334,1.2552580682313641,2.0099965341767003,-0.082090192904875792,-0.079792904795871478,2.0484162530242362
1029,360,1030,1.1936221888984941,-0.09343714531512104,-0.10858150527004118,1.2602996164010456,1.9512165366537457,-0.073368188017222002,-0.097800684553323219,2.0077118159680918
1027,1030,361,1.2040782915244008,-0.084856060089385732,-0.099471512845267451,1.2488663914350999,1.9678152041938275,-0.065656069545136836,-0.089330235569555216,2.0054739332040978
231,545,1029,1.2157275844453412,-0.11699492645887832,-0.1147197367791577,1.2497443452817247,2.0171279300503482,-0.094191357546771659,-0.090443447576964153,2.0442331547271064
545,1031,1029,1.2002009172709787,-0.1071615192049955,-0.12394218494477882,1.255585140841518,1.9510172974965605,-0.084884538067313248,-0.1118697821734275,1.9981696583848156
545,159,1031,1.2039093248737269,-0.12776677863812025,-0.125703627192431,1.2653723536771428,2.009792770074629,-0.10216728414584725,-0.09876810177398665,2.0585167912160656
1029,1031,360,1.1967239685099047,-0.11067175931766959,-0.11022533447340699,1.2694333284487698,2.0067707313181886,-0.087857263979715106,-0.087120305173338353,2.0643654548993418
361,1030,1033,1.1999565699693102,-0.089017246615321177,-0.088246826585614002,1.2601985526685162,2.0037147785503171,-0.071600711562204988,-0.070330643379255153,2.0519491786431452
1030,1032,1033,1.1882053755891127,-0.081574935991775455,-0.095031370758738687,1.2644953657023184,1.9516882163926694,-0.063598648492734056,-0.085367080880201715,2.0160380928504913
1030,360,1032,1.1908448901490141,-0.096241037486110681,-0.096475814937852178,1.2725212221441078,2.001446795653929,-0.076344889651713488,-0.076732578962398101,2.0663233541397927
1033,1032,153,1.18581416607234,-0.083989041042028978,-0.08443217074736431,1.2751960517344845,1.995188584252463,-0.066807593863441622,-0.067538939487914118,2.0664868866191051
131,1034,581,1.1988710040584167,-0.038604596224538934,-0.035519175123706281,1.25119770338347,1.9866912425912588,-0.032971248629994822,-0.02791336121451006,2.0296719303639943
1034,1035,581,1.2027016964121633,-0.036247396382302122,-0.041014969083450481,1.2478158905260126,1.9925179730368758,-0.027713196587275217,-0.035538086086501532,2.0294509691636846
1034,362,1035,1.2030462661512531,-0.036326235353171032,-0.034121508441755655,1.2462386384314001,1.9879552542170826,-0.030825032617517616,-0.027214080310759801,2.0235397433343647
581,1035,242,1.2014227196638143,-0.043228966705855854,-0.04081450997485514,1.2489101397885189,1.9886657468998028,-0.036492994377018924,-0.03253546393778757,2.0276691714369535
362,1036,1035,1.2071012905610794,-0.033831122166961047,-0.038766532955857969,1.2433804899360856,1.9978875840699883,-0.025604203825602981,-0.033711624526486982,2.0275294610595211
1036,1037,1035,1.205817313875031,-0.040839985728419625,-0.038711687411248974,1.243679876165837,1.9900580708008102,-0.034513809762036482,-0.031028495963434259,2.021252884627752
1036,353,1037,1.2103069453322868,-0.038077398062890899,-0.043769576346671002,1.2405676248107667,2.0011469539171887,-0.028726055973751746,-0.038078783913522783,2.0258462157044863
1035,1037,242,1.2054439007535802,-0.040754550450232574,-0.046440520009339181,1.2454481990370683,1.9950773143340481,-0.03100228509704224,-0.040335210764933488,2.0278063028906059
362,1038,1036,1.2069378901501224,-0.033793729405952933,-0.0318145013421125,1.2417895780458963,1.9900614166992208,-0.028690694560508143,-0.025450442620090316,2.018821680370805
1038,1003,1036,1.211205014773066,-0.03116810799462183,-0.035951963047418545,1.2392437400397598,2.0028442831722559,-0.023438759324001961,-0.031303453761642674,2.0257122844924247
1038,190,1003,1.2105462771493625,-0.031017391726498422,-0.02894103358196265,1.2376396702446097,1.9918662943531311,-0.026480861349745942,-0.023083178775504073,2.0142627801779933
1036,1003,353,1.2099542788907849,-0.03799670953373635,-0.036033663633155966,1.2387976820402962,1.9915886586477385,-0.032184114753161353,-0.028971893096850283,2.0154160056402484
242,1037,586,1.2039834258091473,-0.048728569112914233,-0.046229993834608907,1.2465976467921802,1.989975632668284,-0.041070940565612168,-0.036977331228007379,2.0250010816464359
1037,1002,586,1.208499459544617,-0.045949790446271455,-0.052303873510831878,1.2428603037481092,1.9977799477627269,-0.034954413428589057,-0.045383988721375668,2.0258755444932226
1037,353,1002,1.2088500796005519,-0.046030013754473131,-0.043709796912384746,1.2408939437410371,1.9920290914635033,-0.038882375330074187,-0.035083954222432476,2.0184406361005838
586,1002,165,1.2067578386122815,-0.055456432207073636,-0.052028938808110103,1.2443610354388284,1.9921278095739394,-0.046968000064514279,-0.041353455859163266,2.0230266105897172
143,1039,640,1.1390781024577659,-0.041200169079151472,-0.041130844172611702,1.3209393514778993,1.9471126658269196,-0.033298431023771217,-0.033184550742237515,2.09396714538466
1039,1040,640,1.1387758948764723,-0.041379123145286245,-0.046983362931542594,1.3174737467284716,1.9257542964000181,-0.032011692886939655,-0.041136911587425939,2.0736847029095786
1039,363,1040,1.143351782209062,-0.043602275486518849,-0.044121066809276854,1.3160831267540249,1.9506817607485014,-0.03500236935633988,-0.035854750446576739,2.0902027280740691
640,1040,261,1.1378912141823425,-0.044888204859110381,-0.045540238575592529,1.3231978925381815,1.9483142362447621,-0.035864054203787618,-0.036935939427341927,2.0974965564497094
363,1041,1040,1.1431913044165123,-0.043697303392099984,-0.050063891141313377,1.3125640470076028,1.9299663196696228,-0.033614506677618658,-0.04398486084467694,2.0701439034343152
1041,1042,1040,1.142155600561829,-0.047805417745132139,-0.048636086810597945,1.3182274260109841,1.95100502957148,-0.038187642258785418,-0.039552948287886414,2.0929348734919273
1041,364,1042,1.14172414130122,-0.048060908983066142,-0.054878558932776045,1.3145309079943965,1.9271862237732129,-0.037104576288575261,-0.048200358871970911,2.0703895094179057
1040,1042,261,1.1371069814524364,-0.045352593062781388,-0.051546337582483837,1.3196413443063539,1.9228166909995563,-0.03512013595109402,-0.045196858663571385,2.0741146603445446
363,1043,1041,1.1477574363277232,-0.04591571615250345,-0.046768731054022794,1.3109631240979347,1.9535981431769642,-0.036776021954300006,-0.038177352628796818,2.0855816357501524
1043,1044,1041,1.147975235434207,-0.045786745080569347,-0.052936356677747654,1.307310926892816,1.9347427702302524,-0.035005604153478323,-0.046657053626588507,2.0665434917633814
1043,180,1044,1.1523758500063437,-0.047924742779775542,-0.049220172718274391,1.3055054534470205,1.9560531686688369,-0.038293945325530349,-0.040421222598434586,2.0801319471325947
1041,1044,364,1.146782310283754,-0.050518476946302293,-0.051526689548993421,1.3129023647719418,1.9541600142010889,-0.040345765745055842,-0.042002715587269188,2.0882156944039916
261,1042,644,1.1362026488011605,-0.048939624170007967,-0.049970214811113189,1.3258930276904897,1.9478886517204905,-0.038899555196481347,-0.040594074660507323,2.1003424108428606
1042,1045,644,1.1352063756385724,-0.049529573411729588,-0.056287257082293429,1.322152352504455,1.9196197846223249,-0.038417114744098424,-0.049401596897074532,2.074768589951451
1042,364,1045,1.1406829087279839,-0.052190408254656262,-0.053320321591870279,1.3207108337186195,1.9507789444858297,-0.04152345000419691,-0.043380979308666398,2.0956473218910694
644,1045,178,1.1343639377519137,-0.05287065851484396,-0.054688003330113144,1.3284949481689301,1.9456041040700611,-0.041743418808336721,-0.04472991069647142,2.1016785154000406
142,1046,772,0.95204391368876973,-0.24443719217833459,-0.2412592697139786,1.619092266954107,1.4371728771668653,-0.24583300983670814,-0.24145315075603413,2.1064044991679429
1046,1047,772,0.99702807426268791,-0.27402727569153029,-0.30146469182226793,1.6586947280293587,1.9893821407451688,-0.15504870657898284,-0.20037694649839749,2.3980295516734631
1046,365,1047,0.99732519391315577,-0.27727911398675076,-0.29276059649964115,1.5634323970096888,1.4711064639921214,-0.27944017324829923,-0.30071101029502539,2.0472553845798127
772,1047,294,0.94697064542954479,-0.3001685777012999,-0.30651049997475432,1.6560596746941749,1.3159752919438825,-0.31818644992629191,-0.32643447377133827,2.0694109086448331
365,1048,1047,1.051436287284063,-0.31287407062967532,-0.33783700214292539,1.5930842226250688,2.0275205919510646,-0.18039102633660398,-0.22182895079945586,2.3623260521384433
1048,1049,1047,1.0091025602185919,-0.33498185303508965,-0.36669604223902397,1.5780132751063922,1.3648755884990131,-0.36005538520266511,-0.40108305008564832,1.9819960853322431
1048,357,1049,1.0835994822447867,-0.38398510475985859,-0.41231861367807621,1.6080232982288631,2.0801929353857376,-0.20755371793598432,-0.25455178489794861,2.3845229611939742
1047,1049,294,1.0096912436690082,-0.34142472338988128,-0.37813161487820013,1.7031703725155478,2.0525854915935526,-0.17265295800275393,-0.23349506083543659,2.4440144309377319
365,1050,1048,1.0499386484885358,-0.29647738182086369,-0.3291991730164705,1.4985141590068167,1.5323534687238796,-0.29643465940474156,-0.34165903907387218,1.989831384974007
1050,1020,1048,1.109303110423713,-0.33552807026711307,-0.35408882706062356,1.5148868859536968,2.0420843551019447,-0.20557595483953972,-0.23630118692950186,2.3019651674392816
1050,188,1020,1.1062345368638486,-0.30193222199027137,-0.34627929684113745,1.4293853370259173,1.6202873684269405,-0.29437895027599975,-0.35673250617750479,1.944883865149122
1048,1020,357,1.0805442248976442,-0.35054671444293239,-0.40154438866428555,1.4901043472408171,1.4742756867734865,-0.36956977869713548,-0.43677561731211306,1.9133806272202052
294,1049,773,0.95085020205520987,-0.37215664225131206,-0.39667991354084453,1.6934828348057409,1.1173200467859894,-0.43531772583973993,-0.4640983530609738,1.9860817173649865
1049,1019,773,1.0436330186205547,-0.43318701353383915,-0.48225138992650807,1.7497697548232329,2.1519372392508815,-0.18477836403898384,-0.26648722175356598,2.5000275167699666
1049,357,1019,1.0411631907794403,-0.40614644898447017,-0.46671014543821521,1.5796186140159505,1.2169304113494044,-0.48412310734434072,-0.55518327715666738,1.8580668393889206
773,1019,154,0.97717157844276059,-0.46789757963797962,-0.54161926394216087,1.7187639188080956,0.71207114792107551,-0.68028214250949226,-0.74791570090102721,1.7612270762594338
128,955,456,1.1471374579625413,-0.061876906583711921,-0.071508437446362816,1.3100247751825211,1.9311394863675373,-0.047428334873198238,-0.063096667078773122,2.0661102448462985
955,1051,456,1.1475196103228198,-0.061650612728135545,-0.063849644661022609,1.3145599761353179,1.9599941732382611,-0.048459071487888708,-0.052079769636771717,2.0938109888305352
955,344,1051,1.141384193415049,-0.060067808350098062,-0.068041476682751956,1.3156413778030007,1.9219607102411009,-0.046853451281546596,-0.059798738026330081,2.0670314614582028
456,1051,203,1.1486468706245105,-0.057408101567023806,-0.065874950397998955,1.306937617589635,1.9295065298949707,-0.044408909732029558,-0.058168898518950671,2.0612125319065018
344,1052,1051,1.1428058850008549,-0.059225944989220514,-0.060714865979676347,1.3199798751057297,1.9570985691129157,-0.046747633460474114,-0.04919971726875301,2.0988299350372075
1052,1053,1051,1.1438373281530829,-0.055344047366448823,-0.062790178875133051,1.3121693116461817,1.9248649193451413,-0.043116970400691859,-0.05521339321392571,2.0649779557736987
1052,364,1053,1.1452346313961401,-0.054516625711773736,-0.056142585471764761,1.3161057247052295,1.9572242429220643,-0.043054236725774589,-0.045730683300601732,2.0943188073239822
1051,1053,203,1.1496153017832382,-0.056834639138038545,-0.058784897201970665,1.3111360359188993,1.9603280002359822,-0.044816970313539706,-0.048027065454123996,2.0900313124271879
344,960,1052,1.1362520729481316,-0.057535203746070351,-0.064237384297702871,1.3208886083669409,1.9151520967427638,-0.045383317775456178,-0.056251321247971928,2.0692546573377761
960,1045,1052,1.1384698667802828,-0.056221923574822696,-0.057499212142867684,1.3248786581872225,1.9540260943546837,-0.044397179252367094,-0.046500829382797287,2.1030237967082903
960,178,1045,1.1316678646492275,-0.054467154679033847,-0.059794867387935824,1.3254708874076604,1.9087781788606264,-0.043493422641479151,-0.052122514222261607,2.0709550531435923
1052,1045,364,1.1393278620321168,-0.052992807436671008,-0.059593672965760458,1.3169960303644181,1.920011424800488,-0.041540921942411033,-0.05225796792631561,2.0680316568479946
203,1053,451,1.1507192576993037,-0.052679835417672294,-0.060645447182929857,1.3041337454557294,1.9328036656441181,-0.040614487813488531,-0.053571507822691794,2.0603082784080553
1053,1044,451,1.151490889425772,-0.052222908975193105,-0.054051986782404526,1.3080381033263238,1.9603087676726711,-0.041272372457561726,-0.044281738664372725,2.0863334288911184
1053,364,1044,1.146206336988737,-0.050859553946076552,-0.058014568623047769,1.3090604048258534,1.9284297961602774,-0.039442660261058457,-0.051076699138449255,2.0638287830670179
451,1044,180,1.1526811536897126,-0.047743955337874233,-0.055753065016719727,1.3016369613482217,1.9365273235728526,-0.036409386788137932,-0.04945147445005188,2.06010067755127
23,24,781,1.2569804368368085,0,-0.0057964826317267182,1.1929006188802189,2.0388918315531557,0.0023937143035917506,-0.0071305308759979959,1.9865265674890196
24,1054,781,1.2611619053752836,-0.0088899166735800783,-0.0029392079247623215,1.1868259745717129,2.0310177781939704,-0.0097675778203693223,-4.3218122078816923e-05,1.9693653167423455
24,25,1054,1.2686333710514961,0,-0.0070548085550701245,1.1819290308861321,2.0473052259674454,0.002907010914666921,-0.0086766327301667761,1.976395966189292
781,1054,297,1.2626294061803296,-0.0088899166735800783,-0.016006383446310224,1.1868259745717129,2.0385260577496722,-0.0044040713054304716,-0.016068139418570486,1.9761929472866371
25,1055,1054,1.2735831624712715,-0.010523392169166618,-0.0038977064371037429,1.1752169452873824,2.0398065299695021,-0.011395680153505006,-0.00057851501205894232,1.9581306247963695
1055,1056,1054,1.2750574198180868,-0.010523392169166618,-0.019485021325969409,1.1752169452873824,2.0469268427924643,-0.0050205701427951145,-0.019692700806778478,1.9647037456196921
1055,366,1056,1.2807834734356072,-0.022697139038195535,-0.017105412884768079,1.1701578325466349,2.0510173396172031,-0.020968711996959696,-0.011817981756142286,1.9598912978476355
1054,1056,297,1.2675813467783756,-0.019418790910036232,-0.013753718153887817,1.1820363311801731,2.0407051907488931,-0.018305730823030809,-0.009029941031839999,1.9702121668203725
25,26,1055,1.282427470722542,0,-0.0090962099593170365,1.1690315105758344,2.0560410690672657,0.0037282235425796194,-0.011184859009131127,1.9630845144169942
26,1057,1055,1.2882274372394595,-0.012330887718159239,-0.0057640878584317434,1.1619473276983401,2.0503703458614644,-0.012873033256585439,-0.0021637406882344251,1.9454326269427722
26,27,1057,1.2985908419513685,0,-0.012667925827251736,1.1537328023387277,2.0630858280036595,0.0051204438325171513,-0.015576418359689943,1.9435215052486565
1055,1057,366,1.2894957138055105,-0.012330887718159211,-0.024005871844156701,1.1619473276983401,2.055882497317826,-0.005460901165811459,-0.024541602015865454,1.9505684597951511
297,1056,785,1.2673378602383378,-0.019418790910036232,-0.027747672067880202,1.1820363311801731,2.0379418619133154,-0.012686285735295476,-0.026306176713126423,1.9674231827799922
1056,1058,785,1.2729972096831097,-0.031451717070616336,-0.026111818837870615,1.1785581750213519,2.0496491861399377,-0.027935003990740025,-0.019174391584826263,1.9723612681647769
1056,366,1058,1.2803553180063441,-0.022697139038195535,-0.033172196808383347,1.1701578325466357,2.0468162341658487,-0.014569898683095883,-0.031678758473034085,1.9555947143953438
785,1058,160,1.2717850447309409,-0.031451717070616336,-0.040251210953641703,1.1785581750213519,2.0407227845637097,-0.02245687986319133,-0.036837019259672615,1.9636299131787276
3,39,1060,1.1463029997988317,-3.7861952096207574e-05,0,1.3088483230911265,1.9452862136678113,-4.6487989147647298e-05,1.5557961653378152e-05,2.0780720590917485
39,1059,1060,1.1463969215665708,-1.0919972435630143e-05,-0.0002737311077236626,1.3087698018056564,1.9455307939104944,9.9109728522149456e-05,-0.0003316016683076462,2.0781506521390942
39,40,1059,1.1465621264951613,-0.00017612490102614231,0,1.3084960706979309,1.945267197485695,-0.00021626122905896392,7.233728864602552e-05,2.0775947173337381
1060,1059,368,1.1463969215665708,-0.00047129419913538584,-0.0002737311077236626,1.308801851853989,1.9456940059985952,-0.00046609461984795629,-0.00014229376276753255,2.0783140283746091
40,1061,1059,1.1468034279453336,-0.00010690624257225778,-0.00046193368223157449,1.3083635624608032,1.9462483482598643,5.8764626359865879e-05,-0.00052318027933888085,2.0781502280237616
1061,1062,1059,1.1468034279453336,-0.00079889006183320177,-0.00046193368223157449,1.3082672015059145,1.9457536008500611,-0.00079109526057410517,-0.00023888579010725923,2.0776551675216681
1061,367,1062,1.1470064160949542,-0.0007406617860032938,-0.0011684578614374885,1.3080645311290269,1.9461092228753785,-0.00042906270140503282,-0.001130203172589843,2.077652797338728
1059,1062,368,1.1464582419816782,-0.00045370409817824253,-0.00083545143962915347,1.3086407192633125,1.9452902041784703,-0.00021387535079900452,-0.00083943248979375816,2.0778018134587972
40,41,1061,1.1470425955142796,-0.00034607381151818828,0,1.3079016287785716,1.9455297393277666,-0.0004249602325525929,0.00014209738720734783,2.0770075984845024
41,1063,1061,1.1473997314390401,-0.00024362739198657835,-0.00062559191872146869,1.3077221742691911,1.9470640903350498,-4.1613236780252438e-05,-0.00066781381952869432,2.0779137818641136
41,42,1063,1.1477420238736622,-0.0005859198266096044,0,1.3070965823504697,1.9462146434837264,-0.00071950396017257266,0.00024062553545652434,2.0764567968791274
1061,1063,367,1.1473997314390401,-0.0011339771300891144,-0.00062559191872146869,1.3075216651863091,1.9460351980448027,-0.0011354879164379751,-0.00030238910748692097,2.0768829472236456
368,1062,1065,1.1464582419816782,-0.0011624249624437866,-0.00083545143962915347,1.3087630215073442,1.9459123257932525,-0.0010835450612129516,-0.00054760490435841729,2.0784247451104174
1062,1064,1065,1.1465085060616751,-0.0011480064324969064,-0.001644219297759264,1.3085310219644448,1.9450660604161474,-0.0007345472350050921,-0.0015475866852054723,2.077489838111815
1062,367,1064,1.1470064160949542,-0.0016459164657751657,-0.0011684578614374885,1.308055260528123,1.9460556119388315,-0.0015406463770658069,-0.00075812877283876158,2.0775999761423218
1065,1064,179,1.1465085060616751,-0.002109141362780953,-0.001644219297759264,1.3086992944230538,1.9459175044439783,-0.0019132935460762254,-0.0011512531284291858,2.0783431586939844
3,1060,100,1.1462651378467354,0,-4.0535254909102036e-05,1.3088888583460356,1.945232993487976,1.6655732489405105e-05,-4.9770346041252754e-05,2.0780857822708283
1060,1066,100,1.1461904205406732,-0.00026047014935492996,-4.1403581896304331e-07,1.3090287239337997,1.9454341217444391,-0.00031963064421576629,0.00010657473839891998,2.0784190407343575
1060,368,1066,1.1461860975167903,-0.00026047014935492996,-0.00050060318753430977,1.3090287239337997,1.9454036086018884,-0.00011400769637907762,-0.00050755667771731233,2.0783962786365646
100,1066,99,1.1459299503913183,0,-0.00019189083839954435,1.3092202007363802,1.9446202773156609,7.8794061003978485e-05,-0.00023561303980770693,2.0780659932304579
368,1067,1066,1.1460339349660762,-0.00079092024719784604,-0.00046077539567690451,1.3091675666121532,1.9450648901229128,-0.00078175553060484042,-0.00024074003036545638,2.0783268497315461
1067,1068,1066,1.1456779408102944,-0.00043492609141715377,-0.00085276694412605991,1.3095595581606005,1.9446179066429199,-0.00018368978185299674,-0.00086835962735504831,2.0785097224363605
1067,369,1068,1.1454888575732847,-0.0010940844789510962,-0.00076043605720244045,1.3098814305777751,1.9449585673132963,-0.0010305162783947057,-0.00048369486942327882,2.0791846714782989
1066,1068,99,1.1458051894313117,-0.00043492609141715377,-9.4544280289099447e-05,1.3095595581606005,1.9454965168467622,-0.00049505694329402277,6.2872649426161235e-05,2.0791622892845614
368,1065,1067,1.1460867372664323,-0.00079092024719784604,-0.0012399965444380712,1.3091675666121532,1.9454247845814241,-0.00046120105257736982,-0.0011972109090834595,2.0785938042174568
1065,1069,1067,1.1458706012270303,-0.0015443867388444943,-0.0011967255326155168,1.3093184126143278,1.9447030353389301,-0.0014047037119708514,-0.00083504226530290099,2.0782552367064104
1065,179,1069,1.1459437514377386,-0.0015443867388444943,-0.0022633374890332902,1.3093184126143278,1.9451970090588739,-0.0009657082103974729,-0.0021439640387532289,2.0786209703730032
1067,1069,369,1.1454202989671369,-0.0010940844789510962,-0.0017597434960610059,1.3098814305777751,1.9444794538333443,-0.00062027026262406358,-0.0017110327989104796,2.0788283855084182
99,1068,98,1.1453702633398946,0,-0.00037122431975333825,1.3098362382000648,1.9439147990935033,0.00015235913192784953,-0.00045580276827669508,2.0783514478033407
1068,1070,98,1.1452024369560627,-0.00058505539835973508,-0.00022882790087486171,1.3103326428276958,1.9452959266202983,-0.00062400596972807471,-4.0047433441558664e-05,2.0800268828621622
1068,369,1070,1.1449798284926924,-0.00058505539835973508,-0.0012116483071231698,1.3103326428276958,1.9437568183701786,-0.00022085754632336489,-0.0012474311470115915,2.0788852020643311
98,1070,97,1.144617381557703,0,-0.00062980758824515704,1.3107336225150661,1.9433103528976083,0.00025850247975726308,-0.00077325727278788794,2.0790805989679808
142,1071,1046,0.99680523513566399,-0.22106165632730157,-0.2465951266549169,1.6163057425355449,1.9509850258885924,-0.13267661241647161,-0.17478364757112602,2.3582747178139165
1071,1072,1046,0.9978251911456919,-0.22828134091520957,-0.23587236570194836,1.540405457394868,1.5540074445350864,-0.22021467661223593,-0.23108749394988171,2.0815646919975004
1071,370,1072,1.0318004191570331,-0.21053858590364571,-0.22678266122768909,1.5451523394337598,1.9611677730910346,-0.13520839315943606,-0.16213340586427955,2.3102040582215402
1046,1072,365,1.0365470484147998,-0.25679561346836621,-0.27777227386001657,1.5712600053280461,1.9908523591210816,-0.15623814890329907,-0.19106051456519019,2.3382452715598645
370,1073,1072,1.0313933809425526,-0.20765797621362236,-0.21810940468553719,1.4837716976400885,1.6433843377167134,-0.19320311113626865,-0.20863498126917079,2.0703377587219172
1073,1074,1072,1.0649168817944854,-0.23234342250764328,-0.24628837955639249,1.5045216358362037,1.9849099416805835,-0.1516181945094906,-0.17479040776993704,2.2847035882861033
1073,371,1074,1.0630396341999635,-0.21905814014601033,-0.23787125291568589,1.4449536255099469,1.678898318537577,-0.20167555065013254,-0.22956704725994098,2.039342589122036
1072,1074,365,1.035278929929059,-0.24782113817793294,-0.26682641231486492,1.4937961365538619,1.588167609981773,-0.23844978530118321,-0.26569433764350198,2.0373269516857477
370,1075,1073,1.0580623078285685,-0.19373076324533978,-0.20516020175707395,1.4905341109807162,1.9618314007024045,-0.13093485799350041,-0.1498963614242842,2.2663045387246976
1075,1076,1073,1.057033688413525,-0.18644975537381225,-0.1983048337320632,1.4420088859827107,1.7119471865284299,-0.16786847200303817,-0.1857895687791673,2.0658080058066517
1075,163,1076,1.0775267995164004,-0.17574771535801936,-0.1838572688397937,1.4495537832328969,1.9590540145495599,-0.12380697570394572,-0.13724709645224831,2.2291257969744493
1073,1076,371,1.0854335005078353,-0.20736300798170415,-0.21706182393431295,1.4558212898451297,1.9786122584353456,-0.1424196845535296,-0.15852494939576728,2.2412411370949661
365,1074,1050,1.0800210569876896,-0.28076755924130392,-0.2964554049490431,1.5156138133426738,2.0128948197133529,-0.17708512054373615,-0.20315097078747585,2.2998343515126973
1074,1077,1050,1.0768044002289074,-0.25800327741423312,-0.28622018898427815,1.4431791837706263,1.6445190746204417,-0.24440515798111673,-0.28522576769347457,2.0010700646671276
1074,371,1077,1.0996938326143972,-0.24604981558510453,-0.25652244773340804,1.4586881230258721,1.9997554331786509,-0.16551608730993861,-0.18290671510682943,2.2486386403235561
1050,1077,188,1.1239186232304177,-0.29269642079222313,-0.30018220809861695,1.4534602899869906,2.0177939185207796,-0.19669513564842583,-0.20907123016654672,2.2433323643146208
4,70,1079,1.0721272361432508,0,-7.3134247893458237e-05,1.402712240021919,1.8744946872646593,2.9583189751911684e-05,-8.9162044901836668e-05,2.143805941952305
70,1078,1079,1.0722756300481215,-0.00058701335820199319,1.4477343395991049e-05,1.4023656680082957,1.8739100029491083,-0.00072158414055262178,0.00025478278985830935,2.1430397547652569
70,71,1078,1.0728373146229213,0,-0.00042405949135126964,1.401907355653623,1.8760674473376699,0.00017184890872281309,-0.00051699167310756151,2.1438981313665257
1079,1078,373,1.0722871942325121,-0.00058701335820199319,-0.0011746182820305817,1.4023656680082957,1.8739984102632148,-0.0002411590824865585,-0.0011950158255150381,2.1430957691444723
71,1080,1078,1.0731038617743263,-0.0010544013826025989,-0.00019324361317585304,1.4009942992589361,1.8735238010990516,-0.0012080358864430556,0.00018937850380068002,2.1412345809857105
1080,1081,1078,1.0734474802678673,-0.0010544013826025989,-0.0019952210009216709,1.4009942992589361,1.8762636225865641,-0.00047757003422706137,-0.0020057486788600939,2.1429862008989287
1080,372,1081,1.073875543331571,-0.0027477498020012092,-0.0017495135440563914,1.4000223202002495,1.8746918856078922,-0.0026453480863577739,-0.0010250378565891177,2.140872549945823
1078,1081,373,1.0726231301244349,-0.0019159215491697523,-0.0010718843692173463,1.4019592692235565,1.8746025833860676,-0.0019027382751288129,-0.00053239695124938924,2.1430196277142324
71,72,1080,1.0741127672514859,0,-0.00085063696139320299,1.4003072612053566,1.8780796494947021,0.00034532423818787973,-0.0010371387083932344,2.1433703448919452
72,1082,1080,1.0744802835423597,-0.0014538128927101823,-0.00050368951876622603,1.3989348141119649,1.8739801877339146,-0.0015707932239886289,-2.9201788736815844e-05,2.1391781398406522
72,73,1082,1.0758713496140055,0,-0.001456729098244125,1.3979387857735923,1.8799763047954123,0.00059182701301009632,-0.0017764933065048288,2.1418935248951705
1080,1082,372,1.0751136687560745,-0.0014538128927101823,-0.002790112144759993,1.3989348141119649,1.8790147252385256,-0.00063994292644108195,-0.0028120197189833236,2.1424073364881853
373,1081,1084,1.0725530707359185,-0.0019159215491697523,-0.002946999696325614,1.4019592692235565,1.8740178023133387,-0.0011459913629028933,-0.0028196512494501149,2.1426438383006277
1081,1083,1084,1.0730601575045791,-0.0039218442805131204,-0.0028074053843104574,1.4014070651020085,1.8752198286964017,-0.003646555328139062,-0.0018369466990722019,2.1427817446780493
1081,372,1083,1.0741835914924502,-0.0027477498020012092,-0.0041324005321792256,1.4000223202002497,1.8771133339023602,-0.0016762680713474695,-0.0039257372231775809,2.1424200779009768
1084,1083,181,1.0729869732390007,-0.0039218442805131204,-0.00526457858387408,1.4014070651020085,1.8745722462107635,-0.0026553470502028442,-0.0048351433875262776,2.1423617431644377
2,1085,69,1.209290726282326,-5.9725752026312806e-05,0,1.2392673974446424,1.9974630871304182,-7.3518211604131552e-05,2.4526662753011192e-05,2.0220522048864504
1085,1086,69,1.2091280905068191,-1.8646339467576212e-05,-0.00046697839699660904,1.2393853493415516,1.9970744209196152,0.00016870794886589767,-0.00056718175034482126,2.0219016672374042
1085,374,1086,1.2091280905068191,-0.00086818511698960599,-0.00046697839699660904,1.2393099041511082,1.9966869544003265,-0.00087725845026244518,-0.00021883484647621789,2.0214645065670664
69,1086,68,1.208823555986495,-0.00031004738134926546,0,1.239832188640019,1.9975003921191026,-0.0003816243347719865,0.00012743924690640615,2.0229220937355681
374,1087,1086,1.2090187166204052,-0.00084055994593407179,-0.0015288793118433119,1.2395781143736642,1.9973852587453238,-0.00040660574532102233,-0.0015366116032541036,2.0224475394858921
1087,1088,1086,1.20835177620998,-0.0014787129172266905,-0.00084526012469154921,1.2402322262083842,1.9966585710585911,-0.0014730885639797923,-0.00043324534426649516,2.0228098136702282
1087,375,1088,1.207908530465299,-0.001366759873242307,-0.0022196517194448262,1.2405793639406788,1.9957154529276413,-0.00077216893658985531,-0.0021718624311840022,2.0225344490403456
1086,1088,68,1.20835177620998,-0.00019088272636558212,-0.00084526012469154921,1.2400456889555169,1.995711889958784,0.00011138590603797759,-0.0009623493488042814,2.0217414679046826
374,1089,1087,1.2090187166204052,-0.0021840490818101355,-0.0015288793118433119,1.2393566567934524,1.9962429862345714,-0.0020622465656702569,-0.00098721497764166005,2.0211598098445127
1089,1090,1087,1.2088837522767704,-0.0021499590672631186,-0.0031697068412217533,1.2397711057718936,1.9975176483684818,-0.0013435379926849582,-0.0030178252508291591,2.022840849212391
1089,182,1090,1.2088837522767704,-0.0039392034507156337,-0.0031697068412217533,1.239490118780548,1.9960515976688307,-0.0035508611815717114,-0.0022882865641854679,2.0211911884974056
1087,1090,375,1.207908530465299,-0.0030831192955351749,-0.0022196517194430498,1.2406801847566751,1.9962094277631062,-0.0028837903685501902,-0.0014664276454473954,2.023094209407299
68,1088,67,1.2078984003013551,-0.00062470616285725811,0,1.2408544960514529,1.9970757339242411,-0.00076888320137542669,0.00025696222299215589,2.0240818974346495
1088,1091,67,1.2071715050295579,-0.00044110307390576864,-0.0011746671844381495,1.2411511997609423,1.9941454586281131,-6.2314553960726845e-05,-0.0012656499701529044,2.0220725905396377
1088,375,1091,1.2071715050295582,-0.0020719613499037282,-0.0011746671844363732,1.2415792271766559,1.996320797737146,-0.0020671571442734413,-0.00059380243153996917,2.0245216087510416
67,1091,66,1.2065255015900045,-0.0010592542094242097,0,1.2422752214138573,1.9959353624000036,-0.0013036980281434338,0.00043569895599878945,2.0252302411556924
4,1079,127,1.0721035731268742,-2.4730083986845841e-05,0,1.4027886722089178,1.8746963677778226,-3.0148941954883525e-05,1.0007644420915502e-05,2.1440212505482927
1079,1092,127,1.071862861929235,3.6705593636554568e-05,-0.00065527652196001318,1.4029559156008036,1.873619940582846,0.00030948853185615549,-0.00081374189014944069,2.1435239670684956
1079,373,1092,1.071862861929235,-0.0010304788437256462,-0.00065527652196001318,1.4029084269356833,1.8733723387282843,-0.00099178157086134188,-0.0003828084393226927,2.1433118185818794
127,1092,126,1.0715969176009885,-0.00024123131298825484,0,1.4036407413712872,1.8749922461969692,-0.00029404259101802939,9.7754149740990521e-05,2.1451742710600228
373,1093,1092,1.0717482212167386,-0.0010012197089910302,-0.0020940527656453378,1.4032756380864964,1.8743234719490114,-0.00037325263351914396,-0.0021476682999788535,2.144333434582002
1093,1094,1092,1.0709992280631146,-0.0017839850322090012,-0.0011707506299024617,1.4042405719997297,1.8732447316777723,-0.0017013403673045058,-0.0007058953361547683,2.1447378710741147
1093,214,1094,1.0705746760801977,-0.0016756289046240269,-0.0031561540590222537,1.404747295877911,1.8724015672328109,-0.00076773031116848627,-0.0031704587757783644,2.144772030547383
1092,1094,126,1.0709992280631155,-8.8685597921411841e-05,-0.0011707506299024062,1.4039395469897336,1.8717146033464223,0.00036381975113326608,-0.0013916342971288956,2.1434241946549806
373,1084,1093,1.0717482212167386,-0.0027570652093240611,-0.0020940527656452268,1.4028506792152311,1.8721232194040898,-0.0025181155645111258,-0.0014425029732306046,2.1424465839990283
1084,494,1093,1.0718388438535431,-0.0027801944328702533,-0.0042653786841021502,1.4034048573359525,1.8756520087424466,-0.0016588256871873019,-0.0040714711952744616,2.145320871991002
1084,181,494,1.0718388438535431,-0.0051217942254275783,-0.0042653786841021502,1.4024513636626716,1.8707042605816551,-0.0045326929548435537,-0.0031441117317469198,2.1410782875626233
1093,494,214,1.0705746760801977,-0.0041013689910744944,-0.0031561540590222537,1.4045641016901333,1.871414987328051,-0.0037275765085784561,-0.0021941809953602825,2.1439328110662013
126,1094,125,1.0706296633668408,-0.00047491556250545131,0,1.4051630918220264,1.8750103156548452,-0.00057874427229881898,0.00019275399055975059,2.1469042321635747
1094,489,125,1.0696374653053642,-0.00022168114365683778,-0.00173101549337773,1.4056048914177965,1.8692697554740749,0.00042584056597291938,-0.0020211907466498873,2.1437546313040512
1094,214,489,1.0696374653053642,-0.0026550985987512377,-0.0017310154933776745,1.4062366940714295,1.8724807894205977,-0.0025353642344209002,-0.0010353382169168441,2.1465036866886464
125,489,124,1.0691660463789221,-0.00071435838555533593,0,1.4074139658760505,1.8747371294562112,-0.00087024181700784094,0.00029046264721456082,2.1492619364939225
2,12,1085,1.2093531438808593,0,-2.422352942410555e-05,1.2392442185889099,1.997724964146365,9.9520506416091844e-06,-2.9816706899886168e-05,2.0222373262332467
12,1095,1085,1.2094772702152115,-0.00048673469510238099,4.5173217280591871e-05,1.2389720941881919,1.9970911380779326,-0.00061770622342246628,0.00025526046428213747,2.0213012977103624
12,13,1095,1.2099859420989527,0,-0.00021344759036701078,1.2387246267657126,1.9989237663487982,8.7822177686034601e-05,-0.00026271211583433362,2.0224710304579454
1085,1095,374,1.2095267483715864,-0.00048673469510235323,-0.00082002715716633645,1.2389720941881937,1.9973901953760107,-0.00026260544781375066,-0.0008096684287233353,2.0215518091007558
13,1096,1095,1.2102068233670955,-0.00086613833611096092,-4.6410161088417112e-05,1.2380696254508425,1.9969215850713535,-0.0010473342218612401,0.00029754334829268435,2.0198149159776624
1096,1097,1095,1.2105242264389882,-0.00086613833611096092,-0.0014204455205582001,1.2380696254508425,1.9988449194089211,-0.00048234677209814175,-0.0013924475199579456,2.021429683439862
1096,213,1097,1.2109036371103348,-0.0023541515999392915,-0.0012643052533451993,1.2374572578866765,1.9980127602995335,-0.00237981421351824,-0.00059134573345357008,2.0198162687277552
1095,1097,374,1.2098001440083459,-0.001558966881738344,-0.00075280359702212252,1.2387084496555296,1.9977036281556089,-0.0016100103909210363,-0.00028672668483755619,2.0214220100720413
13,14,1096,1.2111119986575429,0,-0.00040474000486767636,1.2377267490843025,2.000671715106713,0.00016682511105145005,-0.00049811080891962666,2.0224562831323003
14,482,1096,1.2114389977178814,-0.0012822564104826017,-0.00012848778843732589,1.2366434854961454,1.9971225404965458,-0.0015262990113029241,0.00036593851670319488,2.0178536495997483
14,15,482,1.2127790455721286,0,-0.00057343207889104519,1.2362177300524611,2.0030714147285957,0.00023688363365393934,-0.00070564020771737282,2.0222315521572551
1096,482,213,1.2120238427391516,-0.0012822564104826017,-0.0021147544590292,1.2366434854961454,2.0006554293362591,-0.00070801914375884234,-0.0020752429414001537,2.0208269627424933
374,1097,1089,1.2096719713470623,-0.001558966881738344,-0.0022063012199602383,1.2387084496555296,1.9969111337334053,-0.0010148680018748457,-0.0020771104145516518,2.0207554289585756
1097,488,1089,1.2100903681860684,-0.0031996200028377997,-0.0021640367604227606,1.2385427186772251,1.9985915059392214,-0.0030487232254763001,-0.0013483579296445529,2.0219165059691462
1097,213,488,1.2109739419470382,-0.0023541515999392915,-0.0032984193935341466,1.2374572578866765,1.9984136017278666,-0.0015447734854284762,-0.0030945822024701542,2.0201498209776276
1089,488,182,1.2096567018759274,-0.0031996200028377997,-0.0041598487004037565,1.2385427186772269,1.995917665277616,-0.0022379955501866285,-0.0038129818045276823,2.0196678353755706
136,1028,795,1.2309268873145252,-0.07373715002684289,-0.088033806577227258,1.2218615637468364,2.0027491282095711,-0.055427224183459495,-0.078730396391572255,1.9952312012274094
1028,1098,795,1.2241586135356974,-0.084025426836382033,-0.081026553502255183,1.2325131067643964,2.0155501015045325,-0.06929249848507181,-0.064363452771572349,2.0223154110600912
1028,361,1098,1.2130989028453669,-0.075893246961987959,-0.089172258613553934,1.2385026250279019,1.9795159518104957,-0.058372027015454658,-0.079931270587420472,2.0008009473459438
795,1098,301,1.2212588513334484,-0.067913294926330803,-0.080609200784665713,1.2301941434943764,1.9934178749940137,-0.051396142089593547,-0.072082161487488264,2.0008464784033175
361,1099,1098,1.2084834551677623,-0.082909068847869971,-0.081718531269183714,1.2498328419617417,2.0094508802751352,-0.067059515784004042,-0.065097127176003633,2.0426445619133404
1099,1100,1098,1.2059399215486097,-0.068776272317987441,-0.080823253915048632,1.2448583558419104,1.974818193985163,-0.052833693074774549,-0.072408421065626394,2.0074000283843874
1099,273,1100,1.2021282517491116,-0.074570865435204636,-0.074037440095232832,1.255174315020799,2.0044048297420316,-0.060128834828272026,-0.059249361876363357,2.0470171410327822
1098,1100,301,1.2158823379545372,-0.076086801305129459,-0.074177478576571865,1.239971803994715,2.0102709334027353,-0.062349451182196036,-0.059208499263465081,2.0297583732752034
361,1033,1099,1.1973890925198771,-0.074751409468657215,-0.08709241991197203,1.2537842499408249,1.9620056030793394,-0.058147245609102893,-0.078142709383685907,2.0094964063810572
1033,692,1099,1.1944016943435978,-0.079292475681732366,-0.079659795041131964,1.2650823895538963,2.0023799700208373,-0.063139156558314216,-0.063745686414026309,2.0588013654004036
1033,153,692,1.1835302646631272,-0.071298855361889846,-0.083062228370483826,1.2675841543629236,1.9478613636073063,-0.055650954567579042,-0.074687896489466415,2.0188344816073154
1099,692,273,1.1922441691726253,-0.067303228551314653,-0.078462275193844411,1.2584278385035255,1.9602369348063275,-0.052176041314135099,-0.0702809531953585,2.01583756063095
301,1100,800,1.2133698057899538,-0.062126260115716203,-0.073681590511340378,1.2372164698113028,1.986628539297203,-0.047091106646323863,-0.065919906807537232,2.0064722792290492
1100,691,800,1.2089573656442727,-0.068833895681406521,-0.0677101841703589,1.2462939906903481,2.0058065350862089,-0.056107695333795018,-0.054257861282420272,2.0359849024665784
1100,273,691,1.1998966553581032,-0.062171305431959922,-0.073160508487321696,1.250301764529663,1.9708077298057836,-0.047675684805289609,-0.065543060635882458,2.0129766999758956
800,691,165,1.2066722430675108,-0.05613692475087273,-0.067128382691048483,1.2430612903769109,1.9800382397370717,-0.042425502027673798,-0.060329666411088209,2.010372506232657
142,743,1071,0.96123884040641561,-0.19487102538739354,-0.20407809218587697,1.5849967508057141,1.5067544011814475,-0.18811400234969317,-0.20121177978229404,2.115466203339075
743,1101,1071,0.99861525178159027,-0.18293441011751188,-0.19672446404588761,1.5873452221199804,1.9426449514371604,-0.11648587614217165,-0.13932014172147555,2.3393185960111325
743,288,1101,0.96965290083691658,-0.16160691120966675,-0.16167540041652595,1.5615355470799903,1.5755505327637738,-0.15214736924390043,-0.15224771169201834,2.1328534210704193
1071,1101,370,0.99856918755559343,-0.18606835570290681,-0.19765984322594832,1.5237073906234375,1.5966035375304091,-0.17402312715080875,-0.19099364152242698,2.0961348477801232
288,1102,1101,1.0020818358233239,-0.1512513992287996,-0.16069888434637747,1.56184737735959,1.9215824487287061,-0.10116504587733532,-0.11676717973339151,2.3126413985366288
1102,1103,1101,1.0020069300276111,-0.156347399304964,-0.16145220338128174,1.5105974864432596,1.643789032203137,-0.14308612450476829,-0.15072070822495953,2.1139827620683596
1102,376,1103,1.0289199284001045,-0.14775357049623361,-0.15438578384851231,1.5128539276957276,1.9282177331984087,-0.1027526446439756,-0.11371988242590131,2.2749399137291331
1101,1103,370,1.0291194834604154,-0.17631206482767769,-0.18482299648778788,1.5278068602681318,1.9443405371831914,-0.11909018709750707,-0.13319356624157813,2.2927163573142995
288,742,1102,0.97971790774200107,-0.13478289317966485,-0.13055498698392981,1.5396498030223444,1.627728981451146,-0.12487725231440641,-0.11855199777894201,2.141427972667187
742,1104,1102,1.007620739892011,-0.1258726988501051,-0.13252226271136491,1.5390215940671732,1.9068428062030547,-0.08740249491681909,-0.098357957106227384,2.288867526346555
742,155,1104,0.99029592820973256,-0.1131149326405092,-0.10602490938385402,1.5195092873751919,1.6689678248829987,-0.10396096288577994,-0.093186572231678755,2.1450707021457345
1102,1104,376,1.0075306266687587,-0.1320032924603014,-0.13313689226725423,1.4972070424180406,1.6809570385652544,-0.11912852364091422,-0.12085065416433352,2.1241646336828435
370,1103,1075,1.0291761125815908,-0.17245934440373478,-0.18558275089353019,1.476117530548132,1.6741450259287736,-0.15570478473837362,-0.17540915443228466,2.0874722168518227
1103,1105,1075,1.0531279084584027,-0.16481004470145821,-0.16991927910638971,1.4811198523236766,1.9443612011795524,-0.11636809206471044,-0.12482980843517266,2.2527619027279702
1103,376,1105,1.0289311249171316,-0.14699184770717544,-0.15501358196971265,1.4701434906322373,1.703738721289167,-0.1306590174603505,-0.14287936221427217,2.1033623828214782
1075,1105,163,1.0532301142476161,-0.15785654933766757,-0.17052752545846772,1.4397382611069074,1.7338062865536297,-0.13856966855350838,-0.15796844215312555,2.0828317248716428
128,455,472,1.1493606132793763,-0.073202265247576115,-0.072316939429440286,1.3099752405767653,1.9411781654022313,-0.060403512624920275,-0.058958493772992907,2.0729221796278487
455,1106,472,1.1537290613557039,-0.070841285029076939,-0.079055748226557476,1.3063331704437893,1.950662847831006,-0.054337886923875978,-0.067780045148218962,2.0749861771377316
455,202,1106,1.157109344856128,-0.075633025537094056,-0.075518555458571335,1.3013190022922441,1.9473219249381624,-0.062138270403087031,-0.061951414287237799,2.0657125550769271
472,1106,208,1.1516852750012765,-0.079059593543052031,-0.078539792230690963,1.3084078909959036,1.9437809849837073,-0.064977552210919845,-0.064129008646799324,2.0721692896738029
202,1107,1106,1.161872380352003,-0.073058661136959913,-0.082037955407859187,1.2977953436602183,1.9597907162215129,-0.055668755412130691,-0.070380901111050415,2.0702576188548303
1107,1108,1106,1.1597069825095083,-0.081767155379617318,-0.081663237842510839,1.2993023303655793,1.9489771723762535,-0.067176362767776499,-0.067006791967406151,2.0635907628619838
1107,377,1108,1.1649163084618883,-0.078951323969576492,-0.088577399544782942,1.2955649728123486,1.9630200869741521,-0.060094307533162167,-0.075868876486935785,2.0690521035766012
1106,1108,208,1.1561097341055668,-0.076668127222020654,-0.085451461230192649,1.3046720617691392,1.9528526957371279,-0.058800161182010285,-0.07317256132001268,2.0737891910131347
202,454,1107,1.1652170837705136,-0.077799964893220164,-0.078001589690730899,1.2920735699955195,1.9524326159615051,-0.063947165243935733,-0.064276132289319513,2.0568343789650161
454,1109,1107,1.1706902861877797,-0.07484190692543935,-0.084244712383221731,1.2886993993699125,1.9701641367334013,-0.056718267056750538,-0.072148508185901433,2.065756424325615
454,153,1109,1.1739338875569074,-0.079439647435957106,-0.079424570063268529,1.2818669433776808,1.9564594461737708,-0.065676791909567087,-0.065652220770887462,2.0456849613946266
1107,1109,377,1.168429737259588,-0.08393153950030019,-0.084111572704842263,1.2892347519749841,1.9535855067327788,-0.069094456135526949,-0.069387963876039349,2.0531395471679388
208,1108,466,1.1538753130289199,-0.085653000674294155,-0.084897476491497592,1.3068997004285183,1.9448617572640765,-0.070493839767472921,-0.069261090756929933,2.0702552066695623
1108,1110,466,1.1586942845954549,-0.083048296250153086,-0.092187351294382047,1.3029594470179395,1.9552262587916749,-0.063783561423701313,-0.078736982353933782,2.0725582610681865
1108,377,1110,1.1625415641447669,-0.088501738589745749,-0.088158686442694201,1.2972488946152296,1.9510612865466483,-0.072781176844387785,-0.072221551126615768,2.0616289498607259
466,1110,192,1.1561429161166277,-0.093307652981062361,-0.091507716053797594,1.3056923413207073,1.9467955037506157,-0.077127415957871343,-0.074191147017248577,2.0692398882940251
112,113,1112,0.99516675312885372,-0.012342929442640482,0,1.5164469373562359,1.7836249272030904,-0.014857522494460627,0.004767357188808061,2.20976389638852
113,1111,1112,1.0021155683905629,-0.0062728541123258097,-0.01423274280456599,1.5040140523640591,1.7851074247704677,-0.0021153081071886987,-0.014767377466147357,2.198330913411195
113,114,1111,1.0082729105806614,-0.0095329112382298575,0,1.4964784057865788,1.8045048765765237,-0.011500010982253154,0.0037468200348830302,2.2015662077160889
1112,1111,378,1.0021155683905629,-0.025856964735092802,-0.01423274280456599,1.5049288690403915,1.7878550257527714,-0.025699559722204883,-0.0072067224438338712,2.2005723380866828
114,1113,1111,1.0137343426455052,-0.0047621261768275858,-0.01214058408988411,1.4858731072998415,1.8000046006328112,-0.0010655073153945614,-0.012838621283853779,2.1883848069345584
1113,1114,1111,1.0137343426455052,-0.021491400019972851,-0.01214058408988411,1.4870973209702754,1.8048926189259293,-0.021233357958547635,-0.0062877268728372404,2.1922459977798066
1113,310,1114,1.019954194549709,-0.016057832612847101,-0.022339902723570226,1.4781873523478017,1.8150616584762813,-0.010628385295266267,-0.020697127061969137,2.188895904723744
1111,1114,378,1.0096114484787488,-0.019308678640474142,-0.026152866612100811,1.4945156313609298,1.8034026309176849,-0.013062274130966417,-0.024000744913005564,2.1987260380921474
114,115,1113,1.019561384589827,-0.0078473030318813031,0,1.4794451719256283,1.8203736692436436,-0.0094845090146000472,0.0031194022991236688,2.1933947404597571
115,827,1113,1.0239135010652269,-0.0040455506673362507,-0.01036512870618933,1.4703908065863049,1.8127491352795615,-0.00086489198619869173,-0.010980278421135241,2.1797408384341233
115,116,827,1.0294415846147862,-0.0069722001672367639,0,1.4649033535707323,1.833981547844586,-0.0084397305763711204,0.0027979162081506644,2.1863515897219172
1113,827,310,1.0239135010652269,-0.018153948261192099,-0.01036512870618933,1.4718477292080296,1.819231507297109,-0.017888067599078218,-0.0053919633550999907,2.184878779420512
378,1114,1115,1.0096114484787488,-0.036798174810033224,-0.026152866612100811,1.4928125962069743,1.7915255820708345,-0.034435933713849835,-0.017497848349514546,2.1901601801961936
1114,832,1115,1.0175761701376551,-0.02984066354606707,-0.035937715064662257,1.4842651294855522,1.8199436966922091,-0.021706585404686542,-0.03149699445821965,2.1974161100324854
1114,310,832,1.019954194549709,-0.03109972877108369,-0.022339902723570226,1.4770656522353562,1.8070355326594139,-0.028974563388850065,-0.014977109335944545,2.1829889706797196
1115,832,164,1.0175761701376551,-0.045371935205751335,-0.035937715064662257,1.4806471420855907,1.7975788241647759,-0.041154263962625254,-0.026130516852183622,2.18077600611791
135,1116,866,1.0459837357715371,-0.088627528772601494,-0.090763045464814063,1.4387537044914249,1.790686759353278,-0.075305573353798477,-0.078673347236794366,2.1278187189391202
1116,1117,866,1.0460510499334044,-0.088141151867742629,-0.087968405798408256,1.4589463081490275,1.8976903787180537,-0.067523625251230207,-0.067240104916270665,2.2136488417510103
1116,379,1117,1.0321024654834794,-0.091040554070545454,-0.093183904261306072,1.4578621961528362,1.7650261324042651,-0.078099038462850712,-0.081455104758629548,2.1337704873084822
866,1117,320,1.035190178417559,-0.078931107536112322,-0.080178732962438826,1.4523406474482723,1.7782029392229317,-0.067380752960660303,-0.069344262004800483,2.1366653947339254
379,1118,1117,1.0323324154490638,-0.089378992423669201,-0.089947463248597703,1.4812479194140502,1.8911693376972596,-0.067522124953990098,-0.068454521823248377,2.2315654308818145
1118,1119,1117,1.0207638057016903,-0.079568303460673562,-0.079206577864373684,1.4721391770506278,1.7515055516290288,-0.069135992411379646,-0.068570893077962852,2.1429874790997063
1118,380,1119,1.0214365121056108,-0.074707493164311023,-0.07603362388812851,1.4950661586695282,1.8803058206543168,-0.056112110380016456,-0.058283264532284093,2.2397368906085839
1117,1119,320,1.0355266918452415,-0.076499637621640693,-0.077386265822938949,1.4725175535634327,1.8881413415272335,-0.05813076699064848,-0.059583905834187906,2.2224165100979909
379,1120,1118,1.0159099400704621,-0.092792626363308983,-0.093476885244115238,1.4805142812484602,1.7341856291553326,-0.080991659648652847,-0.082053793450221568,2.1408631614329838
1120,1121,1118,1.0165003425992563,-0.088526686676804633,-0.089765975061237846,1.5073273761288286,1.8835304062753211,-0.065883930028762278,-0.067914556501519313,2.2518681359060184
1120,155,1121,0.9971370632037484,-0.092551606562716771,-0.091387164322986436,1.5069903899827755,1.6956304932884319,-0.082525126739042498,-0.080737722863645139,2.148172970377606
1118,1121,380,1.0043840477335335,-0.078252040421611824,-0.075450071541199426,1.4951874566136649,1.7214539713474608,-0.069461039809028124,-0.065119874111525922,2.151199343606192
320,1119,871,1.0258424373906854,-0.068287367297373613,-0.06732518545253896,1.4639857339852074,1.7668048486282557,-0.059112977356647348,-0.057601707787074116,2.1438920420547118
1119,1122,871,1.0265712170261985,-0.063021587057235262,-0.064596176004677375,1.4837041280311116,1.8785602862350683,-0.047588017324547718,-0.050164335699641419,2.2287138747590154
1119,380,1122,1.0113800271750133,-0.066179258800863394,-0.063021499460653274,1.4840314435131197,1.7412275290873147,-0.058508226878358632,-0.053582537894661858,2.1512859485677369
871,1122,164,1.0180386746851715,-0.055786031450083762,-0.052471822802754309,1.4734227337775558,1.7562069167289911,-0.049295526562907671,-0.044100615317065481,2.1490755403166921
132,1123,707,1.1429133609769035,-0.18790099665894733,-0.2095958238662412,1.3358147857072122,1.8261434081064294,-0.16260334480284433,-0.19609317855995378,2.0002154178172784
1123,1124,707,1.1451913800742179,-0.20402624877723197,-0.21456429330148019,1.3709847376973805,2.0042758671571659,-0.14494138207372714,-0.16242405069085031,2.1700729077127554
1123,381,1124,1.1380949224810797,-0.21205917954133779,-0.23375116649777095,1.3492658981295236,1.7989166421927774,-0.18768771509733284,-0.22075122459720398,1.9923855694045853
707,1124,278,1.119029894705593,-0.18624621437056676,-0.20314759212904399,1.3632256469272517,1.8005370732202082,-0.16291632072468221,-0.18893800598453492,2.0211911528409852
381,1125,1124,1.1404304233201414,-0.22858752039169472,-0.23963311233951412,1.3908924324084433,2.0094554286557185,-0.15942890501212253,-0.17775272373247558,2.189821654019219
1125,1126,1124,1.1099547744771332,-0.20787546687641534,-0.22491058911759665,1.3808866179162536,1.7667378229529855,-0.18598787230915964,-0.21185701193351425,2.0157958653687107
1125,371,1126,1.1112169812999753,-0.21680835975083168,-0.23102909830446228,1.4241885444534215,1.9887379264772815,-0.1489985243956764,-0.17256809888551683,2.2134650164873908
1124,1126,278,1.1204132449135549,-0.19603618462884853,-0.20830012556174804,1.3996901291463226,1.9870447598256928,-0.13775370523866076,-0.15808779213338953,2.1913837952535928
381,1127,1125,1.1312401415178668,-0.23899065290045129,-0.26103000616040362,1.366671769050829,1.7593793972701979,-0.21777036315417314,-0.25076319367994848,1.9799855179181849
1127,1077,1125,1.1337214005211993,-0.25655052436749415,-0.26817376875390586,1.4172281812449983,2.0153420109732663,-0.17475311972894753,-0.19402655506709299,2.2145924359456921
1127,188,1077,1.1208673167818626,-0.27110170815187207,-0.29135475915435993,1.3909866491015062,1.7021571106335966,-0.25708656293439736,-0.28664095734260564,1.9632818789991362
1125,1077,371,1.0977210066336629,-0.23208531006945599,-0.24880574828347246,1.4040660260525244,1.7202838660591078,-0.2137492350430617,-0.23867012372399887,2.0084913817522931
278,1126,712,1.0967431571288313,-0.17995042256980875,-0.19248656766004935,1.3889435222039639,1.7809064336005913,-0.15815853095575277,-0.17744987837017084,2.0442124485772357
1126,1076,712,1.097260433395058,-0.18361192507604818,-0.19759291395077083,1.425088423800922,1.9666469704369711,-0.12821426421468357,-0.15134850271023886,2.2070649575414123
1126,371,1076,1.0841709570330562,-0.19842798704721609,-0.21063345902166208,1.4103277474709635,1.7447664798062146,-0.17801458141012111,-0.19655000024870367,2.0434178998791523
712,1076,163,1.0766596800846808,-0.16961111061537393,-0.17857377843522615,1.4121625184447608,1.7666697835566043,-0.14911467695886754,-0.16292159414834165,2.0673406567619894
134,525,859,1.1668857024242709,-0.024474282736521857,-0.024454081243545644,1.2859993507632561,1.9638063782523039,-0.019997221455961563,-0.019964073176649298,2.0610901459658226
525,1128,859,1.1648577077155224,-0.023052863282807756,-0.027273702198445715,1.2879756202575035,1.9602956548347414,-0.017133611736183038,-0.024053557617386867,2.0610551297926238
525,227,1128,1.1637684008792348,-0.027331826455791131,-0.026778803693650488,1.2899196569658473,1.9624155103979959,-0.022510516821099211,-0.021602742155377386,2.0652593141864086
859,1128,318,1.1630279996889223,-0.024365023215312309,-0.023778592134560128,1.2904821094453185,1.961237754363887,-0.020120237686477485,-0.019157844730291362,2.0652214911685824
227,1129,1128,1.1613812430589814,-0.025658758413402261,-0.029557827597766817,1.2918673690289442,1.9562959543248306,-0.019421823716671241,-0.025810186241714862,2.0631868393953186
1129,1130,1128,1.1598177228636097,-0.026779982821718118,-0.025850155870040581,1.2945261975183069,1.9598172566163203,-0.022191989724872484,-0.02066548026901683,2.0695122822032528
1129,382,1130,1.1573729278998393,-0.025066519099555151,-0.028220988560959004,1.2961878238990057,1.9517901940417393,-0.019267133375930265,-0.02443220711428417,2.0656277456875682
1128,1130,318,1.1608254972633643,-0.022821291478222427,-0.026410126144146506,1.2923265489885782,1.9558251130207744,-0.017226220691073123,-0.023106368538588246,2.0635566827916128
227,531,1129,1.1602777595934004,-0.029993409545590044,-0.028920068857134495,1.2943725825037058,1.9611077813316857,-0.024839454661088445,-0.023076704282137921,2.0701712592019184
531,1131,1129,1.1576084592497351,-0.028122499616718422,-0.031353374775550336,1.2960780841770383,1.9518076435185105,-0.021744717189769662,-0.027034312964127574,2.065373254427894
531,156,1131,1.1563592831618603,-0.033029453560753819,-0.030505089614841552,1.2994102774966239,1.9597127173245694,-0.027841045367882275,-0.023692870821417911,2.0757437389448752
1129,1131,382,1.1563686055042797,-0.029011650444775494,-0.027555582766954245,1.2988016392105282,1.9578625784213795,-0.024192576647280972,-0.021801626714551887,2.0736733322054191
318,1130,863,1.1593320960657501,-0.023892271758233274,-0.022994624604791625,1.2947759475834362,1.9586595593217278,-0.019845865179299302,-0.018372631990873738,2.0690626966048384
1130,1132,863,1.1570965655665926,-0.02232539067754491,-0.025297403603275814,1.2963899630697338,1.9517867702667304,-0.017089859026331179,-0.02195677010377553,2.0659954746217397
1130,382,1132,1.1561811877053172,-0.025921134344324415,-0.024707435729947491,1.2987074467383559,1.9570333973044942,-0.021598124259737075,-0.019605659350315684,2.0730276102031113
863,1132,194,1.1558033013839086,-0.023252844357580571,-0.021899116518442341,1.2988270164613356,1.9558500264486689,-0.019504807443253919,-0.017283239787686221,2.0723801412726957
147,475,735,1.1401135619122864,-0.11129359157831212,-0.12825389246746344,1.3365340042008025,1.9605932181225452,-0.080370758400447162,-0.10828271381953719,2.1152823754740484
475,1133,735,1.1427239708880257,-0.11886455887513669,-0.12286484262221498,1.3209041467652325,1.8962193432280139,-0.099746641522164475,-0.10615099584409621,2.0479877131961315
475,210,1133,1.1475697948276653,-0.10668893360639492,-0.12065862981951625,1.3264474807128441,1.9693774799948747,-0.077885776796587952,-0.10092059645443643,2.1100628244370552
735,1133,286,1.1556843963699888,-0.11875576554972815,-0.1338064813208053,1.3208122996834297,1.9791512331197552,-0.086359507344765385,-0.11120078486352292,2.1083182691062072
210,1134,1133,1.1493311463524389,-0.11179690244425711,-0.115513903141093,1.3115276290063109,1.9042374002239035,-0.093782133157857966,-0.099743214992166207,2.0423264395613407
1134,1135,1133,1.1619963789936043,-0.11169059164759787,-0.12483965496112504,1.3114493495041879,1.9853425032155299,-0.081713190729594209,-0.10344365701211242,2.1023349018712096
1134,383,1135,1.1630600715786266,-0.11477523051124372,-0.11931480826549734,1.2954276557620474,1.9110464237860703,-0.096686730835591872,-0.10395368504434971,2.0244997226892081
1133,1135,286,1.1573090517463138,-0.12346760043229921,-0.12791438819680723,1.3037240172590012,1.9022867421126661,-0.10440429359291828,-0.11150591926814982,2.0280415208948961
210,479,1134,1.1537165648844221,-0.10077809256648815,-0.11311242807054533,1.3175615792520146,1.9748176418328836,-0.074037106349011089,-0.094393992608924476,2.1038397029626661
479,1136,1134,1.154968848832967,-0.10441009081231378,-0.10827583576241073,1.3035340140186396,1.9115101903102449,-0.08735462844616082,-0.093564650665455468,2.0378857480133856
479,192,1136,1.159110218042366,-0.094004479667287505,-0.10577605096525566,1.3098149774464829,1.9802837037625876,-0.068958650670261468,-0.08840820881075856,2.0989936432205485
1134,1136,383,1.1672264178443519,-0.10430719745468225,-0.11611461332419459,1.3034682131944855,1.9900588974541447,-0.076614650894145431,-0.096145891853558596,2.0968414632376313
286,1135,736,1.172475008964128,-0.12334029327552226,-0.13769312323635408,1.3036419319058061,1.9983996727764128,-0.08954570313213378,-0.11330401860290565,2.1003298171046971
1135,1137,736,1.1730834170092428,-0.1251048586963055,-0.13141101101678698,1.2854219263007973,1.9109763957437687,-0.10588809781784295,-0.11594072778245643,2.0081240677911403
1135,383,1137,1.1772419231157372,-0.11465618935521275,-0.12745598969483662,1.2953593194347168,2.000770730195311,-0.083852293196796213,-0.10504394386593152,2.0929260764643223
736,1137,159,1.1895863321404825,-0.12496632875231989,-0.1403631146111799,1.2853467799160756,2.0134000924434496,-0.090222782283773034,-0.11573630795761858,2.0877330969338312
135,926,1116,1.056070228873079,-0.097180898406000971,-0.098667379864162297,1.4454565984648804,1.9014855556103663,-0.074170482884072797,-0.076608458917345829,2.2012648811041475
926,1138,1116,1.0445442956585587,-0.10086134662420099,-0.10778991190197162,1.4425436016463897,1.7791677878611114,-0.084811218286933776,-0.095683210355222731,2.1234583415902053
926,335,1138,1.0586315104627964,-0.11280792324985445,-0.11365899151873515,1.4475208388318865,1.9131982898170108,-0.08537155843981814,-0.086771355207758694,2.208802361344679
1116,1138,379,1.0444133172383114,-0.10148069684255212,-0.10282188525063829,1.4660356271685262,1.9028970301326988,-0.076302994093332382,-0.078506892500890768,2.2223805203419325
335,1139,1138,1.0458696789003672,-0.11688315111959424,-0.12631714812248118,1.4434787174233135,1.7697463362933243,-0.098673388167191706,-0.11340115073029172,2.1164677579733722
1139,1140,1138,1.0453024708555025,-0.11956569684708662,-0.12047679302876801,1.4711000104313057,1.9112275261691924,-0.089168805326528822,-0.090668273837621105,2.2302301572125414
1139,376,1140,1.0293267832527127,-0.12466756085750985,-0.13262743112857667,1.4672196827254562,1.734401385838177,-0.10758341898716353,-0.11987745351205287,2.1215193013733078
1138,1140,379,1.0295660325766867,-0.10622171532330604,-0.11130857790408166,1.4633256658774594,1.7482061611227948,-0.091289285427438444,-0.099198954722058669,2.1280434149115579
335,930,1139,1.062774722526634,-0.13121937029760122,-0.13163698441718041,1.4479901721582435,1.9221754974059801,-0.098680220817718572,-0.099367924882580949,2.2124146494227874
930,1105,1139,1.0494686767184622,-0.13546838176967846,-0.14797225477274267,1.4427738402636376,1.7623344576706719,-0.11480645842377091,-0.13422383582999903,2.107891473785132
930,163,1105,1.069676246506172,-0.15260444799675632,-0.15154228236268963,1.4458012319716222,1.9314592099083936,-0.11463907693579103,-0.11288914069026793,2.2128334250658028
1139,1105,376,1.0483427503482075,-0.14079314522731057,-0.14125596715012967,1.4745367013606203,1.9201542354475025,-0.10414866386512217,-0.10491112024994009,2.2360567200848802
379,1140,1120,1.0298975036357529,-0.10465411283240744,-0.10551539284325528,1.4907229637204864,1.898857998970247,-0.077887933508666268,-0.079303358270974317,2.2435214606022775
1140,1104,1120,1.0119317461718227,-0.11039110717838563,-0.11267955892719006,1.48843523494536,1.7124233042272858,-0.097161985955961178,-0.10068336520722074,2.1350427445720936
1140,376,1104,1.0292415531778571,-0.12507058347278033,-0.12578963965767564,1.4995531589773079,1.9080312709842826,-0.091864376277609516,-0.093048039265943183,2.2547042269487596
1120,1104,155,1.0128807424152093,-0.10590293772952997,-0.10611523776462345,1.5194804428685909,1.8910546155505115,-0.078186804812840544,-0.078535271229705023,2.2655289104666805
112,1112,1013,0.99188616243850358,-0.010605992834756606,-0.017060543346256674,1.5254797869511805,1.7973546426627978,-0.0059466493404978782,-0.016261746984294806,2.2256792660282851
1112,1141,1013,0.9890435566517759,-0.031145960041965015,-0.017643855990997936,1.5212649138757495,1.7456500265239194,-0.031142359082608796,-0.0099526676446549875,2.1939331453855084
1112,378,1141,1.0005849479290578,-0.025046631539504371,-0.031378897264929928,1.5140062977599027,1.817304787415007,-0.017324815041317991,-0.027504718927317179,2.2252130574861173
1013,1141,356,0.99056740456656822,-0.031952774264731421,-0.039102129427924459,1.5326261790235844,1.8140543431112779,-0.02221762413099411,-0.033706544540237013,2.2406848043047423
378,1142,1141,0.99806915709399924,-0.043224419477044584,-0.032389751786691123,1.5067023920153497,1.7517012528428335,-0.040503327152479673,-0.02348703917331757,2.1821447330017207
1142,1143,1141,1.0017681581151723,-0.045182725532242785,-0.051545432846019645,1.5168436939493615,1.8326385172256479,-0.032682723948645562,-0.042959794289206141,2.235433435132042
1142,380,1143,0.99940221210422475,-0.062277813191879527,-0.053214118995518644,1.5047866411382955,1.7413507652049458,-0.056463306792295248,-0.04229382646960371,2.1735049119173024
1141,1143,356,0.98770814450152677,-0.052613081172943943,-0.040476795113855824,1.5226931843601141,1.729022579962892,-0.049193408196380142,-0.030268138253048096,2.1856859711946237
378,1115,1142,1.0099200129615351,-0.036961546896535413,-0.042397593664485589,1.5014135049352011,1.8346276501409293,-0.026903616956624923,-0.035685173865372455,2.2222576464090875
1115,1122,1142,1.0077798910015057,-0.052425539506297358,-0.043721805286383475,1.4918450788747908,1.7606189733153315,-0.047632656891247377,-0.033941602413665131,2.1713142373520191
1115,164,1122,1.0193500069552393,-0.04631103075098908,-0.05041147026099968,1.4883097629608502,1.8485185323686149,-0.034668041165178132,-0.041315717615838465,2.2169263444651812
1142,1122,380,1.0129076826937968,-0.055140492375651107,-0.060696410296975811,1.5008324276879172,1.847308217613443,-0.040664745016029208,-0.049671675001772941,2.2278205904747708
356,1143,1014,0.99303278848934706,-0.055432259162322861,-0.062854368837319541,1.534541180853624,1.8324880797762306,-0.039726225206940871,-0.051717535856739813,2.2511115952380676
1143,1121,1014,0.99044953311318817,-0.074098740161116616,-0.064980778081924706,1.5191758483640756,1.7188893154831977,-0.06709874778607669,-0.052950502117940126,2.1752699411297751
1143,380,1121,1.0061039665857274,-0.065825836993875786,-0.072694014467737267,1.5150996320105545,1.8478831010490619,-0.047905298189229492,-0.059043743134000862,2.2408708055583366
1014,1121,155,0.99905991940838934,-0.078657522630323662,-0.088013125546483106,1.531370360694452,1.8506409976690961,-0.055906273020095126,-0.071090393896990456,2.2562412191116863
150,1144,911,1.0590665180105625,-0.04698830374223828,-0.041729548540181405,1.4279312737791345,1.8849224645164018,-0.039415761223439233,-0.030826887326733221,2.1769723365028923
1144,1145,911,1.0606468207409634,-0.043939405345740257,-0.047441151977474227,1.4169118037583608,1.8405730052206268,-0.035236733691239405,-0.040858928494258873,2.1372468337717581
1144,384,1145,1.0645951415309232,-0.04295041576792169,-0.039989820662761577,1.4187782399987636,1.8849863708463763,-0.035467381224083001,-0.030636413499210813,2.1672721207205696
911,1145,330,1.0650511749961287,-0.051957198394381621,-0.048937635101388599,1.4196360378442676,1.8878909016330625,-0.042537033064732985,-0.037606155654065498,2.1695461717342717
384,1146,1145,1.0658785399834709,-0.040474338615889671,-0.044599134653251937,1.4098854311943381,1.849241337982179,-0.03199770192691008,-0.038635488338429301,2.1348568567304742
1146,1147,1145,1.0698614827990904,-0.047725553700277423,-0.045604074042291387,1.4117149908927908,1.8886774810346392,-0.038985144854503162,-0.035522604748971148,2.161589054756659
1146,385,1147,1.0715249694503122,-0.044516167494748071,-0.050053881675592216,1.4031299197561626,1.8576753625272642,-0.034680806261528349,-0.043609228316581733,2.1321952898560079
1145,1147,330,1.0668541158155138,-0.048478876282474603,-0.054153446438114816,1.4095734380578497,1.8503475371933624,-0.038009442292294693,-0.047140891168401575,2.1346893877798179
384,1148,1146,1.0691399786659712,-0.039657373003313623,-0.037637077181089884,1.4116293736998509,1.8867176325750772,-0.032559893712573625,-0.029263781955689079,2.1606564888303295
1148,1149,1146,1.0703764344693569,-0.037271710984501105,-0.041659286550851604,1.4038687791853746,1.8564938108985993,-0.02915069031277373,-0.036224744047933986,2.1327123761335751
1148,189,1149,1.0731532882890895,-0.036576130198621826,-0.035218848766691568,1.4054820599218258,1.8888259152543365,-0.029891007786081357,-0.027676477194397364,2.1552976357738376
1146,1149,385,1.0740135571472762,-0.043892817106896409,-0.042317861948318214,1.4050676657730317,1.8900155049553455,-0.035820968701986936,-0.033251016097363556,2.1552560135484353
330,1147,912,1.0713201870936606,-0.056609308345361598,-0.054865934088476065,1.4108705137371502,1.8902643660897724,-0.045883376351640984,-0.043037876986230295,2.1611159018856503
1147,1150,912,1.0735866580955387,-0.052236721005241238,-0.059693855567565457,1.4015562501436323,1.8605394367078889,-0.040250050352356861,-0.052277777661323674,2.1316567215099003
1147,385,1150,1.0755024715478818,-0.051756908548092007,-0.050459820039748138,1.4038688997758753,1.8910397056966151,-0.042005370962130931,-0.039889135870055256,2.1541219533041467
912,1150,168,1.0777146327781906,-0.059751385993124018,-0.059780449164212435,1.4017138872220847,1.8916006933543947,-0.047916282099954008,-0.047963674082750485,2.1514899042781579
130,975,1152,1.0886752875871122,-0.039632709379238129,-0.045851568310037338,1.3819023398156087,1.8871071600970015,-0.029896104814490468,-0.039999943723556801,2.1268636723966052
975,1151,1152,1.0860585066093895,-0.044681131955824571,-0.043324485936157231,1.3867777114335604,1.8910050530724221,-0.036813815774825356,-0.03460504559840788,2.1350465553770515
975,348,1151,1.0861460039142203,-0.044668132829626117,-0.051205126690160752,1.3856069160144289,1.8834686546268107,-0.033920969644630858,-0.044531380459586406,2.1285152133470246
1152,1151,386,1.0836879510982054,-0.038161489911845869,-0.043767828928164887,1.3879970195649074,1.8803313314467385,-0.029012376778676061,-0.038107885575093044,2.1296353022511592
348,1153,1151,1.0834517822140777,-0.049866460471170604,-0.048399930713739714,1.3910193613909194,1.8893537191798664,-0.041005256959274011,-0.038618052133267827,2.1385696324574783
1153,1154,1151,1.0808562848509902,-0.042728640937355955,-0.048780104675939295,1.3920648693433573,1.8762952389718222,-0.032613541516372122,-0.042420926130603373,2.1314770831556951
1153,385,1154,1.0784272783269211,-0.047414799801692276,-0.045755568862821949,1.3978999526050511,1.8864768380924173,-0.039007059092556529,-0.036306008973547133,2.1447184615618422
1151,1154,386,1.081359359179185,-0.042653923980920383,-0.041065408772038126,1.3932106614568947,1.8882540880008569,-0.035188867947143335,-0.03260249018794506,2.1407742959674558
348,980,1153,1.0833071382793644,-0.049887949644634944,-0.057112528362688542,1.3897249654484396,1.8788164066353472,-0.037987601420437486,-0.049698511925882857,2.1299235869475859
980,1150,1153,1.080515176723015,-0.055274517008270685,-0.053924448823446269,1.3958757683345688,1.8875597169126233,-0.045258207160208924,-0.043061050612305501,2.1426208630479815
980,168,1150,1.0799948688172694,-0.055351817082159194,-0.063547216299308262,1.3944461520848499,1.8726801399138724,-0.042207639315879744,-0.055467915924036756,2.1310018673119737
1153,1150,385,1.0776969162012149,-0.047523277982421952,-0.054204172690358599,1.3966451104649007,1.8716393772182984,-0.036345671054125533,-0.047159704447144457,2.1334555197766369
386,1154,1155,1.0789921517028205,-0.0361439193838482,-0.041280490249306467,1.3938021522407591,1.8741753977593327,-0.027602707814350029,-0.035925472179075685,2.1324829066271889
1154,1149,1155,1.0768974657217552,-0.040185224006045184,-0.03841975289857924,1.3993214096296411,1.8855306757920511,-0.033199923441536321,-0.030325488924236567,2.1461008686718142
1154,385,1149,1.0758549992833673,-0.040340099094095194,-0.045869957338997125,1.3982145624197861,1.8695862320247303,-0.030934289246549382,-0.039883684994338871,2.1343912000648149
1155,1149,189,1.0745826274395429,-0.033818578803154864,-0.038416613449156589,1.3993127750045948,1.8685329707479874,-0.025951949384341512,-0.03339359249205056,2.1353182587767892
137,1156,931,1.3585094169860263,-0.3825463322711542,-0.43617737152316671,1.2081858304769133,1.8075464235142558,-0.390414546281595,-0.46267896307544909,1.6509122924149895
1156,1157,931,1.441743379104621,-0.39676705907694698,-0.435219780871829,1.2080222237628053,2.2599336213288685,-0.22785233557127738,-0.29132699328465872,2.1140861310280976
1156,387,1157,1.4120750053196551,-0.33916226398715477,-0.39910347564380455,1.1378979770770963,1.8760568156294168,-0.34468521554591991,-0.42615532879627843,1.5897821609200335
931,1157,336,1.4248984149570529,-0.4126132746885034,-0.47957045910240659,1.1663011251838036,1.7776609285355589,-0.45661926005007503,-0.54101755653484052,1.4884983186651886
387,1158,1157,1.4912047672685751,-0.35268177811625101,-0.3758803012237788,1.1339302407038119,2.2693164556870653,-0.22071159377910154,-0.25874210894805116,2.0342004655620571
1158,1159,1157,1.4916673512924392,-0.35224667379266295,-0.42949456728778479,1.0835009181008497,1.8845278288080289,-0.38011698356711265,-0.47971130073314044,1.4355902193824028
1158,388,1159,1.5850413174037201,-0.36819917034095617,-0.38246952747306029,1.0754669144425524,2.3132484359942742,-0.23542525802247571,-0.25844251894610937,1.9779975079572067
1157,1159,336,1.5321985333006869,-0.43094576337887691,-0.47142078239601659,1.1649087329072954,2.3214397199129269,-0.23601274331069966,-0.30239888935089076,2.1022903043947152
387,1160,1158,1.4556445921102301,-0.28363418845446686,-0.34853687126024191,1.0808371970486261,1.9583397280271968,-0.27628349107906397,-0.36674703260207681,1.5770938740414204
1160,1161,1158,1.520496850021658,-0.29471435596088913,-0.30249330359821069,1.0729705404553389,2.2533420476870756,-0.20695985096044883,-0.21951879087703641,1.9337540289545427
1160,175,1161,1.4833342348959995,-0.22255563895759511,-0.28662988908845577,1.042168519810537,2.0392299566653547,-0.200205992854735,-0.29284210848630271,1.6120459417654334
1158,1161,388,1.5384829908923152,-0.27779678354649895,-0.35550446609026043,1.0231088059854754,2.0058661552401515,-0.27465933520024643,-0.3801918096376482,1.4729548824458598
336,1159,936,1.519832678344446,-0.44257688202898926,-0.53182882973591106,1.1080899226820229,1.7395989181683342,-0.54963742333090704,-0.65057653906001733,1.2324391198495532
1159,1162,936,1.6612123736648685,-0.46673246102094934,-0.50061223444767933,1.1027563779206186,2.3984731406611948,-0.24575033546140179,-0.30068284087508934,2.0830128036911812
1159,388,1162,1.6021699289303637,-0.35208797939899372,-0.45259046909466161,1.0095110792168835,1.912412786137712,-0.40968595723198864,-0.53023286754837096,1.2201471854357613
936,1162,157,1.6619288454016194,-0.46605854691312087,-0.59432542034540869,1.0146096516416465,1.6361265638058493,-0.73662026429595262,-0.84710392349609354,0.66933048235418546
143,723,1039,1.1401967396946482,-0.036763537537303659,-0.042458206758643868,1.3156748935084241,1.9287359518667797,-0.028097255748273653,-0.037378247242601449,2.073765835858552
723,1163,1039,1.1443420581703789,-0.039505381348125646,-0.040185409307895714,1.3141715939042875,1.9497199602698283,-0.031707533091598815,-0.032824162346189678,2.0872438546383369
723,282,1163,1.1452578068443282,-0.035873068641931294,-0.041231531427641244,1.310022155553046,1.9354247903638546,-0.027420122572447914,-0.036164492769159104,2.071298366326912
1039,1163,363,1.1443919449137914,-0.039476475126249078,-0.045358718446179225,1.311173987495132,1.9335047815556992,-0.030220546176251348,-0.039813683899635965,2.0711888186964389
282,1164,1163,1.1489472617356487,-0.038313389963030353,-0.038659673434778608,1.3083210479152783,1.9521197957218122,-0.030952947530612805,-0.031521370101328675,2.0814737294288954
1164,1165,1163,1.1494478810748245,-0.038023294919774298,-0.04367985198343316,1.30541199347158,1.9395938709044727,-0.029055596402218858,-0.038290355519829122,2.0681513624228862
1164,293,1165,1.1531224534382485,-0.040453594893959277,-0.040717481999130278,1.3034527320979183,1.9547540571147688,-0.032767066357559514,-0.033200152437215656,2.0769265200584779
1163,1165,363,1.1484112753597049,-0.042134986497884164,-0.04267474981991537,1.3093987263639431,1.9521128304443787,-0.033945557731777209,-0.034831641754516585,2.082667015768318
282,722,1164,1.1499784620713625,-0.034223002771993194,-0.039597223281047533,1.3046021372930428,1.9408661977972859,-0.02601438505233062,-0.034792167650366086,2.0682314628358438
722,768,1164,1.1533464019119735,-0.036450663942360961,-0.036826816575366461,1.3027697033018057,1.9545480372758326,-0.029489484429422147,-0.030106771554917568,2.0760733579710391
722,156,768,1.1545592983547213,-0.031639716041898414,-0.037703893082149165,1.2992907835604823,1.9458274959711099,-0.023582322500721842,-0.03349413327229251,2.0649554202118536
1164,768,293,1.1542659728735138,-0.035917830559645036,-0.041584731347699133,1.3000127917323381,1.9457890218778569,-0.027248251220189312,-0.036510710055951592,2.0656904232128226
363,1165,1043,1.1487618097160022,-0.041931873943620523,-0.047930979057992928,1.3063530729860178,1.9376675136752588,-0.032188819983523631,-0.041976059515534445,2.0677294542895321
1165,767,1043,1.1528059831598876,-0.044606817254230435,-0.044843528997582816,1.3043109365641889,1.9549454825839219,-0.036122235817403939,-0.036510755215755739,2.0779663358639704
1165,293,767,1.1539780557263644,-0.039957797062435407,-0.04580281818886256,1.3005059206056462,1.9444037843164612,-0.030540229933151947,-0.040088266262281888,2.0650773909227849
1043,767,180,1.1532818546464458,-0.044331079736925627,-0.050321572708931228,1.3011367556869526,1.9405731107407251,-0.034226936678372358,-0.043997876851489759,2.0627664330037838
31,32,938,1.448819707982052,0,-0.032669397984049553,1.04194870628631,2.1848644926861263,0.013482050638210452,-0.039570556720313399,1.8599531916712384
32,1166,938,1.4710393690011949,-0.043529146865652846,-0.020180164653319288,1.0174818311425149,2.1456929675165539,-0.045892273199814107,-0.0093152919332364081,1.7526608232991046
32,33,1166,1.5106450684510888,0,-0.037181733965065078,0.99879604051650084,2.206256073906971,0.014393197253305456,-0.044786534828603945,1.7878570743277407
938,1166,338,1.4772626432096372,-0.043529146865652846,-0.083683200063676466,1.017481831142514,2.1576433384482696,-0.022718027971752486,-0.085858280870574732,1.7652183525425469
33,1167,1166,1.5395163023077636,-0.05655982679740601,-0.025342168125729536,0.97560188828339278,2.1878011413998539,-0.059524731700296825,-0.011264338517484387,1.7004018162838563
1167,1168,1166,1.5420826980689231,-0.05655982679740601,-0.10799707872690334,0.97560188828339278,2.1768242821327877,-0.032828801789667073,-0.11161653912860042,1.6795767589588704
1167,389,1168,1.5786538418063123,-0.1281978636442952,-0.10542057639500513,0.9705548607604344,2.2505676833076675,-0.111269695126471,-0.075393179970352969,1.7646920643865867
1166,1168,338,1.5048202674539048,-0.097515563308448017,-0.078727213356175163,1.0077728678478346,2.1976707794003696,-0.087144466142289906,-0.057324217842686764,1.7902340318740375
33,34,1167,1.5909781769911766,0,-0.049347439049894248,0.94921859047218327,2.2371116627685761,0.017643203926567479,-0.058862199128837944,1.70106185294984
34,1169,1167,1.6296652047960754,-0.075789334214603543,-0.038302732866181799,0.92758159802911155,2.2418592155843782,-0.077299509572684805,-0.020384535557944089,1.6407449708898931
34,35,1169,1.6986200093756165,0,-0.072085928693175205,0.8904499444049474,2.2727154143550687,0.022467173863978604,-0.084671619777887328,1.5753286704083598
1167,1169,389,1.6263362755230766,-0.075789334214603488,-0.14451859677598833,0.92758159802911067,2.198216448533306,-0.04979582639769356,-0.15097293929024433,1.5614344975234375
338,1168,943,1.4932129485095651,-0.097515563308448017,-0.14583361341673751,1.0077728678478346,2.1237967473892816,-0.073204766633667706,-0.14678820456484729,1.6849483110774437
1168,1170,943,1.5266335643525837,-0.16298779954634512,-0.148991411374225,1.0139591121359484,2.242336590970492,-0.13087046626245116,-0.10832943608687939,1.8492601467248604
1168,389,1170,1.5582877511316244,-0.1281978636442952,-0.18848347263910092,0.9705548607604344,2.1329045743924735,-0.10443023792690509,-0.1929659125903892,1.5809633037759547
943,1170,175,1.4971735044535437,-0.16298779954634512,-0.21481250296378285,1.0139591121359484,2.0792497989661949,-0.14152525936709603,-0.21786176434255716,1.6195863706553246
27,28,1172,1.309774470629641,0,-0.01404501685551196,1.1398084937589763,2.0496504293526328,0.0053661320013935893,-0.017309095957143122,1.9051224763887695
28,1171,1172,1.3255297155506449,-0.015552767877842211,-0.0093858864933706876,1.1352092397709663,2.1047971711775935,-0.015056265949693382,-0.004888005328268441,1.9525915572659529
28,29,1171,1.3318811948087848,0,-0.01594952964794949,1.1191369494796426,2.0548764406301081,0.005888588275577384,-0.01965954328005267,1.8711913104378635
1172,1171,390,1.3134046226786327,-0.015552767877842211,-0.029845000893265805,1.1352092397709654,2.0423775692709665,-0.0080849214644174577,-0.031030915072899446,1.8888400351982146
29,1173,1171,1.3511118397965498,-0.018984332889305539,-0.012083672721437289,1.1153206076542901,2.1273578263870192,-0.018019689894857232,-0.0066393305761593725,1.9402077114703515
1173,1174,1171,1.3349324761876795,-0.018984332889305539,-0.036520136353038524,1.1153206076542901,2.0470227225457207,-0.01031856465555335,-0.038243433380334244,1.8548797965083352
1173,351,1174,1.3551036684867817,-0.038896297014282655,-0.036480322365930018,1.1152813053328794,2.1405620396517016,-0.031421857977311202,-0.027418111003790588,1.9533535852930479
1171,1174,390,1.329746069982007,-0.031684204613462441,-0.028813713162922028,1.1341912055375607,2.1168133422173292,-0.026236096071203176,-0.021483615086168875,1.9625630475013895
29,30,1173,1.3588655498898399,0,-0.020457460275512318,1.0948180651864661,2.060583252740245,0.0072084850835008249,-0.025213914907220372,1.8281844900430411
30,989,1173,1.3828942728389353,-0.02372095557173215,-0.01755063943039703,1.0919484758092839,2.1548694751409943,-0.021297629995445301,-0.011122336435857187,1.9263235957645559
30,31,989,1.3925814975490631,0,-0.028525621680234536,1.0650742084996008,2.0633614135024083,0.009296331667098208,-0.035155848375871747,1.7664641080428742
1173,989,351,1.3613010133687089,-0.023720955571732205,-0.046009043164495722,1.0919484758092839,2.0521973666254678,-0.013537036637939939,-0.048643818372000713,1.8120056071519288
390,1174,1175,1.3143229401027081,-0.031684204613462441,-0.047360584486305868,1.1341912055375598,2.0366661489930626,-0.021780450624323516,-0.046858126760116345,1.8802486780483578
1174,992,1175,1.3309254937363688,-0.048073319621092292,-0.049257480259402353,1.1360637152531572,2.1251926075665364,-0.03693646621645659,-0.038903779279678474,1.9733561371365642
1174,351,992,1.3346732463520139,-0.038896297014282655,-0.057744691686814065,1.1152813053328794,2.0379520960406743,-0.027801129333176314,-0.057665843185436161,1.8439271254158172
1175,992,183,1.3128188898732922,-0.048073319621092292,-0.066330812420376972,1.1360637152531563,2.030098534170774,-0.035403014429180368,-0.064522549608605845,1.8757128471738025
153,1032,1109,1.1764679786047529,-0.078069878442107665,-0.087809148291933425,1.277334771854524,1.9466837384928111,-0.061646871838537343,-0.077435520842285457,2.031256183987761
1032,1176,1109,1.1801594279526435,-0.088775185117322852,-0.089394853390291296,1.2819333611278889,1.9884175011607794,-0.070674867939222286,-0.071696240071839307,2.0697424408317344
1032,360,1176,1.1795648630472728,-0.089096540422627601,-0.10123357448820514,1.2755346722741168,1.9453213901544539,-0.070236139447548473,-0.089869022103944485,2.0260509258746855
1109,1176,377,1.1706323114099968,-0.082741131852540839,-0.093182475991486768,1.2843322733717129,1.9392674477036902,-0.065435967379181142,-0.082338181802511914,2.0347743290528943
360,1177,1176,1.1838718087394666,-0.10158797195226899,-0.10309304852654577,1.2809277035057818,1.9930869890499021,-0.080223342420690485,-0.082704588986283217,2.0703443533533274
1177,1178,1176,1.1728784314654839,-0.094625604908738836,-0.1071409482981811,1.2834913346141459,1.9358657563821469,-0.075026796346175179,-0.095229050759855771,2.0292037909924683
1177,383,1178,1.1771109989889414,-0.10690131748846454,-0.10958202284224239,1.2905711813791418,1.9915735637888359,-0.083403267187462271,-0.087827750586885356,2.0813167397665269
1176,1178,377,1.1744391259194649,-0.093782033268421827,-0.095130785178663579,1.289982953122399,1.9867557236515971,-0.073997649943902177,-0.076222594474440297,2.0786342002215568
360,1031,1177,1.1830674283577043,-0.10202274794339861,-0.11673332349240262,1.2735549925321781,1.9414871815686061,-0.080714349669359087,-0.10442468982747571,2.018069196448073
1031,1137,1177,1.1879934642336647,-0.11630972629296088,-0.119156689208884,1.2805834783971313,1.99900920617417,-0.090838578425371769,-0.095533935726523134,2.0722945351593123
1031,159,1137,1.1868202494605571,-0.1169438611218947,-0.13564748164665197,1.2716700329809898,1.9336319468887353,-0.093002238138556431,-0.12297542782576085,2.0061825656132761
1177,1137,383,1.1749674007908464,-0.10806001079962924,-0.123256193161426,1.2831797916594399,1.9298031134263987,-0.086058141988749171,-0.11048650259149581,2.0217489673624556
377,1178,1110,1.1644623325273096,-0.087463492952513544,-0.098110072090726419,1.2918698063152636,1.9317959734252423,-0.069445359035932769,-0.086656005288772098,2.0389689992752849
1178,1136,1110,1.1681748535406995,-0.09822990804885845,-0.10044520035882698,1.2986417438065012,1.9843571824273409,-0.076805041066188184,-0.08046183750767863,2.0876319245618125
1178,383,1136,1.1656091071477341,-0.099616663654509718,-0.11225039228506617,1.2922611770737991,1.9264525653424862,-0.079421748465884401,-0.099776737317686243,2.0335756810692587
1110,1136,192,1.1584416041966819,-0.092065299405906575,-0.10233665833118089,1.2998397094346315,1.9271792183822474,-0.07331187354750679,-0.089912465852270751,2.045900308377945
54,55,1180,1.1735767376148414,-0.0019953648372696975,0,1.277677145399938,1.9686061239594335,-0.0024535403486682658,0.00082076255645764607,2.0537899614295538
55,1179,1180,1.1751180760415929,-0.00078785145404003387,-0.0023435770585109594,1.2758411432516334,1.9692485221477447,-6.1963475686361777e-06,-0.0025584860740713563,2.0517420802449129
55,56,1179,1.1767976616544544,-0.0019167019614272363,0,1.2742660236915775,1.9721106025004771,-0.0023568924603519286,0.0007897587357273278,2.0518026779019944
1180,1179,391,1.1751180760415929,-0.0042494278414748621,-0.0023435770585109594,1.2761357697689455,1.9707079590542156,-0.0042593334492015003,-0.0011306709335407372,2.0532933385867129
56,1181,1179,1.1782625039209651,-0.00076911710242710818,-0.0024235062866200252,1.2723674034893957,1.9718764781047575,4.9571193631550454e-05,-0.0026648469964969815,2.0489636370902873
1181,1182,1179,1.1782625039209651,-0.0043776521178111594,-0.0024235062866200252,1.2727657696632075,1.9738628157839631,-0.0043832585916573734,-0.0011742641646559707,2.0510855503061074
1181,305,1182,1.1796427918845946,-0.0032963729720134616,-0.0049024781612452273,1.2708238121429787,1.9728150090381387,-0.0020416755618601354,-0.0046767245822277826,2.0475316455138319
1179,1182,391,1.1764820524740496,-0.0031809266948752413,-0.0046958126092651042,1.2742930939548751,1.9701188443449134,-0.0019843302641175571,-0.0044694276283968075,2.0502597194656778
56,57,1181,1.1801237250839329,-0.0020200449730203296,0,1.2707385634467308,1.9755685916172796,-0.002484076571713679,0.0008335465182357062,2.0496077917372766
57,810,1181,1.1815564160759764,-0.00089764802443270675,-0.0025454470400845253,1.2687444125750895,1.9745774317638949,-5.8658906278134196e-05,-0.0027624611812066911,2.0460154268532618
57,58,810,1.1836986427688521,-0.0023374398818245545,0,1.2670336160781872,1.979575362081796,-0.0028743784852424802,0.00096662035882888681,2.0475912172837041
1181,810,305,1.1815564160759764,-0.0045826100798773695,-0.0025454470400845253,1.269239540316736,1.9770548000973425,-0.0045843549338367802,-0.0012380656332580215,2.0486771254202991
391,1182,1183,1.1764820524740496,-0.0067035691368637629,-0.0046958126092651042,1.2747337453063743,1.972276794225617,-0.0063058475006880698,-0.0030091574618271721,2.0525631664772899
1182,813,1183,1.1777407955192043,-0.0057174462668356796,-0.0070795581193490165,1.2728662744409993,1.9708348393518866,-0.0041279101119610171,-0.0063621353784393386,2.0488117291826828
1182,305,813,1.1796427918845946,-0.0069957791756660725,-0.0049024781612452273,1.271403057682944,1.975672813112703,-0.0065768913656415262,-0.0031382798089307148,2.0505969523385095
1183,813,177,1.1777407955192043,-0.0095694618532302655,-0.0070795581193490165,1.2736167386289008,1.9745152547611262,-0.0088379403578691482,-0.0047473504384906162,2.052748242027985
81,82,804,1.1041535169955079,0,-0.0027923686923516655,1.3611802741193486,1.9102897811599351,0.0011484505538261738,-0.0034152724965472617,2.1189419890544756
82,1184,804,1.105892934230102,-0.0027790792666033681,-0.00077549227066642246,1.357957896339407,1.9068004918352059,-0.0030857831219136124,0.000182813966242883,2.1126584419584042
82,83,1184,1.1081739895236939,0,-0.0024839486966836688,1.3558764317450249,1.9131631493800407,0.0010205924140095166,-0.0030395966181450342,2.1145007506305031
804,1184,304,1.1066252963705931,-0.0027790792666033681,-0.0055343448855564858,1.357957896339407,1.9121886230878093,-0.0011246262343448006,-0.0056282995176217734,2.116344017492553
83,1185,1184,1.1097972092032808,-0.0025934296078959918,-0.00069484310375411695,1.3530179650354928,1.9105712339883145,-0.0028923171305136083,0.00020654910542999188,2.1092270591990587
1185,1186,1184,1.1104525318918039,-0.0025934296078959918,-0.0052811719526890677,1.3530179650354928,1.9153528315223491,-0.0010031752744060311,-0.0053977456038323155,2.1125237148239049
1185,392,1186,1.1119399042192972,-0.0049697049240116087,-0.0035581070486072619,1.350265139449089,1.9122313327983385,-0.004636524098187122,-0.0023322804087642863,2.10698726535434
1184,1186,304,1.108215182649559,-0.0053191342684995035,-0.0036705173969338034,1.3549801837836206,1.908763100046003,-0.0050172434164075901,-0.0023272383830581899,2.1103683598519076
83,84,1185,1.1119258841233304,0,-0.0023528177526301874,1.3509980039305667,1.9159852900110597,0.00096607755284021293,-0.0028804036350968021,2.1105018410595844
84,1187,1185,1.1134627514830475,-0.002455463893286769,-0.0007305276145190831,1.348406059457691,1.9140309844942436,-0.0027096527289334391,0.00010699777998691767,2.1059575360007128
84,85,1187,1.1154781847883557,0,-0.0024116564377774097,1.3463578889156045,1.9183521278268916,0.00098902301306698142,-0.0029537353289083323,2.1064436781285854
1185,1187,392,1.1140036770653525,-0.002455463893286769,-0.0050841018748783995,1.348406059457691,1.9179422078589163,-0.00091822074188159606,-0.0052166583810071597,2.1086733887136599
304,1186,808,1.1090867024214548,-0.0053191342684995035,-0.0084258001221106937,1.3549801837836206,1.9150842489345623,-0.0030388908998075261,-0.0081196031106879896,2.1147069507259966
1186,1188,808,1.1105105538818556,-0.0075940318569696075,-0.0065678324127587118,1.3520116955817176,1.9104134557249177,-0.0066263056454122417,-0.0049517853275732257,2.1078537175030019
1186,392,1188,1.1126645891821347,-0.0049697049240116087,-0.0080013975362014378,1.350265139449089,1.9174396340298145,-0.0027930730389557987,-0.007751290615606192,2.1105879507764889
808,1188,176,1.1116316621617912,-0.0075940318569696075,-0.011490137364041253,1.3520116955817176,1.9184730777492949,-0.0045500629658978449,-0.010926245220588889,2.1134092804208264
152,888,958,1.1148980489808147,-0.070810215529772513,-0.070260100238400902,1.3476223403762875,1.8904912348752507,-0.059504104017163328,-0.058615919110319464,2.0853543322765122
888,1189,958,1.1186106177614832,-0.063370678244670575,-0.068672810030009579,1.350803077322928,1.9379529560215838,-0.048206927121270893,-0.056925910093184193,2.1228242614714739
888,324,1189,1.1146012540870927,-0.061496549655582378,-0.061828560141936606,1.347603815438049,1.8953137450844146,-0.0511105313778491,-0.051647849045748567,2.0894588456100487
958,1189,343,1.1192263455597904,-0.065295270029590569,-0.065890536166883784,1.3421064723700837,1.8980566546171329,-0.054266798248443743,-0.055229868200971644,2.084087686564291
324,1190,1189,1.1177579801351687,-0.055171125835063783,-0.060500022369183171,1.3502659293960693,1.9350251832446272,-0.041822213550399126,-0.050579364095799495,2.1207594969479353
1190,1191,1189,1.1184681818560152,-0.057390810716551499,-0.058054362635850065,1.3426221941360739,1.9010125077498761,-0.047474728347929138,-0.048550088258149313,2.0874590026154971
1190,262,1191,1.1213301298426988,-0.051656060949748284,-0.056714906500214823,1.3453061862272007,1.9381008160113988,-0.039157112718455275,-0.047474053286359313,2.1171460656600964
1189,1191,343,1.1222817069315028,-0.059173487631110522,-0.064199441460148776,1.3454947831295576,1.9407948543177767,-0.045039471652821017,-0.053307230129142041,2.1187291061863252
324,887,1190,1.1145709368626582,-0.053681305169107851,-0.054100591084016436,1.3472744403688441,1.8988406992415916,-0.044413888202849638,-0.045093598135522106,2.0920893466030677
887,646,1190,1.1174646814959726,-0.04788334126017979,-0.053045618687654894,1.3493882039016039,1.9331609686697115,-0.036173660865156179,-0.044653218952494855,2.1188921471347926
887,158,646,1.1148718029580054,-0.046671269851078279,-0.047250014529928386,1.3466789809298438,1.9022328986224002,-0.038412394804241523,-0.03935200288528469,2.0941632549190845
1190,646,262,1.118204177626132,-0.050194798012655362,-0.050864765001755963,1.3425714691374306,1.9035188997558063,-0.041378809623513174,-0.042465988227206319,2.0896668469658657
343,1191,959,1.1227482498826791,-0.06063176957584826,-0.061682800893031686,1.3376284730906391,1.9041203222265832,-0.050066137740042579,-0.051769378041530728,2.0830232793947947
1191,645,959,1.125456526831897,-0.055205412382413055,-0.060076352666402322,1.340847184490507,1.9428034042781279,-0.042013026645088991,-0.050026716496942181,2.1147690295242114
1191,262,645,1.1219397758039822,-0.053561465968630095,-0.054446124025970377,1.3382152682391872,1.9062125058599675,-0.044124572804503312,-0.04556007754257646,2.0857979583144064
959,645,178,1.1259567599955429,-0.056769000448342766,-0.057951008418443806,1.3342039566047585,1.9124419881942254,-0.046527604366839226,-0.048448140993658392,2.0848481178011462
129,1192,716,1.1462688753247066,-0.022022883010882843,-0.024615214620327563,1.307627572485579,1.935644420515598,-0.017146210299519703,-0.021376696417327423,2.0689261441363422
1192,1193,716,1.1491717997145772,-0.024057432207823304,-0.024756965825263322,1.3077269205089603,1.9557802888418288,-0.019166039161561878,-0.020316261031471057,2.0840236172160367
1192,393,1193,1.1488612795012743,-0.022140521576337946,-0.02428611845049744,1.3048202745006598,1.9391134634772469,-0.01739828146825996,-0.02090206357964651,2.0677741487723389
716,1193,281,1.148472645810652,-0.024842852721906894,-0.027026116461347449,1.3051777858347222,1.9375003989306692,-0.019643134454861641,-0.023206308864437329,2.0669559890655131
393,1194,1193,1.1515690357837154,-0.024038385234057991,-0.024342166973646329,1.3048595588542202,1.957546361133091,-0.019326056240536446,-0.019825569065548831,2.0815956505348456
1194,1195,1193,1.1510717848763825,-0.024597029903818513,-0.026606893799318243,1.3023152144378152,1.9407304706244792,-0.019488733225820488,-0.022770762177699612,2.0655543230585152
1194,382,1195,1.1540005437034309,-0.02664979402300105,-0.026370701916456518,1.3021496677844304,1.9595322624902618,-0.021686495905070741,-0.021227547648527127,2.079442079450462
1193,1195,281,1.1514495852970477,-0.026929276282411152,-0.027076298868857318,1.3052129567738149,1.9577053034177105,-0.0217213261641169,-0.021963093214189142,2.0820825290244929
393,1196,1194,1.1512337777734492,-0.02196876265672465,-0.023916734580325283,1.3022332696698165,1.9421653497425917,-0.017316476830781073,-0.020499311565364726,2.0666091321424895
1196,1132,1194,1.153853928496654,-0.023805126555267897,-0.023718168057353939,1.3020941019528536,1.9590524213757361,-0.019314073593124696,-0.019171093510150158,2.0790998190442695
1196,194,1132,1.1535033287201708,-0.021640795828485437,-0.023354133697112367,1.2998468365399241,1.9455131457914465,-0.017112625655618816,-0.01991409097820903,2.0659404839909583
1194,1132,382,1.1535881093127025,-0.024103744411708039,-0.02595470214617368,1.2995816082888112,1.9440358466807661,-0.019121100956644738,-0.022145524299200574,2.064388343138492
281,1195,721,1.1508002072996923,-0.027658779182492932,-0.02946165159034031,1.3025332821696125,1.9390611820772456,-0.022137164227611222,-0.025079236241924471,2.0644854747620194
1195,1131,721,1.1540816675422305,-0.029958629748544574,-0.029098876868820955,1.3022790271773328,1.9597663882833545,-0.024599186138405844,-0.023185337632081277,2.0796756201459248
1195,382,1131,1.1536157061594392,-0.027082146059978385,-0.028661093118074632,1.2995764903048563,1.943323720371577,-0.021704540625655265,-0.024283606193957766,2.063741300515145
721,1131,156,1.1532733734667944,-0.030866656929247949,-0.031211697257710114,1.2999055118945186,1.9415975734786846,-0.025365193731302957,-0.025928407176418318,2.06275559203868
35,794,1169,1.7464306930382447,-0.093654809991534638,-0.057466032494333241,0.86181150011370011,2.2437901731834264,-0.096676000641044979,-0.045999823378635118,1.4086057590551322
794,1197,1169,1.7391378198524041,-0.092408778346610987,-0.17664558139948205,0.88217404935586607,2.2852537737850596,-0.054329694125778927,-0.17747810515851764,1.5469238471016835
794,300,1197,1.7973383461565891,-0.20642578585048499,-0.17235424163222923,0.87376715427235574,2.3355621971558431,-0.17903182057829137,-0.12903009030405299,1.5844214675387689
1169,1197,389,1.6725604785821973,-0.16634427661335205,-0.14134879965153591,0.92137184692419094,2.2648447665533,-0.14808328285129055,-0.11051825527144238,1.633506102956471
300,1198,1197,1.7484508764664963,-0.19807306495135113,-0.28382883918691704,0.89281326581423137,2.217205773498482,-0.16894760529656894,-0.28665808603598103,1.4082582225888163
1198,1199,1197,1.6924497793342355,-0.26026342793315937,-0.23562478645379059,0.94634485162561632,2.3142053919861989,-0.20736317012160566,-0.16944081806343542,1.7472725546880232
1198,388,1199,1.6371309871230748,-0.25081187654900883,-0.31379630301421102,0.95970092966013887,2.1260106334741309,-0.23110449752666168,-0.31824778420249022,1.4668849579179115
1197,1199,389,1.6418279871210837,-0.16109344392888381,-0.23066702291350705,0.93663240744906773,2.1902358714738228,-0.12897125276682453,-0.22974476510989117,1.5445225553673811
300,793,1198,1.8196765803715378,-0.33760688246643156,-0.29580500588551306,0.91627502423897056,2.397783120052047,-0.25299183917750478,-0.18936107825599025,1.7668787727892163
793,1162,1198,1.7374101663612069,-0.32355146363071285,-0.38024697196861279,0.93070214148830654,2.1255716426109093,-0.32380468928126016,-0.39659223488223733,1.2998380938831913
793,157,1162,1.8243160761380723,-0.49380339082758695,-0.40671571273377172,0.98255539447550522,2.4159219899638287,-0.35111225987200345,-0.21769313786712985,1.884230860435651
1198,1162,388,1.6971075068505002,-0.36830864077160252,-0.32839001183009664,0.98829067730915376,2.3259026764280755,-0.28006253565419803,-0.21845248425419839,1.8187166289588217
389,1199,1170,1.5992280841005875,-0.20840150694017567,-0.19269360392148549,0.97880266538520555,2.2568206239863087,-0.17043904303797008,-0.14591910763560456,1.7674687650867551
1199,1161,1170,1.5583068594888041,-0.20140986736055044,-0.26065213823034128,0.99041379341851155,2.1151035831105425,-0.17461696933654236,-0.26051291212154948,1.580311196958744
1199,388,1161,1.6029185050733918,-0.28880574936329273,-0.26987336533659523,1.0084785221577981,2.2738697690437242,-0.22357214833815414,-0.1938212225156406,1.8297591844325654
1170,1161,175,1.5318077787694799,-0.23083763811880686,-0.22372601254354052,1.0314210107333857,2.2373016150718881,-0.17866900837488547,-0.16731099403713445,1.8564444678719061
93,94,1201,1.1397118887126965,0,-0.0013729185704036695,1.3170634685255092,1.9416521462526728,0.00056630622287697136,-0.0016845213862540314,2.0861015186122103
94,1200,1201,1.1404621758849025,-0.0010115580390746004,-0.00030296548872854601,1.3156209280139635,1.9394986433838559,-0.0011173599595446023,4.3050279263881323e-05,2.0826491758909631
94,95,1200,1.1414044083208275,0,-0.00099741890158000501,1.3148753795635493,1.9422404848095014,0.00041073372857402244,-0.0012240742137661984,2.0836965607810036
1201,1200,395,1.1408669187467559,-0.0010115580390746004,-0.0022153176109078743,1.3156209280139635,1.9423040540932803,-0.00032809522090402688,-0.0023014640804835101,2.0847099229174617
95,1202,1200,1.1420396279430216,-0.00085642076688863256,-0.00018017405779602313,1.3137735473288412,1.9410148161372196,-0.00097737474265653375,0.00013024907239956945,2.0813591513598313
1202,1203,1200,1.1423624100208674,-0.00085642076688863256,-0.0018070925560529361,1.3137735473288412,1.9432461496989499,-0.00030662537467282275,-0.0018650251764308417,2.0830033221500575
1202,394,1203,1.1428719884742984,-0.0015434614250091627,-0.0010177170851140005,1.3127092695137037,1.9413346529112785,-0.0014776016575946129,-0.00061658291896149551,2.0802045571647869
1200,1203,395,1.1414657551378466,-0.0018189409758360142,-0.0012715246232595234,1.3143484563248684,1.939958031661847,-0.0017117640672617293,-0.00081539404264882511,2.0813289372289208
95,96,1202,1.1428373552055131,0,-0.00080350460894251796,1.3131043546689689,1.943124635811599,0.00033066884514173643,-0.00098623561347687501,2.0820428017438171
96,1204,1202,1.143374083933768,-0.00072363260359598058,-0.00014768323101321812,1.3122201580418427,1.9423183555540144,-0.00082774576362841816,0.00011574085778374879,2.0802927023090949
96,97,1204,1.1440481234692808,0,-0.0007092885707926655,1.3116172320815593,1.9438972792167841,0.00029175266900364929,-0.00087069440029477647,2.0806720051121794
1202,1204,394,1.1436357163515183,-0.00072363260359598058,-0.0014733586243842467,1.3122201580418427,1.9441232626697467,-0.00028147644743550413,-0.0015104610840552615,2.0816262187320853
395,1203,1206,1.1419563965475774,-0.0018189409758360142,-0.0029398310450066134,1.3143484563248684,1.9433475807225999,-0.0010200102147875914,-0.0028577365197893076,2.0838234732302658
1203,1205,1206,1.142436905164657,-0.0024667760614640599,-0.002033066720827037,1.3131259314362023,1.940430077500255,-0.0021958307963052363,-0.0014857156049892439,2.0800793054429514
1203,394,1205,1.1432969418263479,-0.0015434614250091627,-0.0024211733474643893,1.3127092695137037,1.9442650919973221,-0.00089644850965282449,-0.0023354608980024208,2.0823674209752658
1206,1205,196,1.1430092523781017,-0.0024667760614640599,-0.0035120492919720192,1.3131259314362023,1.9443753754469451,-0.0015788355956798195,-0.0032927867547409978,2.0829885924064473
42,43,1208,1.1484132349994223,-0.00064606361341645879,0,1.3064748204232046,1.9476370520656185,-0.0007933132479930132,0.00026578851161728086,2.0766977118060437
43,1207,1208,1.1488783453298783,-0.00021414348454174004,-0.0007667603239269738,1.3057627759979535,1.9471800373155161,5.1914802111946434e-05,-0.00085369798828446863,2.0754161575098884
43,44,1207,1.1495640090916002,-0.00072274707773090086,0,1.3051940175515604,1.9489629587445336,-0.00088750312396312838,0.00029755394872445988,2.0759974331302269
1208,1207,397,1.1488783453298783,-0.0013699090616210441,-0.0007667603239269738,1.3060483077957272,1.9486353085370722,-0.0013662315981327311,-0.0003772063846138895,2.0768798016548233
44,1209,1207,1.1500617949463701,-0.00026048314492710389,-0.00089420399805462125,1.3043636238131491,1.9481162164639541,4.7276072152922484e-05,-0.00099128336304147528,2.0742647168027881
1209,1210,1207,1.1500617949463701,-0.0016643792903012766,-0.00089420399805462125,1.3047143135843946,1.9499025502685785,-0.0016751908370038406,-0.00041206088972427831,2.0760656257639609
1209,396,1210,1.1504646276714379,-0.0012902941831289816,-0.0018784799352591364,1.3038002791811714,1.9479727128737077,-0.0008142268241293593,-0.0017779855831054501,2.0734087848260856
1207,1210,397,1.1492276336245908,-0.0010455472582457936,-0.0016219185005983405,1.3052541768369874,1.9469604212235427,-0.0006187155185303334,-0.0015630693389504593,2.0745783103069213
44,45,1209,1.150917241896634,-0.00089502651294015578,0,1.3037003316984936,1.9505629688387915,-0.0010990896935811857,0.00036883038367417653,2.075219917109135
45,1211,1209,1.1514432558927661,-0.00040654879459545157,-0.0010340268819248877,1.3027400928156787,1.9492343714236799,-7.4784862634076849e-05,-0.0011031643442729671,2.0729487947376799
45,46,1211,1.1525598530116232,-0.0012348050602772886,0,1.3019730845282886,1.9529112719919715,-0.0015163161661907933,0.00050985661008863233,2.0746943610848225
1209,1211,396,1.1514432558927661,-0.0020163006221931568,-0.0010340268819248877,1.303173812111396,1.9514428719166481,-0.0020494686063450406,-0.00043811858337766338,2.0751813843974896
397,1210,1213,1.1492276336245908,-0.0022650451959975726,-0.0016219185005983405,1.3057194051318604,1.949328391452164,-0.0021124780518373847,-0.0010577038256454037,2.0769620450522734
1210,1212,1213,1.1495067189122556,-0.0020058753914957705,-0.0025707431912422862,1.3048382884250751,1.9467221883049206,-0.0014101075219751396,-0.0023354420218385879,2.0738470685654331
1210,396,1212,1.1504646276714379,-0.0027164216738979619,-0.0018784799352591364,1.3043247895367216,1.950639706961101,-0.0025606511231739963,-0.0011861244229177887,2.0761003894805512
1213,1212,195,1.1495067189122556,-0.003306703129822175,-0.0025707431912422862,1.3054573888861469,1.9498690799152225,-0.0029995715538230394,-0.0017923738293031564,2.0770173433197758
73,74,1215,1.0772494260957117,0,-0.0016054454735314749,1.3956969132556154,1.8794485839363284,0.00065015185798483516,-0.0019586339332070507,2.1389920164091363
74,1214,1215,1.0786178148745469,-0.0015735074727860621,-0.00013515345939563161,1.3940062274598783,1.881635676400879,-0.0018649792271027256,0.00047356086840130707,2.1384667533733017
74,75,1214,1.0798937986971939,0,-0.0016965187208235477,1.3920807955985979,1.8818609728064137,0.00068724963083309845,-0.0020704863387360443,2.1363989914817285
1215,1214,399,1.0783704541365431,-0.0015735074727860621,-0.0031420000660662417,1.3940062274598786,1.8796468389627801,-0.00064956449524427532,-0.0031978650068886128,2.1371772057805791
75,1216,1214,1.0814061688721734,-0.0017390713872815766,-0.00015840288946300518,1.3903121193334229,1.8847205670990776,-0.0020581192175719988,0.00051327873581345296,2.1362182675829904
1216,1217,1214,1.081121506689299,-0.0017390713872815766,-0.0036194489647884964,1.3903121193334229,1.8824414051668075,-0.00065797047855743664,-0.0037144157264152244,2.1347313435468966
1216,398,1217,1.0827554470953382,-0.0036179361359236495,-0.0021884447730273759,1.3886666105247039,1.8868473500599454,-0.00352502380981576,-0.0011983485877554642,2.1356998397792606
1214,1217,399,1.0798635218582406,-0.0032903830083128582,-0.0018389197421495584,1.3925078180465318,1.8837723187043769,-0.0032670695065053516,-0.00090591979457251177,2.1381268316874795
75,76,1216,1.0828164112732939,0,-0.0019495500627568774,1.3881033268612821,1.8844885847028032,0.00078996805472956143,-0.0023802257953007963,2.1335126492207399
76,1218,1216,1.0844878246808669,-0.0019219548768685257,-0.00032440203681938229,1.3862345724526297,1.8880036761054564,-0.002214520062312245,0.00038585062902191537,2.1336436502710452
76,77,1218,1.0860463703968293,0,-0.0024802094052231993,1.3835760912525847,1.8865537591342671,0.0010036818118812824,-0.0030296848352043262,2.1295961864038202
1216,1218,398,1.0841307469826891,-0.0019219548768685257,-0.0041606255790940239,1.3862345724526297,1.8851638278957983,-0.00066258580641797519,-0.0043027810600859487,2.1317789505551414
399,1217,1220,1.079424190547698,-0.0032903830083128582,-0.0050295736847028039,1.3925078180465316,1.8802352190249798,-0.0019832696179957945,-0.0048088720477492963,2.1358264954774859
1217,1219,1220,1.0810502859911599,-0.0051602268504469251,-0.0037837739478259191,1.3910752754636841,1.8857086016855396,-0.0047554058149542064,-0.0025151991547368302,2.1377288418472604
1217,398,1219,1.0823009556165601,-0.0036179361359236495,-0.0057370010849533415,1.3886666105247039,1.8831975002520085,-0.0020963732258681769,-0.0055408704036136241,2.1333102579322674
1220,1219,197,1.0805110119514829,-0.0051602268504469251,-0.0071126909836252139,1.3910752754636841,1.8813496533058256,-0.0034232708145605067,-0.0065959511149951446,2.1348844949454615
62,63,1222,1.1978522740171775,-0.001858039474746942,0,1.2508870553484144,1.9863759939227104,-0.002287141488998353,0.00076034632442292067,2.0299559333111756
63,1221,1222,1.1995687627060183,-0.0004660923125772154,-0.0016583979346460609,1.2495422155519833,1.9901693344180726,0.00010853114283090708,-0.0018491579856827482,2.0311133366639607
63,64,1221,1.2006645234038718,-0.0014189020826504972,0,1.2481001691654896,1.9895986557864531,-0.0017464947184657078,0.00058175733446579232,2.0285372623529656
1222,1221,401,1.1995687627060183,-0.0031480639716670034,-0.0016583979346460609,1.2491679691648052,1.9882327863323497,-0.0031957271700570481,-0.00075189985266272286,2.0289694386846735
64,1223,1221,1.2020500096851743,-0.00029537373665999844,-0.0014798707633527641,1.2469001018869683,1.9920335760903818,0.00024492048028282309,-0.0016998537520848311,2.0287912685588325
1223,1224,1221,1.2020500096851743,-0.002698561004817579,-0.0014798707633527641,1.2466004506550821,1.9904833547346696,-0.0027153748230583593,-0.00071584507448673156,2.0270670224793008
1223,400,1224,1.2034272010838001,-0.0015817592038238626,-0.0027624032192772319,1.2455604103541909,1.9936626761944065,-0.00080966602740660011,-0.002748571972488937,2.0281733532092021
1221,1224,401,1.2011201457724019,-0.00189000542998774,-0.0030938792097519041,1.2480038985244235,1.9918947027787888,-0.0010520701960994028,-0.0030291850470130356,2.0302873574181564
64,65,1223,1.2030945533402431,-0.0012036481452675218,0,1.2456132923449488,1.9919071569213171,-0.0014815538803274097,0.00049381774813390109,2.0267988276935256
65,1225,1223,1.2042605315104389,-0.00025812487109300175,-0.0013118690791511511,1.2445494621818174,1.9936499580584028,0.00022142500847157948,-0.0015085579557031145,2.0266801554472491
65,66,1225,1.2052566765018728,-0.001124314616816946,0,1.2434087371328886,1.9939455810663784,-0.0013839085325673994,0.00046151932686989798,2.0252455823069524
1223,1225,400,1.2042605315104393,-0.0023063748737932599,-0.0013118690791511511,1.244299110233424,1.9923565176359133,-0.0023014998457330841,-0.00066971672346875528,2.0252352538560663
401,1224,1227,1.2011201457724019,-0.0043508889745975665,-0.0030938792097519041,1.2475133531691576,1.9893468251106623,-0.0040890548139665998,-0.002027020822984134,2.0274600824281688
1224,1226,1227,1.2026653507443639,-0.00309792351040028,-0.0043634340598792676,1.2464839050305745,1.9936335019272988,-0.0020139328128079359,-0.0040927417205571916,2.0294963656257687
1224,400,1226,1.2034272010838003,-0.0037604252225440504,-0.0027624032192772319,1.2450916556369762,1.9912353280552759,-0.0034981968326059706,-0.0018609795947703602,2.0254669753678534
1227,1226,198,1.2026653507443636,-0.0053913683045969663,-0.0043634340598792676,1.2458736630328673,1.9904611965794918,-0.0048509713888790999,-0.0031648133632639387,2.0259666346055156
54,1180,964,1.1726207058382738,-0.0013528153013653288,-0.0021945550344852904,1.2791521071674126,1.969890017616855,-0.00075634533145956147,-0.0021387955314508341,2.0568342562981372
1180,1228,964,1.1723815747526745,-0.0040645342993730349,-0.0022446071994703942,1.2785845213751541,1.9653900377964042,-0.0040798950628990038,-0.0010964545559011569,2.052524489031252
1180,391,1228,1.1739369001943465,-0.0034555038241661507,-0.004609198262558678,1.2776586006769879,1.9707703640385927,-0.0023447222261132284,-0.004239418295200372,2.0554502745602039
964,1228,345,1.1715848346982445,-0.0035290077169101153,-0.0047537680470899346,1.2802710467683518,1.9687558896022843,-0.0023752024290981232,-0.0043864037103527381,2.057481382087667
391,1229,1228,1.1736750333299795,-0.0064250439375808099,-0.0046510550819434116,1.2771839491609285,1.966557234334058,-0.0059977069609006978,-0.0030893593043016705,2.0514781415539258
1229,1230,1228,1.1727925114340263,-0.0058319004369469241,-0.0071704948461608353,1.2788772661519712,1.9693857999123996,-0.0042110738035146394,-0.006408924026948282,2.0560329014978613
1229,333,1230,1.172528508651145,-0.0088256616205826255,-0.0072023994845498152,1.278515471223364,1.9656876846959805,-0.007904105653630979,-0.0052428836856705293,2.0526233070337141
1228,1230,345,1.171331303977821,-0.0064041384562838477,-0.0047946258958351251,1.2798077038776761,1.9646474789213877,-0.0059121355950531125,-0.0032735829294960415,2.0536245878868034
391,1183,1229,1.1751867781481069,-0.0058330144781133519,-0.0069827627448582064,1.2762708058772478,1.9716715535911618,-0.0042886153536506686,-0.0061767811742350388,2.0542170297192155
1183,923,1229,1.1749091667577218,-0.0089810957051250639,-0.0070184026842348146,1.2758666530652114,1.967672836071892,-0.008171786464379294,-0.0049538535227823706,2.0504961588431962
1183,177,923,1.1761451805079619,-0.0084970480380355262,-0.009172179808862424,1.2750231909334993,1.9713087895109529,-0.0066708377560206911,-0.0077790354380245594,2.0521711070218642
1229,923,333,1.1738865792802291,-0.0082938140423300943,-0.0095762877563050353,1.2775858091709384,1.9697091110319593,-0.0062508798385078577,-0.0083561074445392611,2.0544726646671752
345,1230,965,1.1704760912663312,-0.005829309642146896,-0.0071844554624558299,1.2814140210866167,1.9671884995255047,-0.004203269288997365,-0.0064278661728037027,2.0578153204563749
1230,922,965,1.1702172512009836,-0.0087645262029361071,-0.0072111585381584575,1.2811112112804217,1.9638202403775715,-0.0078237246787787353,-0.0052772150038387141,2.0547593835637286
1230,333,922,1.1716201216062698,-0.0082151341376968112,-0.0096458703909334531,1.2801577294990576,1.9680514946272956,-0.0061222851246605665,-0.0084709493816130643,2.0567315440719103
965,922,162,1.1693638203644579,-0.0081909348209583399,-0.0094266012894159701,1.282600211694982,1.9657449494468451,-0.0061858613810422437,-0.0082137766848496881,2.0582983599142186
85,967,1187,1.1168522411470989,-0.0021953396009770643,-0.0013669900678046076,1.3446888180385494,1.9198449016732677,-0.0021280854515473369,-0.00077351576184799768,2.1054231466508493
967,1231,1187,1.1165345112118903,-0.0022021587092337924,-0.0046997486435857994,1.3446172904958047,1.9171103543792425,-0.00077879784522405082,-0.0048588472277364975,2.1034138921008561
967,346,1231,1.1180584725526828,-0.0046370025644479895,-0.0037626909441201839,1.3431201467557017,1.9205295412681487,-0.0041376046441280196,-0.0027079446044069094,2.1039494211891143
1187,1231,392,1.1154056037646258,-0.0046952284424230939,-0.0038656201980988847,1.3464593727551408,1.9182324373070787,-0.0041654314299698434,-0.0028091711396665622,2.1064740799986104
346,1232,1231,1.1178639117673592,-0.0046411783983781874,-0.0072460040557267291,1.3430453848397104,1.918628935998776,-0.0027253526608252802,-0.0069816525879898284,2.1025108398467656
1232,1233,1231,1.1167176115503548,-0.0071729110986590849,-0.0064760814603452843,1.3447458453146355,1.9188912991315414,-0.0061334027550543572,-0.0049943138667813483,2.1047975890014596
1232,332,1233,1.1166205221449719,-0.0071749948279276055,-0.010101145776007847,1.3446680443167862,1.9176233736672537,-0.0046614303555014645,-0.0094423727726310677,2.1037955883016402
1231,1233,392,1.1151698955994229,-0.0047002972197960347,-0.0074997351151626646,1.3463812230675938,1.9159987385189912,-0.002694907691647614,-0.0072676311306099691,2.1048057648288241
346,970,1232,1.1192926912619416,-0.0069239495420516661,-0.0062599165522416733,1.3414699058335895,1.9209101548866603,-0.0059200842666914683,-0.0048344682101467747,2.1021480782832578
970,918,1232,1.1192658104587299,-0.0069245264568698062,-0.0097854044837113463,1.3413942419404563,1.9201776247391384,-0.004483018791393574,-0.0091588335518308969,2.1015214779412257
970,161,918,1.1205589584543723,-0.0089905981916214017,-0.0088275485457813829,1.3398638687070825,1.9216666406287737,-0.0074045014395064217,-0.0071379464333978515,2.1006544036449659
1232,918,332,1.1180895760425025,-0.009522112671165317,-0.0090577984799207201,1.3430010809334423,1.919732981162787,-0.0079574752687906862,-0.007198501322177189,2.1031974485355058
392,1233,1188,1.1140475406340724,-0.0071792562785439884,-0.0066899434030469607,1.3481698198684455,1.9168428004925806,-0.0060498659845003196,-0.0052500954220002106,2.1075944502263368
1233,917,1188,1.1138773751559814,-0.0071829157511915653,-0.010559622055832385,1.3480866009726853,1.914993392604776,-0.0044842376012530528,-0.0099994839533931752,2.1061848246960455
1233,332,917,1.1154669659426872,-0.0097224986648623002,-0.0093954016099901949,1.3462266038106918,1.9170490418026735,-0.0080658286968062053,-0.007531358194026486,2.1053124570806836
1188,917,176,1.1128267256084219,-0.0095033932113119945,-0.009919002215520667,1.349501481798935,1.9143978276735423,-0.0075840198294992722,-0.0082628643601067326,2.1075026105559247
145,604,981,1.1347640555413836,-0.012259153130292244,-0.01386958090846413,1.3246045824198251,1.9445676496003701,-0.0092203103349669559,-0.011867295071817708,2.0977814300724997
604,1234,981,1.1347316403804397,-0.012074274544815022,-0.013266367908686405,1.3211641809874326,1.9267896499465222,-0.0094711581908679919,-0.011416279530864614,2.080459711326315
604,248,1234,1.1365927790443244,-0.010788468212281188,-0.011680578256328289,1.322259756731806,1.945686810508886,-0.0083405549799415273,-0.0098068123641555545,2.0956427444409385
981,1234,349,1.1372273940023705,-0.013160619512164295,-0.014050500674224864,1.321505496202243,1.9459310238863492,-0.010261497114801881,-0.011723952947224576,2.0948200437315085
248,1235,1234,1.13651019646655,-0.010317461753595047,-0.011132653922988567,1.3191346920167648,1.9291795811065739,-0.008167931747405037,-0.0094987101236205726,2.0795918962851099
1235,1236,1234,1.1388178936058966,-0.011321949997732617,-0.011955314098684999,1.3194927773397147,1.9470545007989217,-0.0088874482338716677,-0.0099283618090016089,2.0931001992011202
1235,402,1236,1.138691794519433,-0.010602748856758382,-0.011451963168660484,1.3166219352635595,1.9315638271935596,-0.0083854121196322712,-0.0097722102331156691,2.0780535341133115
1234,1236,349,1.1371116915488164,-0.012500715154863506,-0.013509361658895713,1.3184191312795042,1.9294194163213707,-0.0098916452558915832,-0.011538081635766719,2.07879878742723
248,603,1235,1.1382446938855519,-0.009119148157517909,-0.0097150222764028626,1.3201140923074313,1.9465011989557677,-0.0071230028719620891,-0.0081022517343663503,2.0935216321512673
603,1237,1235,1.1381513101017244,-0.0085866540698313898,-0.0092146885188650884,1.3172610833926646,1.931303837493334,-0.0068131552365786139,-0.0078388228140202441,2.0787260026379442
603,167,1237,1.1398120770885516,-0.0074393564266852508,-0.0078559904756865251,1.3181997045689382,1.9478294036628125,-0.0058409688553650013,-0.0065257319426099622,2.0920606152326835
1235,1237,402,1.1402731033507925,-0.0095102687807115949,-0.010019646608609989,1.3176114809319417,1.9478156805579494,-0.0074806486443964853,-0.0083177184001733233,2.0912703102511925
349,1236,985,1.1395409693046377,-0.013558124684850625,-0.014206233021020864,1.3187224635838177,1.9478256858763179,-0.010686952971425617,-0.011752200726016133,2.0926401682591584
1236,1238,985,1.1393822886508511,-0.012653095866213437,-0.01369327069021864,1.3157968032643144,1.9318595524826065,-0.010000351158884396,-0.011698833259910998,2.0771566688250211
1236,402,1238,1.1409360723378033,-0.011579632108333016,-0.012094260466694706,1.3169015127150887,1.9485364095808144,-0.0091508214406461307,-0.0099966000458392573,2.0908570880784847
985,1238,184,1.1418159839524122,-0.013712428253704445,-0.014280865184877811,1.3160525698257688,1.9499841370506055,-0.010844076846697803,-0.011778596644880696,2.0907927704166105
138,1239,1241,1.1464545486366342,-0.0074616113514807125,-0.007580003879083641,1.3077467326268017,1.9403674596637905,-0.0060841467421590464,-0.0062777510018997024,2.0729248648918426
1239,1240,1241,1.1480336487127607,-0.0077842330402582149,-0.0085340327230545299,1.3079416476935783,1.952153978501183,-0.0060069772867097429,-0.0072385739453301821,2.0819514474010536
1239,403,1240,1.1479351345392037,-0.0074949553987444517,-0.007855451432616789,1.3059490573059485,1.941330760277262,-0.0060162023488483391,-0.0066056850515637533,2.0712578666249968
1241,1240,405,1.1472403119800201,-0.0089971956600649605,-0.0093155553754717957,1.3067467480692567,1.9404958991816965,-0.0072701404828686648,-0.0077906462100492766,2.0716773041724474
403,1242,1240,1.1496567420888026,-0.0078467069743810569,-0.0086069974641951319,1.3061026100136086,1.9538552148962742,-0.0060514523301418831,-0.0073005638056384842,2.0808094677033662
1242,1243,1240,1.1489038284917932,-0.0089979430572202368,-0.0094865125444307807,1.3047577950178537,1.9417224273777194,-0.0072044883736981421,-0.0080032864088759974,2.069948655565228
1242,404,1243,1.1508106400139848,-0.009387534725499691,-0.01020315227055768,1.3049042158167694,1.9554418278203407,-0.0072733063863219417,-0.0086137333868584985,2.0804037940884514
1240,1243,405,1.1490279532711942,-0.0093624238435134899,-0.010227291281132977,1.3069330223795728,1.9536377001544716,-0.0072342817914104723,-0.0086553334788222209,2.0817177044519779
403,1244,1242,1.1494821343459507,-0.0073339876953255612,-0.0079241790974746706,1.3040975778484238,1.9424612235361716,-0.0057927712325324902,-0.0067578541473629749,2.0696403621376445
1244,1245,1242,1.1512995193606685,-0.0077052927389198445,-0.0085438142826799179,1.3042241738462952,1.9554697260780194,-0.0059031465227980754,-0.0072810402268941622,2.0795496032485348
1244,166,1245,1.1510018794362527,-0.0068313009847669193,-0.0079172184863809392,1.3023842339920346,1.9440980905114664,-0.0051759984718185506,-0.006952091271219641,2.0685837234698545
1242,1245,404,1.1506012998689727,-0.0087728270013522902,-0.0094827001444581782,1.3027886756428195,1.9432659134649719,-0.0069295983707062178,-0.0080903721319524041,2.0684800404930588
405,1243,1247,1.148171043093674,-0.010672586314213639,-0.011116322416470759,1.3055737489582029,1.9406814101284913,-0.0086041939558338908,-0.0093295294183813708,2.0702343225858355
1243,1246,1247,1.150181506279413,-0.011083255373317336,-0.011989567185400674,1.305752123081227,1.9552698293098418,-0.008605780244515561,-0.010095417100327349,2.0813643631912355
1243,404,1246,1.1500171853249057,-0.010600759817718242,-0.011187968910289392,1.3033983903739284,1.9421909158694295,-0.008489007498357487,-0.0094489318591082852,2.0684645864947262
1247,1246,187,1.1492526709614781,-0.012503386919122228,-0.013004512933017409,1.3042003340335437,1.9408103123761307,-0.010098530202799664,-0.010917439527309822,2.0684717590553872
148,906,630,1.0974993322643734,-0.018381197364222945,-0.020323520086853897,1.3663834797871433,1.8844011071211857,-0.014479923958310534,-0.017626770023562489,2.1074483636217027
906,1248,630,1.0974929243676401,-0.018251131253591346,-0.02059562314668284,1.371906569212392,1.9126228994149019,-0.01368077555570768,-0.017521798139392756,2.1330380179595041
906,329,1248,1.0939159214848528,-0.020334886401728536,-0.021573972584451262,1.3713366393732422,1.8819926970865519,-0.016352965533557626,-0.018360317813668522,2.1117814391190248
630,1248,257,1.0943311317962445,-0.0168079455023733,-0.017770231800903424,1.3706169322612727,1.8823557253086554,-0.013543746378498943,-0.015102801109158865,2.1112467461906892
329,1249,1248,1.0938780791775491,-0.019566771381519743,-0.021835464217290657,1.3766443403341451,1.908962484389535,-0.014770804465950874,-0.018485399196899916,2.1360935132820131
1249,1250,1248,1.0909018242114659,-0.018208217965561602,-0.018935855739308338,1.3753207732850861,1.8797967025891156,-0.014779422140178061,-0.01595809962495115,2.1151595146228255
1249,406,1250,1.0908599107822621,-0.017357433804612743,-0.019184546222925647,1.3803688432823153,1.9054057122509267,-0.013191404565689523,-0.016180995308450578,2.1381126461969968
1248,1250,257,1.0943024862565629,-0.016226957605753434,-0.01802822626223044,1.3758495674670659,1.9089729127218042,-0.012291148894617208,-0.015240256305396792,2.1352565258987384
329,905,1249,1.0903638872762951,-0.021614024426150902,-0.022639219026387991,1.376176099120717,1.8791268431034645,-0.017480266960383926,-0.019140657149607214,2.1156452653268825
905,1251,1249,1.090309400195828,-0.020508963908126621,-0.022892135716035433,1.3813055398190213,1.9051096144867321,-0.015486173582887591,-0.01938549110182149,2.1389175109077603
905,185,1251,1.0869706338167093,-0.022454163222226153,-0.023399674586786823,1.3810098425011614,1.8773485658627578,-0.018169539855536272,-0.0197010441832896,2.1201949031655354
1249,1251,406,1.0875848201337517,-0.01926545302258198,-0.019911660582803137,1.3799452372447423,1.8775563319348616,-0.015664448035906341,-0.016711125596211233,2.1191600474774073
257,1250,631,1.0913371545887669,-0.014873445535000585,-0.015254803659118465,1.374583651410735,1.8801109273607408,-0.012160078121036762,-0.012777859826740932,2.114561443093014
1250,1252,631,1.0913053256628098,-0.014227892302310696,-0.015502821133389411,1.3796139336921733,1.9056684992042578,-0.010909280177326709,-0.012995437869508027,2.1374804939053882
1250,406,1252,1.0880977503978571,-0.016096658336475667,-0.016393627137768263,1.3790949410368176,1.8779305336798835,-0.013187977169070043,-0.013669012683604549,2.1184734677314423
631,1252,169,1.0885054319510736,-0.012949893629576437,-0.01251238792869902,1.3782489641397682,1.8773970312254977,-0.010890153127857551,-0.010181671454410766,2.117180134328553
149,622,947,1.1870438399218188,-0.017294033295288003,-0.016739006810729151,1.2608309398760671,1.9675982271617707,-0.014597527062330664,-0.013691361510314085,2.028931421087496
622,1253,947,1.1910478621506189,-0.01670402906057733,-0.01732378300674231,1.2607447714153821,1.9925104157895071,-0.013257753096535738,-0.01427932724829244,2.0489127900124808
622,254,1253,1.1898343759707257,-0.014976135130645662,-0.015287242100988863,1.2578449224287045,1.9703680669254084,-0.012319326989734942,-0.012827388538386632,2.0268799972232325
947,1253,341,1.1900328634401864,-0.01844618655810315,-0.019020973919997353,1.2578316900056521,1.9708704754441377,-0.015089002673435582,-0.016027791430515255,2.0271779751266981
254,1254,1253,1.1935761082017724,-0.014424780084314914,-0.015281706683088814,1.2578457380885126,1.9939877310772685,-0.011324839863365778,-0.01273708634130534,2.0460454214950112
1254,1255,1253,1.1925618329370278,-0.016165824226541281,-0.016916022559302135,1.2550403693866126,1.9729860208373429,-0.01312713205914505,-0.014352492761827124,2.0248841736857117
1254,407,1255,1.1961631520953298,-0.01563515945184113,-0.016537356819497973,1.2550961668765481,1.9959260429876857,-0.012290154596049551,-0.013776948607696203,2.0436752760738908
1253,1255,341,1.1937760540394105,-0.017894636965640309,-0.018890039790461444,1.2578509828158548,1.9946167861962432,-0.014067161883698373,-0.015707917529758815,2.0464817544649607
254,621,1254,1.1924227885771592,-0.012782679106682515,-0.013367423697134839,1.2551201745104574,1.9730923257541535,-0.010381086076314001,-0.011336312420245808,2.0251618768844564
621,1256,1254,1.1959541354870806,-0.012262344141795722,-0.013167067684974221,1.2551496964580906,1.995431623750864,-0.0095613792198327614,-0.011052152896276035,2.0434165950714522
621,170,1256,1.1947677113804365,-0.010573108873593196,-0.011355212736722464,1.2525699703194242,1.9750639119640134,-0.0084679196815084061,-0.009745617988353196,2.0230741354228434
1254,1256,407,1.1949748747149742,-0.013943160559218626,-0.014712295812205234,1.2524974460270606,1.9755150359444831,-0.011267364313003458,-0.012524011516072481,2.0232735184827484
341,1255,951,1.1927875580488254,-0.019591304836812373,-0.02063608820786289,1.2548540417260234,1.9727230469553156,-0.015862256532774732,-0.017568399396838949,2.0243029059401882
1255,1257,951,1.1965364533073395,-0.019038894297704889,-0.020109674960963275,1.2549316102376693,1.9967283351225853,-0.014965819527654217,-0.016730779187908284,2.0440079136921936
1255,407,1257,1.1952485365284649,-0.017205017965738367,-0.018209545785881964,1.2522259991461642,1.9752390004956106,-0.013889282259716508,-0.015530121145083373,2.0225710238261341
951,1257,186,1.1956010002620681,-0.020644518541019785,-0.021948339087830782,1.2517757022930276,1.9743667721347116,-0.01665094781587452,-0.018779498492590998,2.0210951410444746
27,1172,1057,1.3045770500556748,-0.012726842435456576,-0.010361278348191227,1.1488288066024186,2.0683995868157043,-0.011448413593939735,-0.0075835176206201331,1.9400136569270194
1172,1258,1057,1.3012284186961118,-0.012419211416435649,-0.025732727619828921,1.1502409460992791,2.0573275732771754,-0.005077481346768456,-0.026739643386550639,1.9314103231941402
1172,390,1258,1.3084308914268781,-0.027731865770065256,-0.024648058818983465,1.1479349105117294,2.0808525823163744,-0.023821634117893932,-0.018760688243834124,1.9503771826148735
1057,1258,366,1.2957951302836406,-0.025723619737416104,-0.022371264618717746,1.1584721079533011,2.0698659405798319,-0.022350513478820541,-0.016848813303997852,1.9579419782043048
390,1259,1258,1.3017384266710859,-0.02711704450981911,-0.040764466394722199,1.149415487605209,2.0517901439075463,-0.01744896582328636,-0.03958413220973607,1.9238105364907487
1259,1260,1258,1.296792243896411,-0.039228631318169366,-0.036429586714067597,1.1600301927117067,2.0787517379532816,-0.032769701480211681,-0.028158557157882132,1.968616000644382
1259,359,1260,1.2884440370726311,-0.038461700863175352,-0.049769710988718074,1.1612557190786994,2.038551167531709,-0.028038107885908131,-0.046363255325255787,1.9312992937980291
1258,1260,366,1.2901981371676279,-0.025209436923349537,-0.036298534882960531,1.1597515740645328,2.0452438977950482,-0.016758138333399543,-0.034778018702988259,1.9359456334642369
390,1175,1259,1.3094728321820921,-0.043560535470295259,-0.040967203019944165,1.1498465094671317,2.0904895638753729,-0.036038368010933824,-0.031764578861376805,1.9624471570657489
1175,1026,1259,1.2996299925334562,-0.042656296554141493,-0.056349573027540067,1.1512596522267469,2.0437097817274923,-0.030847715583358443,-0.05298249682541982,1.918081703355708
1175,183,1026,1.3078736746876836,-0.060182590668334202,-0.058370458332653641,1.1555561097521423,2.102988922222377,-0.048074823605886399,-0.04506888128514254,1.9833174128210624
1259,1026,359,1.295348121702673,-0.053141246659068608,-0.051106558480508824,1.1640981399106369,2.0855440620769401,-0.043157924758404312,-0.039793604117016268,1.9811064996750902
366,1260,1058,1.2861727751608281,-0.035066234296470045,-0.032570895952882317,1.1688793448220114,2.0694456410056503,-0.029353338506390575,-0.025242761866613686,1.9747674092080598
1260,1025,1058,1.2788596941125803,-0.034394366103092766,-0.044424674834716349,1.1699683765104982,2.0338412802247885,-0.024981304769489482,-0.041267497958432736,1.9423161952609167
1260,359,1025,1.2848785018691857,-0.047191625817336602,-0.045380868218891202,1.1720014461098565,2.0734378520815233,-0.038572612171942217,-0.035582943546928994,1.9830172483710156
1058,1025,160,1.2762151013951928,-0.040870138910230835,-0.040607451364300218,1.1793155518944261,2.0667242728240653,-0.032876593975101141,-0.03244271662361578,1.989041418564508
139,1261,659,1.0764700904839848,-0.018474423260453676,-0.017743142175489723,1.3996303033641753,1.8913718165184314,-0.01514266971579787,-0.013948827991276856,2.1509479221694146
1261,1262,659,1.0731055318435185,-0.01930114260062421,-0.019893551302867962,1.3991019176218376,1.8614339937738187,-0.015732763518537893,-0.016689484515317585,2.131101508051902
1261,408,1262,1.0756492915507299,-0.021892541974609436,-0.021890989325113186,1.4011367637693528,1.8916072631233789,-0.017562103785349149,-0.017559568485520004,2.1527023367317639
659,1262,266,1.0731951652334961,-0.01870575396876184,-0.019090085412314217,1.4044389293922492,1.8896845695987201,-0.014836538861237879,-0.015463988815117912,2.1552392181492137
408,1263,1262,1.0718521614753564,-0.022825512203244358,-0.023926630793524417,1.400636598421181,1.8582151802422164,-0.018486168385131757,-0.020262632032800043,2.1307161119880904
1263,1264,1262,1.0719255414518347,-0.022338206893245838,-0.023042355153657823,1.4065089390172565,1.8891134296405343,-0.017598262563908583,-0.018747829007449694,2.1570871668013929
1263,409,1264,1.067668170825598,-0.023384086728252207,-0.024664164351760887,1.4061105199728656,1.8522910441731246,-0.018910890960316395,-0.020973230788569712,2.1332268858521504
1262,1264,266,1.0692994670225504,-0.01966282312650236,-0.020637375498322008,1.4040588014821263,1.8560669966769416,-0.015905769020159121,-0.01747768713901092,2.1333714256164131
408,1265,1263,1.0747335285205304,-0.025760841643333698,-0.026079308186141958,1.4028295912702351,1.891768118048919,-0.020503052602253907,-0.021023172086473856,2.1545873974307925
1265,1266,1263,1.0705460381212166,-0.026789724983567353,-0.028195783229658211,1.4023095647854822,1.8549508394715897,-0.021696053210341827,-0.023962132462256848,2.1304365300119512
1265,189,1266,1.0737461389770382,-0.030049598510824005,-0.030429007022329979,1.4045845015609673,1.8913408141640922,-0.023892353868491867,-0.024511982426819144,2.1561288531859866
1263,1266,409,1.0706078730560122,-0.026378987230160966,-0.027230030479666878,1.4087245649175499,1.88858168674641,-0.020749875366475129,-0.022139257920474338,2.1590871442850106
266,1264,664,1.069476833099624,-0.018484671257027685,-0.019786901708923998,1.4097080626117009,1.8867190697775866,-0.01426280690294543,-0.016387990024062341,2.1592022084580491
1264,1267,664,1.0652792487186344,-0.019516076728171683,-0.021022584211284334,1.4094044380558013,1.8508029773529699,-0.015593789809061329,-0.018020919211934588,2.1361520204217617
1264,409,1267,1.0678554328778587,-0.022140507801029941,-0.023749792931855973,1.4121827220860048,1.8852673585168014,-0.017056173384234215,-0.019681726505341945,2.1609217185483294
664,1267,173,1.0656791374310592,-0.016859821135789765,-0.020198428595172513,1.4148788810602342,1.8825701590648527,-0.012120746176406513,-0.017564772284841809,2.1622966845058555
140,654,1269,1.2091933989481864,-0.013679082449155056,-0.015469281146524239,1.2414582718197238,2.0069135307433914,-0.010332378342614638,-0.01328357109631019,2.0330544701442061
654,1268,1269,1.2088067913546761,-0.015257622874655485,-0.016309230336354119,1.2380287123031248,1.9868318508581639,-0.012253878525714749,-0.013972124449033715,2.0111096646965922
654,265,1268,1.2125870164206707,-0.014688525029306954,-0.015631390208975304,1.2381307584377446,2.0104407303286429,-0.011493603170816727,-0.013048512483778897,2.0311168260864125
1269,1268,411,1.2106580138844252,-0.017070252451216739,-0.018501353531430453,1.240175135693617,2.0087062510474469,-0.013218212131062192,-0.015578029843945369,2.0326012132945244
265,1270,1268,1.2123178996975261,-0.01578734366037482,-0.016583800311870789,1.2342420147236726,1.9887682968683134,-0.012814254453532944,-0.01411504485364003,2.0070067952077659
1270,1271,1268,1.2144744081163172,-0.017898894745772331,-0.018801307109866716,1.2364132925380265,2.0124989573573329,-0.014098107242290974,-0.015586637832963251,2.0302440965763373
1270,410,1271,1.2142011161561037,-0.019014806591305444,-0.019854319853767066,1.232113607346051,1.9886607245614849,-0.015515726825735467,-0.016885767088871226,2.0035926648279245
1268,1271,411,1.2103011728551296,-0.018527313724632066,-0.019446437736526434,1.2363161467256618,1.9865784689723573,-0.015052998295706402,-0.016553733932711576,2.0082315393543091
265,658,1270,1.2162909428204973,-0.015189217823609491,-0.015343508273348405,1.2344287357559924,2.0138715851478857,-0.012223786130101822,-0.012478285405589398,2.0285457107785083
658,1272,1270,1.2160834275342096,-0.016036514342904429,-0.016366585661616639,1.2302514535636495,1.9911243377084082,-0.013222523321117639,-0.013761419463623453,2.0029228756167501
658,174,1272,1.2199527913442332,-0.015453853289273956,-0.013810758693741931,1.2306363180806894,2.0165589920012712,-0.013197947785874065,-0.010487986301266888,2.02520593084484
1270,1272,410,1.2184689071264641,-0.018372149114378011,-0.018479866220260988,1.2323205769259573,2.0156008937303262,-0.014818246370458841,-0.014995918302868026,2.0268072269702477
411,1271,1274,1.2122824752951769,-0.020467311399265498,-0.022021965187605019,1.2388379814365305,2.0110030040950879,-0.015892857610620467,-0.018457482003903104,2.0324717305095299
1271,1273,1274,1.2119159302318603,-0.021963996401477615,-0.023088302523566639,1.234483888972169,1.9862269875323115,-0.017870618630969622,-0.019704912720587768,2.0050496239220328
1271,410,1273,1.216507035007319,-0.021272653308107126,-0.022383464062762926,1.2345900257792461,2.0146749875787884,-0.01672560595461161,-0.018558287313337314,2.0292900828915865
1274,1273,190,1.2140133485225086,-0.024017689227139982,-0.026125796271665891,1.2374580592396214,2.0134694220686669,-0.018499491757799788,-0.021978673872288308,2.0323950885658508
138,1241,1276,1.1465775178717479,-0.007822660465996556,-0.0082706599965645111,1.3097745632416604,1.9515396249455785,-0.0061577939549449356,-0.0068937923652907206,2.0838914494064125
1241,1275,1276,1.1455221951267376,-0.008807069959573699,-0.009437577244449713,1.3086860579266109,1.938597434997646,-0.0069897820602914679,-0.0080203536048176205,2.0728347095736788
1241,405,1275,1.1474075853402042,-0.0094883782115227078,-0.010051548825098511,1.3089079238837851,1.9526331565432262,-0.0074573200737332937,-0.0083827148865368,2.0835533490204714
1276,1275,413,1.1457773314422521,-0.0095562266248183647,-0.010175442429406711,1.3108526511857637,1.9513568495592868,-0.0074868699194645741,-0.0085043052452621823,2.0851391639766534
405,1277,1275,1.1463228605499705,-0.010500272228047169,-0.011344823588089525,1.3077014823917352,1.9388657855353271,-0.0083008916393042809,-0.0096811281931309529,2.0717062913822311
1277,1278,1275,1.1466247957746853,-0.011386876729134521,-0.012122250221061392,1.3099843228675496,1.9525115723214952,-0.0089173595406936285,-0.010125919962297156,2.0848389505561808
1277,412,1278,1.1454159686938583,-0.012514475712559037,-0.013480587408544409,1.3087172602280326,1.9375250492726226,-0.0099157310223562493,-0.011494158171725513,2.0720222243981086
1275,1278,413,1.1445994792119389,-0.010654932137450501,-0.011390013443966396,1.3097196942368052,1.9372951815900084,-0.0084722540952126939,-0.009673420941527712,2.0732092283166028
405,1247,1277,1.1483634938600007,-0.011237679425450509,-0.011910579233654683,1.307905924945409,1.953842572867039,-0.0088255280404353452,-0.0099314616907005826,2.0831194997244458
1247,1279,1277,1.147259894696572,-0.012267121365101996,-0.01335158720257823,1.3065617466533803,1.9392184803960499,-0.009664297786615636,-0.01143635923670655,2.0704262550752643
1247,187,1279,1.1494406000556845,-0.013055223098438873,-0.013872852061080909,1.3067501305342173,1.9550311298775471,-0.01023477581930669,-0.01157879675712661,2.0824625500488847
1277,1279,412,1.1476147348432515,-0.013309076213228188,-0.014170568634668701,1.3089666089038268,1.9538142180999116,-0.010415930483042343,-0.011832098537506591,2.084447681395722
413,1278,1281,1.1448482569929594,-0.011385444785092957,-0.01220074038321961,1.3121003179423365,1.9510897826679623,-0.0088804983313825296,-0.010220314002919922,2.0865356042759133
1278,1280,1281,1.1435595949002586,-0.012587449742217149,-0.013475901423710468,1.310910906148135,1.9359172282749446,-0.010005722909068388,-0.011457105923866766,2.0737288444947346
1278,412,1280,1.1457048709980973,-0.013362719755305008,-0.014333242972143001,1.3112207362880142,1.9521916191132769,-0.010412189676092549,-0.012007406297209873,2.0861750037491147
1281,1280,184,1.143768424693135,-0.013200658865133441,-0.014348888201689558,1.3134743500373816,1.9503618023150475,-0.010207722208593062,-0.012094663470951245,2.0877450772542319
137,1282,1156,1.3514627730296782,-0.38917437192236637,-0.38438470141537806,1.2569017686232353,2.1489636689879332,-0.27141070788585686,-0.26363863997883563,2.0835584459287664
1282,1283,1156,1.3403155675419147,-0.31939389945817132,-0.37619588529330272,1.2056405392013918,1.9411004230111102,-0.27595252489037803,-0.35982072097871798,1.8180066373021111
1282,414,1283,1.3228913744602209,-0.33578301225445717,-0.33320506368254943,1.2460775006882265,2.1153217231189831,-0.24425386330860244,-0.24006423613431394,2.0597118390354838
1156,1283,387,1.3958702850834848,-0.35440619615214874,-0.34679108889551635,1.1871087294602134,2.1362543587393894,-0.26799493608999603,-0.25585858466866684,1.9802918668069336
414,1284,1283,1.3138320281707276,-0.2790823871532222,-0.32708489748672598,1.2077726122406904,1.9551884776757884,-0.2350675086837275,-0.30769954589629023,1.8602220249266663
1284,1285,1283,1.3575359581722966,-0.30662669508541951,-0.30223765044583195,1.1921126882078354,2.1102601133806225,-0.23602461824502313,-0.2289767635141598,1.9839231884593902
1284,415,1285,1.3482255471176718,-0.24835470614964938,-0.29834753560407457,1.1677652423552471,2.0194980436988033,-0.19823566845212359,-0.27538425422076451,1.8631613963257572
1283,1285,387,1.3842253346406315,-0.28152279504532962,-0.3416652695721023,1.1550272579603762,2.0267851624035962,-0.22650990680892114,-0.31777787958531217,1.8266052794998786
414,1286,1284,1.2994567050759196,-0.29260374740096751,-0.29119832588763739,1.2415273500958026,2.092048847408492,-0.21847082423081943,-0.21618044943213915,2.0489193878251335
1286,1287,1284,1.2919783608933337,-0.24578843004548423,-0.28644155257467752,1.2117493876488616,1.9623752386162139,-0.20362579455876684,-0.2662021707756459,1.8915528188142459
1286,193,1287,1.2805067422259113,-0.25657857977665732,-0.25605963938017151,1.2403264700983696,2.0766690991638885,-0.19437854938598886,-0.19352979942253468,2.0462650784857046
1284,1287,415,1.3272920382654489,-0.26804582276424571,-0.26557185727585964,1.1985957022002438,2.0898437000879673,-0.20879897679187931,-0.2048029080070764,1.990092419059782
387,1285,1160,1.4283341364832345,-0.30932227258497669,-0.29855041851722408,1.1278542157679725,2.1204291272209015,-0.25302293263610948,-0.23617084611325168,1.8786138425327896
1285,1288,1160,1.4170675617481103,-0.23880704887924331,-0.29654753696736957,1.1153185832563643,2.1003077707861881,-0.17763465776226744,-0.26768905824513439,1.8493040809777241
1285,415,1288,1.3833683282725318,-0.2705043869419097,-0.26388277509601732,1.1460429022686371,2.0997861441988008,-0.22080395587116008,-0.21031133493785198,1.9083245460985452
1160,1288,175,1.4464010277399069,-0.2572944027617825,-0.24404130130068591,1.0822266411012356,2.0974853170476111,-0.22692685519082234,-0.20659059560767989,1.7825746684295483
152,780,978,1.1095105258153186,-0.07156186929526287,-0.081795135429041821,1.3559092067651051,1.8876082830946901,-0.055710212676332624,-0.072233328724575357,2.0931751555952451
780,1289,978,1.1079924726520556,-0.076600288742190159,-0.078710803482358038,1.3661461065239804,1.9279275168703522,-0.060003949845679874,-0.063468179273831693,2.1331593413173846
780,296,1289,1.104343158353676,-0.077938269601746324,-0.087868710695299335,1.3627884607958651,1.8780007055861088,-0.061454872966839935,-0.077444588717862778,2.0945049403285099
978,1289,347,1.1001405531117472,-0.071640207776909826,-0.080023779283752816,1.3669755172492084,1.8744836967720273,-0.056777104592181701,-0.070276169694997545,2.0980190036369737
296,1290,1289,1.1030473575888919,-0.082239033192002431,-0.084419471358021525,1.3742364884240366,1.9266709912349618,-0.064135526645683061,-0.067715975618192203,2.1412216641501609
1290,1291,1289,1.0943497626768139,-0.076744736575021122,-0.085369529478846573,1.3748366429692824,1.8653764861267379,-0.061165976235976305,-0.075020420651439615,2.1010034826338226
1290,416,1291,1.0934248973308751,-0.079814486879061342,-0.081697867794868095,1.3870233733081356,1.9212958477572089,-0.062064401346776904,-0.065157642415989314,2.152561116812751
1289,1291,347,1.0991307715274319,-0.074991673519146484,-0.076697163059677997,1.3780165586840369,1.9235664029879715,-0.058609614296590382,-0.061410247090931555,2.1442275555975252
296,779,1290,1.0985578610729103,-0.083885057599955459,-0.094458433159485544,1.3705558137432803,1.8672296455139628,-0.066550708867244762,-0.083522750232744858,2.0961119750654089
779,1292,1290,1.0974201278464752,-0.087661194926506703,-0.090583397940800836,1.3834170581817893,1.9248325958136587,-0.067754798397920146,-0.072554539448707628,2.1499616686006742
779,191,1292,1.0924943687616526,-0.089467170196217083,-0.10171781347023767,1.379334747467325,1.8582269565840381,-0.070789554104574215,-0.090407313492254782,2.1000752945701944
1290,1292,416,1.0880933254779466,-0.081769426084811414,-0.090932202882666679,1.3836373993026916,1.856433128852091,-0.065334192631470167,-0.080019997274277596,2.1051775656537268
347,1291,979,1.0910570951066303,-0.069891867061436574,-0.076711453381713923,1.3780255852876313,1.8636809888703489,-0.056038353510749803,-0.066998490520298201,2.1045193086403069
1291,1293,979,1.0902959832487102,-0.072417997818275293,-0.07322293585650641,1.3896039772473658,1.9177936648684186,-0.056781153578771087,-0.058102761398835037,2.1538926328374313
1291,416,1293,1.0848670371016373,-0.074408461077514865,-0.081170356724946213,1.3866901429937561,1.8555489185704133,-0.059940052746907169,-0.070787038518729736,2.1091596431366266
979,1293,168,1.0826853578273479,-0.067610343066772938,-0.071879158064372284,1.3887551088128252,1.8563704030368757,-0.055030393110478179,-0.061886365198758592,2.1129107362630535
135,908,924,1.0645883274918111,-0.087058595416491968,-0.089373931854237032,1.4284164443480316,1.8960231142907669,-0.06722014362886955,-0.071006671691848516,2.1810658028195098
908,1294,924,1.0661844994629206,-0.081760689710407841,-0.093246330071522721,1.4155634429278203,1.843634034468818,-0.063570791312090036,-0.081980423187756266,2.134208261750413
908,331,1294,1.0710628465432106,-0.081207949589577666,-0.08203338233256563,1.4168339236841265,1.8964231946039525,-0.063782451300580689,-0.065131435061022855,2.1694832880301247
924,1294,334,1.0730978448285953,-0.09200161101603932,-0.09338335038688772,1.4157664147443163,1.8952221696862257,-0.072234590132945892,-0.074489491654220669,2.1664293425751255
331,1295,1294,1.0727555066580043,-0.07558978698371277,-0.08536465061251608,1.4057770040361945,1.8543474297364504,-0.058876636278167804,-0.074592120762799238,2.1304998986388064
1295,1296,1294,1.0788102348112514,-0.084558625305683144,-0.085352651572687677,1.4057592299189201,1.8983058354276248,-0.066874348452222954,-0.068170727457365604,2.158164113665892
1295,416,1296,1.0808017527802214,-0.07794851398776903,-0.088341261756839096,1.3958396377731779,1.8650336662081581,-0.060389502636909564,-0.077135326305816168,2.125576029983276
1294,1296,334,1.0752177961621676,-0.084965491146130723,-0.09678870943909601,1.4044640258111418,1.8562149369667369,-0.065812816825282006,-0.084814835769311953,2.1290756826219139
331,913,1295,1.0768387741926597,-0.075127331743819248,-0.075322919938332955,1.4069142919871953,1.8982700650046882,-0.059568235797776273,-0.05988783985807114,2.1603469015998678
913,1293,1295,1.0785053030764464,-0.069596121282852641,-0.078232998516369001,1.3972557392734282,1.8631212410652953,-0.054205518131262287,-0.068124974825625989,2.1268913158865437
913,168,1293,1.0822135975583604,-0.069176115709707275,-0.069002981317640266,1.3983011413262059,1.9023125846507376,-0.055125719777164003,-0.054842607467340487,2.153867408779417
1295,1293,416,1.0839063806821354,-0.077596880365438103,-0.078062905429591378,1.3970037758860685,1.9009842367146954,-0.061711579107359665,-0.062472678629527822,2.1507710870830512
334,1296,929,1.0817724130074748,-0.094674383383706484,-0.096142816966212852,1.4035073107865612,1.8985084973962412,-0.074763010542800601,-0.077157835416650999,2.1546606564031019
1296,1292,929,1.0841204426198301,-0.086881271556559669,-0.099183611806775041,1.3934149107115268,1.8679872683927552,-0.066967790223348173,-0.086788114375205005,2.1235747272895709
1296,416,1292,1.0866391583342687,-0.086595999002722301,-0.087590809830953908,1.3947279244060904,1.9012721889558586,-0.06878339297579289,-0.070406580363406829,2.1474611364587139
929,1292,191,1.0904489623995777,-0.096255875256719747,-0.098002620149876041,1.391665476540199,1.9038866135545449,-0.076185875890766558,-0.079034907844996588,2.1445713944244904
138,1297,1239,1.1472485298559931,-0.0062475811726497854,-0.0071195482198049831,1.3084507884063972,1.9494950191444655,-0.0047223374605685885,-0.0061533575351765766,2.0806515707978863
1297,1298,1239,1.1473519101563152,-0.0064895005253795546,-0.0064795569952966758,1.3069531504395631,1.9425596551295763,-0.005328824005035095,-0.0053125530177289011,2.0735157379788589
1297,417,1298,1.1480922696256028,-0.0053575368529502621,-0.0061518727904061876,1.3074541592485969,1.9502552130566102,-0.0040303942822775725,-0.0053341006515145034,2.0799181283804629
1239,1298,403,1.1486911304573191,-0.0063390063192370061,-0.0072558202352084322,1.3068659182493418,1.9512750270225574,-0.0047748979967033311,-0.0062799883992278351,2.0798978014830043
417,1299,1298,1.1481482180749083,-0.0054884547818456753,-0.005535265062457384,1.3060113130627347,1.943274710085324,-0.0044844606869258227,-0.00456106288930282,2.0728094195751301
1299,1300,1298,1.1494416414467343,-0.0053431069825302657,-0.0061184094950794687,1.3059457825011176,1.9517826292511209,-0.0040247583453908078,-0.0052975248548988406,2.079076074911403
1299,418,1300,1.1494371763592834,-0.0053326594941047745,-0.0054744976756566643,1.3044391465495995,1.9440672793355793,-0.0043199991283728485,-0.0045520950142074763,2.0713155510329431
1298,1300,403,1.1487303314398378,-0.0064307294524592606,-0.0065684640545420336,1.3052576304340651,1.9433400922210307,-0.0052235508409276387,-0.0054489108208678368,2.0718504953195422
417,1301,1299,1.1488090200477181,-0.0044781743135630103,-0.0051490365539592631,1.3066018063337641,1.9508647153583032,-0.0033662452938742725,-0.0044673474737368865,2.0792595792956412
1301,1302,1299,1.148818163523484,-0.004499569811112103,-0.0045591039816077483,1.3052213793242462,1.9438823630472661,-0.0036679228593232815,-0.0037653521980531672,2.0722221343545848
1301,195,1302,1.1494288015938219,-0.003565878902995312,-0.0041236458916618091,1.3058872127846819,1.9514997825411533,-0.0026704509938901633,-0.0035860023572787782,2.0787995542635582
1299,1302,418,1.1500743839326244,-0.0043583427151268062,-0.0049949600725547327,1.3051723794118553,1.9522148999938451,-0.0032819463136143081,-0.0043270355421352298,2.0783882806972747
403,1300,1244,1.150179414604267,-0.0062678894624280668,-0.0072128062293010942,1.305185222807028,1.952861984815768,-0.0047037868323122223,-0.0062553506599501551,2.0788740247756592
1300,1303,1244,1.1501348504968067,-0.0061636053773748145,-0.0065227625557024993,1.3035704575340414,1.9443285880788663,-0.004915944842165558,-0.005503586670444701,2.0703478830508004
1300,418,1303,1.1507767890380238,-0.005182121194712952,-0.0059926833785315381,1.3043809156924884,1.9529070969523299,-0.0038797182711515152,-0.0052104616390436752,2.0778568566627218
1244,1303,166,1.1515419693677913,-0.0060054811036645006,-0.0071904970282901104,1.3034954212093297,1.9535225454078284,-0.0043948740044683337,-0.0063404249948623512,2.0771409481656455
138,1304,1306,1.1455125811785107,-0.0066762847316459428,-0.0067104466473590918,1.3105691136361584,1.9483845664412027,-0.0054145768234276602,-0.0054706442095351932,2.0825978249184516
1304,1305,1306,1.1441314585885409,-0.0061395432183379839,-0.0070225208814200801,1.3106903941060235,1.9394818367150788,-0.0046782008830254535,-0.0061225917090448577,2.0761601345295837
1304,419,1305,1.1440415755431204,-0.0068329724366726907,-0.0067993805889159376,1.312411875592149,1.9476475547704788,-0.0055658902564026044,-0.005510751535394336,2.0844528075775184
1306,1305,421,1.1446615299479728,-0.0057797962423391525,-0.0057461636491922263,1.3115566277676187,1.9476326468012419,-0.0047135304274633586,-0.0046583350253479369,2.083336606924227
419,1307,1305,1.142549463738638,-0.0062530242470986153,-0.0069502058771326869,1.3124704977762125,1.9376344294195482,-0.0048496136957126464,-0.0059897356643589719,2.0771331304364802
1307,1308,1305,1.143253858743857,-0.0057749679089726946,-0.0057250330025375717,1.3133019938170127,1.9468293722620869,-0.0047135551521266129,-0.0046315990536858805,2.0850142347588303
1307,420,1308,1.1418421032149668,-0.0052262522828110392,-0.0057428997223063494,1.3133089381838836,1.93709424816918,-0.0040795826305135199,-0.0049244622503116786,2.0778430569114521
1305,1308,421,1.1433207779913408,-0.0052586780073777817,-0.0059414228775955813,1.3116325203620409,1.9387629952659551,-0.0040368465365845877,-0.0051536319616723551,2.0768747377536889
419,1309,1307,1.1424741258130533,-0.0068342652450068542,-0.0067081839008817923,1.3143377259206064,1.9466503782955817,-0.0056022828108423482,-0.0053953196822910318,2.0862180101663288
1309,1310,1307,1.1409576455475108,-0.006244845617146666,-0.0066139685724275754,1.3143011066746446,1.9359571193152634,-0.0049777252147200461,-0.0055812271618745791,2.0782972545603537
1309,167,1310,1.1408715134634813,-0.0069093648229054949,-0.0063739413298709025,1.3161529452128864,1.9448147410397283,-0.0058351621378200432,-0.0049565201435892107,2.0872176563617346
1307,1310,420,1.1417826481713433,-0.0056849357223134334,-0.0055178690354029669,1.3150450036742125,1.9455542575739431,-0.0046884310187549402,-0.0044142585132535654,2.0863362727778387
421,1308,1312,1.1439296302499011,-0.0048454642863404729,-0.0048017542831946258,1.3124059866570619,1.9469785597168374,-0.0039579106854295736,-0.0038861808367593609,2.0839656041646522
1308,1311,1312,1.1426376736580255,-0.0043432869831576681,-0.0048670803790475947,1.3124313785958091,1.9381764535643988,-0.0033503020543506441,-0.0042070531568128957,2.0774967749339783
1308,420,1311,1.1425888990417654,-0.0047194513456458864,-0.0046578124527378861,1.314045315149837,1.9460894173035435,-0.0038612634991154844,-0.0037601092253004877,2.085440648243361
1312,1311,196,1.143310066160204,-0.0038869786616357871,-0.0038334273477502734,1.3131328505459257,1.9464591766554389,-0.0031824615531817948,-0.0030945845167773033,2.084532930810588
139,1313,1261,1.0766034894661338,-0.017588322249489696,-0.018541728286369352,1.3943257054670319,1.8652571285171657,-0.014172128344429928,-0.015712947300415996,2.1280619770686782
1313,1314,1261,1.0787430841682171,-0.020277185631714545,-0.020322961047470001,1.3965642095827304,1.8931733287354278,-0.016277332823098647,-0.016352076595148961,2.1485988991123741
1313,422,1314,1.0788166582427925,-0.019788591345644591,-0.021071004740996546,1.3915965647092456,1.8682632361063667,-0.015847912691085909,-0.017921769796894468,2.1267699063043537
1261,1314,408,1.075726059170881,-0.021382739836060871,-0.02271132783521157,1.3956890199684444,1.8642487399610115,-0.017162162879813175,-0.019308805005369453,2.1288956524366904
422,1315,1314,1.0810519679464925,-0.022597741323606257,-0.022636212559813851,1.3935635867744489,1.8954153879031814,-0.018146462655456753,-0.018209301072848696,2.1465895082496207
1315,1316,1314,1.0781006544419141,-0.023679216305158235,-0.025258418336768784,1.3926027095447493,1.86660634294907,-0.018964034965631892,-0.021516477764341936,2.1267579530206744
1315,423,1316,1.0805329988556953,-0.026735983000648389,-0.026888809716504647,1.3946516488487184,1.895605184094211,-0.021403878853581013,-0.021653534520631963,2.1478231578333062
1314,1316,408,1.0780135749482431,-0.024257498033966485,-0.024462314655294692,1.3978895135192531,1.8930489374150321,-0.019393618813529127,-0.019728068340215128,2.1499071990959875
422,1317,1315,1.0811577067464047,-0.021895545968101615,-0.023380818866252095,1.3886187690680067,1.8708989786393868,-0.017503487438380351,-0.01990650383368734,2.1249413625638249
1317,1318,1315,1.0835326178243694,-0.024880135258474212,-0.024766935402551482,1.3903607242122789,1.8978494371296539,-0.020044399635294037,-0.019859432432566125,2.1444625216074504
1317,185,1318,1.0836495084676283,-0.02410369067475937,-0.025522801407115381,1.3853398940679698,1.8730355200055735,-0.019363021952907206,-0.02165950590195078,2.1224205103130598
1315,1318,423,1.0806535553311978,-0.025935188173738855,-0.027696406335848245,1.3892871987658237,1.8690565410401376,-0.020761639748080207,-0.023609215603023467,2.1243974249826043
408,1316,1265,1.0747815662193823,-0.025441830560821721,-0.026961081368002127,1.3969738691187736,1.8620331066785945,-0.020470684580440567,-0.022923651052876796,2.1288373817821942
1316,1319,1265,1.0772838628258565,-0.028586507312011733,-0.028826382275830231,1.3993180230386759,1.8931329290455219,-0.022829267063484447,-0.023221009534394946,2.1514331514908065
1316,423,1319,1.0773890017950034,-0.027888123071357906,-0.029683040303183805,1.3936276831885823,1.8647642709377701,-0.022385660480135752,-0.025284954117302687,2.1266191895788928
1265,1319,189,1.0737726951199464,-0.029873199675543916,-0.031361725924179851,1.3983889283372821,1.85963125903596,-0.024185187907791686,-0.026586671862375143,2.1287810899635686
140,1269,1321,1.2054347186212715,-0.014244936819743703,-0.015722332981660259,1.2414201758726282,1.9836604277313923,-0.011246707507528281,-0.013660210593148918,2.0135692863800028
1269,1320,1321,1.2072152991043872,-0.016390406351265208,-0.017529046628533607,1.2435971339592218,2.0053457437719455,-0.012800035575508302,-0.01467708361339402,2.034817563768943
1269,411,1320,1.2067262547853299,-0.017662309185030645,-0.018865905919870585,1.2401202402407263,1.9843369448441599,-0.014203860992002743,-0.016169698946582583,2.0121043628771758
1321,1320,425,1.2034666152143862,-0.016954895040443951,-0.018043509335488039,1.2435196645359241,1.9818299905326797,-0.013656872643384232,-0.015435035741548534,2.0151234981132906
411,1322,1320,1.2084769935888378,-0.01977182167053626,-0.020878261784607055,1.2425449821916281,2.0069953271378225,-0.015538156118935782,-0.017362598608214923,2.0345687646758934
1322,1323,1320,1.2044833090307665,-0.020373054993241269,-0.02144382769369102,1.2424598384939287,1.9819523661789367,-0.016520121900550709,-0.018268536330743074,2.0135461249532476
1322,424,1323,1.2061346978442486,-0.02236297279670163,-0.023679512337303699,1.2451538307499792,2.0053522279693388,-0.017538040949031192,-0.019709065716991513,2.0369176354647318
1320,1323,425,1.2050596299102483,-0.018874380322488005,-0.020088632073918866,1.2459839123589891,2.0038187519103601,-0.014773844007938214,-0.016775651872583459,2.0369563457748665
411,1274,1322,1.2079592479618095,-0.021118316659256231,-0.022320966525342101,1.2387929568683997,1.9843407497117471,-0.017100224797425442,-0.01906356446842538,2.0100102283365202
1274,1324,1322,1.2098151178562437,-0.023354397365156654,-0.024543935124914817,1.2414713435431519,2.0087937313389386,-0.018382973515302693,-0.0203450121760601,2.0343892331384898
1274,190,1324,1.209286447009208,-0.024729305445601091,-0.026084719695630199,1.2374642431547365,1.9846996530570906,-0.020063303892086992,-0.022275218116112508,2.0081775459997222
1322,1324,424,1.2055037841138569,-0.024003611650560142,-0.025129537025037507,1.2413831617549078,1.9818067438102716,-0.019542250894237265,-0.021379842672724213,2.011690015868524
425,1323,1326,1.2012090567237785,-0.019454211824528944,-0.020387719828818263,1.2459388747778877,1.9797473106970562,-0.015798485960057892,-0.017323090323228128,2.0169323069895793
1323,1325,1326,1.2026774956253294,-0.021223590893303168,-0.022603370162230796,1.2486085979236865,2.0020063260538277,-0.016601112998849928,-0.018875818556355291,2.0391865122508399
1323,424,1325,1.2019999702003481,-0.022985439594886248,-0.023947423846578886,1.2451134977380518,1.9795713233520049,-0.018741473528552953,-0.02031195418261824,2.0154466334780801
1326,1325,186,1.1987616806965877,-0.021813246703462685,-0.022578944448419236,1.2486122760250089,1.9776928133375358,-0.017824229925097156,-0.019074695663508119,2.0191287812373337
138,1276,1304,1.1447803694126213,-0.0071731984639580304,-0.0080165480820646451,1.3096827310772694,1.9387271249194811,-0.0055529842248511919,-0.0069318417408773363,2.0742644283552538
1276,1327,1304,1.1449434405337735,-0.0081033038533857571,-0.0083610650007486242,1.3116477451187389,1.9498452544163896,-0.0064660844732683277,-0.0068894536316976424,2.0850721624060808
1276,413,1327,1.1438361868956415,-0.0088547708792718893,-0.0097559565922882285,1.3107010649728066,1.9372438525990332,-0.0069171608699809956,-0.0083900725958022792,2.0744894089519414
1304,1327,419,1.1431335265416873,-0.0074492052387360452,-0.008076764519133306,1.3115449996004509,1.9368513564614018,-0.0058702634358124214,-0.0068960109951261457,2.0753281869535565
413,1328,1327,1.1439988961791734,-0.0097827768279667993,-0.010149166052631386,1.3129437195427354,1.9497672691039705,-0.0077752917435446583,-0.0083772226966781112,2.0866773393027529
1328,1329,1327,1.1420146822566779,-0.0090656866327698538,-0.009781549198090822,1.312810863685316,1.9354023533056928,-0.0071672374663189816,-0.0083369922346097046,2.075903764370711
1328,402,1329,1.1421486245407255,-0.0098296504749613156,-0.010201695209017814,1.315207241819917,1.9485249050828388,-0.007806353373330641,-0.0084175894268446513,2.0886898821198332
1327,1329,419,1.1432678307860371,-0.0082152041724543601,-0.0084563962067729648,1.3137102138819987,1.9488039656959348,-0.0065596121166079293,-0.0069557893151424195,2.086978896484005
413,1281,1328,1.1427530319735135,-0.010628262467215599,-0.011672993841235879,1.3119095984032905,1.935706050253059,-0.0083232973802037091,-0.010030263480348051,2.074919074577358
1281,1238,1328,1.142908795871012,-0.011516461157531577,-0.012112327612975093,1.3144147724964688,1.9495132328545555,-0.0090756503342100739,-0.010054779961572034,2.0883685573068456
1281,184,1238,1.1415881133570878,-0.012412777346254789,-0.013793640781736727,1.3132737047564267,1.9343230957033943,-0.0096592139218792186,-0.011914835814392764,2.0756607432125116
1328,1238,402,1.1407908090417518,-0.010751128657665365,-0.011627540734762576,1.3142395952251662,1.9339917861367288,-0.0084913415228514109,-0.0099231087993175877,2.0767153770976692
419,1329,1309,1.1414221222260057,-0.0075482353594935603,-0.0079189559016441535,1.3135160034144793,1.9350635546246064,-0.0060574612244529234,-0.0066632629647856243,2.0765991935323997
1329,1237,1309,1.1415402686294822,-0.0082220786883024921,-0.0083216658237326158,1.3158128434913658,1.9475847012892122,-0.0066210383065212746,-0.0067846175813734925,2.0888005044948441
1329,402,1237,1.1402059998223706,-0.0091276155749602239,-0.0095571849842261969,1.3149743256694428,1.933900342799973,-0.0073325710167558115,-0.0080344474480818062,2.077635786047201
1309,1237,167,1.1398416945933612,-0.0076082786913103106,-0.0073776880900648933,1.3154717258728432,1.9340883432575753,-0.0063471742839425853,-0.0059703374685462253,2.0784450608410951
139,1330,1332,1.0779302132716662,-0.014734039173982971,-0.016544170945783081,1.3931456104387947,1.8702571604853009,-0.011420140030268935,-0.01435041589098408,2.1299675463683481
1330,1331,1332,1.0806558140859348,-0.013916529846738079,-0.015135169019639072,1.3935682226609138,1.8941932851438261,-0.01069345824631868,-0.012683381695260169,2.145982460180921
1330,426,1331,1.0787630894398186,-0.012333686446398318,-0.013367586179444356,1.3920900325613141,1.8719440614629204,-0.0097416985621038461,-0.011416216291474476,2.1298824476434852
1332,1331,428,1.0806560553943108,-0.013943417037844519,-0.015097240160270052,1.3893420929923108,1.8725375914745213,-0.011037421457567378,-0.012905765170079669,2.1270403514202445
426,1333,1331,1.0813586816345637,-0.01155513399743846,-0.012279326420314707,1.3924164579922005,1.8942578240687542,-0.0090058025030916207,-0.010188214731548954,2.1447542991611939
1333,1334,1331,1.081356602995581,-0.01132460904904109,-0.012244249019941478,1.3885263087256121,1.8743259959423999,-0.0089600847346077706,-0.010450054657054137,2.1272956895807242
1333,427,1334,1.0839398015203727,-0.010549936084465195,-0.010942807710040636,1.3889165967302259,1.8967551466842614,-0.0083348097570482144,-0.0089765247242343596,2.142398763031514
1331,1334,428,1.0834765108471824,-0.013097457267165602,-0.013715353719605528,1.3897565722691454,1.8970316759376493,-0.010283729337189816,-0.011293190134217816,2.1435026716217647
426,1335,1333,1.0794691845185069,-0.0099749897084908667,-0.010767842813304854,1.391152437968481,1.8730863871123731,-0.0078923356102215923,-0.0091768373332447566,2.1295689745858848
1335,1336,1333,1.0819329362509098,-0.009236018685768066,-0.009699280541839439,1.3914729396424939,1.8942669087373063,-0.007251517043764576,-0.0080078195304419206,2.1437150446319091
1335,197,1336,1.0800510824408067,-0.0076622663230878629,-0.0083965022612476417,1.3903834552276466,1.8740130139212143,-0.0060103258793064909,-0.0072001482423358701,2.1293026868670841
1333,1336,427,1.0819296404052521,-0.0088687872068646811,-0.009666759883749633,1.3878494054713779,1.8756966590957924,-0.0069795352113056642,-0.0082729247126331167,2.1274307424655001
428,1334,1338,1.0834727927940599,-0.012685100852174891,-0.01367823279153841,1.3856396184993027,1.8759427352770297,-0.010058019822873007,-0.011667267878564237,2.1249499856875587
1334,1337,1338,1.0860948511231614,-0.011898609839615659,-0.012033518672129873,1.3861329533953226,1.8991557201538201,-0.0095253452866716527,-0.0097458023841707833,2.1407589094785133
1334,427,1337,1.0839357002317949,-0.010092960113572857,-0.010909387819859,1.3851928678396739,1.877673920810031,-0.0079802371830824358,-0.009303935709676402,2.1255976761263997
1338,1337,169,1.0860900109839291,-0.011361829351946184,-0.012000749576999523,1.3824987994948108,1.8805354129509162,-0.0090880689277190174,-0.010124598703886784,2.1242929002585682
140,1339,1341,1.2046489233453863,-0.012898751966086808,-0.012719971136935015,1.2427007721105312,1.9857000728713146,-0.010756814708804699,-0.010464398216976516,2.0172202380886639
1339,1340,1341,1.2049870678434005,-0.011771241037372066,-0.011927510245877571,1.2453431581925063,2.0014072119019035,-0.0094968148473998613,-0.0097541840253750275,2.0341893209900452
1339,429,1340,1.2021126631631207,-0.011745321494072813,-0.012106626066024972,1.2453447733444314,1.9837004271943648,-0.0095814641821480098,-0.010172435167074854,2.0195047467797722
1341,1340,431,1.2037731955793425,-0.010319722870177461,-0.010605017309913478,1.2437617541359334,1.9860323002562399,-0.0084216637055560574,-0.0088885194463667935,2.0191132019371407
429,1342,1340,1.2024365560088057,-0.010665331355574539,-0.011314705257166935,1.2479853585732608,1.9993087131191138,-0.0083923580159618281,-0.0094618162494118363,2.0363075713509269
1342,1343,1340,1.2014289307427419,-0.0094604494648624637,-0.0098257685431217823,1.246204941841377,1.98413980751595,-0.0076774428559119624,-0.0082752522277196507,2.0211765169331164
1342,430,1343,1.2017292328126956,-0.008459120542530587,-0.009112875076162652,1.2485820178539282,1.9982277566690343,-0.0066032285253802871,-0.0076796623060855808,2.036310694339595
1340,1343,431,1.2040238446795724,-0.0094839570912232697,-0.0098721706453925862,1.2462053622034046,2.000146052073045,-0.0075469232781278164,-0.0081861605887413539,2.034432111860657
429,1344,1342,1.1996648946276527,-0.010640222553613299,-0.011158751837514913,1.2479839457731412,1.9821595738864897,-0.0085965248166673079,-0.0094448293298327914,2.0221495797508662
1344,1345,1342,1.2000514992477012,-0.009351188104687165,-0.010430042314718335,1.2504136417194249,1.9970871278857421,-0.0071481115812354404,-0.0089246228505446366,2.0380076027096643
1344,170,1345,1.1976174930808974,-0.0093291372313570875,-0.010285156228695413,1.2504123291242593,1.9819615986898831,-0.0073183774936277195,-0.0088834227585680575,2.0255711933797995
1342,1345,430,1.1992870666270763,-0.0084370986495707623,-0.0088966656955147272,1.2485800682159951,1.9830999053818457,-0.0067856642843776831,-0.0075379331336132335,2.0238327258026008
431,1343,1347,1.2030022120539536,-0.0082623257059990518,-0.0085625729852374377,1.244639392633184,1.9859784093082502,-0.0067084749707425253,-0.0071999291219620124,2.020398036041485
1343,1346,1347,1.2032437478116913,-0.007456817942500759,-0.0078837662631592309,1.2469031737381804,1.9990980953030519,-0.0058864313042557796,-0.0065893207513548178,2.0346041859086634
1343,430,1346,1.2008731528084577,-0.0074354414326958107,-0.0077075664665748889,1.2469015848810905,1.9844561831836161,-0.0060340250614332024,-0.0064794871807280496,2.0224920444906762
1347,1346,198,1.2023680546088469,-0.0064097456405833864,-0.0065826298038942355,1.2453473960490484,1.9858404050681666,-0.005225994403894433,-0.0055090257345330271,2.0213523172560977
46,750,1211,1.1524166156514593,-0.0013678210244715272,-0.00095536758756509244,1.301085891824697,1.9473944339582001,-0.0012905879007885028,-0.00061533901308556032,2.0693616187389265
750,1348,1211,1.1527727402946732,-0.0022011852428835965,-0.001406646999553729,1.3021419269001182,1.9552054680735791,-0.0021190474746468841,-0.00081413129788013815,2.0766430787992749
750,290,1348,1.1522997688359915,-0.0026403802493087936,-0.0026425527928921611,1.3009942812168906,1.946099913805273,-0.002168351805990034,-0.0021719067714474688,2.0682617181710943
1211,1348,396,1.1513864279632413,-0.0020690731026395959,-0.002076472122233497,1.302205759579478,1.9460941047655755,-0.0016951488247520432,-0.0017072593341613809,2.0698773218280939
290,1349,1348,1.1527249928038299,-0.0036353933708159758,-0.0031898731017019344,1.302274996628352,1.9555129293117368,-0.0031391856897334293,-0.0024073786435643042,2.0770449926527932
1349,1350,1348,1.1511620007609333,-0.0034864960010905222,-0.0036283513648411869,1.3023167679606882,1.9450849783888051,-0.0028064615967895125,-0.0030385633432991783,2.0692623976158679
1349,418,1350,1.1515279543047319,-0.0043428607453259715,-0.004203379454548184,1.3036623862538157,1.954427336438558,-0.0035870576106255764,-0.0033579689506696127,2.0780580379006466
1348,1350,396,1.1517563215100455,-0.002934556386277265,-0.0025513748220582499,1.3033169450857045,1.9542775671568524,-0.0025446680696887456,-0.0019153990729427681,2.0774964942005321
290,753,1349,1.1520589194040474,-0.0042539333345212871,-0.0044024988682416222,1.301148908275523,1.9451851950415406,-0.0034373181287198984,-0.0036803416706651824,2.0677728611174757
753,1303,1349,1.1524835075943374,-0.0052473920858338019,-0.0050466959267509992,1.3026562116343605,1.9557357833622351,-0.0043453154587838883,-0.0040156004340596678,2.0777068939982177
753,166,1303,1.1515775537875639,-0.0060887421411641718,-0.0063246167399491071,1.3014694196159851,1.9434350133282432,-0.0049185008971538678,-0.0053041151704660526,2.0668735613230571
1349,1303,418,1.1507334394335329,-0.0050806791576269994,-0.0052645266413797742,1.3026769623668761,1.9439241049657987,-0.0041029321349756991,-0.0044036322501496104,2.068862882003887
396,1350,1212,1.1503717603918631,-0.0028026619586983825,-0.002925402437487179,1.3033525752630875,1.9450176784218711,-0.0022505761151521714,-0.002451445586937241,2.0705957204576468
1350,1302,1212,1.1506946345279205,-0.0035582169509380535,-0.003431002795313276,1.304535726317237,1.9532487000549015,-0.0029457569460327035,-0.0027368666137088521,2.0783300459558114
1350,418,1302,1.1500058004441209,-0.0041978591202656013,-0.0043558644353574039,1.3036769120981382,1.9441194425797088,-0.0033838449282157616,-0.0036423572419877724,2.0703480132343288
1212,1302,195,1.149371643394244,-0.0034321391644029919,-0.0035509267894759944,1.304547154777604,1.9442703360883478,-0.0027682932924528092,-0.0029626918898478316,2.071622499488718
93,1201,747,1.1388127612251022,-0.00096528160520747974,-0.0014051831402479564,1.3170288300607744,1.9351935797064799,-0.0006121032129994021,-0.0013315597612966806,2.0813218758916845
1201,1351,747,1.1398212578629359,-0.0013572793898397606,-0.0023694945486369967,1.3174036532595856,1.9441385471222017,-0.00068280209052480265,-0.0023439279106217945,2.088363545122002
1201,395,1351,1.1398986332246901,-0.0020509706388054383,-0.0021754234309341314,1.315663752689515,1.9357696902940935,-0.0016318653433560174,-0.0018353907328026086,2.0799641663379975
747,1351,289,1.138685270306266,-0.0025767829598990488,-0.0028035324087465341,1.3169377056206049,1.9338036399170753,-0.0020237917119660352,-0.0023944385825007174,2.0801817341005293
395,1352,1351,1.1409564312956268,-0.0024621114623872842,-0.0031430630058282283,1.3160398510609195,1.9450400733323117,-0.001717784606960298,-0.0028353287594442469,2.0872612768451733
1352,1353,1351,1.1399640889504692,-0.0035274662925584011,-0.0037057661425237143,1.3154357465323194,1.9350098165492255,-0.0028241411779951157,-0.0031156276160609828,2.0791032195056784
1352,420,1353,1.1412229659878148,-0.0040167617036068748,-0.0046290791758860639,1.3157946162366549,1.9455756676821521,-0.0030077646797125705,-0.0040128121031363928,2.0873309569319951
1351,1353,289,1.1399111799544683,-0.0030532647348699982,-0.0039218443680828496,1.317372366746028,1.9445544002334065,-0.0021184930723010835,-0.0035441060927189879,2.088622622438554
395,1206,1352,1.1409993130277796,-0.0028464427807026738,-0.0029527931377462124,1.3143345405344373,1.9366107107038533,-0.002292366436160897,-0.0024662918753023079,2.0788437794465615
1206,1311,1352,1.1421013585594362,-0.0032747815345324227,-0.0037728196730968389,1.3146532652460525,1.9458742115797558,-0.0024544946776384946,-0.0032718597736156631,2.0860770053839301
1206,196,1311,1.1421179672405684,-0.0034236383086163613,-0.0035927418525698585,1.3130393018475193,1.9377335363360089,-0.002740142363357261,-0.0030167316458427178,2.0779728857172968
1352,1311,420,1.1412429916081095,-0.0041963036101764217,-0.0044238224420460881,1.3139543643599438,1.9363012056517139,-0.0033529258717396706,-0.0037249345017234241,2.0781120067746794
289,1353,748,1.1387597812761152,-0.0042893786117250698,-0.0045419026020550035,1.3167066871670254,1.9330712983409089,-0.0034231533475266506,-0.0038357955866409324,2.0793363160191705
1353,1310,748,1.1402050823015184,-0.0048511601574734442,-0.005615971636553363,1.3171241726263414,1.9452436481288937,-0.0036188225182224951,-0.0048743651762874051,2.0887984509573201
1353,420,1310,1.1402308139090112,-0.0050818510458201516,-0.005377994738781311,1.3149906447475068,1.9345084148234333,-0.0040564887695441598,-0.0045404865356544876,2.0781439885209934
748,1310,167,1.1389746175569959,-0.0061720867292196502,-0.006481678694431281,1.3161948201510363,1.9318348272312,-0.0049564340116800797,-0.0054620345224908919,2.0777489518043022
77,760,1218,1.0876428988319171,-0.0018358447993591653,-0.0021034293218932243,1.3831428326013242,1.8967381156325351,-0.0013750672605134383,-0.0018117881676365977,2.1357962616169575
760,1354,1218,1.0861404983420373,-0.0022864707337610923,-0.0042556215012745646,1.3824973099072246,1.881707260169609,-0.0010888350965128938,-0.0042849650371278502,2.1251404335916391
760,292,1354,1.0881522548021911,-0.004599785394360012,-0.0045312813593398893,1.3828142906171825,1.8989066990139087,-0.0037424541937413148,-0.0036305689590668596,2.136836184244888
1218,1354,398,1.0858451878942064,-0.0038933869929813625,-0.0036720535089770356,1.3856727644232052,1.8956458164751011,-0.0032382291385207162,-0.0028770013999564288,2.1379998144733805
292,1355,1354,1.0864199510080663,-0.005119309402466854,-0.0070529752149699476,1.3820580257498185,1.8814703393564118,-0.003433115817331767,-0.0065711280293686853,2.1244514627068076
1355,1356,1354,1.0861556541303772,-0.0065577244340979668,-0.0064149240545994246,1.3855305691565132,1.8971668932892998,-0.005352268624507139,-0.0051190916726244987,2.1388185962467281
1355,427,1356,1.0843317432235962,-0.0071046953524058765,-0.0087741201705990868,1.3848230720626367,1.8791742306134203,-0.0051720991761380602,-0.0078801637536914382,2.1261757671234172
1354,1356,398,1.0842536496994359,-0.0043707486492001735,-0.0059455415722839966,1.3849908605701522,1.8796491043707435,-0.0029598860911194593,-0.0055149913863895067,2.1267060366921404
292,763,1355,1.0884876920028217,-0.0074970005655039529,-0.0075231559374213663,1.3825986856059798,1.900185367513652,-0.0060361056978397026,-0.0060788418760778836,2.1374092118671455
763,1337,1355,1.0865502727924286,-0.0080781048368976371,-0.010173015205220626,1.3818038939930726,1.8808971715623366,-0.0058064800759948295,-0.0092052504598231048,2.123746256493023
763,169,1337,1.0887199502219131,-0.010573012498838352,-0.011030430689675685,1.38278983431423,1.9025973752403711,-0.0083163842617104619,-0.0090644234422009376,2.1391879993515102
1355,1337,427,1.0863109175359265,-0.009380543867511193,-0.009470918077946644,1.385624318558655,1.8985689626129889,-0.0075234668326017787,-0.0076711107664360727,2.1398203155017015
398,1356,1219,1.0840272442942485,-0.0056029919742535128,-0.0053516049571638025,1.3882234443014498,1.894415252248681,-0.0046292927323402754,-0.0042190468839112521,2.1401231778335474
1356,1336,1219,1.0823100973560464,-0.0061180532218045869,-0.0074987371615300447,1.3875794082162227,1.877549709634126,-0.0044738708743115151,-0.0067131931502669058,2.1283479689296034
1356,427,1336,1.0841287362818091,-0.0082093024225073918,-0.008133425931392102,1.3883092355414091,1.8954218345795317,-0.006655228800731959,-0.0065313596543333241,2.1408583965129351
1219,1336,197,1.0821415828743419,-0.0070352170372363076,-0.0069011250693670201,1.3908319962493114,1.8928756786106551,-0.0057352132689020129,-0.0055164249207437718,2.1420998162889084
62,1222,757,1.1977071770244216,-0.0017318715691294617,-0.0016054574287274193,1.2522830677501453,1.9925927084923822,-0.0014642152091011379,-0.0012562928232967602,2.0370816243858845
1222,1357,757,1.1972278320357246,-0.0033302022134419906,-0.0020151828992744925,1.2509168768213366,1.9826057329555793,-0.0032819995517471157,-0.0011282947299766904,2.0269027260096246
1222,401,1357,1.1993333195321731,-0.0029433362817836706,-0.0033810716659612439,1.2506659060456116,1.9944017538951366,-0.0022162633695047363,-0.0029364054071972208,2.036223821342487
757,1357,291,1.1975732249982567,-0.0036305705703718605,-0.0040592420810661167,1.2526944773068873,1.9937959056321062,-0.0027762860044139919,-0.0034817584888409874,2.0386541180629174
401,1358,1357,1.1988296897968791,-0.0046228312597306198,-0.0038190660377814822,1.2492052906444666,1.9837698697423252,-0.0041416117073341547,-0.00282529633583797,2.0253437205433906
1358,1359,1357,1.1993540409698498,-0.0050787765418851549,-0.0057206214064127181,1.2508587725927747,1.9954114207765798,-0.0038654876545691687,-0.0049218808600944141,2.0373203363648624
1358,430,1359,1.1988324728049236,-0.0068178963840790918,-0.0062399409239120018,1.2491271506533006,1.9832507697755231,-0.0058647333375271317,-0.0049184490650421575,2.0247841931384878
1357,1359,291,1.1970096951022411,-0.0055096078462936182,-0.004544981389418723,1.2510748254069255,1.9819520084677908,-0.004939961353522101,-0.0033604649945732888,2.0265847250884037
401,1227,1358,1.2009787759858412,-0.0042279544285410697,-0.0048266427575995863,1.2490201567469317,1.9961354576164851,-0.0031943230483010218,-0.0041794453900948084,2.0352587902077248
1227,1346,1358,1.2005090571723886,-0.005794439467613155,-0.0053056368038610913,1.2474227393436235,1.9850097663099078,-0.0049816504215617931,-0.0041811846848129608,2.0237358366048106
1227,198,1346,1.2026717901961748,-0.0053969679784764413,-0.0059984105710704227,1.2472954199667683,1.997719381349772,-0.0041441683925083506,-0.0051339281484488932,2.0340518597504973
1358,1346,430,1.2011881913709594,-0.0063849750661764126,-0.0070867849762272783,1.2489715221973086,1.9970466379073986,-0.0049026655766834498,-0.0060578465528995703,2.0359227591763038
291,1359,758,1.1975554273426483,-0.0059841448611019921,-0.0066520890765016105,1.2529070436958136,1.994633470900846,-0.0045862634581139341,-0.0056859182075382608,2.0396296193953098
1359,1345,758,1.1969669966646557,-0.0079462114454350585,-0.0072148813226426967,1.2510304660437952,1.9812808007677916,-0.0068614013869391331,-0.005664257163381264,2.0259464833704754
1359,430,1345,1.1995782010712255,-0.0074663383106281511,-0.0082170150157026001,1.2508462992908704,1.9965619442451166,-0.0057547355786138222,-0.0069907751324974673,2.0382263817796415
758,1345,170,1.1978119036765182,-0.0086808934405853133,-0.0095030652529644044,1.2530201377018564,1.9965755673015644,-0.0066973051464750098,-0.008051895378302365,2.0413555477217464
139,1332,1313,1.0798990610170032,-0.016380636629450329,-0.018133913097193144,1.394475152241893,1.8923238049400422,-0.012471882389708405,-0.015333153368401974,2.1457473476033431
1332,1360,1313,1.0799237052980883,-0.016880471130409358,-0.017929142656369024,1.3903220048748697,1.8712015676402154,-0.01350904775199616,-0.015206478673075886,2.1272587197933941
1332,428,1360,1.0828749435656793,-0.015799023718589211,-0.016774801360223801,1.3907450000022992,1.8968467669349565,-0.012302109682217233,-0.013896298252810402,2.1444598522877327
1313,1360,422,1.0820043617394681,-0.018620493962933971,-0.019946113364425866,1.392008768251443,1.8958183356870841,-0.014427659303376226,-0.016592889402555315,2.1451663457319294
428,1361,1360,1.0828722647752871,-0.015744650206968025,-0.016554669819350387,1.386276817298592,1.8739555142504023,-0.012671945288266345,-0.013983612551909316,2.1243452311908118
1361,1362,1360,1.0851498669443524,-0.017649358094248058,-0.018477556911694948,1.3878848848798757,1.8996253729153747,-0.013842768788412424,-0.015196599906783802,2.1429684261855009
1361,406,1362,1.0851372826399386,-0.017394133959738767,-0.01824823088280958,1.3832338898530643,1.8757465558244981,-0.014024318708926408,-0.01540757054317991,2.1219015561642025
1360,1362,422,1.0820131545107401,-0.018798828661583666,-0.019720331181253492,1.3874294614150422,1.8724237148963321,-0.015158324277873881,-0.016649873131686258,2.1246291685393546
428,1338,1361,1.0858335990898622,-0.014659503214535796,-0.015084357516168545,1.3868155963772941,1.9001355621007345,-0.011610512837920847,-0.01230506276725921,2.1421403837712143
1338,1252,1361,1.085820434928058,-0.014392289088482002,-0.014864561354996475,1.3823540408300641,1.8772153369442588,-0.011687672932726767,-0.01245288130026509,2.1218925830139113
1338,169,1252,1.0885276383773244,-0.013400265436707137,-0.012752948914636519,1.3831278169881842,1.9025020237683143,-0.011048284606692618,-0.0099897053374894337,2.1394822859994878
1361,1252,406,1.0881080461553836,-0.016305476553044151,-0.016626990297415212,1.3838280049895095,1.9022135319661395,-0.012979673939534534,-0.013505431755178512,2.1400388488888762
422,1362,1317,1.0843271981278297,-0.020734122206127914,-0.021824361102058099,1.38918911516279,1.899090485572605,-0.016205968325819886,-0.017988035496437189,2.1440345894511599
1362,1251,1317,1.0843229105471286,-0.020647090297313486,-0.021583576882917122,1.384301531308461,1.8740500961135855,-0.016692857111467001,-0.018208769111106669,2.1219680759999267
1362,406,1251,1.0875938380346968,-0.019448496437737717,-0.020152122005934636,1.3848260715290359,1.9025871604922804,-0.015330702403092384,-0.016481569226628655,2.1413620312049746
1317,1251,185,1.0869915786333584,-0.022878965306786903,-0.023647058425962264,1.3860272734163668,1.9031375295319832,-0.018032546205949816,-0.019289237769923161,2.1430150154283489
140,1321,1339,1.2055418213081941,-0.013966396116180002,-0.014439394676337258,1.2447566984983638,2.0014794357501366,-0.011153093089840142,-0.011931964718774928,2.0333489131220279
1321,1363,1339,1.2025945476228843,-0.014400685402257585,-0.014937359561384866,1.2446833219349624,1.9828954129695804,-0.011727924933117601,-0.012605255658073349,2.0178041380556202
1321,425,1363,1.2038647544313257,-0.015919567012077085,-0.01675856020588995,1.2468610682266323,2.0015662907722875,-0.012561416132966866,-0.013943806713167629,2.0364405928124714
1339,1363,429,1.2031422381536794,-0.012976461579842447,-0.013871456747397204,1.2474551138406174,2.0006272136741607,-0.010156329396254292,-0.011630781062385468,2.0365871531213751
425,1364,1363,1.2004705222183572,-0.016419716927539296,-0.017066017149337753,1.2468157635584109,1.9802966924602108,-0.013371380672047472,-0.014427488592774634,2.0187711455542052
1364,1365,1363,1.2010878125990905,-0.014814504465105793,-0.015934319541539566,1.249758649371054,1.9993980299276772,-0.01154532418606808,-0.013390446218854449,2.038867663332157
1364,407,1365,1.1976907921302817,-0.015315046771327001,-0.015901926300806224,1.2497634224324976,1.9782905826334174,-0.012472219335947284,-0.013431336439591646,2.0214999700488994
1363,1365,429,1.199944663576054,-0.013447633425000882,-0.013992853813622474,1.2474372256324457,1.9807204583215561,-0.010932850861492125,-0.011824143206244964,2.0201070750233798
425,1326,1364,1.2017757756031822,-0.017980506358985071,-0.019110414103761464,1.2492604024287211,2.0005154128956311,-0.01409674288451564,-0.015958923572514785,2.0389933500268596
1326,1257,1364,1.1981219001769889,-0.018518915451485762,-0.019143218424833464,1.2492555686173077,1.9777652694555989,-0.015132047255091083,-0.016151900619975405,2.0202393104486314
1326,186,1257,1.1994279385391273,-0.020080628941721912,-0.021327297288977753,1.2518672112188973,1.9988214078192683,-0.015742418172358913,-0.017797122446782276,2.0412961047234908
1364,1257,407,1.198830006401526,-0.016677278040521326,-0.017988573709484257,1.2522585600195502,1.9978142876336982,-0.012969332242680078,-0.015130102866024404,2.0411223876673681
429,1365,1344,1.200596041843073,-0.011753601594475693,-0.012956219053060991,1.2501331895138605,1.9987288165391033,-0.0090324714125045238,-0.011013817599666107,2.0389167237364867
1365,1256,1344,1.1973996981149688,-0.012224592070404494,-0.012906060830143673,1.250140580472813,1.9788789366146784,-0.0098593113190065529,-0.010973443284294924,2.0225999598634852
1365,407,1256,1.1984131577123724,-0.013436519633499788,-0.014858896391266363,1.2524758440085098,1.9968864136287701,-0.010305532617476021,-0.012648776967942105,2.0407441055310449
1344,1256,170,1.1982309961074227,-0.010062783870841585,-0.012008907653636491,1.2524736464862549,1.9961764146583283,-0.007356910325487815,-0.010562239554422372,2.0402139176718106
146,1366,612,1.1583175540194268,-0.012427216601644808,-0.012020360071460345,1.2966982692047484,1.9639933525167537,-0.010226095121035856,-0.0095565739064990482,2.0759692724579875
1366,1367,612,1.1556166664471927,-0.011875494537934905,-0.01210297056700238,1.2967151444103493,1.9459097681529423,-0.0097014297704475748,-0.010073224947281769,2.062271414768265
1366,432,1367,1.1558875204978849,-0.012647639090737073,-0.0130406296560448,1.2993882015647049,1.9612883671066939,-0.010076489698663427,-0.010722933347570705,2.0774788119495531
612,1367,251,1.1564553039367347,-0.010569108637636937,-0.010798605912614612,1.2987470158859118,1.9621353731991169,-0.0084585981913492883,-0.0088361803009436544,2.0773046222857579
432,1368,1367,1.1534225466011567,-0.012144006045981648,-0.012613727128548469,1.299300978645217,1.9442219006145536,-0.0098206414812919279,-0.010588347312398935,2.0644765000094321
1368,1369,1367,1.154246607203615,-0.01086038411817003,-0.011400639531151668,1.3011905797688859,1.9596446953850297,-0.0085699942703944786,-0.0094585165289020404,2.0786500492275621
1368,404,1369,1.1519450892720284,-0.010390147705127362,-0.010885651609037872,1.3010853596139906,1.9435392106665317,-0.0083574478859323627,-0.0091674393240414077,2.0663861306629863
1367,1369,251,1.1539660340631799,-0.010060532605901784,-0.010523786928068546,1.2986908683584417,1.9450616928645579,-0.0081025456370326897,-0.0088598321480533922,2.0643212734471916
432,1370,1368,1.1536666613359796,-0.012839922766703538,-0.013535731654398475,1.3019294081277177,1.9592028770350163,-0.01010673089107126,-0.011251055007964392,2.079259196860296
1370,1246,1368,1.1513258212897095,-0.012361672033704529,-0.0128421962353924,1.301787713771871,1.9426492202393635,-0.0099911187035512904,-0.010776469416801489,2.0666274357067742
1370,187,1246,1.1515394324924038,-0.012970589016121359,-0.013741367699807938,1.3043508788488101,1.9571025244741973,-0.010183558785878583,-0.011450871393946512,2.0808668971868962
1368,1246,404,1.1521734787657856,-0.011041235267122751,-0.011736311977717406,1.3035104027997306,1.9574014516340157,-0.0086560273902491457,-0.0097988113124145571,2.0800177497271481
251,1369,613,1.1547193302654688,-0.0088872198526024349,-0.0092967280750926307,1.3006021003504138,1.9600743582881068,-0.0070267748054784439,-0.0077002981761908409,2.0782239598131369
1369,1245,613,1.1524324516986617,-0.0084199938443170197,-0.0089443162685025612,1.3005301000421987,1.9442338180054732,-0.0067209971054619216,-0.0075782278997436978,2.0661898060434103
1369,404,1245,1.1527071693562059,-0.0092030715315045697,-0.0097562732406615282,1.30284456862619,1.9578552282567778,-0.0072263838300807119,-0.0081359457432149569,2.079508177584914
613,1245,166,1.1531682111769199,-0.0072739167268451865,-0.007772924495657918,1.302354752453919,1.958674904774766,-0.0056829336785343201,-0.0065035659967404395,2.0795017088822312
150,560,1144,1.0546802754418856,-0.039002854352144567,-0.039233643529984707,1.4233873109614494,1.8278487058555473,-0.032619564717700167,-0.032988825867635907,2.1370429547388992
560,1371,1144,1.0602726321692955,-0.037628961444359454,-0.03477116894058252,1.4244836219602632,1.8813496514551311,-0.03116236187764633,-0.026501141509197725,2.1714276047913215
560,235,1371,1.0566227447033829,-0.030984096008341844,-0.032587474472753231,1.4205080594182364,1.8326314520158271,-0.025307252191731452,-0.027876722648254672,2.1370579004420205
1144,1371,384,1.060866455963196,-0.03616262634557188,-0.038315803814152449,1.415730819225028,1.8408267311275879,-0.029298624486436907,-0.032756549266570248,2.1364985071537106
235,1372,1371,1.061739240464378,-0.029727109449475542,-0.028430412299961461,1.4215293387312005,1.8812291053811212,-0.024268880438482889,-0.022154258352805087,2.1684247279788731
1372,1373,1371,1.0619329567687599,-0.029248763820284296,-0.031549428962289738,1.4138275193486649,1.8428162188497783,-0.023466867436807239,-0.027164160157462987,2.1358641285462565
1372,409,1373,1.0661421221062666,-0.028214726256916123,-0.027277120349594952,1.4148770688991323,1.8836136757190221,-0.022969086850038359,-0.021439938263646582,2.1626993424830259
1371,1373,384,1.0651525020765926,-0.035109701994968212,-0.033275178718649157,1.4169691159593372,1.8837451853388605,-0.028815287046751729,-0.025822998404014419,2.1648403100952835
235,559,1372,1.0587155013980696,-0.02422218925758024,-0.026262820016202948,1.4175830912974803,1.8373924509499528,-0.019431381305868023,-0.022706476961623666,2.1369251609068969
559,1267,1372,1.0634797544065462,-0.023051545341258084,-0.022847343779290208,1.4184223218066434,1.8816009885757465,-0.018519964019552367,-0.018186986990181148,2.1654610052878196
559,173,1267,1.0607446447516575,-0.018072094391269999,-0.020817469482063977,1.4147267992232582,1.8411638975694609,-0.014000836644433787,-0.018411848406820825,2.1361919447859989
1372,1267,409,1.0634059651975964,-0.023233760019561345,-0.025553594498826548,1.4117395207400039,1.8462994678612894,-0.018412435620037075,-0.022144731797818361,2.135870863335616
384,1373,1148,1.0657845290641768,-0.033549031363723003,-0.036370999300352924,1.4093245748932368,1.8493407192380742,-0.026762241336503192,-0.031304534446832281,2.1346418357320349
1373,1266,1148,1.0693709107504952,-0.032667988904501399,-0.031426401233944912,1.410539281308036,1.8859408795690045,-0.026684219727291549,-0.024658968362287113,2.1592358088430679
1373,409,1266,1.0664742910648721,-0.027394498088675334,-0.030049188504692514,1.4080319729737059,1.8508659651760229,-0.021702513754436659,-0.025977941505939663,2.1343718948419692
1148,1266,189,1.0700650642875367,-0.030954053461407227,-0.034214856317626996,1.4036543030656579,1.8560222677638487,-0.024374537829669293,-0.029632085924273972,2.1324735474943304
151,999,568,1.2283094997143955,-0.030889691276783759,-0.034154238008822446,1.2165554480324285,1.9896847279680319,-0.024820308211369192,-0.030120570727206933,1.9797563928014845
999,1374,568,1.2291431693232393,-0.027485771640540446,-0.032612547695325844,1.2228502558021415,2.0275813895374317,-0.019959721766915066,-0.028427907476272954,2.022514705981497
999,354,1374,1.2224579576909798,-0.030257683163582016,-0.031580204670369483,1.2232782996224456,1.9898997148069681,-0.024873141531541826,-0.027025573488931184,1.9905882035896834
568,1374,238,1.2252818915730699,-0.025490517062739637,-0.026662613115069789,1.2197757206412492,1.9902806000439115,-0.020992550554669358,-0.022898505116240336,1.9856467141375787
354,1375,1374,1.2234453261554805,-0.02622620250401797,-0.030393017294493063,1.2281256520721167,2.0213860451173646,-0.019404187563021195,-0.026281907568310954,2.0251626039578787
1375,1376,1374,1.2202869395793809,-0.024594155890911518,-0.025095171533114247,1.2253880735574878,1.9895686031684279,-0.020409652382795691,-0.021225685366226543,1.9938429100888873
1375,410,1376,1.2211239065765622,-0.021176064601607258,-0.023973586861599117,1.2299685155687365,2.0185467026277379,-0.015934661137126931,-0.020550502313654059,2.0256939782828045
1374,1376,238,1.2260908432979256,-0.022187387283416626,-0.025309932533739143,1.2252990162506343,2.0238979490345388,-0.016579473322963681,-0.021734684081699158,2.0232592143386872
354,1004,1375,1.2175826241160514,-0.028657074140277405,-0.029303786859559366,1.228577283308331,1.9884428295767282,-0.02371635421466415,-0.02477018992225738,1.9976402952285648
1004,1273,1375,1.218571597369527,-0.024619041037578615,-0.028299230658166863,1.2326789424588505,2.0161044546403355,-0.018352807520697678,-0.024423692901935933,2.0275081311746961
1004,190,1273,1.2133341937076523,-0.026790716318224606,-0.027182905355759956,1.2331418237299747,1.9867534337084689,-0.022203517471392722,-0.022843151506808719,2.0032849860702466
1375,1273,410,1.2160114864942428,-0.02329608808220629,-0.023463489091112066,1.2301800434231422,1.988780232567257,-0.019385126177827457,-0.019658133444533273,2.0006106784371758
238,1376,569,1.2224457558673227,-0.02030376605612455,-0.020560826657927578,1.222844886738339,1.9905397156571087,-0.016932317682636054,-0.017350862919402989,1.9908745648462502
1376,1272,569,1.2231104867854157,-0.017589632542185984,-0.019341488895525671,1.2278235110142095,2.0203237880488323,-0.013475314785577387,-0.0163661742192245,2.0241320574765598
1376,410,1272,1.2181575915676521,-0.019643267951465648,-0.019608364457171845,1.2277128555128991,1.9899569312803074,-0.016430880691540421,-0.016373971857202345,1.9979428163391706
569,1272,174,1.2198432055782678,-0.015901316340317884,-0.015043536605814367,1.2256026117326595,1.9900703484034563,-0.01365304457054782,-0.012255254347934109,1.9948923592399814
141,945,516,1.3213911799438991,-0.1464985154094236,-0.17511856561112449,1.1587908087481278,2.0779683767156527,-0.10712450456667505,-0.15356107061185847,1.9461732271703938
945,1377,516,1.3266102317265309,-0.17916929550824823,-0.17444480053332079,1.1545731018519314,2.0549349725383483,-0.15183444073256275,-0.14428303243975843,1.9108705792900198
945,339,1377,1.3514748244513806,-0.15945425856991902,-0.19536131588864603,1.1379884797986124,2.0950468461806064,-0.1150313788867533,-0.17296828524740054,1.921762469780141
516,1377,223,1.3111368122888494,-0.16989258484949232,-0.203372933000602,1.1719162570528834,2.0469137853227912,-0.12828078435278428,-0.1819200486478717,1.9312150932663921
339,1378,1377,1.3581445685971232,-0.20119884479547623,-0.19475480348309393,1.1341924407216686,2.0689446233258266,-0.17185957936873059,-0.16164861222725396,1.8803117631500617
1378,1379,1377,1.3390249647654353,-0.18973535765896887,-0.23021364972141267,1.1554524015088621,2.0606925991525165,-0.14262715208435534,-0.20702532224358738,1.9078488018501343
1378,415,1379,1.3464133306716606,-0.23597765285034455,-0.23119085059557243,1.1615685051043911,2.0775599039314234,-0.19376049152462466,-0.18611679560786565,1.9272536432160072
1377,1379,223,1.3170865990695126,-0.20713110282886915,-0.2040563315217554,1.1761935108529267,2.0623643943104297,-0.16986171411664214,-0.16491646708330565,1.9476528835093194
339,944,1378,1.3893340713565059,-0.17646752936850452,-0.21883077558427733,1.1151017080210259,2.1228916778349309,-0.12492807083746421,-0.1930157239958793,1.9023228639225775
944,1288,1378,1.3975306962464331,-0.22776682744145926,-0.21805091420022471,1.110220876930998,2.0830285299970752,-0.19733047350973593,-0.18213717380898403,1.8384784123061091
944,175,1288,1.4367184352663167,-0.1966934133493079,-0.24508863725037244,1.0887816618739672,2.1571744438859599,-0.13660504455858019,-0.21398815626042872,1.8810557856003209
1378,1288,415,1.3743183460409789,-0.21385042987769154,-0.26240860914896746,1.1368144494238859,2.0790496915565218,-0.15987183225549062,-0.2364558113131921,1.881406493273069
223,1379,521,1.2950811950606043,-0.19393738459022636,-0.22973374538854241,1.1915888457224098,2.0104475975316252,-0.1519670575584845,-0.20858121220561904,1.9223745973968787
1379,1287,521,1.3015192220811442,-0.23424019370826721,-0.23185620029249776,1.2048756639639144,2.06718238615445,-0.18585543127626125,-0.18199551883218745,1.9909096985025783
1379,415,1287,1.3196000249112738,-0.2199030593095983,-0.26267118623734831,1.1804409859722815,2.017553626749566,-0.17286136752668418,-0.23985385919877728,1.8985397033241473
521,1287,193,1.2743332981917288,-0.21794153710370945,-0.25235933994748017,1.2171678205193137,1.9714044998373292,-0.17722911613611797,-0.23100992650249769,1.9217826917231466
138,1380,1297,1.1464018678776258,-0.0063427284681383256,-0.0059794915442452634,1.3085789071977842,1.944367002600448,-0.0053365643603341187,-0.0047415649273075712,2.0770087804710693
1380,1381,1297,1.1467668534118847,-0.0049784183012457905,-0.0060041257796594749,1.308486824814588,1.9464527966519378,-0.0036411036090580381,-0.0053225457176993025,2.0784441733410057
1380,433,1381,1.1463793432182445,-0.0050219645638875932,-0.0046625735761267606,1.3086375810670994,1.9445968565449516,-0.0042536435542080081,-0.0036648812155827609,2.0772666707305207
1297,1381,417,1.1472300014991887,-0.0054544707966224237,-0.0051130670715195947,1.3075709390899863,1.9449631831328884,-0.004602040921420851,-0.004042803485244351,2.0761311500507085
433,1382,1381,1.1466984847732409,-0.0038289612331243728,-0.0046913652765727676,1.3085299529817256,1.9462730594995583,-0.0027707153612459871,-0.0041843813540222482,2.0783752168151088
1382,1383,1381,1.1471121062194052,-0.0042541544677314747,-0.0039059079788796858,1.307722521132753,1.9449943607599689,-0.0036224024866234345,-0.0030519269193785854,2.0763618376855315
1382,434,1383,1.147405981778741,-0.0031557965407538191,-0.0038991567290853624,1.3077477538834612,1.9471667904447927,-0.0022692785111332239,-0.003488004808321574,2.0780157095860203
1381,1383,417,1.1475647051266415,-0.0042032938937154318,-0.0051086740558012878,1.3075873609012489,1.947382524858891,-0.0030570219322080677,-0.0045414369179579521,2.0779591732740887
433,1384,1382,1.1463754321593917,-0.0038652656654649675,-0.0035047599599291601,1.3086633028776404,1.9447591333866072,-0.0033077757005237273,-0.0027171449617539476,2.0774278098913972
1384,1385,1382,1.1466496511047675,-0.0028402395753531762,-0.0035328368588913861,1.3085583518724389,1.9461289080094264,-0.0020338469194703546,-0.0031691136374980304,2.0783106875025581
1384,179,1385,1.1463906710054683,-0.0028693423334447132,-0.0024861068759918226,1.3086759776265442,1.9449662425337824,-0.0025024778432324647,-0.001874555551196512,2.077602773798791
1382,1385,434,1.1470009523394271,-0.0032013288985597299,-0.0028580750402369404,1.3078647895834852,1.9450018442616457,-0.0027589186741729796,-0.0021966000991635254,2.0765599601201812
417,1383,1301,1.14792839198679,-0.0045771344479303977,-0.0042483525302756675,1.3067030202468342,1.945367185410835,-0.003880218144001254,-0.0033416769285516609,2.0752924471339802
1383,1386,1301,1.1482409733728698,-0.0034086541015457827,-0.0042128713810711815,1.3068356545857978,1.9482183079051119,-0.0024493874399974282,-0.0037681367379108297,2.0775974285520267
1383,434,1386,1.1477100188264542,-0.0034683224112246336,-0.0031301972363060315,1.3069573247675219,1.9452197659950103,-0.0029765503315041866,-0.0024227014538067866,2.0755241898410528
1301,1386,195,1.1484959004377693,-0.0036707132000737275,-0.0033723685407807125,1.3059716371982226,1.9455582658054333,-0.0031271682532754775,-0.0026385266876420956,2.0744730068470254
138,1306,1380,1.1456553318686271,-0.0055753489076462159,-0.0068521871388769195,1.3094759687645166,1.9438129077009221,-0.0040355364653037358,-0.0061270414587414803,2.0777767104844167
1306,1387,1380,1.1455736981840028,-0.005597334597145398,-0.0053388061560895039,1.3098835544876746,1.9453843909226018,-0.0046745842507082969,-0.0042508167713272912,2.0794839231501396
1306,421,1387,1.1447896429268398,-0.0047913894723974337,-0.0058896312875076351,1.3104497579857064,1.9428822300307054,-0.0034685221944423597,-0.0052672508871027708,2.0783720119857567
1380,1387,433,1.1457342268086113,-0.0043588372900265071,-0.0054018118661682824,1.3093974579896042,1.9440407998985783,-0.0031358983986052441,-0.0048444554751737156,2.0778526478658295
421,1388,1387,1.1448171437471277,-0.0047839829159173064,-0.0045087585175025424,1.3108216564256576,1.9450136670061782,-0.0040161869196839086,-0.0035650195781664036,2.0804435075121135
1388,1389,1387,1.1449630888019868,-0.0036584111999351521,-0.0045832173239688245,1.3102474079412523,1.9431113284327024,-0.0026127093822635849,-0.0041274516127392403,2.0782839970038367
1388,435,1389,1.1450096341082254,-0.0036458755578738788,-0.0033752903314159255,1.3105727284007944,1.9451228681478825,-0.0030860428165029727,-0.0026424844098013956,2.0802048058603835
1387,1389,433,1.1456631202691279,-0.0043779877951850565,-0.0040979684797832761,1.3097486107763565,1.9453801514646609,-0.0036886612844348804,-0.0032296785876680303,2.0793118465540115
421,1312,1388,1.1440410391982871,-0.0039862092514093561,-0.0049485591336522194,1.3112737364317884,1.9419758282085462,-0.0028667617436900659,-0.0044426822232253357,2.0787872123635234
1312,1390,1388,1.1441786007760815,-0.0039491543819023534,-0.003658237680239651,1.3116213094521427,1.944735712257434,-0.003340444541725952,-0.0028635174158508627,2.0812881846703526
1312,196,1390,1.1434050668396438,-0.0031540679488699652,-0.0039857231834201645,1.3119579194809017,1.9411185782466007,-0.0022406034819773312,-0.00360227506513024,2.0790545246214771
1388,1390,435,1.1443109933991404,-0.002927729651327482,-0.0037449048374524896,1.3109526620935483,1.9422505158862873,-0.0020602323876132006,-0.0033984671805668771,2.0785755021376016
433,1389,1384,1.1458055563054959,-0.0032794786745782289,-0.0041523763653263934,1.3093290009639365,1.9442401724649208,-0.0023226809708467395,-0.0037527174967882581,2.0779174414328896
1389,1391,1384,1.1457417282405986,-0.0032966689315498954,-0.0030320875234099987,1.3096307186034295,1.945365158738982,-0.0027999860147460715,-0.0023663197237246865,2.0791514147609065
1389,435,1391,1.1451356475223491,-0.0026736671780174248,-0.0034426839829486688,1.3100527784159013,1.9433505693863438,-0.0018709938569811254,-0.0031306317714833555,2.0782109995255009
1384,1391,179,1.1458669006562614,-0.0023309489541833983,-0.0030770967367428348,1.3092834672042208,1.9444675342714797,-0.001598804847461042,-0.0028212872896305353,2.078030806874938
139,661,1330,1.0779233045946635,-0.013964224432251982,-0.016579568568796166,1.3970898695213578,1.8904928553597771,-0.01016740151225641,-0.014434417663435548,2.1475689204373474
661,1392,1330,1.0763053301837759,-0.013422129252707471,-0.012988820097787727,1.3958868051069877,1.8718248050685025,-0.011192302228936142,-0.010490155001504499,2.1341899162088085
661,267,1392,1.0762857296457087,-0.011238095588345764,-0.013014812053547598,1.3987830167408197,1.8866892934898589,-0.0083434923158068226,-0.011239117805409746,2.1470844069988377
1330,1392,426,1.078755869921519,-0.011533028372433307,-0.01339897060002615,1.3955706234663117,1.8897856689562951,-0.008537721482347143,-0.011580766748904379,2.1454343996384382
267,1393,1392,1.0750118135829556,-0.010811275638589635,-0.010011444329467059,1.3977767516511646,1.8716149962926085,-0.0091850531278364466,-0.0078886904913644147,2.136268500267966
1393,1394,1392,1.0772109774583685,-0.0091159583381079656,-0.010567327644511515,1.3973482257865948,1.8870065243963166,-0.006769901353492893,-0.0091351452950122827,2.14569289785452
1393,436,1394,1.0759201354756909,-0.0086835471806541165,-0.0079753706115560895,1.3964799621604229,1.8724580112514531,-0.0074048604634874855,-0.0062568941374432935,2.1353448170877565
1392,1394,426,1.0772281576120331,-0.011021269491898522,-0.010542671466128969,1.3946138095176628,1.8730052075556076,-0.0092378352671425856,-0.0084620920853531005,2.1335189509566188
267,665,1393,1.0749929470717907,-0.0087090325588512485,-0.010032835943980967,1.400160360002692,1.8838118506667287,-0.0065019514989184055,-0.0086576867031886145,2.1468283334898088
665,1395,1393,1.0739741118085526,-0.0083676921004594007,-0.0074279162200455093,1.3992876335426598,1.8713562062577558,-0.0072317964005261578,-0.0057083965846895131,2.1378619125606155
665,181,1395,1.0739571054650279,-0.0064815773470581206,-0.0074461242571173258,1.401307023971879,1.8816569397193768,-0.0048548963964539955,-0.0064246695803454584,2.1467663675513893
1393,1395,436,1.0759039488885591,-0.0068799966060861806,-0.007996634275300174,1.398849213482678,1.8845599533711677,-0.0051088093244535532,-0.0069273749596716269,2.1458441614242041
426,1394,1335,1.079463111886616,-0.009298361667774202,-0.010797147460671397,1.3944176360715064,1.8898107715367205,-0.0068926901863537934,-0.0093366540281488598,2.1441713529103987
1394,1396,1335,1.0779774291961703,-0.0088006589977682737,-0.008291922296902645,1.3935783873806598,1.8739180017570733,-0.0074265289493823678,-0.0066017709491407398,2.1329394341169481
1394,436,1396,1.0779622501517521,-0.0071093713865257868,-0.0083156096021697046,1.3962176869858105,1.8874090365718523,-0.0052519949118365328,-0.0072177667150392488,2.1446910025390311
1335,1396,197,1.0800469617446611,-0.0072052734184637757,-0.0084243901033249635,1.3934762690408236,1.8898472080320696,-0.0053217029353730717,-0.0073094298541903271,2.1431455080933381
140,1341,652,1.2071965348895939,-0.012921723729894816,-0.011465283466224108,1.2426894586161776,2.0013484240033392,-0.011127521221486639,-0.0087307637296107944,2.0302502317340654
1341,1397,652,1.2062292716856846,-0.010036360098296448,-0.011133108413828197,1.241698574427005,1.9905623123095706,-0.0078309574312704112,-0.0096277316798770527,2.0198142290119301
1341,431,1397,1.2059954093252936,-0.010339761372690411,-0.0095501370707768984,1.2437522419005052,1.9996924901384927,-0.0087547113045512454,-0.0074556754930444336,2.0304645356587785
652,1397,264,1.2079639910967654,-0.0100520026886374,-0.0092570927202331177,1.2416816577171454,2.0011937342689383,-0.0085238782523586951,-0.0072161845802801994,2.0286791332447467
431,1398,1397,1.2052339388720457,-0.008068281238370556,-0.0092053229904518474,1.2427236552624468,1.9898996341868365,-0.0061899867715801693,-0.0080529055578357541,2.0208116538751115
1398,1399,1397,1.2068594995768933,-0.0080830073813591419,-0.0075088689047353441,1.2427082868880976,1.9998616490527787,-0.00683059393853566,-0.0058862714162502584,2.0291002213069413
1398,437,1399,1.2061862668072978,-0.0060747418532798303,-0.0072068195688945735,1.2418072682562862,1.9912276141165801,-0.0045445284130587234,-0.0063997940101700179,2.0205801663131284
1397,1399,264,1.2071693078503944,-0.0076811208574985024,-0.0089671396115775792,1.2408166029165937,1.9920478406278013,-0.0058054613465195661,-0.0079130216519052166,2.0197738511720278
431,1347,1398,1.2050699124430371,-0.0082810580329691318,-0.0077342944370641931,1.2446318888455619,1.9986977075182728,-0.0069779997816391392,-0.0060785984286283543,2.030950811610635
1347,1400,1398,1.2044112612134055,-0.0063160182004056153,-0.0073779668086739747,1.2435688103121461,1.9893148329109243,-0.0047750011349320821,-0.0065149595210657867,2.0215981447749991
1347,198,1400,1.2043254064939173,-0.0064273950445106268,-0.0060109197245150625,1.2453422409503694,1.9978907452345576,-0.0054139830504018344,-0.0047289617713388438,2.0313383220469956
1398,1400,437,1.2059893101430392,-0.0063302480365319148,-0.005859491740048739,1.2435551176750028,1.9989864947814548,-0.0053591544822883582,-0.0045849299454722194,2.0296317397613794
264,1399,657,1.2085971674175515,-0.0076940565479983528,-0.0071346424304596923,1.2408000014125531,2.0007638335787323,-0.0065114545170985704,-0.0055915487981728646,2.0270473940696991
1399,1401,657,1.207916889710289,-0.0056644016983977696,-0.0069086703268794736,1.2401257982584415,1.9932522534436603,-0.0041567352126283524,-0.0061964394853148523,2.0197743680357578
1399,437,1401,1.2075908167995766,-0.0060874066532777358,-0.0056235161169500003,1.2417929916398138,1.9998040164188216,-0.0051613399479344801,-0.0043985635493680019,2.0277240614302854
657,1401,182,1.2091050598878432,-0.0056751659234178624,-0.0052568061899638252,1.2401108331990511,2.0004775162678188,-0.0048092870097771571,-0.0041215421876318794,2.0258075539503175
129,1006,1403,1.1454850004924568,-0.019911224492453528,-0.021658958412161144,1.3090205141518148,1.9380132990888508,-0.01567871918055122,-0.018534486522883843,2.0726067451047792
1006,1402,1403,1.1466498090146642,-0.018824686205585417,-0.020141011475743653,1.3104364614362041,1.9535924026763116,-0.014676565654081864,-0.016840718671340942,2.0860707310587747
1006,355,1402,1.1442392716245728,-0.018235140911132319,-0.019538448682970166,1.3102890926127415,1.9363425539975836,-0.014490127010733406,-0.016619062548542434,2.0730961803516768
1403,1402,438,1.1464882328548256,-0.018058258962158291,-0.019540324952871391,1.3075871393805691,1.9380525909904676,-0.014279283426084102,-0.016700305568514547,2.0707910452611293
355,1404,1402,1.1455142344524951,-0.017045850224755466,-0.018097822323364099,1.3116329149379942,1.9523039160911422,-0.013353348741852199,-0.015082563990321467,2.0867160579924087
1404,1405,1402,1.1453609583140665,-0.016318793656649788,-0.017520908288597425,1.3088963563157101,1.9373753179888473,-0.012953808022014263,-0.01491766522851808,2.072068362221116
1404,412,1405,1.1465967272060196,-0.015165996966805873,-0.016135481670968232,1.3101887623871251,1.9527425124060911,-0.011875959805803971,-0.013469395287546159,2.0852058464897807
1402,1405,438,1.1477315659977601,-0.016898472578922297,-0.018008878999282274,1.3090156786049358,1.9541935363957561,-0.013212099956333226,-0.01503761630274195,2.0847170568651308
355,1009,1404,1.1431568522985713,-0.016469305110049071,-0.017458225059669985,1.3114764885914454,1.9353303323925157,-0.013163964298272969,-0.014779223022727869,2.0739607338159702
1009,1280,1404,1.1444870238164162,-0.015228582063000484,-0.016142614937947997,1.3127036294353527,1.9510573397826809,-0.011945909597802028,-0.013448080912172186,2.0872233549518882
1009,184,1280,1.1421952729364435,-0.014668185802854339,-0.01537602531000104,1.312516177140985,1.9343462490417884,-0.011796222735081564,-0.012952253846122065,2.0746455863471347
1404,1280,412,1.1443584616311651,-0.014618656073662528,-0.015584102509095032,1.3100539292527937,1.9367164072019225,-0.011645800768809885,-0.013223087030952953,2.0731497062305735
438,1405,1406,1.1475443916226296,-0.016010660025408185,-0.017443534328062338,1.3063341144441392,1.9393329715506389,-0.01260773041309262,-0.014948945258966052,2.0701302296049038
1405,1279,1406,1.1486758018924181,-0.01495527576881428,-0.015954498379185722,1.3077230934377959,1.9544381469104788,-0.011696089779403979,-0.013338556751670904,2.0832547699792361
1405,412,1279,1.1464368993290646,-0.014407707215682741,-0.01559737291907215,1.3076357512395766,1.9386967761211102,-0.01138050938302345,-0.013324502491894291,2.0714216191405916
1406,1279,187,1.1484667472539869,-0.013963637086357394,-0.015441002150097471,1.3052873535380076,1.940677129905318,-0.010896760255457025,-0.013311392991705952,2.069783875229029
42,1208,1063,1.1481675820931869,-0.00046384609257899001,-0.00060446000301794811,1.3069231896482361,1.948245253367402,-0.00032041621816548428,-0.00055100234262758557,2.0777423924585618
1208,1407,1063,1.1479736968563383,-0.00118858604803318,-0.00065206857938449048,1.3067452295411481,1.9460024672009757,-0.0011920960546534976,-0.00031306026024324209,2.0758345234089588
1208,397,1407,1.1484498191957231,-0.0010520020915141259,-0.0014122370503795167,1.3065271620219381,1.9481469790318022,-0.00071014525398376514,-0.0013008030883839411,2.0771463789350073
1063,1407,367,1.1477605522314596,-0.0010304736858461894,-0.0013994857148027506,1.3072996694614059,1.9473722068043728,-0.00068916432920040948,-0.001294142611971013,2.0775863324008799
397,1408,1407,1.1482075784319532,-0.0019575376869256367,-0.0014188986401073578,1.306502259909978,1.9463517591111021,-0.0018215703072813855,-0.00093899209965368508,2.0757729311934408
1408,1409,1407,1.1478889495526918,-0.0017211718762357719,-0.0022069246761216021,1.307086834708338,1.9471506687321893,-0.0012055558179255815,-0.0020018203201647771,2.0771391991251695
1408,434,1409,1.1476457366760684,-0.0026303413884964932,-0.0021677293265192077,1.30723335333587,1.9462202045596937,-0.0023395707920617365,-0.0015814794982840514,2.0766374301085384
1407,1409,367,1.1475497020822978,-0.0018184868934802978,-0.0013940419197808751,1.3073200146325972,1.9460228065065033,-0.0016605911778544264,-0.00096508181001249416,2.0766067228887257
397,1213,1408,1.148644217207095,-0.0018322854340997452,-0.0023263717971406805,1.3062419462049899,1.9480036815664294,-0.0012924811005296569,-0.0021025113711085515,2.0766613404558929
1213,1386,1408,1.1483724800806625,-0.0028480345241761462,-0.0022997971998499622,1.30634128163027,1.9466366606165868,-0.0025532658474912394,-0.0016548989108291483,2.0757703967666217
1213,195,1386,1.1487445740325546,-0.0027412973116529571,-0.003354409136546721,1.3060387603507841,1.947622943591117,-0.0019870888776673708,-0.0029920637098586082,2.0761054683755114
1408,1386,434,1.1479581755295047,-0.0025407165716204716,-0.0031302148207785763,1.3069572590370306,1.9469384761900232,-0.0018328699991930686,-0.0027990911147739478,2.0768073673831666
367,1409,1064,1.1472304382517802,-0.00158165446839309,-0.0020458934813287755,1.3078035632571581,1.9462996646362993,-0.0011009803645936627,-0.0018618583539223225,2.0774494877435359
1409,1385,1064,1.1470143859521365,-0.0023891097456898436,-0.0019872691743572091,1.3080226606984704,1.9459271762535821,-0.0021168703785319648,-0.0014583222595491306,2.0774595707421839
1409,434,1385,1.147235172421496,-0.0023257759231904984,-0.0028847096882866907,1.3077652249127674,1.9461157803158233,-0.0016703314873153406,-0.0025863396568468794,2.0772597260365981
1064,1385,179,1.1466011431620098,-0.0020825629878675755,-0.0025493383484285204,1.3084396080405636,1.945215665277555,-0.0015102996606700678,-0.0022751319849781027,2.0774785098320732
97,1070,1204,1.1444586224594198,-0.00055344615886987469,-0.00046919475788076426,1.3112935309234164,1.9450767922291925,-0.00048601978813822154,-0.00034788985693586698,2.0811218467779966
1070,1410,1204,1.1442668576487436,-0.00060509250564511063,-0.0012600558160595909,1.3110805352006061,1.9426593454693133,-0.00022611350728266055,-0.001298904198287645,2.0790526868660857
1070,369,1410,1.1447768448928515,-0.0012926714963459318,-0.001070443253047948,1.3108248942680021,1.9448701509652528,-0.0011462152269334147,-0.00078193844234501243,2.080354962171032
1204,1410,394,1.1440663172254513,-0.0013041915063958243,-0.0010838086382873868,1.3116949461200758,1.9444125668646419,-0.0011546235325979367,-0.00079336451312622073,2.0811540012966647
369,1411,1410,1.1447464650024988,-0.0013008534476988132,-0.001933819105428114,1.3105923687670469,1.9434642619521956,-0.00080334613803431827,-0.0018403055211368251,2.0790077494158803
1411,1412,1410,1.1445324867938806,-0.0020466597976107614,-0.0018001965341056803,1.3110581010620739,1.9443624224682858,-0.0017718966711059198,-0.0013679502144569168,2.0802824793249783
1411,435,1412,1.1446008092889222,-0.0020282590949021184,-0.0028046206576881616,1.3107875882583393,1.9434385641152241,-0.0013386979618723377,-0.0026106168695101063,2.0792424625283439
1410,1412,394,1.1439958725485515,-0.0013231680530418899,-0.0020745864934976765,1.3114280481369835,1.9425523375953777,-0.00077341377904774095,-0.0020042357668740292,2.0794274120381586
369,1069,1411,1.145189601429867,-0.0018983134475210051,-0.0016612313107611243,1.3102248514660673,1.9446383275296,-0.0016475216522557597,-0.0012589816951816342,2.0793958707686064
1069,1391,1411,1.1453253847245461,-0.0018617358360035752,-0.002552259822369507,1.3099848241871186,1.9443374102603181,-0.0012372823837703923,-0.0023687532929584135,2.0788567571667569
1069,179,1391,1.1457056175874345,-0.0023743859188289917,-0.0022060579553029314,1.3095180564951328,1.9445679280860271,-0.0020091874264745518,-0.001733375285232347,2.0784148526236419
1411,1391,435,1.1450888633461447,-0.002686267152848032,-0.002456584361388181,1.310318356041055,1.9444016108319815,-0.0022882156486682022,-0.0019118282482340843,2.0793405878684559
394,1412,1205,1.143755380546708,-0.002161541261878952,-0.0019062182032509867,1.3120149926618687,1.943883797037969,-0.0018688320451379962,-0.0014503517990957864,2.0811791781825972
1412,1390,1205,1.1437792716953288,-0.0021551068668399509,-0.0030251914878167696,1.3117136293299776,1.9424931690145186,-0.0014044425570373595,-0.0028296945907322077,2.0797549739081496
1412,435,1390,1.1443454534288673,-0.0029184488315632251,-0.0026745788840560891,1.311240923663302,1.9439815691540334,-0.0024829328530572639,-0.002083278431616372,2.0802369246240544
1205,1390,196,1.1435000524059054,-0.0031284863133436147,-0.0028688283340834175,1.3122587230459271,1.9433355851593008,-0.0026604873490758355,-0.002234967562209882,2.0810889817334122
73,1215,1082,1.0761988657341233,-0.001295521581253567,-0.0010600107412117588,1.3963695280740711,1.8745371976362801,-0.0011550337566367289,-0.00077297526802368828,2.1365976756588694
1215,1413,1082,1.0768607479251115,-0.0015172413952537767,-0.0027607391133513959,1.396939244533391,1.8827017728425548,-0.00072453333306920185,-0.0027478732238639713,2.1425072273368495
1215,399,1413,1.0772303912235559,-0.0029794010908625879,-0.0022860875984114237,1.3950617147160653,1.8760025411843479,-0.0027165310882813457,-0.0015914211927219755,2.1360357984588294
1082,1413,372,1.0755410570118844,-0.0031446472266409842,-0.0023985829282837656,1.3973858453863215,1.8744656142968985,-0.0028722212560377256,-0.0016617756315222606,2.1377134369532733
399,1414,1413,1.0777466413092482,-0.0031523365082755106,-0.0044343754993372286,1.3957813563687629,1.8837418438315312,-0.0020353635167791291,-0.0041218440387328064,2.1418517797978107
1414,1415,1413,1.0763536190083247,-0.0048701725508286664,-0.0039475527099557262,1.3963816925826067,1.8757173626428996,-0.0043531950777266999,-0.0028558471430601079,2.1373603403952854
1414,436,1415,1.0766614889243749,-0.0049733087589967084,-0.0062484581902816361,1.3971524943213307,1.8820409267839209,-0.003519338643059311,-0.0055937250398499115,2.142307866489872
1413,1415,372,1.0759522834067594,-0.0032824077834678889,-0.0043681468256241418,1.3980456479247474,1.8810791690683148,-0.0022243380430569584,-0.0039902213806971886,2.1427161948880022
399,1220,1414,1.0781719355286699,-0.0048346287858063164,-0.0039449420849442252,1.3938453553233745,1.8771627947294309,-0.0043128217187433752,-0.0028686960059052915,2.1353774948361037
1220,1396,1414,1.0786264903459468,-0.0049868972875337647,-0.0063781823003373761,1.3946604513862724,1.8848599718835115,-0.0034782913870555626,-0.0057430964620558498,2.1412833172469643
1220,197,1396,1.07910777387983,-0.0068906606950234206,-0.0058617976344941258,1.3926178420680397,1.878149246121702,-0.0060506445772237922,-0.0043803311721663588,2.1345873252716214
1414,1396,436,1.0771311135099744,-0.0068309540727913287,-0.0057990122632909369,1.395374667636613,1.8766102790266834,-0.0059998819515833628,-0.004324831451461222,2.1367672265030038
372,1415,1083,1.0747069833796932,-0.00481807685988489,-0.0038074763028410619,1.3987370510928054,1.8746660051067758,-0.0043433395318232286,-0.0027032787792401524,2.1393813416662137
1415,1395,1083,1.074825117551216,-0.0048576498940207102,-0.005896592747347551,1.3994368712659564,1.8791300791661099,-0.0035271146337651615,-0.0052160232315048424,2.1430375815408147
1415,436,1395,1.0752838648036578,-0.0066722688680780351,-0.0055399747065556504,1.3980262342324516,1.8755096949513466,-0.0059059340331048329,-0.0040680253061976344,2.1390992024878011
1083,1395,181,1.0736041422429015,-0.0063633224093146978,-0.0050350954439537521,1.4004992455849836,1.8747916804678668,-0.0057273090981269335,-0.0035711754648840108,2.141462819504818
66,1091,1225,1.2056191889582295,-0.00083034344872406907,-0.0010658343733140896,1.2425444231756115,1.9917519606624394,-0.00058723215977697489,-0.0009733319717275988,2.0221416189515087
1091,1416,1225,1.2060355657729325,-0.0020725745255647521,-0.0012321010561890944,1.2430404681839331,1.9968290404718503,-0.0020422139303394099,-0.00066128197498690772,2.0271020883611826
1091,375,1416,1.2063059568849459,-0.0018533215906295641,-0.0025924825898187009,1.2419373711122157,1.992839275396749,-0.001222188473068229,-0.0024343718802620597,2.022145203257788
1225,1416,400,1.2049019708373017,-0.0017862143527624386,-0.0024763689786233556,1.2433547857290108,1.9914686481123527,-0.0011874928401987765,-0.0023191857470108478,2.0231024373231916
375,1417,1416,1.2067867264020564,-0.0032874657555727049,-0.0026681457872310688,1.2421630757985671,1.9969141949282887,-0.0029464384685747363,-0.0019291070218561733,2.0258749489211301
1417,1418,1416,1.2058191167544419,-0.0030430824373199883,-0.0040376330652458492,1.2425089589200624,1.992733286571942,-0.0020951009876018631,-0.0037263155829855435,2.022897873057274
1417,437,1418,1.2063801321054617,-0.0047166013761761327,-0.0040733317125294377,1.2426154486305627,1.9966776996306619,-0.0041257705387329063,-0.0030690583098298583,2.0263374135375387
1416,1418,400,1.2054292100255783,-0.0033592683628558273,-0.0025871200805074324,1.2436852191808683,1.9963697971380965,-0.0030664884168707099,-0.001797804980515013,2.027664162535987
375,1090,1417,1.2072452918216743,-0.0029156026383522216,-0.0039559804653244157,1.2411187357821269,1.9943700450043631,-0.0019698138854657345,-0.0036765676141759908,2.022203862106148
1090,1401,1417,1.2077548014028259,-0.0044356888038254993,-0.0039340968080043837,1.2410534474225408,1.9971188572747016,-0.0038404504662353338,-0.0030167185555353962,2.0243996568725513
1090,182,1401,1.20848976032414,-0.0038396907110410106,-0.0052225396917080502,1.240008614195701,1.9962545942486041,-0.0025844954039647879,-0.0048539734934988279,2.0221259309712045
1417,1401,437,1.2069707213754426,-0.0042376507877753822,-0.0055089408895447889,1.2414512116642049,1.9943233374020908,-0.0029605470661391384,-0.0050462730420931801,2.0226490426461292
400,1418,1226,1.2042799527231274,-0.0030689516814913498,-0.0040432457434071978,1.2440530546248567,1.9911679074909596,-0.0021257436714092982,-0.0037234984007577677,2.0238782622639784
1418,1400,1226,1.2048777468217426,-0.0048524285241697829,-0.0041212882077381607,1.2442858888535664,1.9959898924268091,-0.0042706003004517167,-0.0030692660075288059,2.0282229684866993
1418,437,1400,1.2053622694438382,-0.0044595160085100227,-0.0056805984189374215,1.2430214019754819,1.9924759618021008,-0.0031661991783314067,-0.0051690530215727634,2.0234320589474351
1226,1400,198,1.2036974965453036,-0.0045543283111486588,-0.005798836728853729,1.2447095935384782,1.9908598803644826,-0.0032357854559896121,-0.0052768062759874727,2.0245808957666536
146,865,1366,1.1574275688227207,-0.013813589291808454,-0.013439702181219815,1.2944872918241654,1.9464897174142033,-0.011557411889300002,-0.010946522246836603,2.0596644134759305
865,1419,1366,1.1574791431925395,-0.01393327825470525,-0.014743081141407544,1.2975120515362661,1.9621900154496095,-0.010950664884223148,-0.012282583655113213,2.0756430280268239
865,319,1419,1.1564435254029304,-0.015546509830101973,-0.015912907458341508,1.2956897568913281,1.9456496575578479,-0.012687586151924286,-0.013286202054744605,2.0606153001854701
1366,1419,432,1.155002744931906,-0.01402583544461411,-0.014232838901742539,1.2975311222118633,1.9456075941275817,-0.011478857128995015,-0.011817208249273178,2.0631060427340517
319,1420,1419,1.1565332338599403,-0.015754719088148406,-0.017204067334025908,1.2986864803742026,1.9614430827210871,-0.012157114601794687,-0.014540819948923134,2.0765928950654051
1420,1421,1419,1.1539938875197735,-0.015849522487735079,-0.016373604179209522,1.2987174847035696,1.9444957271168641,-0.012856196613553542,-0.013712672106269815,2.0638243786775869
1420,439,1421,1.154022825739526,-0.01591667959546772,-0.017587562256059286,1.3015347248119351,1.9589828363155064,-0.01219924933393737,-0.014946552039298795,2.0784999031440452
1419,1421,432,1.1550677766236519,-0.0141767479397652,-0.015398559191632799,1.3002362918433885,1.9597747633604874,-0.010979609987381886,-0.012988604123973738,2.0774212188835266
319,864,1420,1.1553980542058166,-0.017522842651526649,-0.01830563243891703,1.2969707138772661,1.9447146994242106,-0.014149750993920959,-0.01542855326106193,2.0615904300094119
864,1422,1420,1.1554331461987206,-0.017604285819134091,-0.019634544900327455,1.3000549171775813,1.9605816933263318,-0.013409641875770487,-0.016748598609484779,2.077705084805554
864,194,1422,1.1542904275516594,-0.019384274703824284,-0.020720782659951809,1.2983629073873912,1.9438679676807384,-0.015458225912018158,-0.017641538920734792,2.0627747967666266
1420,1422,439,1.1528781574374278,-0.017699784392265133,-0.018510558813764177,1.3000969287390838,1.9435826017700497,-0.014262854548780495,-0.015587781027333929,2.0649449944732847
432,1421,1370,1.1527528363966661,-0.014263270517988508,-0.014603680728209056,1.3002660010053022,1.9442881899605666,-0.011609660291655652,-0.012166145981683672,2.0657850669459439
1421,1423,1370,1.1527655278558666,-0.014292725460649081,-0.015714495836201436,1.3028440335857727,1.957466120177362,-0.010993734507025767,-0.013330874613118788,2.0791235356741611
1421,439,1423,1.1516664402279035,-0.016004751221411012,-0.016529663140286033,1.3015742645624366,1.943261597892038,-0.012968993217832618,-0.013826997766371751,2.0667286646316501
1370,1423,187,1.1506396752545429,-0.014372184084181117,-0.014683963497233776,1.3028825520988216,1.9432635562655833,-0.011697576728477103,-0.012207370489096814,2.0685161529842868
129,1403,1192,1.1476724566227956,-0.020446117811526721,-0.023068460449026773,1.3093651762514478,1.9545997950287195,-0.015439607622723991,-0.019751372215141914,2.0853634485866297
1403,1424,1192,1.1475540065931353,-0.020171213344144512,-0.021758022291479051,1.3063238489949622,1.9384151958214615,-0.015989935304495037,-0.018581554339774344,2.0693240921847811
1403,438,1424,1.1489080679599644,-0.018650078199416331,-0.020438044775849207,1.3078066947791087,1.9556286451195026,-0.014338651852107087,-0.017278758385322592,2.0841577912615223
1192,1424,393,1.150067164948819,-0.020785749834995926,-0.022735114719083072,1.3065627750261615,1.9566636041869232,-0.01599781660466653,-0.019203530439694021,2.0832432651770252
438,1425,1424,1.1486234974189271,-0.017989602886544276,-0.019257842056264352,1.3050674978206711,1.9398649081018891,-0.014312463119399575,-0.016384419380013424,2.0687957141060105
1425,1426,1424,1.1510478034137419,-0.018582515569596225,-0.020128326432355514,1.3052803922441001,1.9573707454942382,-0.014389111292192676,-0.016931258349786753,2.0821580516645017
1425,439,1426,1.1506559762438853,-0.017673199803661888,-0.019006144847486084,1.302676138415201,1.9415938525438807,-0.014028371921113697,-0.016206269738061226,2.0669034831257225
1424,1426,393,1.1497473336634694,-0.020043549593788512,-0.021512425544834457,1.3037254034442736,1.940199225109587,-0.01593761775983301,-0.018336816115847414,2.0671968747472693
438,1406,1425,1.1498772830001354,-0.016581116271201957,-0.018007570492850178,1.3064720368335645,1.955912047345739,-0.012827445653458478,-0.015172740914917118,2.0826784190462639
1406,1423,1425,1.1495437909536363,-0.015807132054550088,-0.016950387860687144,1.3040184770560455,1.9412565106490007,-0.012556287357037638,-0.014424659204119325,2.0684906010674857
1406,187,1423,1.1506988580064466,-0.014509544565834309,-0.015752962223343658,1.3053636496344687,1.9562593838810327,-0.011233596502806194,-0.013277787340345834,2.0815314937239382
1425,1423,439,1.1518212648862223,-0.016364037207530213,-0.01765743426562949,1.3041913693911353,1.9575636701679044,-0.012709230142170215,-0.014836000359335019,2.0809289882564364
393,1426,1196,1.1523754692000923,-0.020686201174618501,-0.022396132762638743,1.3039414942176002,1.9590482257463455,-0.016011017436269488,-0.018823859118616275,2.0815992411831785
1426,1422,1196,1.1519212986245564,-0.019632140483150984,-0.021196391515363899,1.301157077619953,1.9419830122519439,-0.015564501188370675,-0.018119695313491314,2.0651049335831404
1426,439,1422,1.1531270970747221,-0.018277561994363367,-0.01969434924419744,1.3028444526115983,1.9591432165380367,-0.014198497491474192,-0.01652874677405624,2.080295974045252
1196,1422,194,1.1546888642290076,-0.020308886558826567,-0.022010656595734091,1.3013561878765687,1.9616205690491413,-0.015699102448121262,-0.018499601904831905,2.080143408989612
130,1152,900,1.0893383640267107,-0.039534228795605086,-0.039315224040338492,1.3828731223077368,1.8988959586609795,-0.032017875399606426,-0.031660441959057012,2.1359527652885211
1152,1427,900,1.0860337890221117,-0.03538131576257797,-0.03983499023132131,1.3835263209144117,1.8774158889603219,-0.027395154311035064,-0.034608990118918208,2.1226522066781688
1152,386,1427,1.0849651559316067,-0.037971740675087684,-0.037613495922978579,1.3889113443152934,1.896574658847622,-0.030742982416256011,-0.030158228349655439,2.1414728918012771
900,1427,328,1.0880363424820594,-0.035083804368434279,-0.034664276156950002,1.38429451331664,1.8981732488951395,-0.028494884659531011,-0.027810102528989668,2.1373312642510571
386,1428,1427,1.0816003558965996,-0.033743141869048365,-0.037738070047233618,1.3890678986387619,1.8719029383640766,-0.02626311369372869,-0.032726912175837057,2.1256411978895926
1428,1429,1427,1.0839829322942389,-0.033389171980156895,-0.032916044745711748,1.3897842877383524,1.8954069840072718,-0.027110133008472294,-0.026337964525542282,2.1419109768889379
1428,423,1429,1.0808771769974226,-0.029486118900233116,-0.032917572270022344,1.389786207402941,1.8717835844803667,-0.022960774813052524,-0.028514037200832558,2.1265927787976211
1427,1429,328,1.0849064763480567,-0.031150450808159036,-0.035004413094701592,1.3847219689258603,1.8767282577039772,-0.024137973605775506,-0.030380986331378278,2.1238095434033726
386,1155,1428,1.0807155801357071,-0.035887886583918283,-0.035426257674221695,1.3946718579558586,1.8936882315816317,-0.029062821171880311,-0.028309420031722397,2.1462661105684786
1155,1319,1428,1.0774022710020978,-0.031724262918953805,-0.035162484187151399,1.3943403906859277,1.8666998083638227,-0.024848099396741347,-0.030405487229589363,2.1285150200283534
1155,189,1319,1.0766659144314445,-0.033509155333806273,-0.032764817910583055,1.4001522168051685,1.8907673788092112,-0.027232226102359855,-0.026017682957170704,2.1506826266831252
1428,1319,423,1.0801202925099496,-0.03132058043465058,-0.030769347069679931,1.3949928625300012,1.8925544653673221,-0.025446294750913825,-0.0245468486636174,2.1460814089962472
328,1429,904,1.0869215472089389,-0.030851079753598576,-0.030319327350436964,1.38541801346067,1.8970019119307502,-0.02513082475077677,-0.024262967156162711,2.1380314070249899
1429,1318,904,1.0840086478076723,-0.02719057768550126,-0.030550259559289694,1.3857082149786928,1.8763779404608119,-0.021060330215138638,-0.026503475314314427,2.1249018660908852
1429,423,1318,1.0832041167913591,-0.029140520149773197,-0.028603342294475809,1.3904269599022683,1.8942467350523204,-0.023726236177233954,-0.022849706952182719,2.1420513165800417
904,1318,185,1.0858841157241068,-0.026911957875904058,-0.026316382583622122,1.386337200410265,1.8950356587438555,-0.022002268234351828,-0.021030696412893513,2.1379398496285313
131,994,1034,1.1999098563456219,-0.032932586884348969,-0.035461769730328996,1.2515111299710928,1.9958919910772466,-0.025719332423167478,-0.029881019609252012,2.0378406125850286
994,1430,1034,1.1994993604692832,-0.032437969312242299,-0.032639092453042196,1.2481100098570828,1.9765692385692422,-0.026929147870311483,-0.027257308169775493,2.0170449260800325
994,352,1430,1.2000498559554527,-0.029432329744671359,-0.032013866585350215,1.2515236683771147,1.9980787583041251,-0.022788946349285306,-0.027040904595566378,2.039821495100373
1034,1430,362,1.203931931687849,-0.031491828037558733,-0.033825048603500107,1.2478568651226656,2.0026728304532995,-0.024514121152875858,-0.028359606255326714,2.038229872925168
352,1431,1430,1.1994057790374892,-0.028656264064658377,-0.029196836235334978,1.2481293523983421,1.9773183311647229,-0.0236239016088182,-0.024506290827958459,2.0178533232378362
1431,1432,1430,1.2035878838953138,-0.027763585340294661,-0.030022369157640227,1.2479531407295621,2.0023202846356312,-0.021533557257998666,-0.025256423689533292,2.0382433655995533
1431,424,1432,1.2027244020132684,-0.026723092661635306,-0.027166295678825669,1.2445115820747592,1.9799987805041364,-0.022061586385626608,-0.022785053740312727,2.0147739873455262
1430,1432,362,1.2030906062859081,-0.03047808238246219,-0.030724427137457599,1.2441208058856006,1.9791001594959001,-0.025299731017344888,-0.025701618953635007,2.0132914955306096
352,997,1431,1.1998815491173889,-0.026058616285266067,-0.02855841374147694,1.2516150629201777,1.9985984237080374,-0.020071392929584306,-0.024190095646808581,2.0405231187908277
997,1325,1431,1.1991880544848807,-0.025223005865838921,-0.025827307706975944,1.2483242794706584,1.9779885035915032,-0.020722362894885632,-0.021709195205718249,2.0188291260953117
997,186,1325,1.1996225681614336,-0.022850613118378216,-0.025196798994704395,1.25176678169078,1.9986986262007671,-0.017530339569465113,-0.021396618163905222,2.0409447224383626
1431,1325,424,1.2031542998213052,-0.024376402792075813,-0.026493900925332881,1.2481819938025414,2.0018501992964985,-0.018856067964791751,-0.022346022850969267,2.0383201041538643
362,1432,1038,1.2077266146852117,-0.029488306485050186,-0.031414422693490707,1.2439734936048921,2.0068935328175481,-0.023031496912533291,-0.026207850214596463,2.0361988312413506
1432,1324,1038,1.206581666470794,-0.028108713910049321,-0.028389406239980097,1.2403285337840337,1.9819580237631342,-0.023318230593045892,-0.023776170033617351,2.0100879595012482
1432,424,1324,1.2070028182310779,-0.025809856083057359,-0.027641658800645175,1.2444101148567865,2.0058613082006267,-0.020112976287107703,-0.023133326056982914,2.0361266292728217
1038,1324,190,1.2112619891782408,-0.027109689579925322,-0.028450963512147709,1.2403153942600245,2.0106085621282204,-0.021333805066421074,-0.023546678935293101,2.0340771646266016
137,1016,1282,1.3075859027672685,-0.36152181481088075,-0.39618057320196992,1.2643358908910241,1.9498654779551599,-0.30036415434462249,-0.35241411054025307,1.9126045848189137
1016,1433,1282,1.2878806335611337,-0.37094451626763281,-0.34931933212126864,1.2867440843532485,2.0303230207389644,-0.29570273449350803,-0.26160331781716728,2.0294436127918347
1016,358,1433,1.2485755194929347,-0.34617141347085401,-0.38240021538219027,1.3075941986719375,1.8671671305265607,-0.30063191467436512,-0.35431088169084934,1.920221431913685
1282,1433,414,1.287168198396758,-0.3132685573353502,-0.34893949665121532,1.2559940932420739,1.9632792197359077,-0.25471994322045022,-0.30942219142963112,1.9367216656229727
358,1434,1433,1.2396541428108616,-0.3504368388240473,-0.33687188535578017,1.3293618809595169,2.015512634178648,-0.27117472854383462,-0.24953119637916243,2.083475325647735
1434,1435,1433,1.239053963716267,-0.30185071901095073,-0.33642348659580712,1.2930627894511475,1.900929817185943,-0.25377844119682058,-0.30633501828307569,1.9483249178481317
1434,440,1435,1.2304272083855583,-0.30597568425392696,-0.29743267317385058,1.3117066183294752,2.0087768553802459,-0.23962211030140046,-0.2259101193216928,2.0714842814008909
1433,1435,414,1.2701125319766029,-0.32142388671260669,-0.30837844013595017,1.2753887488141711,2.0218784994088859,-0.25765644556322848,-0.23691135019672682,2.0260217786888544
358,1021,1434,1.1997550855065251,-0.32529054372986188,-0.35979789389341138,1.3438109485558183,1.8140176303782476,-0.28782992481624992,-0.33883743376266123,1.9457890955311128
1021,1436,1434,1.1987614042228332,-0.32576563557851879,-0.31874145475513149,1.3634405620844277,1.999539463490966,-0.2468958899919349,-0.23559459173952746,2.1228214682965909
1021,188,1436,1.1602993663791588,-0.30152501891022521,-0.33495568889804811,1.3736595482969074,1.7800786600950527,-0.26768606222637964,-0.31724230879451698,1.9761575390285906
1434,1436,440,1.1982665648959743,-0.28570705466573809,-0.31826457087189952,1.3248355228614255,1.8559681468423912,-0.24440133152297189,-0.29375452672502511,1.9687446802446338
414,1435,1286,1.2695234674498161,-0.27373752120289119,-0.30809168123296649,1.2521748405935078,1.9708043551381054,-0.21908871457211149,-0.2725871870604924,1.95614386419686
1435,1437,1286,1.2550479834522617,-0.28065875961216413,-0.27326018140136998,1.2688290066668335,2.0145632112214766,-0.22570164234800999,-0.21385846734457181,2.0254990858185602
1435,440,1437,1.2299205529404174,-0.26482152229976919,-0.29708970377836474,1.2838482025510913,1.9214152030675833,-0.21780673281274371,-0.26773367534146025,1.9680134053948717
1286,1437,193,1.2545484430155631,-0.24021961115211887,-0.27304028382982054,1.2510277039321132,1.9754474333926995,-0.18957319335973793,-0.2412874568975103,1.9724919171996127
132,503,1123,1.1682817059851975,-0.2051419919897608,-0.2074913486964754,1.3343845289614977,1.9828722150064912,-0.15766995938354517,-0.161513382679081,2.1113573589249177
503,1438,1123,1.1660855228862563,-0.20619206443091498,-0.23095955435696602,1.323163553798139,1.876758574340667,-0.1708313931877869,-0.20953796304004463,2.013433510284298
503,217,1438,1.1885245260752293,-0.22144220191850916,-0.22046031650646758,1.316027995262556,1.9894120069560206,-0.17322684174079106,-0.17162797376472955,2.0889140091161966
1123,1438,381,1.1671177671628596,-0.23178170070158632,-0.23196347626626951,1.3480510703341997,1.9816905598010366,-0.17775857880168677,-0.17805505213357609,2.1205136435890699
217,1439,1438,1.1904244243485849,-0.22053383602920151,-0.24695703926531198,1.3033595700788956,1.9009453647340153,-0.18144433469126209,-0.22276238057336067,1.9985924990547055
1439,1440,1438,1.1916622648700739,-0.25125008469361054,-0.24791176586745944,1.3270505215456039,1.9923238199018336,-0.19548750437593682,-0.19006762182151932,2.0968983909142493
1439,440,1440,1.1938751811990853,-0.25019206083130419,-0.2792606850964745,1.3120621985950285,1.8808242653491831,-0.20978069025328155,-0.25461794635409352,1.9844895880158731
1438,1440,381,1.1647103297628867,-0.23293283982850399,-0.25946374852547205,1.3349015531759019,1.8524206682992856,-0.19704276838227386,-0.23796185886462812,2.0027750197560246
217,498,1439,1.2127894647916728,-0.23573370648692027,-0.23208657099105179,1.293253208233069,1.9969712586122721,-0.18764187767305734,-0.18173688658553927,2.0605033446523073
498,1437,1439,1.2199225135601837,-0.23232281225761353,-0.26139538149675978,1.2792382679367034,1.9335064924239669,-0.18825314257132375,-0.23382774097839915,1.9842156749746007
498,193,1437,1.2410442575098601,-0.24667676609743605,-0.2418379540156933,1.2659473951774416,2.0049357667806187,-0.19977439531529967,-0.19199628699274929,2.0249071593179413
1439,1437,440,1.2213978303818429,-0.26889634597049472,-0.26225320578636024,1.3005039819276254,2.0034897323800482,-0.21277014206200956,-0.20205229939371011,2.0652708386802368
381,1440,1127,1.1659037900957394,-0.26254898132450588,-0.26073595980733966,1.3664719274057155,1.9852261184258484,-0.19897239061928279,-0.19602140699292847,2.1366219718297663
1440,1436,1127,1.1619947597597982,-0.26441812141847487,-0.29270712071811467,1.3511846122473665,1.8167360231231107,-0.23013398841919669,-0.27295631836318118,1.9875765697891845
1440,440,1436,1.1953637900895151,-0.28709510880046363,-0.28050430093280848,1.3428917973959358,1.9983569054087214,-0.22088529090966463,-0.21021651749028036,2.1104070408542905
1127,1436,188,1.1634298220925967,-0.30002830762417787,-0.29439436116252865,1.3930524426727171,1.9932573126018707,-0.22305352647322496,-0.2138961101214466,2.1620488575494976
